brand_name,account_name,platform_name,title,caption_text,hashtags,like_count,view_count,comment_count,upload_date,content_url
올리브영,lalajipbop,인스타그램,,"#협찬 #제품제공 위아바임 마그아연 킬 스트레스 / 피로개선 액상마그네슘 추천  위아바임(WIAVIM)은 경동제약에서 젊은 층을 타겟으로 새롭게 런칭한 고감도 헬스케어 브랜드예요. 배우 문가영이 브랜드 모델이며, 트렌디하고 힙한 느낌의 패키지 디자인이 특징이랍니다.  마그아연 & 킬 스트레스는 스트레스로 인한 피로개선까지 챙긴 액상 마그네슘이에요. 글루콘산 마그네슘을 사용하여 흡수가 빠른 액상 제형의 마그네슘이랍니다. 157.5mg 하루 한 병으로 활력을 챙길 수 있어요.  마그네슘은 에너지 이용 및 신경과 근육기능 유지에 필요한 영양소예요. 우리 몸에서 4번째로 많은 양을 차지하고 있답니다. (*원료적 특성)  마그아연 & 킬 스트레스에는 스트레스로 인한 피로 케어 기능성 원료, 홍경천추출물이 함유되어 있어요. 홍경천추출물은 고산지대에서 자라는 돌꽃 속 식물로, 식약처로부터 기능성을 인정받은 원료예요.  아연 200%, 활력 비타민 B군 3종 300% 고함량으로 배합했어요. 아연은 체내에서 생성되지 않아 외부로부터 꾸준한 섭취가 필요하답니다.  비타민 원료 100% 유럽산 프리미엄 DSM 원료를 사용했기에 믿고 섭취할 수 있어요. 비타민 B1, B2, B6 모두 독일산 DSM 원료를 사용했답니다.  샤인머스켓 농축액을 부원료로 함유하여 상큼한 맛을 냈어요. 남녀노소 누구나 맛있게 섭취할 수 있어요.  마그네슘 + 아연 + 홍경천추출물을 담은 마그아연 & 킬 스트레스 하루 한 병으로 활력을 되찾아 보세요! 스트레스로 인한 피로 개선에 도움을 줄 수 있답니다.  체질에 따라 비타민 섭취 시 속 불편함이 발생할 수 있으니 가급적 식후에 섭취하세요. 1일 1회, 1회 1병을 잘 흔들어 섭취하면 된답니다. 마그네슘 보충과 정상적인 면역기능이 필요하다면 마그아연 & 킬 스트레스를 추천드려요!  위아바임 브랜드 전 품목이 올리브영 온라인몰에 입점했어요! 올리브영 온라인몰에서 할인된 가격으로 구매 가능하답니다.  #라라의맛있는집밥 #올리브영마그네슘 #올리브영건강기능식품 #경동제약 #위아바임 #WIAVIM #문가영 #마그아연킬스트레스 #문가영마그네슘 #액상마그네슘추천 #문가영마그네슘 #액상마그네슘추천 #액상비타민추천 #스트레스 #피로개선"".","#협찬, #제품제공, #라라의맛있는집밥, #올리브영마그네슘, #올리브영건강기능식품, #경동제약, #위아바임, #WIAVIM, #문가영, #마그아연킬스트레스, #문가영마그네슘, #액상마그네슘추천, #문가영마그네슘, #액상마그네슘추천, #액상비타민추천, #스트레스, #피로개선",60.0,,0.0,2024-12-01 10:19:15,https://www.instagram.com/p/DDCDpcISHzi/
올리브영,mr_missjung,인스타그램,,"#광고 지만 쟁여두고 싶은 건강템 요즘 부쩍 바빠진 남편이 안쓰러워 간겅간과 활력을 찾는데 도움되길 바라며 준비한 세노비스 밀크씨슬+   믿고 섭취할 수 있는 세노비스로 골랐지 실리마린 130mg 함유한 밀크씨슬 추출물이 가득, 에너지 생성에 도움줄 수 있는 비타민B군 6종까지 하루 한정으로 간편하게 챙길 수 있는 것도 Good 👍   바쁜 업무 와중에 회식으로 아침에 일어나는 것을 힘들하던 남편에게 도움이 되는 것 같아 좋다😍   직장인은 물론 육아와 살림에 지친 주부들에게도 좋을 것 같아 추천!!   * 올리브영에서 3/1 – 3/7 단, 7일간 최대 48% 할인가로 만날수 있느니 이럴때 챙겨보는 것도 추천 😄    #세노비스 #CENOVIS #밀크씨슬+ #세노비스밀크씨슬+ #건강기능식품추천 #간건강 #올리브영핫템 #비타민B #에너지생성 #올리브영건강기능식품 #올리브영추천템 #건강템"".","#광고, #세노비스, #CENOVIS, #밀크씨슬, #세노비스밀크씨슬, #건강기능식품추천, #간건강, #올리브영핫템, #비타민B, #에너지생성, #올리브영건강기능식품, #올리브영추천템, #건강템",264.0,,16.0,2025-03-02 02:15:13,https://www.instagram.com/p/DGrgl3DS3tM/
올리브영,mitistory,인스타그램,,"#광고 지만 솔직후기  잦은 해외출장에 일상이 바쁜 짝꿍을 위해  올리브영 추천템을 초이스했어요  요즘 짝꿍이 해외업무가 많고 야근도 많다보니 일상이 늘 바쁜데요  그래서 바쁘게 달려온 짝꿍을 위해  간건강과 활력 있는 하루를 보낼 수 있도록 작은 선물을 준비했어요  바로 믿을 수 있는 브랜드 세노비스에 나온 밀크씨슬+에요!  세노비스 밀크씨슬+는  하루 한 캡슐로 간편하게 간 건강과 에너지 생성에 도움을 줄 수 있는데요  바쁘고 지친 짝꿍 선물로 딱이더라고요   5/9~5/15 단 7일 동안 오직 올리브영에서만  최대 54% 할인 소식이 있는데요  세노비스 네이버 브랜드 스토어에서도 다양한 제품 할인소식이 있으니  가족들은 물론 지인들에게 작은 선물을 준비해봐도 좋을 것 같아요 😊 . . .  #세노비스 #CENOVIS #밀크씨슬+ #세노비스밀크씨슬+ #건강기능식품추천 #간건강 #올리브영핫템 #비타민B #에너지생성 #올리브영건강기능식품 #올리브영추천템 #건강템  * 밀크씨슬+ - 제조 업소: ㈜서흥, 판매 업소: 오펠라헬스케어코리아㈜ | ⓘ건강기능식품광고ㅣ MAT-KR-2402660-v1.0-05/2025"".","#광고, #세노비스, #CENOVIS, #밀크씨슬, #세노비스밀크씨슬, #건강기능식품추천, #간건강, #올리브영핫템, #비타민B, #에너지생성, #올리브영건강기능식품, #올리브영추천템, #건강템",1591.0,,12.0,2025-05-10 14:02:18,https://www.instagram.com/p/DJecXFoTXpE/
올리브영,good.sh.c,인스타그램,,"#협찬 배우 문가영의 광고로 아주 힙해진 경동제약 고감도 헬스케어 브랜드 #위아바임 마그아연&킬스트레스는 흡수 빠른 액상 마그네슘인 글루콘산 마그네슘과 스트레스 피로 케어 기능성 원료, 홍경천 추출물 함유 요즘 내게 꼭 필요한 아이 스트레스로 급피곤한 사람들이여~ 올리브영 온라인몰 입점한 위아바임을 할인된 가격으로 만나보자꾸나~😜  #올리브영마그네슘 #올리브영건강기능식품 #경동제약 #WIAVIM #문가영 #마그아연킬스트레스 #문가영마그네슘 #액상마그네슘추천 #문가영마그네슘 #액상마그네슘추천 #액상비타민추천 #스트레스 #피로개선"".","#협찬, #위아바임, #올리브영마그네슘, #올리브영건강기능식품, #경동제약, #WIAVIM, #문가영, #마그아연킬스트레스, #문가영마그네슘, #액상마그네슘추천, #문가영마그네슘, #액상마그네슘추천, #액상비타민추천, #스트레스, #피로개선",698.0,,6.0,2024-11-26 12:14:12,https://www.instagram.com/p/DC1Y1AdyN9J/
올리브영,happy_bitna,인스타그램,,"#협찬  주말에도 제대로 쉬지 못하고 바쁘게 일하는 남편  부쩍 힘들어하는 모습을 보니 속상하더라고요ㅠ  마침 올리브영에 갔다가 #세노비스밀크씨슬+ 가 있더라고요? 간건강에 도움을 주는 것으로 잘 알려진 성분이라 안그래도 궁금했었는데  더 늦기 전에 챙겨주면 좋을 거 같더라고요!  밀크씨슬 추출물인 실리마린 130mg과 비타민B 군 6종이 함유되어  하루 한 캡슐만 챙기면 되니 좋더라고요.   간건강을 위해 챙기는 거지만 섭취 방법이 까다롭다면  안 그래도 바쁜 사람한테 신경 쓰이는 일 하나 넘기는 거 같아 걱정스러웠는데 1일 1회 1캡슐로 간편하니 꾸준히 챙기기에 딱이다 싶었어요.  캡슐 크기도 부담스럽지 않으면서 연질캡슐로 되어있어 목 넘김도 편안했어요. 섭취 시간도 특별히 정해진 게 아니기 때문에 편안할 때 섭취하면서 간건강을 챙길 수 있다니 뿌듯한 거 있죠!  주요성분인 밀크씨슬은 국화과의 식물로 간건강에 도움을 줄 수 있는 기능성 원료로  세노비스 밀크씨슬+에는 1캡슐에 밀크씨슬 추출물(실리마린) 130mg 함유되어 있어요.   또, 에너지를 생성하는데 필요한 영양소인 비타민B군 6종 (비타민B1, B2, 나이아신, 판토텐산, 비타민B6, 비타민B12) 1일 영양성분 기준치 대비 100% 이상 함유되어 있다고 하니 부족함 없지요!  간편하게 간건강과 활력에 도움을 줄 수 있는 세노비스 밀크씨슬은 올리브영에서 5월 9일부터  5월 15일까지 단 일주일간 최대 54% 할인받아 만나보실 수 있으니 관심있으신 분들은 가까운 올리브영 매장에서 확인해보시길 바랍니다.  * 밀크씨슬+ - 제조 업소: ㈜서흥, 판매 업소: 오펠라헬스케어코리아㈜ | ⓘ건강기능식품광고ㅣ MAT-KR-2402660-v1.0-05/2025  #세노비스 #CENOVIS #밀크씨슬+ #세노비스밀크씨슬+ #건강기능식품추천 #간건강 #올리브영핫템 #비타민B #에너지생성 #올리브영건강기능식품 #올리브영추천템 #건강템"".","#협찬, #세노비스밀크씨슬, #세노비스, #CENOVIS, #밀크씨슬, #세노비스밀크씨슬, #건강기능식품추천, #간건강, #올리브영핫템, #비타민B, #에너지생성, #올리브영건강기능식품, #올리브영추천템, #건강템",2212.0,,9.0,2025-05-09 08:59:13,https://www.instagram.com/p/DJbU4baxsYo/
올리브영,euphoria.no1,인스타그램,,"#협찬 위아바임 마그아연&킬 스트레스 오늘은 경동제약에서 새롭게 출시한 고감도 헬스케어 브랜드 위아바임에서 나온 마그아연&킬 스트레스를 소개해드려합니다 저와 같이 업무에 찌들고 육아에 찌들든 이들에게 활력보충과 쌓인 스트레스를 한 번에 날려버릴 그런 아이템이랍니다  젊은 층을 타켓으로 한 새로운 브랜드이기에 패키징부터 강렬하고 세련되어 눈길이가는데요 배우 문가영님이 모델로 나와 더욱 더 궁금해지는 제품이더라구요  정제형태의 제품은 목넘김이 불편해 주로 액상형 제품을 먹는데 마그아연&킬 스트레스는 물이 필요없는 액상형에 맛있는 새콤달콤한 샤인머스캣 맛이라 거부감 없이 언제어디서든 섭취할 수 있는 것이 좋더라구요  일상에 활력에 필요하신 분들은 물론 스트레스로 인한 관리와 피로개선이 필요한 분, 에너지 사용량이 많은 분들까지 생활 속  에너지와 활력을 찾으시는 분들이 드시면 너무 좋을 것 같아요  KEY P1. 흡수가 빠른 글루콘산 액상형 마그네슘 한 병 157.5mg 글루콘산 마그네슘   KEY P2. 홍경천추출물 함유 기능성 인정받은 스페인산 홍경천 추출물 264.5mg 함유로 스트레스로 인한 피로케어  KEY P3. 활력 비타민B군 3WHD 300% 고함량 배함  KEY P4. 아연 200% 고함량 배합  EVENT NOTICE. 위아바임 전 품목 올리브영에 입점과 할인이 진행되고 있으니 구매를 원하는 분은 올리브영으로 GOGO  @kdpharma #협찬 #올리브영마그네슘 #올리브영건강기능식품 #경동제약 #위아바임 #WIAVIM #문가영 #마그아연킬스트레스 #문가영마그네슘 #액상마그네슘추천 #문가영마그네슘 #액상마그네슘추천 #액상비타민추천 #스트레스 #피로개선"".","#협찬, #협찬, #올리브영마그네슘, #올리브영건강기능식품, #경동제약, #위아바임, #WIAVIM, #문가영, #마그아연킬스트레스, #문가영마그네슘, #액상마그네슘추천, #문가영마그네슘, #액상마그네슘추천, #액상비타민추천, #스트레스, #피로개선",1156.0,,44.0,2024-11-25 01:40:00,https://www.instagram.com/p/DCxrdG9T5_o/
올리브영,94.05h,인스타그램,,"#협찬 스트레스로 인한 피로개선까지 챙긴 액상형 마그네슘인 위아바임 마그아연&킬스트레스!!  경동제약에서 새롭게 젊은 층을 타겟으로 출시한 고감도 헬스케어 브랜드인 위아바임이에요 트랜디하고 힙한 패키지로 인해 남녀노소 모두 좋아요~!!  흡수 빠른 액상형 타입의 마그네슘인 글루콘산 마그네슘 함유! 스트레스 피로 케어 기능성 원료, 홍경천 추출물 함유되어 있어요!  위아바임 브랜드 전 품목이 올리브영 온라인몰 입점해서  할인된 가격으로 구매 가능하니!! 꼭 참고 ~~  직장인들 선물로 최고일 것 같다 >< @kdpharma . . . #올리브영마그네슘 #올리브영건강기능식품 #경동제약 #위아바임 #WIAVIM #문가영 #마그아연킬스트레스 #문가영마그네슘 #액상마그네슘추천 #문가영마그네슘 #액상마그네슘추천 #액상비타민추천 #스트레스 #피로개선"".","#협찬, #올리브영마그네슘, #올리브영건강기능식품, #경동제약, #위아바임, #WIAVIM, #문가영, #마그아연킬스트레스, #문가영마그네슘, #액상마그네슘추천, #문가영마그네슘, #액상마그네슘추천, #액상비타민추천, #스트레스, #피로개선",2.0,,0.0,2024-11-26 12:24:59,https://www.instagram.com/p/DC1aD4wyD2Y/
올리브영,gaayeoriii,인스타그램,,"#협찬 올리브영 마그네슘 '포 스트레스'  요즘 스트레스와 마그네슘 부족으로 에너지가 안생겨서 '포 스트레스'를 섭취하고 있어요〰️  - 마그네슘은 신체에서 4번째로 많은 양을  차지하는 물질로 건강한 신체를 유지하고,  신경을 안정시키고, 근육의 긴장을 이완시키며,  에너지 생성 과정에 중요한 역할을 하는데요😊  가공식품의 의존도가 높을 경우 체내의 마그네슘이 부족할 수 있어 반드시 추가 섭취가 필요해요❗️  - 그래서 섭취하고 있는 《마그랩 포 스트레스》는 'Essential Energy for Wellness'라는 슬로건 아래 건강한 신체를 유지하는데 넘 중요한 '마그네슘'을  연구하는 브랜드로 한국에서 가장 오래된 역사를 자랑하는 동화약품에서 만든 건강기능식품 브랜드예요😃  《마그랩 포 스트레스》는 흡수 빠른 글루콘산 마그네슘의 액상 앰플 타입으로 신체 흡수율을 높이고 스트레스로 인한 피로개선에 도움을 줄 수 있는 홍경천추출물이 함유됐어요👍  - 홍경천 추출물은 인체적용시험결과 야근으로 인한  피로도 감소 및 수험생의 정신적 피로도 감소,  스트레스 호르몬 코티솔 감소를 확인 할 수 있어요🫶  그만큼 스트레스 개선에 도움을 주며 활력비타민 B군 3종(비타민 B1, B2, B6)과 아연까지 1일 영양성분 기준치 대비 100% 충족 시키며 상큼한 허니자몽맛으로 부담없이 맛있게 섭취할 수 있어요😍  - 지금 올리브영 온/오프라인에서 기획세트 구매 시  '샤이니 키' 포토카드를 증정한다고 하니 참고하세요🩷 @mglab.official . . . . . . . . . . . #마그랩 #동화약품_건강기능식품 #마그네슘 #포스트레스 #액상마그네슘 #마그네슘추천 #마시는마그네슘 #올리브영건강기능식품 #마그네슘건강기능식품 #맛있는건강기능식품 #마시는마그네슘 #스트레스영양제 #마그네슘영양제 #건강기능식품선물추천 #수험생건강기능식품 #직장인건강기능식품 #동화약품 #마그랩포스트레스"".","#협찬, #마그랩, #동화약품_건강기능식품, #마그네슘, #포스트레스, #액상마그네슘, #마그네슘추천, #마시는마그네슘, #올리브영건강기능식품, #마그네슘건강기능식품, #맛있는건강기능식품, #마시는마그네슘, #스트레스영양제, #마그네슘영양제, #건강기능식품선물추천, #수험생건강기능식품, #직장인건강기능식품, #동화약품, #마그랩포스트레스",1051.0,,45.0,2023-11-10 13:01:11,https://www.instagram.com/p/Czd2i08PoyJ/
올리브영,youngjoo1225,인스타그램,,"#협찬  상큼한 허니자몽맛이라  맛있게 챙기는  #마시는마그네슘 #마그랩 포스트레스   마그네슘은 에너지 생산 과정에 중요한 역할을 하면서  신경을 안정시키고 근육의 긴장을 이완시켜 신체에서  4번째로 많은 양을 차지하는 물질로 건강한 신체를  유지하는데 중요한 요소라는 사실 다들 알고 계신가요!?   특히 요즘처럼 가공식품의 의존도가 높은 경우에는 체내의 마그네슘이 부족할 수 있어 반드시 추가 섭취가  필요한 영양 성분이라고 해요!   역사와 전통을 자랑하는 동화약품에서 만든 건강기능식품  브랜드 마그랩은 'Essential Energy for Wellness’ 라는  슬로건 아래 건강한 신체를 유지하는데 중요한 ‘마그네슘’을  연구하는 ‘마그네슘 연구소’ 브랜드에요!!  글루콘산 마그네슘의 액상 앰플 타입으로  신체 흡수율이 빠르며 스트레스로 인한 피로개선에  도움을 줄 수 있는 홍경천추출물이 함유되어 있어  잦은 야근과 스트레스로 인해 매일 쌓이는  피로도와 스트레스 감소에 도움을 주면서  에너지 충전에 필수 요소인 활력비타민 B군 3종  (비타민 B1,B2,B6)과 아연까지 1일 영양성분 기준치 대비  100% 충족시켜주는 #마그네슘영양제 로  휴대하기도 편해 회사에서나 외출할때 가방속에 챙기며  하루 한병씩 건강하게 챙기기 좋은거 있죠!    지금 올리브영 판매 *1위 마그네슘  마그랩 포 스트레스는 (*2023.11.01 올리브영 건강식품 판매 랭킹 기준*) 올리브영에서만 만날 수 있는 10+2 특별 기획 패키지로  올리브영 온/오프라인에서 구매 가능하세요🖐🏻  #마그랩 #동화약품마그랩 #마그네슘 #포스트레스 #액상마그네슘 #마그네슘추천  #올리브영건강기능식품 #맛있는건강기능식품 #마시는마그네슘 #스트레스영양제 #건강기능식품선물추천 #학생건강기능식품 #직장인건강기능식품 #동화약품 #마그랩포스트레스"".","#협찬, #마시는마그네슘, #마그랩, #마그네슘영양제, #마그랩, #동화약품마그랩, #마그네슘, #포스트레스, #액상마그네슘, #마그네슘추천, #올리브영건강기능식품, #맛있는건강기능식품, #마시는마그네슘, #스트레스영양제, #건강기능식품선물추천, #학생건강기능식품, #직장인건강기능식품, #동화약품, #마그랩포스트레스",1329.0,,42.0,2024-01-04 14:31:52,https://www.instagram.com/p/C1ropHfLdQ0/
올리브영,dkdud5070,인스타그램,,"#협찬 @mglab.official   피곤하면 가장 먼저 찾는 건 마그랩. 마그랩에 핵심 성분인 마그네슘은 신체에서 4번쨰로 많은 양을 차지하는 물질인만큼 건강한 신체를 유지하는데 중요한 요소라고 하더라구요!! 흡수 빠른 액상 앰플 타입이라 글루콘산 마그네슘의 신체 흡수율을 높여 에너지 생성 과정은 물론, 신경을 안정시키고 근육의 긴장을 이완시키는데 많은 도움이 되는 건강기능식품인데요~!   특히 저 같은 가공식품을 자주 먹는 사람은 체내의 마그네슘이 부족할 수 있어 반드시 추가 섭취가 필요한 영양 성분이고, 스트레스로 인한 피로개선에 도움을 줄 수 있는 홍경천추출물과 활력비타민 B군 3종(비타민 B1,B2,B6)에 아연이 1일 영양성분 기준치 대비 100% 충족한다는 거!!!!   상콤한 자몽맛이라 그냥 먹어도 넘 맛잇지만 얼음물이나 탄산에 타서 시원하게 마시면 마시는 건강식품으로 아주 찰떡 같은 제품으로 ‘Essential Energy for Wellness’ 라는 슬로건 아래 건강한 신체를 유지하는데 중요한 ‘마그네슘’을 연구한다는 ‘마그네슘 연구소’ 브랜드에 딱 맞는 제품이 아닌지,😊   인류의 건강과 행복을 이끌어 나가기 위해 한국에서 가장 오래된 역사를 자랑하는 동화약품에 만든 마그랩!! 올리브영 온/오프라인에서 모두 만나 보실 수 있으니 참고하세요♥️   https://www.oliveyoung.co.kr/store/G.do?goodsNo=A000000189370&utm_source=viral&utm_medium=influencer_ad&utm_campaign=mdh1_forstress_0907_0930&utm_content=revu_ig -   #마그랩 #동화약품_건강기능식품 #마그네슘 #포스트레스 #액상마그네슘 #마그네슘추천 #마시는마그네슘 #올리브영건강기능식품 #마그네슘건강기능식품 #맛있는건강기능식품 #마시는마그네슘 #건강기능식품선물추천 #수험생건강기능식품 #직장인건강기능식품"".","#협찬, #마그랩, #동화약품_건강기능식품, #마그네슘, #포스트레스, #액상마그네슘, #마그네슘추천, #마시는마그네슘, #올리브영건강기능식품, #마그네슘건강기능식품, #맛있는건강기능식품, #마시는마그네슘, #건강기능식품선물추천, #수험생건강기능식품, #직장인건강기능식품",1044.0,,2.0,2023-10-06 11:28:03,https://www.instagram.com/p/CyDkEE2LXR7/
올리브영,ayeye_11,인스타그램,,"#광고   현대인의 제일 큰 고민 스트레스! 스트레스로 인한 피로개선에 도움을 주는  마그랩  포 스트레스 랍니다💜 홍경천추출물로 스트레스로 인한 피로는 풀고 마그네슘으로 활력을 채워줘요💜 액상타입으로 빠른 흡수! 그리고 활력비타민과 아연까지  100% 충족시켜준답니다! 아침에 일어나서 피로함을 많이 느끼시는 분이나 건강하고 활기찬 하루가 필요하신분! 언제 어디서든 간편하게 1일 1병으로  맛까지 챙긴 상큼한 허니 자몽맛으로 맛있게~ 건강 챙겨보세요💜 물이랑 탄산수에 섞어 마셔도 좋답니다!  가까운 올리브영에서 만나보실 수 있어요💜  #동화약품 #건강기능식품 #마그랩 #마그랩포스트레스 #포스트레스 #올리브영 #올리브영건강기능식품 #올리브영추천템 #마그네슘 #마그네슘보충 #daily #메이필드호텔 #ootd #데일리"".","#광고, #동화약품, #건강기능식품, #마그랩, #마그랩포스트레스, #포스트레스, #올리브영, #올리브영건강기능식품, #올리브영추천템, #마그네슘, #마그네슘보충, #daily, #메이필드호텔, #ootd, #데일리",383.0,,95.0,2024-04-11 01:59:31,https://www.instagram.com/p/C5moGl9yzX6/
올리브영,ashy.luv03,인스타그램,,"#협찬  올리브영 건강기능식품 1위 제품인 마그랩 액상형 마그네슘 포 스트레스 마셔봤어요  마그네슘은 신체에서 4번째로 많은 양을 차지하는 물질로 건강한 신체를 유지하는데 중요한데요,  신경을 안정시키고 근육의 긴장을 이완시켜주는 점, 에너지 생성 과정에서 중요한 역할을 한다는 점에서 중요하답니다.  마그랩은 마그네슘을 연구하는 마그네슘 브랜드인데요, 한국에서 가장 오래된 역사를 자랑하는 동화약품에서 만든 건강기능식품 브랜드예요.  스트레스로 인한 피로개선에 도움을 줄 수 있는 홍경천추출물이 들어있어서 야근이나 공부로 피곤할 때 마시기도 좋아요. 게다가 활력 비타민 B군과 아연까지 들어있고 맛도 상큼한 허니 자몽맛이랍니다!  자세한 사항은 마그랩 공식 인스타에서 확인해보세요! @mglab.official  #마그랩 #동화약품마그랩 #마그네슘 #포스트레스 #액상마그네슘 #마그네슘추천 #마시는마그네슘 #올리브영건강기능식품 #맛있는건강기능식품 #마시는마그네슘 #스트레스영양제 #마그네슘영양제 #건강기능식품선물추천 #학생건강기능식품 #직장인건강기능식품 #동화약품 #마그랩포스트레스"".","#협찬, #마그랩, #동화약품마그랩, #마그네슘, #포스트레스, #액상마그네슘, #마그네슘추천, #마시는마그네슘, #올리브영건강기능식품, #맛있는건강기능식품, #마시는마그네슘, #스트레스영양제, #마그네슘영양제, #건강기능식품선물추천, #학생건강기능식품, #직장인건강기능식품, #동화약품, #마그랩포스트레스",484.0,,5.0,2024-01-04 12:26:40,https://www.instagram.com/p/C1raUFrykxQ/
올리브영,majenta_ggoms,인스타그램,,"#협찬   매일매일 많은 업무에 시달리며 피로곰이 천백만마리가 항상 함께하는 지금😅  스트레스로 인한 피로를 풀고, 마그네슘으로 활력을 채워주는 #마그랩  한병으로  시작하는 아침🙂  동화약품의 건강기능식품으로, 스트레스로 인한 피로개선에 도움을 줄 수 있는 홍경천추출물이 들어있구요, 여기에 정상적인 면역기능에 필요한 아연과, 유럽산 비타민 B군 3종이 함유되어있어, 넘넘 좋은거있죠!🤭 액상앰플타입이라  빠르게 흡수가 되어 더욱더 좋은  마그랩  액상형 마그네슘 포 스트레스   ✔마그네슘은요 신체에서  4번째로 많은 양을 차지하는 물질인데요, 체내에 일어나는 생화학적 반응 중  300개 이상의 반응이  마그네슘을 필요로 해요  그러나 조리시에도  마그네슘이 손실이 되고, 식품에 적게 함유가 되어있기에  ⭐반드시 추가 섭취가 필요한  마그네슘 영양성분이랍니다.   마그네슘을 섭취하면, 신경과 근육의 긴장을 안정시키고 이완해주며, 에너지 생성과정에 중요한 역할을 하기에 추가 섭취가 필요한 영양성분이랍니다!   액상형에 주황색인 허니자몽맛이라 한병 그대로 섭취해도 되구요, 물이나 탄산수에 타서 마셔도  맛있게 마실수있답니다😄  업무과다이신분, 피로감이 많으신분, 학업스트레스로 인해 피로개선이 필요하신분 등등 우리모두 함께  하루한병으로! 피로풀고 활력 채워보아요🫶🏻  마그랩은요  올리브영 온,오프라인 에서  만나보실수 있어요!   🌐https://www.oliveyoung.co.kr/store/G.do?goodsNo=A000000189370&utm_source=viral&utm_medium=influencer_ad&utm_campaign=mdh1_forstress_0907_0930&utm_content=revu_ig  @mglab.official #마그네슘  #동화약품_건강기능식품 #포스트레스 #액상마그네슘 #마그네슘추천 #마시는마그네슘 #올리브영건강기능식품 #마그네슘건강기능식품 #맛있는건강기능식품 #마시는마그네슘 #건강기능식품선물추천 #수험생건강기능식품 #직장인건강기능식품"".","#협찬, #마그랩, #마그네슘, #동화약품_건강기능식품, #포스트레스, #액상마그네슘, #마그네슘추천, #마시는마그네슘, #올리브영건강기능식품, #마그네슘건강기능식품, #맛있는건강기능식품, #마시는마그네슘, #건강기능식품선물추천, #수험생건강기능식품, #직장인건강기능식품",1629.0,,33.0,2023-10-07 03:36:04,https://www.instagram.com/p/CyFS1-wryL1/
올리브영,sosobyul,인스타그램,,"#협찬 피로에 지친 직장인들, 아침에 일어날 때 피로함을 많이 느끼시는 분 많으시죠? 신체에서 4번째로 많은 양을 차지하는 물질로 건강한 신체를 유지하는데 중요한 요소 바로, 마그네슘인데요.  가공식품의 의존도가 높을 경우에 체내 #마그네슘 이 부족할 수 있다고 하니 요즘 우리 같은 세대에게 꼭 필요한 영양 성분이 아닐까 싶어요.  먹기에도 간편하고, 신체흡수율 높은 걸로 챙겨 먹는 게 좋겠죠! #동화약품_건강기능식품 브랜드인 마그네슘을 연구하는 #마그랩 이 제 기준을 모두 충족시켰어요.  ✔흡수 빠른 액상 앰플 타입으로 글루콘산 마그네슘의 신체 흡수율 UP ✔스트레스로 인한 피로개선에 도움을 줄 수 있는 홍견천추출물 함유 ✔활력비타민 B군 3종과 아연까지 1일 영양성분 기준치 대비 100%충족  😋특히나 상큼한 허니자몽맛으로 먹기에도 편하답니다. 액상 그대로 먹어도 좋지만, 물이나 탄산수에 타 먹어도 맛있게 섭취할 수 있답니다.  컴팩트한 사이즈로 휴대하기에도 좋아 출근길에 챙기기에도 OK 가볍고 맛있게 우리의 활력 챙겨요!  🛒올리브영 온. 오프라인에서 구매 가능 https://www.oliveyoung.co.kr/store/G.do?goodsNo=A000000189370&utm_source=viral&utm_medium=influencer_ad&utm_campaign=mdh1_forstress_0907_0930&utm_content=revu_  @mglab.official  #포스트레스 #액상마그네슘 #마그네슘추천 #마시는마그네슘 #올리브영건강기능식품 #마그네슘건강기능식품 #맛있는건강기능식품 #건강기능식품선물추천 #수험생건강기능식품 #직장인건강기능식품"".","#협찬, #마그네슘, #동화약품_건강기능식품, #마그랩, #포스트레스, #액상마그네슘, #마그네슘추천, #마시는마그네슘, #올리브영건강기능식품, #마그네슘건강기능식품, #맛있는건강기능식품, #건강기능식품선물추천, #수험생건강기능식품, #직장인건강기능식품",803.0,,18.0,2023-10-06 01:05:42,https://www.instagram.com/p/CyCbHYxSNri/
올리브영,ks_vely7,인스타그램,,"#협찬 @mglab.official   맛있게 건강 챙기고 싶은사람 나야나!💪   포 스트레스는 부족한 마그네슘을 챙길 수 있는 액상앰플 타입으로 신체 흡수율이 높은 제품인데요. 우리몸에 꼭 필요한 영양소인 마그네슘! 하루 한병으로 부족한 마그네슘을 채울수 있다니!   마그네슘을 왜 섭취해야하는지 이번에 알게 됐는데 마그네슘은 신체에서 4번째로 많은 양을 차지하는 물질로 건강한 신체를 유지하는데 중요한 요소라고해요! 신경을 안정시키고 근육의 긴장을 이완, 에너지 생성 과정에 중요한 역할을 한다고 하니 꼭 챙겨먹어야 겠죠? 가공식품의 의존도가 높을 경우 체내의 마그네슘이 부족할 수 있어 반드시 추가 섭취해줘야 한다고해요!   포 스트레스는 스트레스로 인한 피로개선에 도움을 줄 수 있는 “홍경천추출물”이 함유되어 있어서 더 챙기게 되더라고요. 거기다 상큼한 허니 자몽맛이라 너무 맛있더라고요! 바쁘고 지친 요즘 포 스트레스 하루 한병으로 활력 챙겨보자고요!     #마그랩 #동화약품_건강기능식품 #마그네슘 #포스트레스 #액상마그네슘 #마그네슘추천 #마시는마그네슘 #올리브영건강기능식품 #마그네슘건강기능식품 #맛있는건강기능식품 #마시는마그네슘 #스트레스영양제 #마그네슘영양제 #건강기능식품선물추천 #수험생건강기능식품 #직장인건강기능식품 #동화약품 #마그랩포스트레스"".","#협찬, #마그랩, #동화약품_건강기능식품, #마그네슘, #포스트레스, #액상마그네슘, #마그네슘추천, #마시는마그네슘, #올리브영건강기능식품, #마그네슘건강기능식품, #맛있는건강기능식품, #마시는마그네슘, #스트레스영양제, #마그네슘영양제, #건강기능식품선물추천, #수험생건강기능식품, #직장인건강기능식품, #동화약품, #마그랩포스트레스",956.0,,22.0,2023-11-11 04:16:46,https://www.instagram.com/p/CzfegWaSJ1z/
올리브영,inthelain,인스타그램,,"#광고 지만 솔직하게 하루 종일 바쁘게 살다 보니, 정작 나를 위한 시간은 언제였는지 잊고 지냈다. 특히 바쁘다는 핑계로 건강관리에 소홀했다. 더 이상은 이렇게 하면 안되겠다 싶어서 나를 위해 챙겨먹을 수 있는 제품을 찾다가 실리마린을 130mg를 함유한 밀크씨슬 추출물이 가득 담기고 에너지 생성에 도움을 줄 수 있는 비타민 B군 6종이 함유되어 있는 세노비스 밀크씨슬+를 마련하게 되었다. ⠀ 하루에 한 번 1캡슐만 섭취하면 되는 간편함 엄지척!👍 특히 잘 까먹는 나에게 한 번만 챙기면 되니 앞으로 꾸준하게 섭취를 할 수 있다~ ⠀ 마침, 오늘 소개한 세노비스 밀크씨슬+는 3월 1일부터 7일까지 7일동안 올리브영에서 최대 48% 할인된 금액으로 만나볼 수 있다는 사실! 세노비스 네이버 브랜드 스토어에서도 만날 수 있으니 참고하시고, 앞으로 더 꾸준하게 챙겨먹어야겠다 다짐하면서 오늘 마무리 😊 ⠀ #세노비스 #CENOVIS #밀크씨슬+ #세노비스밀크씨슬+ #건강기능식품추천 #간건강 #올리브영핫템 #비타민B #에너지생성 #올리브영건강기능식품 #올리브영추천템 #건강템 ⠀ ⠀"".","#광고, #세노비스, #CENOVIS, #밀크씨슬, #세노비스밀크씨슬, #건강기능식품추천, #간건강, #올리브영핫템, #비타민B, #에너지생성, #올리브영건강기능식품, #올리브영추천템, #건강템",2426.0,,1.0,2025-03-01 05:35:07,https://www.instagram.com/p/DGpSrJbS2ad/
올리브영,jejwkd,인스타그램,,"#협찬 받은 위아바임 마그아연&킬 스트레스는 경동제약에서 나온 고감도 헬스케어 브랜드로 배우 문가영이 모델이라고 해요.  한병씩 가지고 다니면서 먹을 수 있는 위 제품은 글루콘산 마그네슘이 액상으로 되어 빠른 흡수를 도와주는데다  스트레스와 피로케어에 도움을 주는 기능성원료인 홍경천 추출물이 함유되 일상에 스트레스를 받으시는 분들이 한병씩 마시기에도 너무 좋아  올리브영 온라인몰에서 만나 챙기면 될 듯 했는데 위아바임의 전품목이 온라인몰에 입점되어 있기 때문에 다른 제품도 함께 만나볼 수 있었어요.  그렇기에 이번 올영세일 때 할인된 가격으로  좀 더 저렴하게 구매해서 하루 한병 챙겨도 좋을 거 같아요.  #올리브영마그네슘 #올리브영건강기능식품 #경동제약 #위아바임 #WIAVIM #문가영 #마그아연킬스트레스 #문가영마그네슘 #액상마그네슘추천 #문가영마그네슘 #액상마그네슘추천 #액상비타민추천 #스트레스 #피로개선 @kdpharma"".","#협찬, #올리브영마그네슘, #올리브영건강기능식품, #경동제약, #위아바임, #WIAVIM, #문가영, #마그아연킬스트레스, #문가영마그네슘, #액상마그네슘추천, #문가영마그네슘, #액상마그네슘추천, #액상비타민추천, #스트레스, #피로개선",547.0,,5.0,2024-12-02 02:04:20,https://www.instagram.com/p/DDDvKXhBbTD/
올리브영,heydays12,인스타그램,,"#광고 지만 찐후기  스케줄러를 열어보면 업무들로  꽉 차 있을 정도로 바쁜 일상을 보내고 있는 저! ㅠㅠ 넘쳐나는 업무들을 제대로 처리하기 위해선  결국 건강 관리와 간 피로 관리가 중요하다는 생각이 들어  세노비스 밀크씨슬+을 선택해 보았어요~   밀크씨슬은 국화과의 식물로  간 건강에 도움을 줄 수 있는 원료로 밀크씨슬추출물을 함유하고 있어요.  요 제품에는 1캡슐에  실리마린 130mg이 함유되어 있어 함량부터 마음에 들더라구요.  게다가 에너지 생성하는데 필요한 비타민 B군이 6종이나 함유되어  평소 바쁜 업무 때문에 힘들어하던 저한테 잘 맞겠더라구요? 😊  2개입으로 되어 있는 제품이라 나 하나, 남편 하나 하루에 한 캡슐씩 챙기고 있답니다😊  🎉지금 세노비스에서는 이벤트 진행 중 6월 올리브영 세일을 통해서 40% 할인된 가격에 만날 수 있고,  세노비스 네이버 브랜드 스토어에서는 최대 52% 할인에  포토리뷰 작성 시 N포인트 1,500원까지 적립해준다고 하니 쏠쏠하죠? 게다가 중간중간 깜짝 추가 혜택도 있다고 하니  이참에 소중한 사람을 위한 선물 준비하기 좋은 기회네요. :)  #건강선물맛집 #세노비스 #세노비스밀크씨슬+ #건강기능식품추천 #간건강 #올리브영핫템 #비타민B #친구선물 #남편선물 #남친선물 #에너지생성 #올리브영건강기능식품 #올리브영추천 #올리브영세노비스"".","#광고, #건강선물맛집, #세노비스, #세노비스밀크씨슬, #건강기능식품추천, #간건강, #올리브영핫템, #비타민B, #친구선물, #남편선물, #남친선물, #에너지생성, #올리브영건강기능식품, #올리브영추천, #올리브영세노비스",392.0,,10.0,2024-06-04 14:28:56,https://www.instagram.com/p/C7zBIpdB64h/
올리브영,black_mhk,인스타그램,,"#협찬 @mglab.official  마그네슘은 우리 신체에서 4번째로 많은 양을 차지하는 물질로 신체를 유지하는데 중요한 요소에요. 특히 신경을 안정시키고 근육의 긴장을 이완, 에너지 생성 과정에 중요한 역할을 하고 있어서 저처럼 인스턴트나 가공식품 많이 먹는 사람은 마그네슘 추가 섭취가 필수에요.☝️  그래서 저는 마그랩 포 스트레스 섭취하고 있어요. 마그랩은 ‘Essential Energy for Wellness’ 라는 슬로건 아래 ‘마그네슘’ 브랜드로 포 스트레스는 액상 앰플타입의 글루콘산 마그네슘인데 스트레스로 인한 피로개선에 도움을 줄수 있는 홍경천추출물과 활력비타민 B군 3종이 들어있어 매일 챙기기 좋더라고요🧡  포 스트레스는 상큼한 허니자몽맛이라 그냥 먹어도 맛나고, 탄산수에 타먹으면 음료처럼 즐길수 있어 더 좋고 휴대하기 좋은사이즈라 가지고 다니며 마시기 좋아서 애정해요🧡  무엇보다 동화약품에서 만든 건강기능식품이라고 하니 더 믿고 먹어요~🧡  포스트레스는 올리브영 온라인과 오프라인에서 기획세트로 구매시에는 샤이니 키 포토카드도 증정하니 맛난 포 스트레스 올리브영에서 만나보세요.🙏  @mglab.official #마그랩 #동화약품_건강기능식품 #마그네슘 #포스트레스 #액상마그네슘 #마그네슘추천 #마시는마그네슘 #올리브영건강기능식품 #마그네슘건강기능식품 #맛있는건강기능식품 #마시는마그네슘 #스트레스영양제 #마그네슘영양제 #건강기능식품선물추천 #수험생건강기능식품 #직장인건강기능식품 #동화약품 #마그랩포스트레스"".","#협찬, #마그랩, #동화약품_건강기능식품, #마그네슘, #포스트레스, #액상마그네슘, #마그네슘추천, #마시는마그네슘, #올리브영건강기능식품, #마그네슘건강기능식품, #맛있는건강기능식품, #마시는마그네슘, #스트레스영양제, #마그네슘영양제, #건강기능식품선물추천, #수험생건강기능식품, #직장인건강기능식품, #동화약품, #마그랩포스트레스",1308.0,,19.0,2023-11-15 09:38:17,https://www.instagram.com/p/CzdjJRnxaps/
올리브영,k_noriter,인스타그램,,"#광고 지만 새해 건강관리가 목표인 분들에게 추천해요!  일을 하면서 육아도 하고 틈틈이 다양한 취미생활도 잘하고 싶은 저는 바쁜 일상 속 활력을 충전하기 위해 #세노비스밀크씨슬+ 를 챙겨주기 시작했어요! 실리마린 130mg을 함유한 밀크씨슬 추출물에 에너지 생성에 도움을 줄 수 있는 비타민 B군 6종을 함유한 #세노비스 #밀크씨슬+ 는 하루 한 캡슐로 간편하게 #간겅강 과 #에너지생성 에 도움을 받아볼 수 있어서 든든해요. 한병에 60캡슐이 들어 있어서 저처럼 부부가 함께 섭취해도 한달간 챙겨볼 수 있답니다. 새해에만 누릴 수 있는 올리브영 특별 할인 혜택으로 다양한 구성의 세노비스 밀크씨슬+를 최대 54% 할인 받아 구매할 수 있으니 소중한 사람과 함께 챙겨보는거 어떠세요?  #CENOVIS #건강기능식품추천 #올리브영핫템 #비타민B #올리브영건강기능식품 #올리브영추천템 #건강템 #새해선물 #건강스타그램 #건강그램 #데일리 #일상스타그램"".","#광고, #세노비스밀크씨슬, #세노비스, #밀크씨슬, #간겅강, #에너지생성, #CENOVIS, #건강기능식품추천, #올리브영핫템, #비타민B, #올리브영건강기능식품, #올리브영추천템, #건강템, #새해선물, #건강스타그램, #건강그램, #데일리, #일상스타그램",2125.0,,29.0,2025-01-17 02:45:56,https://www.instagram.com/p/DE6RIV1BoKh/
올리브영,kjin8282bb,인스타그램,,"#협찬 ⠀ 밀려드는 업무에 피곤해도 힘들다는 핑계로 소중한 내 하루 그냥 버릴수는 없잖아요?! ⠀ 스트레스로 인한 피로를 풀어주고! 마그네슘으로 활력을 채워주는! #마그랩 과 함께 하루를 시작하고있어요~ ⠀ 마그네슘은 신체에서 4번째로 많은 양을 차지하는 물질로 신경 안정, 근육의 긴장을 이완하고 에너지를 생성하는 과정에 중요한 역할을 한다고해요! 특히 가공식품 의존도가 높으면 마그네슘 추가 섭취는 꼭 필요하죠! ⠀ ‘Essential Energy for Wellness’ MgLAB (마그랩)은 동화약품에서 만든 건강기능식품 브랜드로 스트레스로 인한 피로개선에 도움을 줄 수 있는 홍경천추출물과 액상 앰플 타입으로 글루콘산 마그네슘의 흡수율까지 UP!한 제품이라 더 맘에 드는거 있죠?! ⠀ 상큼한 허니자몽맛으로 그대로 먹거나 물, 탄산수에 타먹어도 맛있어요! ⠀ 스트레스 없는 건강한 나를 위해! 이제 포 스트레스와 함께해요~ ⠀ 📌올리브영 온/오프라인에서 구매하면 샤이니 키 포토카드도 증정한대요!  @mglab.official  #마그랩 #동화약품_건강기능식품 #마그네슘 #포스트레스 #액상마그네슘 #마그네슘추천 #마시는마그네슘 #올리브영건강기능식품 #마그네슘건강기능식품 #맛있는건강기능식품 #마시는마그네슘 #스트레스영양제 #마그네슘영양제 #건강기능식품선물추천 #수험생건강기능식품 #직장인건강기능식품 #동화약품 #마그랩포스트레스"".","#협찬, #마그랩, #마그랩, #동화약품_건강기능식품, #마그네슘, #포스트레스, #액상마그네슘, #마그네슘추천, #마시는마그네슘, #올리브영건강기능식품, #마그네슘건강기능식품, #맛있는건강기능식품, #마시는마그네슘, #스트레스영양제, #마그네슘영양제, #건강기능식품선물추천, #수험생건강기능식품, #직장인건강기능식품, #동화약품, #마그랩포스트레스",2196.0,,32.0,2023-11-11 03:38:48,https://www.instagram.com/p/Czfa-tXJK2w/
올리브영,okorita19,인스타그램,,"#협찬 @mglab.official 마그랩 포 스트레스 1샷씩 챙기면서 하루를 시작 중 ><  다들 마그네슘 챙기고 계시나요 ~? 마그네슘은 신체에서 4번째로 많은 양을 차지하고 있는 물질인데 건강한 신체를 유지하는데  중요한 역할을 한다고 해요!! 신경을 안전시키고 근육의 긴장을 이완시키고, 에너지 생성 과정에 중요한 역할을 한다니  저도 꾸준히 챙겨봐야겠다는 생각이 들어  마그랩 포 스트레스 챙기기 시작했답니다.  평소 가공식품 의존도가 높아서 ㅠ_ㅠ.. 체내 마그네슘이 부족할 수 있기 때문에 추가 섭취를 하고 있답니다요.  ‘Essential Energy for Wellness’ 라는 슬로건 아래 건강한 신체를 유지하는데  중요한 ‘마그네슘’을 연구하는  ‘마그네슘 연구소’ 브랜드 마그랩에서 출시한 제품이라 눈길이 갔는데요!  마그랩 포 스트레스는 흡수 빠른 액상 앰플 타입이라  글루콘산 마그네슘의 신체 흡수율을 더욱 높인데다  스트레스로 인한 피로개선에 도움을 줄 수 있는 홍경천추출물도 함유되어 있어서 더욱 든든했답니다.  게다가 활력비타민 B군 3종(비타민 B1,B2,B6)과 아연까지 1일 영양성분 기준치 대비  100%를 충족하여 함유하고 있으니  매일 꾸준히 챙기고 싶은 욕심이 든답니다.  액상형이라 그대로 언제 어디서나 섭취하기 간편하고, 취향에 따라 물이나 탄산수, 음료에 타서 섭취해주셔도 OK!  상큼한 허니자몽맛이라 맛있게 섭취할 수 있어서 매일 챙기게 되네요  오늘 소개해드린  마그랩 포 스트레스는  올리브영 온/오프라인에서 모두 만나보실 수 있답니다.   https://www.oliveyoung.co.kr/store/G.do?goodsNo=A000000189370&utm_source=viral&utm_medium=influencer_ad&utm_campaign=mdh1_forstress_0907_0930&utm_content=revu_blog  #마그랩 #동화약품_건강기능식품 #마그네슘 #포스트레스  #액상마그네슘 #마그네슘추천 #마시는마그네슘  #올리브영건강기능식품 #마그네슘건강기능식품  #맛있는건강기능식품 #마시는마그네슘  #건강기능식품선물추천 #수험생건강기능식품 #직장인건강기능식품#추석선물추천"".","#협찬, #마그랩, #동화약품_건강기능식품, #마그네슘, #포스트레스, #액상마그네슘, #마그네슘추천, #마시는마그네슘, #올리브영건강기능식품, #마그네슘건강기능식품, #맛있는건강기능식품, #마시는마그네슘, #건강기능식품선물추천, #수험생건강기능식품, #직장인건강기능식품, #추석선물추천",686.0,,21.0,2023-10-06 02:40:34,https://www.instagram.com/p/CyCnb0jr_Ol/
올리브영,lllsallsalll,인스타그램,,"#협찬 @mglab.official 육아, 살림, 일 바쁘게 움직이다 보니 저도 모르게 스트레스로 인해 피로도를 느끼게 되는 것 같아요. 이럴 땐 잠시 휴식을 가져주면 참 좋은데 빠르게 활력을 채우는 건 참 어려운 일이더라고요. 액상 타입으로 빠른 흡수를 할 수 있고 마그네슘, 홍경천추출물(위치 변경), 비타민B 군 3종, 아연이 모두 들어가서 우리 몸에 꼭 필요한 영양소인 마그네슘을 간편하게 충전할 수 있어요!  하루 한 병만 마셔도 활력이 충전되는 기분에 허니 자몽 맛으로 상큼하고 맛있게 즐길 수 있어 더 좋은! 야근 또는 공부로 피곤할 때 마시기에도 좋아서 요즘 바빠진 회사원 남편을 위해서 주머니에도 쏘옥 ~  동화약품에서 만든 건강기능식품이라 믿고 먹을 수 있는 마그랩은 올리브영 온/오프라인에서 모두 만나 볼 수 있어요. 스트레스로 인해 피로함을 많이 느끼시는 분들께 추천해요 !  #마그랩 #동화약품마그랩 #마그네슘 #포스트레스 #액상마그네슘 #마그네슘추천 #마시는마그네슘 #올리브영건강기능식품 #맛있는건강기능식품 #마시는마그네슘 #스트레스영양제 #마그네슘영양제 #건강기능식품선물추천 #학생건강기능식품 #직장인건강기능식품 #동화약품 #마그랩포스트레스"".","#협찬, #마그랩, #동화약품마그랩, #마그네슘, #포스트레스, #액상마그네슘, #마그네슘추천, #마시는마그네슘, #올리브영건강기능식품, #맛있는건강기능식품, #마시는마그네슘, #스트레스영양제, #마그네슘영양제, #건강기능식품선물추천, #학생건강기능식품, #직장인건강기능식품, #동화약품, #마그랩포스트레스",226.0,,14.0,2024-01-15 00:46:56,https://www.instagram.com/p/C2Ge-vlScE1/
올리브영,medu435,인스타그램,,"#협찬 새롭게 젊은 층을 타겟으로 출시한 고감도 헬스케어 브랜드 경동제약에서 배우 문가영님이 모델인 트랜디하고 힙한 패키지 디자인의 액상형 마그네슘이 나왔어요.  ㆍ스트레스로 인한 피로개선 ㆍ활력 충전 ㆍ근육건강 ㆍ정상적인 면역기능  흡수 빠른 액상 제형으로 글루콘산 마그네슘 사용으로 빠른 흡수가 좋아요. 스트레스로 인한 피로 케어 기능성 원료인 홍경천추출물이 함유되어 있답니다. 활력 비타민 B군 3종 300% 고함량 배합, 아연 200% 고함량 배합, 비타민 원료 100% 유럽산 프리미엄 DSM 원료 사용했어요.  상큼한 샤인머스캣 맛이라 부담없이 먹기 편합니다.  📌위아바임 브랜드 전 품목 올리브영 온라인몰 입점! 할인된 가격으로 구매 가능해요.  🧡위아바임 마그아연&킬 스트레스 @kdpharma  #올리브영마그네슘 #올리브영건강기능식품 #경동제약 #위아바임 #WIAVIM #문가영 #마그아연킬스트레스 #문가영마그네슘 #액상마그네슘추천 #문가영마그네슘 #액상마그네슘추천 #액상비타민추천 #스트레스 #피로개선"".","#협찬, #올리브영마그네슘, #올리브영건강기능식품, #경동제약, #위아바임, #WIAVIM, #문가영, #마그아연킬스트레스, #문가영마그네슘, #액상마그네슘추천, #문가영마그네슘, #액상마그네슘추천, #액상비타민추천, #스트레스, #피로개선",,,,2024-11-27 08:00:12,https://www.instagram.com/p/DC3gjfYymMi/
올리브영,rikunim,인스타그램,,"#협찬 @mglab.official  요즘 월화수목금금금의 삶으로 서터레스 스트레스로 인한 피로 개선과 에너지를 채워주는 💜마그랩 포 스트레스💜 요거 덕분에 힘내고 있어요🔥 지친 일상, 하루 1샷의 화이팅! 휴대하기도 좋은 사이즈에요 . MgLAB (마그랩)은 ‘Essential Energy for Wellness’ 슬로건 아래 건강한 신체를 유지하는데 중요한 ‘마그네슘’을 연구하는 브랜드에요 한국에서 가장 오래된 역사를 자랑하는 동화약품에서 만든 건강기능식품 브랜드로 믿고 섭취하고 있어요 . ✔마그랩 포 스트레스에는 프리미엄 미국산 글루콘산 마그네슘과 스트레스로 인한 피로 개선에 도움을 줄 수 있는 홍경천추출물 정상적인 면역 기능에 필요한 아연, 프리미엄 유럽산 비타민B군 3종 함유 됐는데요! . 특히! 마그네슘은 신체에서 4번째로 많은 양을 차지하는 물질로 건강한 신체를 유지하는데 중요해서 꼬옥 섭취해줘야하는데요 마그네슘은 신경을 안정시키고 근육의 긴장을 이완시켜주고 에너지 생성 과정에 중요한 역할을 하고 있어요 가공식품의 의존도가 높을 경우 체내 마그네슘이 부족할 수 있어 반드시 추가 섭취가 필요한 영양 성분이에요 그래서 저는 요 마그랩 포 스트레스를 매일 마시고 있어요 . 흡수 빠른 글루콘산 마그네슘의 액상 앰플 타입으로 신체 흡수율 UP 홍경천추출물로 스트레스로 인한 피로를 풀고 마그네슘으로 활력을 채워주세요 상큼한 허니자몽맛으로 맛도 좋아요💕 . 올리브영 온/오프라인에서 기획세트 구매 시 샤이니 키 포토카드 증정하고 있어요 . #마그랩 #동화약품_건강기능식품 #마그네슘 #포스트레스 #액상마그네슘 #마그네슘추천 #마시는마그네슘 #올리브영건강기능식품 #마그네슘건강기능식품 #맛있는건강기능식품 #마시는마그네슘 #스트레스영양제 #마그네슘영양제 #건강기능식품선물추천 #수험생건강기능식품 #직장인건강기능식품 #동화약품 #마그랩포스트레스"".","#협찬, #마그랩, #동화약품_건강기능식품, #마그네슘, #포스트레스, #액상마그네슘, #마그네슘추천, #마시는마그네슘, #올리브영건강기능식품, #마그네슘건강기능식품, #맛있는건강기능식품, #마시는마그네슘, #스트레스영양제, #마그네슘영양제, #건강기능식품선물추천, #수험생건강기능식품, #직장인건강기능식품, #동화약품, #마그랩포스트레스",2073.0,,61.0,2023-11-10 15:19:18,https://www.instagram.com/p/CzeGWV8vSRG/
올리브영,_linsun__,인스타그램,,"#협찬 @mglab.official  지친 일상, 하루 1샷으로 간편하게 활력 충전 마그랩 포 스트레스🧡  마그네슘은 신체에서 4번째로 많은 양을 차지하는 물질로 건강한 신체를 유지하는데 중요한 요소잖아요 가공식품의 의존도가 높을 경우 체내 마그네슘 부족으로 반드시 추가 섭취가 필요한 영양성분이에요  ’Essential Energy for Wellness‘ 슬로건으로 건강한 신체를 유지하는데 중요한 마그네슘을 연구하는 마그네슘 브랜드 MgLAB (마그랩)은 동화약품에서 만든 건강기능식품 브랜드에요🧡  스트레스로 인한 피로개선에 도움을 줄 수 있는 홍경천추출물* 함유 활력비타민 B군 3종(비타민 B1,B2,B6)과 아연까지 1일 영양성분 기준치 대비 100% 충족 글루콘산 마그네슘의 액상 앰플 타입으로 신체 흡수율 UP~ 피곤할때 하루 1샷~ 상큼한 허니자몽맛으로 활력충전해요🥰🥰  *홍경천 추출물의 인체적용시험결과: 야근으로 인한 피로도 감소 확인, 수험생의 정신적 피로도 감소, 스트레스 호르몬 코티솔 감소 확인 #마그랩 #동화약품마그랩 #마그네슘 #포스트레스 #액상마그네슘 #마그네슘추천 #마시는마그네슘 #올리브영건강기능식품 #맛있는건강기능식품 #마시는마그네슘 #스트레스영양제 #마그네슘영양제 #건강기능식품선물추천 #학생건강기능식품 #직장인건강기능식품 #동화약품 #마그랩포스트레스"".","#협찬, #마그랩, #동화약품마그랩, #마그네슘, #포스트레스, #액상마그네슘, #마그네슘추천, #마시는마그네슘, #올리브영건강기능식품, #맛있는건강기능식품, #마시는마그네슘, #스트레스영양제, #마그네슘영양제, #건강기능식품선물추천, #학생건강기능식품, #직장인건강기능식품, #동화약품, #마그랩포스트레스",1047.0,,43.0,2024-01-15 03:09:20,https://www.instagram.com/p/C2GvRzeJZYA/
올리브영,ggung_y,인스타그램,,"#협찬 #유료광고 @mglab.official   운동이 일상인 우리를 위해 하루 1샷으로 간편하게 에너지 충전할 수 있는 마그랩 액상형 마그네슘 포 에너지💜   마그네슘은 신체에서 4번째로 많은 양을 차지하는 물질로 건강한 신체를 유지하는데 중요한 요소인데요 신경을 안정시키고 근육의 긴장을 이완시켜준다고 해요 에너지 생성 과정에 중요한 역할을 한다고 해서 마그랩을 만나보게 되었어요   ‘Essential Energy for Wellness’ 라는 슬로건을 가진 MgLAB (마그랩)은 건강한 신체를 유지하는데 중요한 ‘마그네슘’을 연구하는 브랜드에요 동화약품에서 만든 건강기능식품 브랜드인데요 그래서 믿고 먹을 수 있는 것도 있었어요   흡수 빠른 글루콘산 마그네슘의 액상 앰플 타입으로 신체 흡수율 UP 시키고, 활력비타민 B군 3종(비타민 B1,B2,B6)으로 1일 영양성분 기준치 대비 100% 충족할 수 있어요 비타민 B군은 수용성 비타민으로 체내에서 필요한만큼 사용되고 모두 배출되므로 매일 꾸준한 섭취 필요하거든요 3가지 부원료 L-아르기닌, BCAA, 시트룰린 함유되었으며, 새콤상큼한 레몬라임맛이라 부담없이 챙겨먹을 수 있답니다!   #마그랩 #동화약품_건강기능식품 #마그네슘 #포에너지 #액상마그네슘 #마그네슘추천 #마시는마그네슘 #올리브영건강기능식품 #마그네슘건강기능식품 #맛있는건강기능식품 #마시는마그네슘 #추석선물추천 #건강기능식품선물추천"".","#협찬, #유료광고, #마그랩, #동화약품_건강기능식품, #마그네슘, #포에너지, #액상마그네슘, #마그네슘추천, #마시는마그네슘, #올리브영건강기능식품, #마그네슘건강기능식품, #맛있는건강기능식품, #마시는마그네슘, #추석선물추천, #건강기능식품선물추천",472.0,,4.0,2023-11-10 09:51:43,https://www.instagram.com/p/CzdgkRTxVSi/
올리브영,minimechuu,인스타그램,,"#광고 #세노비스  눈만 감았다 떴을 뿐인데👀 벌써 월요일이고 벌써 아침이라니 휴 점차 떨어지는 체력에 스케줄 잡기도 쉽지 않아요?🫥  체력자신감을 채워주기 위해 준비한 #세노비스트리플러스 #올리브영 에서 득템했답니다🤍  볼 거 많은 올리브영에 갈 때마다 자꾸 눈에 띄어서 안데려올 수가 없었죠!😌 우리부부의 체력자신감을 위해 준비한 #세노비스 #트리플러스맨  #트리플러스우먼 에는 현대인에게 꼭 필요한 12가지 비타민, 6가지 미네랄은 물론, 오메가-31 까지 한 번에 꽉꽉 채워 담아서 바쁘디 바쁜 우리 부부에게는 딱이더라구요😉  말랑한 연질 캡슐이라 목넘김 민감한 저도 섭취 쉽고 낱개 캡슐 포장이라 가방에 쏙 파우치에 쏙🤓 테이블 위에 톡 올려두니 보일 때 하루 한번 챙겨주기 쉽네요 힛  저도 요봉씨도 모두 요즘 세노비스 종합비타민 챙기며 체력 끌어올려 힘차게 보내봅니다  마침 세노비스에서는 역대급 혜택이 팡팡 터진다구? ✔올리브영 할인 혜택이 팡팡! ✔세노비스 네이버 브랜드 스토어에서는 최대 52% 할인 + 포토리뷰 작성 시, N포인트 1,500원 적립! 중간중간 깜짝 추가 혜택도 있다고 하니 지금 당장 달려가보세요~🫶🏻  #트리플러스 #멀티비타민 #종합비타민 #여성종합비타민 #여성비타민 #남성종합비타민 #남성비타민 #남성멀티비타민 #여성멀티비타민 #체력자신감 #건강선물맛집 #건강기능식품추천 #올리브영핫템 #올리브영건강기능식품 #올리브영세노비스 #건강스타그램 #건강그램 #데일리 #일상스타그램"".","#광고, #세노비스, #세노비스트리플러스, #올리브영, #세노비스, #트리플러스맨, #트리플러스우먼, #트리플러스, #멀티비타민, #종합비타민, #여성종합비타민, #여성비타민, #남성종합비타민, #남성비타민, #남성멀티비타민, #여성멀티비타민, #체력자신감, #건강선물맛집, #건강기능식품추천, #올리브영핫템, #올리브영건강기능식품, #올리브영세노비스, #건강스타그램, #건강그램, #데일리, #일상스타그램",1547.0,,31.0,2024-06-04 03:17:43,https://www.instagram.com/p/C7x0UmSvSS0/
올리브영,showlove778,인스타그램,,"#협찬 하하하호호맘네 부부 오늘도 2시간코스 등산 고고!🚶‍♂️🚶‍♀️ 중간에 천국의 계단이 기다리는 시점에  저희 부부 다시 에너지 업하기 위해  #마그랩 #액상마그네슘 탄산수에 타서  시원하게 마셔요!  마그네슘은 에너지 생성 과정이 중요한 역할을 하죠!  ✔️ MgLAB 마그랩은 한국에서 가장 오래된 역사를 자랑하는 동화약품에서 만든 건강기능식품 브랜드라 믿고 선택해요~   흡수 빠른 글루콘산 마그네슘의 액상 앰플 타입으로 신체 흡수율 UP 스트레스로 인한 피로개선에 도움을 줄 수 있는 홍경천추출물 활력비타민 B군 3종(비타민 B1,B2,B6)과 아연까지 1일 영양성분 기준치 대비 100% 충족  상큼한 허니자몽맛이라 맛에서도 힐링이 되어 굿! 🛍 올리브영 온/오프라인에서 만나볼 수 있어요~~~  https://www.oliveyoung.co.kr/store/G.do?goodsNo=A000000189370&utm_source=viral&utm_medium=influencer_ad&utm_campaign=mdh1_forstress_0907_0930&utm_content=revu_ig  #동화약품_건강기능식품 #마그네슘 #포스트레스 #마그네슘추천 #마시는마그네슘 #올리브영건강기능식품 #마그네슘건강기능식품 #맛있는건강기능식품 #마시는마그네슘 #추석선물추천 #건강기능식품선물추천 #수험생건강기능식품 #직장인건강기능식품"".","#협찬, #마그랩, #액상마그네슘, #동화약품_건강기능식품, #마그네슘, #포스트레스, #마그네슘추천, #마시는마그네슘, #올리브영건강기능식품, #마그네슘건강기능식품, #맛있는건강기능식품, #마시는마그네슘, #추석선물추천, #건강기능식품선물추천, #수험생건강기능식품, #직장인건강기능식품",1369.0,,22.0,2023-10-06 02:25:38,https://www.instagram.com/p/CyCl_UtPCF3/
올리브영,happysky30,인스타그램,,"#협찬 요즘 골프를 시작한 골린이라서 몸에 힘빼는게 너무 어렵다규ㅜㅠ 골프 치고나면 온몸이 긴장되고 눈떨림까지 또르르 그래서 신경 안정과 긴장이완에 도움이 되는 마그네슘 챙기고 있어요   신체에서 4번째로 많은 양을 차지한다니 말안해도 얼마나 중요한지 알겠쥬~~ 바쁜날에는 가공식품으로 식사를 대신할때가 종종 있어서 마그네슘은 저에게 필수템!!   매일 챙겨주고있는 MgLAB (마그랩)은 마그네슘 연구소 브랜드로 동화약품에서 만들어서 믿음이 간다규~액상 앰플 타입으로 되어있어서 빠르게 흡수되고 상큼한  레몬라임맛이라 굿굿!! 가방에 쏘옥 들어가는 사이즈라 어디서나 마시기 편해용 ㅎㅎ   부원료 3종이 쏘옥~활력비타민 B군  3종이 1일 영양성분 기준치 대비 100%를 모두 충족해준다니 완전 반함~~앞으로도  마그랩으로 에너지 뿜뿜 채워줘야겠어용 🎶   @mglab.official    #마그랩 #동화약품_건강기능식품 #마그네슘 #포에너지 #액상마그네슘 #마그네슘추천 #마시는마그네슘 #올리브영건강기능식품 #마그네슘건강기능식품 #맛있는건강기능식품 #마시는마그네슘 #추석선물추천 #건강기능식품선물추천"".","#협찬, #마그랩, #동화약품_건강기능식품, #마그네슘, #포에너지, #액상마그네슘, #마그네슘추천, #마시는마그네슘, #올리브영건강기능식품, #마그네슘건강기능식품, #맛있는건강기능식품, #마시는마그네슘, #추석선물추천, #건강기능식품선물추천",2438.0,,26.0,2023-11-13 14:56:56,https://www.instagram.com/p/Czlx8bMJHBZ/
올리브영,happy_aroo,인스타그램,,"#협찬  바쁜 일정엔 본의 아니게 가공식품 이용횟수가 점점 많아지게 되는데요. 이럴 때 체내의 #마그네슘 이 부족하지 않도록 열심히 챙겨주고 있답니다.  마그네슘은 우리 몸에서 4번째로 많이 차지 하는 물질로 건강한 신체를 유지하기 위해서도 중요한 요소인거 알고 계시죠?  제가 선택한 것은 Essential Energy for Wellness 슬로건 아래 탄생한 마그네슘 연구소 브랜드 #마그랩 제품인데요. 오랜 역사를 지닌 #동화약품_건강기능식품 이라 더 믿고 선택할 수 있었답니다.  마그랩은 글루콘산 마그네슘의 액상 앰플 타입으로 빠른 흡수율을 자랑하는 #마시는마그네슘 이랍니다. 일이 많아지다 보면 저도 모르게 스트레스도 받고 피로도 팍팍 쌓이곤 하는데요. 특히 #마그랩포스트레스 는 피로개선에 도움을 줄 수 있는 홍경천추출물이 함유되어 있다니 더욱 반가운 부분이었어요.  한 손에 잡히는 사이즈로 휴대성이 높아 어디서든 편하게 섭취 가능한 #액상마그네슘 이란 점도 맘에 들고요. 상큼달콤한 허니자몽맛이라 앰플 형태 그대로 섭취해도 부담없는 #맛있는건강기능식품 이랍니다. 탄산수에 섞으니 마치 자몽에이드처럼 산뜻 상쾌한 맛이라 딱 제 스타일인거 있죠?  활력비타민 B군 3종과 아연까지 함께  1일 영앙성분 기준치 대비 100% 충족하고 있으니 #직장인건강기능식품 으로도 좋은 선택지가 될 수 있을 것 같고요. 저 역시 앞으로도 #마그네슘영양제 로 꾸준히 함께해 보려고요.  #수험생건강기능식품 #동화약품 #건강기능식품선물추천 #포스트레스 #마그네슘추천 #올리브영건강기능식품 #마그네슘건강기능식품 #스트레스영양제 #마시는마그네슘  @mglab.official"".","#협찬, #마그네슘, #마그랩, #동화약품_건강기능식품, #마시는마그네슘, #마그랩포스트레스, #액상마그네슘, #맛있는건강기능식품, #직장인건강기능식품, #마그네슘영양제, #수험생건강기능식품, #동화약품, #건강기능식품선물추천, #포스트레스, #마그네슘추천, #올리브영건강기능식품, #마그네슘건강기능식품, #스트레스영양제, #마시는마그네슘",700.0,,0.0,2023-11-15 16:44:38,https://www.instagram.com/p/CzdxOgNpKbn/
올리브영,yevin_sihyun_papa,인스타그램,,"#협찬  @mglab.official  요즘 건강을 위해서 매일마다  꾸준하게 운동하고 있는데요〰️  에너지 충전부터 근육 건강까지 한 번에 케어해주는 동화약품 마그랩 포 에너지 하루 1샷으로 간편하게 에너지 충전하고 있어요❕️  #마그랩 은 ‘Essential Energy for  Wellness’ 라는 슬로건 아래 건강한  신체를 유지하는데 중요한 ‘마그네슘’을  연구하는 브랜드로 한국에서 가장  오래된 역사를 자랑하는  동화약품의 건강기능식품 브랜드예요〰️  마그네슘은 신체에서 4번째로 많은 양을 차지하고 있어 신경을 안정,  근육의 긴장을 이완시켜주고 에너지  생성 과정에 중요한 역할을 하기에 건강한 신체를 유지하는데 중요한  요소인데 가공식품의 의존도가 높을  경우에 체내의 마그네슘이 부족할 수  있어 추가 섭취가 필요한 영양 성분👌  포 에너지는 흡수 빠른 글루콘산  마그네슘의 액상 앰플 타입으로 신체  흡수율 UP! 비타민 B1,B2,B6 활력비타민  B군 3종으로 1일 영양성분 기준치 대비 100% 충족시켜 주고 엄선한 3가지 부원료  L-아르기닌, BCAA, 시트룰린까지 함유❕️  언제 어디서나 간편하게 챙길 수 있는데 새콤상큼한 레몬라임맛으로 맛도 좋아 가방속에 챙겨다닌다는건 안 비밀☺️  올리브영 온라인에서 만날 수 있으니  운동하시는분들 챙기며 에너지 충전해봐요🎵  https://www.oliveyoung.co.kr/store/G.do?goodsNo=A000000189372&utm_source=viral&utm_medium=influencer_ad&utm_campaign=mdh1_forenergy_0907_0930&utm_content=revu_ig  #마그랩 #동화약품_건강기능식품 #마그네슘 #포에너지 #액상마그네슘 #마그네슘추천 #마시는마그네슘 #올리브영건강기능식품 #마그네슘건강기능식품 #맛있는건강기능식품 #마시는마그네슘 #건강기능식품선물추천"".","#협찬, #마그랩, #마그랩, #동화약품_건강기능식품, #마그네슘, #포에너지, #액상마그네슘, #마그네슘추천, #마시는마그네슘, #올리브영건강기능식품, #마그네슘건강기능식품, #맛있는건강기능식품, #마시는마그네슘, #건강기능식품선물추천",912.0,,25.0,2023-10-06 14:29:47,https://www.instagram.com/p/CyD43I-rkLs/
올리브영,una216,인스타그램,,"#협찬 @mglab.official  저 요즘 남편이랑 매일 꼭 이거 챙겨요~ 마그네슘이 신체에서 4번째로 많은 양을 차지하는 물질이라는 거 아세요? 건강한 신체를 유지하는데 중요한 요소로, 신경을 안정시키고 근육의 긴장을 이완시키는 건 물론이고, 에너지 생성 과정에 중요한 역할을 하는 성분이에요! 부족할 경우 꼭 추가 섭취해야 하는 성분이구요~  #마그랩 은 동화약품에서 만든 건강기능식품이라 믿고 먹을 수 있는데요~ 한국에서 가장 오래된 역사를 자랑하는 동화약품에서 만든 건강기능식품 브랜드 마그랩의 #액상마그네슘 이에요~  마그랩은 '마그네슘'을 연구하는 브랜드로, 글루콘산 마그네슘의 액상 앰플 타입으로 흡수 빠른 #포스트레스 를 선보였는데요~  스트레스로 인한 피로개선에 도움을 줄 수 있는 홍경천추출물*을 함유하고 있구요~ (*홍경천 추출물의 인체적용시험결과 : 야근으로 인한 피로도 감소 확인, 수험생의 정신적 피로도 감소, 스트레스 호르몬 코티솔 감소 확인) 여기에 활력비타민 B군 3종(비타민 B1,B2,B6)과 아연까지 1일 영양성분 기준치 대비 100% 충족하고 있구요~ 그래서 매일 남편이랑 열심히 챙기고 있는 #마시는마그네슘 이에요^^  올리브영 온/오프라인에서 기획세트로 구매 시 샤이니 키 포토카드 증정 되는 이벤트 중이니 참고하세요! . . . . . #동화약품_건강기능식품 #마그네슘 #마그네슘추천 #올리브영건강기능식품 #마그네슘건강기능식품 #맛있는건강기능식품 #마시는마그네슘 #스트레스영양제 #마그네슘영양제 #건강기능식품선물추천 #수험생건강기능식품 #직장인건강기능식품 #동화약품 #마그랩포스트레스"".","#협찬, #마그랩, #액상마그네슘, #포스트레스, #마시는마그네슘, #동화약품_건강기능식품, #마그네슘, #마그네슘추천, #올리브영건강기능식품, #마그네슘건강기능식품, #맛있는건강기능식품, #마시는마그네슘, #스트레스영양제, #마그네슘영양제, #건강기능식품선물추천, #수험생건강기능식품, #직장인건강기능식품, #동화약품, #마그랩포스트레스",1809.0,,15.0,2023-11-10 11:05:32,https://www.instagram.com/p/Czdm2NSJkrf/
올리브영,ys210906,인스타그램,,"#협찬  마그네슘은 신체에서 4번째로 많은 양을 차지하는 요소로 건강한 신체를 유지하는데 중요하다고해요~  자칫 체내에 부족해질 수 있기 때문에 추가로 섭취해주는 게 좋은데요.  모든지 쉽게 먹을수 있는게 최고 아니겠어요?ㅎ 액체로 섭취할 수 있는 마그네슘! MgLAB 포 스트레스로 1일 1병 하고 있습니당~~ㅎㅎ 동화약품에서 만든 건강기능식품이기에 더 믿고 마시고 있는데요!  액상 앰플 타입이라서 글루콘산 마그네슘의 신체 흡수율을 높였어요! 스트레스로 인한 피로 개선에 도움을 줄 수 있는 홍경천추출물까지 들어 있어서 요즘 공부에 찌든 저에게 완전 딱인 제품 이더라고요ㅎㅎ 비타민 B1, B2, B6와 아연까지 쏙쏙 담았쥬😊 야근하다 한잔~ 공부하다가 한잔~ 하면 상큼한 허니자몽맛이 기분전환 시켜주는 느낌~!  2023.11.01 올리브영 건강식품 판매 1위 할만하다! 오직 올리브영에서만 만날 수 있는 특별 기획패키지! 온/오프라인에서 지금 바로 만나보세요🙌🙌  @mglab.official   #마그랩 #동화약품마그랩 #마그네슘 #포스트레스 #액상마그네슘 #마그네슘추천 #마시는마그네슘 #올리브영건강기능식품 #맛있는건강기능식품 #마시는마그네슘 #스트레스영양제 #마그네슘영양제 #건강기능식품선물추천 #학생건강기능식품 #직장인건강기능식품 #동화약품 #마그랩포스트레스"".","#협찬, #마그랩, #동화약품마그랩, #마그네슘, #포스트레스, #액상마그네슘, #마그네슘추천, #마시는마그네슘, #올리브영건강기능식품, #맛있는건강기능식품, #마시는마그네슘, #스트레스영양제, #마그네슘영양제, #건강기능식품선물추천, #학생건강기능식품, #직장인건강기능식품, #동화약품, #마그랩포스트레스",1264.0,,18.0,2024-01-03 12:29:07,https://www.instagram.com/p/C1o1zHev0Ul/
올리브영,mj_3435,인스타그램,,"#협찬 @kdpharma 스트레스와 피로케어에 도움을 주는  문가영님이 모델인 경동제약 위아바임 마그아연&킬 스트레스 소개합니다.  마그아연&킬 스트레스는 경동제약에서 나온 고감도 헬스케어 브랜드로 한병씩 가지고 다니면서 먹을 수 있어요. 목넘김도 좋고, 글루콘산 마그네슘이 액상으로 되어 빠른 흡수를 도와줘요~  스트레스 피로 케어 기능성 원료인 홍경천 추출물 함유가 되어 활력충전과 근육건강 정상적인 면역기능 신진대사에 좋구요. 100% 유럽산 프리미엄 DSM 비타민 원료를 사용했어요!   위아바임 브랜드 전 품목이 올리브영 온라인몰 입점했고, 할인된 가격으로 구매 가능해요~ 하루에 한 병 간편하게 활력을 챙겨봐요~ ᰔ - #협찬 #올리브영마그네슘 #올리브영건강기능식품 #경동제약 #위아바임 #WIAVIM #문가영 #마그아연킬스트레스 #문가영마그네슘 #액상마그네슘추천 #문가영마그네슘 #액상마그네슘추천 #액상비타민추천 #스트레스 #피로개선"".","#협찬, #협찬, #올리브영마그네슘, #올리브영건강기능식품, #경동제약, #위아바임, #WIAVIM, #문가영, #마그아연킬스트레스, #문가영마그네슘, #액상마그네슘추천, #문가영마그네슘, #액상마그네슘추천, #액상비타민추천, #스트레스, #피로개선",750.0,,0.0,2024-12-02 11:16:53,https://www.instagram.com/p/DDEvCb_JcDw/
올리브영,binbincoo,인스타그램,,"#협찬  신체에서 4번째로 많은 양을 차지하는 물질로  신경을 안정시키고 근육의 긴장을 이완시켜주고~ 에너지 생성 과정과 건강한 신체를 유지하는데  중요한 요소인 #마그네슘 !  가공식품의 의존도가 높을 경우, 체내의 마그네슘이 부족할 수 있어 반드시 추가 섭취가 필요한  영양 성분이라서!   #별꽁달꽁 이네는~ ‘Essential Energy for Wellness’ 라는 슬로건 아래 건강한 신체를 유지하는데 중요한 ‘마그네슘’을 연구하는 ‘마그네슘 연구소’ 브랜드!   MgLAB #마그랩 포 스트레스 하루 1샷으로 간편하게  활력 충전 하고 있습니다~   한국에서 가장 오래된 역사를 자랑하는  #동화약품_건강기능식품 브랜드라서 더욱 믿음이 가는데요. 흡수 빠른 액상 앰플 타입이라 글루콘산 마그네슘의 신체 흡수율도 높고, 스트레스로 인한 피로개선에 도움을 줄 수 있는 홍경천추출물, 활력비타민 B군 3종 (비타민 B1, B2,B6) 과 아연까지 1일 영양성분 기준치 대비 100% 충족 시켜주는 #액상마그네슘 이라 선택했어요.   하나씩 들고 다니기 좋은 사이즈라 외출할 때도 간편하게 챙기기 좋고요! 시원한 음료나 물에 타 마셔도 좋습니다. 상큼한 허니자몽맛이라 호불호없이 다들 좋아할 맛입니다!  오늘도 마그랩 포 스트레스 하루 1샷으로 활력충전!!!   구매처는~올리브영 온/오프라인에서 모두 만나 보실 수  있어요!  https://www.oliveyoung.co.kr/store/G.do?goodsNo=A000000189370&utm_source=viral&utm_medium=influencer_ad&utm_campaign=mdh1_forstress_0907_0930&utm_content=revu_ig  @mglab.official  #포스트레스 #액상마그네슘 #마그네슘추천 #마시는마그네슘 #올리브영건강기능식품 #마그네슘건강기능식품 #맛있는건강기능식품 #마시는마그네슘 #건강기능식품선물추천 #수험생건강기능식품 #직장인건강기능식품"".","#협찬, #마그네슘, #별꽁달꽁, #마그랩, #동화약품_건강기능식품, #액상마그네슘, #포스트레스, #액상마그네슘, #마그네슘추천, #마시는마그네슘, #올리브영건강기능식품, #마그네슘건강기능식품, #맛있는건강기능식품, #마시는마그네슘, #건강기능식품선물추천, #수험생건강기능식품, #직장인건강기능식품",866.0,,16.0,2023-10-05 23:26:19,https://www.instagram.com/p/CyCRd7CB_Hk/
올리브영,joganghwa,인스타그램,,"#협찬 요즘 일도 많고 스트레스 때문인지 더 피곤하더라고요 ㅠㅜ 그래서 #직장인건강기능식품 인 #마그랩 #포스트레스 챙기기 시작했어요!😊  마그네슘은 신체에서 4번째로 많은 양을 차지하는 물질로 건강한 신체를 유지하는데 중요한 요소인 거 아시나요?! 특히 신경을 안정시키고 근육의 긴장을 이완시켜서 에너지 생성 과정에 중요한 역할을 하고 있는데요~ 저는 평소에 가공식품을 많이 먹는 편인데 그럴 경우 체내에 마그네슘이 부족할 수 있어 추가 섭취가 필요하다고 합니다. 👌  MgLAB (마그랩)은 'Essential Energy for Wellness' 라는 슬로건 아래 건강한 신체를 유지하는데 중요한 '마그네슘' 을 '연구하는 연구소' 브랜드로 한국에서 가장 오랜 역사를 지닌 동화약품에서 만든 건강기능식품 브랜드라서 더욱 믿음이 생기더라고요!👏👏  마그랩 포스트레스에는 흡수 빠른 액상형 글루콘산 마그네슘이 들어 있어 신체 흡수율도 높였고 여기에 스트레스로 인한 피로개선에 도움이 되는 홍경천추출물 그리고 활력비타민 B군 3종과 아연까지 들어 있어서 간편하게 챙기기 좋답니다!  특히 상큼한 허니자몽맛이라 그냥 먹기도 좋고 물이나 탄산수에 타먹어도 맛이 좋아서 먹기도 편하고 개별포장되어 가방에 쏙 넣어 휴대성도 좋아 활기찬 하루를 위해 매일 꼭 챙기고 있어요!👍👍  포스트레스 구입은 올리브영 온라인몰과 오프라인에서 모두 만나 보실 수 있어요!👉  ✔️https://www.oliveyoung.co.kr/store/G.do?goodsNo=A000000189370&utm_source=viral&utm_medium=influencer_ad&utm_campaign=mdh1_forstress_0907_0930&utm_content=revu_ig  @mglab.official  #동화약품_건강기능식품 #마그네슘 #액상마그네슘 #마그네슘추천 #마시는마그네슘 #올리브영건강기능식품 #마그네슘건강기능식품 #맛있는건강기능식품 #마시는마그네슘 #건강기능식품선물추천 #수험생건강기능식품"".","#협찬, #직장인건강기능식품, #마그랩, #포스트레스, #동화약품_건강기능식품, #마그네슘, #액상마그네슘, #마그네슘추천, #마시는마그네슘, #올리브영건강기능식품, #마그네슘건강기능식품, #맛있는건강기능식품, #마시는마그네슘, #건강기능식품선물추천, #수험생건강기능식품",1487.0,,26.0,2023-10-08 11:36:05,https://www.instagram.com/p/CyIuktuLvV9/
올리브영,hoho.family_jeju,인스타그램,,"#광고 날씨가 좋아서 체력도 좋다고 생각한건 저의 오만한 착각이었나봐요   오히려 날씨가 좋아 여기저기 아이들 데리고 제주 곳곳 다니다보니  여독이 쌓일대로 쌓여서 오늘아침 출근하는데 눈이 안떠지더라고요 ㅜㅋㅋ …….  진짜 육아는…. 영양제버프가 엄청 중요함을 다시한번 느껴요   심지어 이제는 부모님께만 하던 영양제 선물들 ㅋㅋㅋ 친구들 생일에도 영양제로 챙겨주잖아요ㅋㅋㅋ 진짜 저만 그런거 아니죠?.. 아닌거 맞죠?…. ㅋㅋㅋ  마침 이번에 #올리브영 에서 5월 한 달 동안 엄청난 혜택을 준비했다고 해요!  5월 한달 중에서도 특히 건강식품 대전 기간인 5/1-8에 더 큰 혜택 뿐만 아니라  빅 쿠폰 프로모션도 있으니 놓치지 마세요! (사진에 자세히 적어놨어요 )  #빅쿠폰프로모션 너 딱기달렷 ㅋㅋ!!  호호패밀리도 진짜 실제로 매일먹는 오쏘몰  한박스 44,000원인데 26,700원에 빅세일!!  기력 딸릴때 한포면 체력 충전시켜주는 정관장 !! 10포 26,000원인데 13,400원 !! 게다가 맛도 베리맛이라 너무 맛있어요   그렇게 두개 가격이 40,100원인데 심지어 3만원 이상 구매시 5천원 할인쿠폰도 주신대요 ️  대한민국 1등 비타민 오쏘몰 글로벌 1등 홍삼 정관장 모르는 분 없으시죠? 그만큼 유명하고 좋은 제품이잖아요  가정의 달 맞아 주변에 따뜻한 마음을 전하고 싶은 분들께 선물하기에도 정말 부담없는 가격이죠 ˃̵͈̑ᴗ˂̵͈̑ !?  자세한 내용 궁금하다면 지금 바로 올리브영 APP에서 확인하세요!  #올리브영 #체력이필요한모든순간 #올리브영건강식품#오쏘몰 #올리브영활력 #정관장 #올리브영면역력  오쏘몰 바이탈 F 제조국: 독일│해외제조업소명: ORTHOMOL PHARMAZEUTISCHE VERTRIEBS GMBH│수입판매업소명: 동아제약㈜ 국내 판매 1위* 멀티비타민 오쏘몰 *유로모니터 인터내셔널, 건강기능식품 2024 에디션, 멀티비타민 2023년 전 유통채널 소매 판매액 기준  정상가: 44,000원 5월 할인가 : 26,900원 건강식품 대전 행사가 : 26,700원 (행사 기간 5/1 ~ 5/8) *제작일 기준, 협력사 사정에 따라 변경 가능  정관장 에브리타임 세븐베리 플레이버│ 제조원: (주)한국인삼공사│판매원: (주)한국인삼공사 *글로벌 1등 정관장 : 유로모니터 No.1 Ginseng Brand 출처: Euromonitor International Limited  정상가: 26,800원 5월 할인가: 13,900원 건강식품 대전 행사가 : 13,400원 (행사 기간 5/1 ~ 5/8) *제작일 기준, 협력사 사정에 따라 변경 가능"".","#광고, #올리브영, #빅쿠폰프로모션, #올리브영, #체력이필요한모든순간, #올리브영건강식품, #오쏘몰, #올리브영활력, #정관장, #올리브영면역력",67.0,,17.0,2025-05-01 03:10:25,https://www.instagram.com/p/DJF_Ni-Tqk6/
올리브영,youl_mami,인스타그램,,"#협찬 [위아바임] 테아닌 릴렉스 젤리 @kdpharma  지난 몇개월간 고민도 많았고,  새로운 시도에 대해 조금 스트레스가 있었어요ㅠ  그래서 잠도 잘 못자고, 얼굴도 까칠해지고 입안도 헐고 좀 버거운 일상이었는데, 이럴때 도움이 된다고 하여 테아닌 릴렉스 젤리를 먹고 있어요!!  ✅️ 테아닌 일일 섭취량 200mg 함유 ✅️ NO 착색료 NO 설탕 등 불필요한 첨가물 최소화  ✅️ 까다롭게 선별한 프리미엄 부원료 함유  경동제약에서 새롭게 젊은 층을 타겟으로 출시한 고감도 헬스케어 브랜드 위아바임  테아닌은 스트레스로 인한 긴장 완화에 도움을 줄수 있는 기능성을 인정받은 원료 인데요, 이걸 망고맛 젤리로 만들어 맛있게 재밌게 즐길수 있게 만들었눈데요, 개별 포장하여 가방안에 쏙 넣어도 되어 언제어디서든 하루 한포로 스트레스로 부터 해방하여 휴식을 되찾아보아요!!   아참,  전 품목 올리브브영 온라인몰에 입점했다고 해요!!  지금 할인된 가격으로 구매 가능하다고 하니, 이럴때 쟁여놓고 챙기자구요!!  #올리브영건강기능식품 #올리브영테아닌 #올리브영젤리 #위아바임 #위아바임테아닌 #테아닌추천 #테아닌젤리 #건강기능식품 #스트레스 #긴장완화 #경동제약"".","#협찬, #올리브영건강기능식품, #올리브영테아닌, #올리브영젤리, #위아바임, #위아바임테아닌, #테아닌추천, #테아닌젤리, #건강기능식품, #스트레스, #긴장완화, #경동제약",,,,2024-11-26 22:40:17,https://www.instagram.com/p/DCz7tTITGYi/
올리브영,tmxkdysl,인스타그램,,"#협찬 평소 스트레스  자주 받고 잦은 피로감에 지쳐있었는데요.지친 일상에 하루 1샷으로 간편하게 활력 충전! #마그랩 포 스트레스 한병으로 기분이 달라지는거 같아요 마그네슘은 신체에서 4번째로 많은 양을 차지하는 물질로 건강한 신체유지를 위해 중요한 요소인데요 신경을 안정시키고 근육의 긴장을 이완시키고 에너지 생성 과정에 중요한 역할을 하기 때운에 현대인들에게 꼭 필요한 것 같습니다. 마그랩은 건강한 신체를 유지하는데  중요한 마그네슘을 연구하는 마그네슘 연구소 브랜드로 한국에서 가장 오래된 역사를 자랑하는 동화약품에서 만든 건강기능식품 브랜드로 흡수 빠른 액상 앰플 타입으로 글루콘산 마그네슘 신체 흡수율을 높일 수 있고  홍경천추출물이 스트레스로 인한 피로 개선에 도움을 줄 수 있다고 합니다. 활력비타민 B군과 3종과 아연까지 1일 영양성분 기준치 대비 100%충족으로 상큼한 허니자몽맛이라 맛있게 하루의 활력을 채울 수 있어요 무엇보다 제가 자주 가는 #올리브영 온오프라인에서도 구매가능한데요  https://www.oliveyoung.co.kr/store/G.do?goodsNo=A000000189370&utm_source=viral&utm_medium=influencer_ad&utm_campaign=mdh1_forstress_0907_0930&utm_content=revu_ig  @mglab.official  #동화약품_건강기능식품#마그네슘#포스트레스#액상마그네슘#마그네슘추천#마시는마그네슘#올리브영건강기능식품#마그네슘건강기능식품#맛있는건강기능식품#마시는마그네슘#건강기능식품선물추천#수험생건강기능식품#직장인건강기능식품"".","#협찬, #마그랩, #올리브영, #동화약품_건강기능식품, #마그네슘, #포스트레스, #액상마그네슘, #마그네슘추천, #마시는마그네슘, #올리브영건강기능식품, #마그네슘건강기능식품, #맛있는건강기능식품, #마시는마그네슘, #건강기능식품선물추천, #수험생건강기능식품, #직장인건강기능식품",1769.0,,21.0,2023-10-06 11:07:27,https://www.instagram.com/p/CyDgzvrPlGn/
올리브영,pibigirl21,인스타그램,,"#협찬 #마그랩  신체에서 4번째로 많은 양을 차지하는 물질로 건강한 신체를 유지하는데 중요한 요소인 마그네슘!!  신경을 안정시키고 근육의 긴장을 이완시키고, 에너지 생성 과정에 중요한 역할을 하는데요.  가공식품의 의존도가 높을 경우, 체내의 마그네슘이 부족할 수 있어 반드시 추가 섭취가 필요한 영양 성분이랍니다.  그래서 저는 한국에서 가장 오래된 역사를 자랑하는 동화약품에서 만든 건강기능식품 브랜드 [마그랩]의 포 스트레스를 선택하게 됐어요.  스트레스로 인한 피로개선에 도움을 줄 수 있는 홍경천추출물과 활력비타민 B군 3종(비타민 B1,B2,B6)과 아연까지 들어있어 이거 하나면 1일 영양성분 기준치 대비 100% 충족되니 완젼 굿👍   흡수가 빠른 액상 앰플 타입으로 글루콘산 마그네슘의 신체 흡수율도 좋구요.  상큼한 허니자몽맛이라 너무너무~ 맛있어요.  운동 후 음료, 탄산수, 생수 등에 타 먹으면 더 맛있다는~  이젠 맛있고 빠르게 흡수되는 [마그랩] 포 스트레스로 건강관리 해보시길 추천드려요♡   #동화약품_건강기능식품 #마그네슘 #포스트레스 #액상마그네슘 #마그네슘추천 #마시는마그네슘 #올리브영건강기능식품 #마그네슘건강기능식품 #맛있는건강기능식품 #마시는마그네슘 #건강기능식품선물추천 #수험생건강기능식품 #직장인건강기능식품  @mglab.official"".","#협찬, #마그랩, #동화약품_건강기능식품, #마그네슘, #포스트레스, #액상마그네슘, #마그네슘추천, #마시는마그네슘, #올리브영건강기능식품, #마그네슘건강기능식품, #맛있는건강기능식품, #마시는마그네슘, #건강기능식품선물추천, #수험생건강기능식품, #직장인건강기능식품",857.0,,26.0,2023-10-05 16:26:07,https://www.instagram.com/p/CyBg-8SBztR/
올리브영,jenner.park,인스타그램,,"#협찬  위아바임 테아닌 릴렉스 젤리  오늘 하루도 수고한 나의 편안한 쉼을 위해 L-테아닌을 담은 젤리 한 포로 힐링타임 선물해주기😊  화창한 날씨에 촬영 스케줄도 병행하면 더욱 바쁜 일상을 보내게 돼요💛 행복하다 생각하면서도 하루를 마무리하는 시간이되면 축 늘어지더라구요 저도 모르게 긴장을 하고 있나봐요🥲  이럴땐 긴장케어가 꼭 필요하다는 생각이 들더라구요 편안한 쉼을 위해 릴렉스 케어를 도와줄 제품을 찾다가 만난 요 아이! 스트레스 관리에 도움을 주는 위아바임 테아닌 릴렉스 젤리예요💛  요즘처럼 바쁘다 바빠 사회에 늘 스트레스와 긴장을 달고 사는 지친 현대인들을 위한 건강 기능 식품이랍니다  위아바임은 최근 경동제약에서 젊은 층을 타깃으로 배우 문가영 님을 모델로 한 새로운 고감도 헬스케어 브랜드예요 덕분에 더욱 믿음이 가더라구요  무엇보다 제일 만족스러웠던 간편한 섭취방법! 언제 어디서나 간편하게 물없이도 챙길 수 있는 맛있는 망고맛 젤리예요🧡  탱글탱글 젤리 타입이라 가루나 액상형보다 먹기 수월해 전혀 부담이 없답니다 호불호가 크게 갈리지 않을 은은한 망고 맛이라서 더 좋았어요  스트레스로 인한 긴장 케어에 도움을 주는 테아닌이 200mg 함유되었구요 여기에 더해 🔸사양벌꿀 🔸캐모마일추출물 🔸마그네슘 세인트존스워트 추출물 🔸밀크씨슬추출물 🔸레몬밤잎추출물 등 위아바임에서 까다롭게 선별한 프리미엄 부원료들이 함께 함유되어 있구요  🔸NO 설탕 🔸NO 착색료 🔸NO HPMC 🔸NO 이산화규소 🔸NO 스테아린산 마그네슘 5가지 무첨가로 불필요한 첨가물 최소화해 보다 안전하게 섭취할 수 있는 점도 마음에 쏙 들었어요💙  또 패키지 디자인이 트랜디하고 힙해서 소품으로 활용하기에도 좋고 선물용으로도 GOOD! 기분까지 UP 되는 디자인이에요  🔸스트레스로 인한 긴장으로 지치신 분 🔸학업 스트레스로 자주 긴장하시는 분 🔸안정되고 마음의 휴식을 되찾고 싶으신 분 🔸과도한 업무 스트레스로 인해 긴장에 노출되신 분 🔸마음의 휴식이 필요한 직장인 🔸긴장 케어가 필요하신 분들께 위아바임 테아닌 릴렉스 젤리 추천드려요🩷  지금 위아바임 브랜드 전 품목이 올리브영 온라인몰에 입점해 할인된 가격으로 구매기 가능하니 어서 GOGO해 득템해보세요😊  @kdpharma - #올리브영건강기능식품 #올리브영테아닌 #올리브영젤리 #위아바임 #위아바임테아닌 #테아닌추천 #테아닌젤리 #건강기능식품 #스트레스 #긴장완화 #경동제약"".","#협찬, #올리브영건강기능식품, #올리브영테아닌, #올리브영젤리, #위아바임, #위아바임테아닌, #테아닌추천, #테아닌젤리, #건강기능식품, #스트레스, #긴장완화, #경동제약",,,,2024-12-01 07:56:59,https://www.instagram.com/p/DDBzXa3vlQx/
올리브영,woongehni,인스타그램,,"#협찬 @mglab.official  새콤상큼한 레몬라임맛으로 요즘 꼭 챙겨먹는 #마그랩 #포에너지 넘 좋아요~ 에너지 충전부터 근육 건강까지 한번에 케어할수있어서 #마시는마그네슘 으로 관리중이예요 새콤하고 상큼한 레몬 라임맛으로 맛있게 먹어요~  건강한 신체를 유지하는데 꼭 필요한 마그네슘은 신체에서 4번째로 많은 양을 차지하는 물질이예요 신경을 안정시키고 근육의 긴장을 이완시켜주고 에너지 생성과정에서 중요한 역할을 하니까 반드시 추가로 섭취해줘야하는 영양성분이랍니다.  액상이니까 빠르게 흡수되고 마시기 편해요 흡수빠른 글루콘산 마그네슘이 액상 앰플타입으로 신체 흡수율을 높였어요~  들고다니기 좋은 사이즈라 어디서든 섭취하기좋고 음료나 탄산수, 생수에 타서 먹어도 좋아요~ 무엇보다 동화약품에서 만들어서 믿고 먹기좋네요  🛒구매는? 올리브영 온,오프라인에서 만날수있어요  https://www.oliveyoung.co.kr/store/G.do?goodsNo=A000000189372&utm_source=viral&utm_medium=influencer_ad&utm_campaign=mdh1_forenergy_0907_0930&utm_content=revu_blog  #동화약품_건강기능식품 #마그네슘 #액상마그네슘 #마그네슘추천 #올리브영건강기능식품 #마그네슘건강기능식품 #맛있는건강기능식품 #마시는마그네슘 #추석선물추천 #건강기능식품선물추천"".","#협찬, #마그랩, #포에너지, #마시는마그네슘, #동화약품_건강기능식품, #마그네슘, #액상마그네슘, #마그네슘추천, #올리브영건강기능식품, #마그네슘건강기능식품, #맛있는건강기능식품, #마시는마그네슘, #추석선물추천, #건강기능식품선물추천",1027.0,,20.0,2023-10-07 02:23:43,https://www.instagram.com/p/CyFKkF2xI7e/
올리브영,helloaliin,인스타그램,,"#협찬 #마그랩 #포스트레스 @mglab.official 현대인들의 고질병 스트레스😖 다들 공감하시죠?? ‘Essential Energy for Wellness’ 라는 슬로건 아래 건강한 신체를 유지하는데 중요한 ‘마그네슘’을 연구하는 브랜드인 마그랩에서 '포 스트레스'가 나왔어요.   마그랩은 인류의 건강과 행복을 이끌어 나가기 위해 한국에서 가장 오래된 역사를 자랑하는 동화약품에서 만든 건강기능식품 브랜드라 더욱 믿음직 스러운데요!   스트레스로 인한 피로개선에 도움을 줄 수 있는 홍경천추출물, 활력비타민 B1, B2, B6 비타민 3종, 아연까지 함유되어 있으며 흡수빠른 글루콘산 마그네슘의 액상 앰플 타입으로 신체 흡수율은 더욱 UP UP! 한손에 쏙 들어오는 들고다니기 좋은 사이즈에 상큼한 허니자몽🍯🍊맛이라 이대로 그냥 마셔도 좋고, 물이나 탄산수에 타서 음료처럼 마시기에도 좋아요.   광고 모델은 요즘 제가 너무나 애정하는 샤이니 키님이라니🧡 올리브영 온/오프라인에서 기획세트를 구매하시면 모델인 샤이니 키 포토카드도 증정하고 있다고 하니 서둘러 만나보세요👏👏  .   #동화약품_건강기능식품 #마그네슘 #포스트레스 #액상마그네슘 #마그네슘추천 #마시는마그네슘 #올리브영건강기능식품 #마그네슘건강기능식품 #맛있는건강기능식품 #마시는마그네슘 #스트레스영양제 #마그네슘영양제 #건강기능식품선물추천 #수험생건강기능식품 #직장인건강기능식품 #동화약품 #마그랩포스트레스"".","#협찬, #마그랩, #포스트레스, #동화약품_건강기능식품, #마그네슘, #포스트레스, #액상마그네슘, #마그네슘추천, #마시는마그네슘, #올리브영건강기능식품, #마그네슘건강기능식품, #맛있는건강기능식품, #마시는마그네슘, #스트레스영양제, #마그네슘영양제, #건강기능식품선물추천, #수험생건강기능식품, #직장인건강기능식품, #동화약품, #마그랩포스트레스",,,,2023-11-11 02:01:58,https://www.instagram.com/p/CzfPtEbS9l-/
올리브영,m_sung.ho,인스타그램,,"#협찬 @mglab.official  마그네슘을 연구하는  마그네슘 연구소 브랜드 MgLAB  2023.11월 올리브영 건강기능식품  판매 랭킹 기준 1위 마그네슘 제품이고 올리브영에서만 만날 수 있는 특별 기획 패키지!!  마그네슘은 신체에서  4번째로 많은 양을 차지하는 물질로  건강한 신체를 유지하는데 정말 중요한 요소  한국에서 가장 오래된 역사를 자랑하는 동화약품에서 만든 건강기능식품인데요.  흡수 빠른 글루콘산  마그네슘의 액상 앰플 타입으로 신체 흡수율 UP!  평소 스트레스로 인한 피로개선에 도움을 주는 홍경천추출물까지 있어 야근할 때 필수로 가지고 다니면서 복용 중인 식품이에요 ㅎㅎ  #마그랩 #동화약품마그랩 #마그네슘 #포스트레스 #액상마그네슘 #마그네슘추천 #마시는마그네슘 #올리브영건강기능식품 #맛있는건강기능식품 #마시는마그네슘 #스트레스영양제 #마그네슘영양제 #건강기능식품선물추천 #학생건강기능식품 #직장인건강기능식품 #동화약품 #마그랩포스트레스"".","#협찬, #마그랩, #동화약품마그랩, #마그네슘, #포스트레스, #액상마그네슘, #마그네슘추천, #마시는마그네슘, #올리브영건강기능식품, #맛있는건강기능식품, #마시는마그네슘, #스트레스영양제, #마그네슘영양제, #건강기능식품선물추천, #학생건강기능식품, #직장인건강기능식품, #동화약품, #마그랩포스트레스",707.0,,76.0,2024-01-03 12:05:22,https://www.instagram.com/p/C1ozFQ0pD2p/
올리브영,seoyeongkyeong,인스타그램,,"#협찬 #마그랩 명절이 다가오면 집안의 평화를위해 스트레스관리 해줘야 하자나요?  예전엔 신랑이 물심양면 도와줬지만 이번엔 프로젝트때문에 힘든 상황ㅠㅠ  내 스트레스는 내가 관리해야죠!  그래서 전 동화약품에서 만든 건강 기능식품 브랜드 ‘마그네슘 연구소’ 의  MgLAB (마그랩)을 챙기는데요^^  ‘마그네슘 연구소’는 ‘Essential Energy for Wellness’ 라는 슬로건 아래 건강한 신체를 유지하는데 중요한 ‘마그네슘’을 연구하는 브랜드라 믿음직 하더라구요  거기에 흡수을 UP시킨 액상형 글루콘산 마그네슘이죠~ 스트레스로 인한 피로개선에 도움을 줄 수 있는 홍경천추출물도 함유되어 있구요 활력비타민 B군 3종(비타민 B1,B2,B6)과 아연까지 1일 영양성분 기준치 대비 100% 충족!  상큼한 허니자몽맛으로 저는 물이나 탄산수에 넣어 먹어도 수분충족도 함께해주니 굿 이더라그용ㅎㅎ👍   특히 가공식품의 의존도가 높은 현대인일수록 체내의 마그네슘이 부족할 수 있다니 추가 섭취는 필수겠죵?  구매도 올영 온오프라인에서 만날 수 있다니 이번 명절은 MgLAB (마그랩)으로 우리챙기자구요^^  구매는 요기 👇 https://www.oliveyoung.co.kr/store/G.do?goodsNo=A000000189370&utm_source=viral&utm_medium=influencer_ad&utm_campaign=mdh1_forstress_0907_0930&utm_content=revu_  #동화약품_건강기능식품 #마그네슘 #포스트레스 #액상마그네슘 #마그네슘추천 #마시는마그네슘 #올리브영건강기능식품 #마그네슘건강기능식품 #맛있는건강기능식품 #마시는마그네슘 #건강기능식품선물추천 #수험생건강기능식품 #직장인건강기능식품"".","#협찬, #마그랩, #동화약품_건강기능식품, #마그네슘, #포스트레스, #액상마그네슘, #마그네슘추천, #마시는마그네슘, #올리브영건강기능식품, #마그네슘건강기능식품, #맛있는건강기능식품, #마시는마그네슘, #건강기능식품선물추천, #수험생건강기능식품, #직장인건강기능식품",1221.0,,2.0,2023-10-08 03:05:08,https://www.instagram.com/p/CyH0GTnrAQG/
올리브영,rub_beauty_j,인스타그램,,"#협찬   하는일이 맘대로 되지 않아 스트레스가 쌓이는 요즘.. 하루 1샷으로 간편하게 활력 충전하는 마그랩 포 스트레스  답이 되는 마그네슘, 마그랩 for STRESS는 다른데요❕️  홍경천추출물로 스트레스로  인한 피로는 풀고 마그네슘으로  활력은 채워주는 느낌이랄까〰️  상큼~한 허니 자몽맛으로 맛있어 더 손이 가는데 언제 어디서든 간편하고 편리하게 챙겨봐요😘  @mglab.official  #마그랩 #동화약품_건강기능식품 #마그네슘 #포스트레스 #액상마그네슘 #마그네슘추천 #마시는마그네슘 #올리브영건강기능식품 #마그네슘건강기능식품 #맛있는건강기능식품 #마시는마그네슘 #스트레스영양제 #마그네슘영양제 #건강기능식품선물추천 #수험생건강기능식품 #직장인건강기능식품 #동화약품 #마그랩포스트레스"".","#협찬, #마그랩, #동화약품_건강기능식품, #마그네슘, #포스트레스, #액상마그네슘, #마그네슘추천, #마시는마그네슘, #올리브영건강기능식품, #마그네슘건강기능식품, #맛있는건강기능식품, #마시는마그네슘, #스트레스영양제, #마그네슘영양제, #건강기능식품선물추천, #수험생건강기능식품, #직장인건강기능식품, #동화약품, #마그랩포스트레스",1892.0,,29.0,2023-11-11 14:54:13,https://www.instagram.com/p/CzgoRjrvseL/
올리브영,ghdrrd238638,인스타그램,,"#협찬   경동제약에서 새롭게 젊은 층을 타겟으로 출시한  고감도 헬스케어 브랜드, 위아바임(WIAVIM) 배우 문가영님이 브랜드 모델로 활동하고 있어요 !  패키지부터 힙한 디자인~~ 역시는 역시네요 !   💚 [ 위아바임 테아닌 릴렉스 젤리 ]는 스트레스로 인한 긴장 케어에 도움을 주는 고시형 원료 ‘테아닌’이 200mg 함유되어 있어요 !  망고맛으로 맛있는 제품이랍니다 😋 착색료, 설탕 등 무첨가로 안전한 섭취가 가능하니, 선물용으로도 좋겠어요 !   위아바임 브랜드 전 품목이  올리브영 온라인몰에 입점되어 있어요 !  할인된 가격으로 구매 가능하니 구매 고고🎁  @kdpharma . . . #올리브영건강기능식품 #올리브영테아닌 #올리브영젤리 #위아바임 #위아바임테아닌 #테아닌추천 #테아닌젤리 #건강기능식품 #스트레스 #긴장완화 #경동제약"".","#협찬, #올리브영건강기능식품, #올리브영테아닌, #올리브영젤리, #위아바임, #위아바임테아닌, #테아닌추천, #테아닌젤리, #건강기능식품, #스트레스, #긴장완화, #경동제약",,,,2024-12-02 10:08:27,https://www.instagram.com/p/DDEnNJCyqcB/
올리브영,jo2._xx,인스타그램,,"#협찬 신체에서 4번째 많은 양을 차지하고 있는 마그네슘! 건강한 신체를 유지하기위해 중요한 역할을 하는데요 가공식품을 자주 먹는다면 체내 마그네슘이 부족할수 있기에 추가로 섭취가 필요한 영양 성분 이라고 해요!  흡수 빠른 글루콘산 마그네슘의 액상 앰플 타입으로 신체 흡수율 높여주고 스트레스로 인한 피로개선에  도움을 줄 수 있는 홍경천추출물이 함유되어  직장인, 수험생, 주부가 섭취하기에 추천해요~  활력 비타민 B군 3종(비타민 B1,B2,B6)과 아연까지 체내에 필요한만큼 사용되고 모두 배출되니 꾸준히 섭취가 필요할거 같아요! 외출시 작은사이즈에 들고 다니기도 좋아서 언제 어디서나 부담없이 가지고 다녀요.  + 현재 올리브영에서 (온라인/오프라인) 포 스트레스 구매시 샤이니 키 포토카드 증정 한대요  @mglab.official #마그랩 #동화약품_건강기능식품 #마그네슘 #포스트레스 #액상마그네슘 #마그네슘추천 #마시는마그네슘 #올리브영건강기능식품 #마그네슘건강기능식품 #맛있는건강기능식품 #마시는마그네슘 #스트레스영양제 #마그네슘영양제 #건강기능식품선물추천 #수험생건강기능식품 #직장인건강기능식품 #동화약품 #마그랩포스트레스"".","#협찬, #마그랩, #동화약품_건강기능식품, #마그네슘, #포스트레스, #액상마그네슘, #마그네슘추천, #마시는마그네슘, #올리브영건강기능식품, #마그네슘건강기능식품, #맛있는건강기능식품, #마시는마그네슘, #스트레스영양제, #마그네슘영양제, #건강기능식품선물추천, #수험생건강기능식품, #직장인건강기능식품, #동화약품, #마그랩포스트레스",634.0,,24.0,2023-11-11 08:04:23,https://www.instagram.com/p/Czf5X1lP867/
올리브영,pharis00,인스타그램,,"#협찬 맛있는 자몽맛 액상 마그네슘 여기요!  저는 목넘김 때문에 평소 정제형이나 분말형 건강기능식품이 부담스러워서 가급적 흡수가 빠르면서도 섭취가 용이한 액상 건강기능식품을 선호하는 편이에요.  그런면에서 마그랩 포스트레스는 맛도 좋고 휴대하기도 편해서 파우치에 꼭 1개씩은 챙겨서 다니고 있어요.  그냥 마시기도 하고 요즘같이 시원한 음료가 땡기는 날엔 음료나 탄산수 등에 얼음 넣어서 시원하게 섭취하기도 해요.  건강을 위해 마그네슘은 꼭 섭취해야하는 중요한 요소인데요. 신경과 근육기능 유지 및 탄수화물 대사에 관여해서 에너지 생성 과정에 중요한 역할을 한다고 해요.   MgLAB(마그랩)은 ‘Essential Energy for Wellness’ 라는 슬로건을 내걸고 마그네슘을 연구하는 마그네슘 연구소 브랜드에요.   동화약품의 건강기능식품 브랜드인 마그랩이라 더 관심을 가지게 되었는데요. 동화약품은 우수한 품질이 아니면 세상에 내놓지 않는다 라는 기업이념으로 유명하기도 하고 한국에서 가장 오래된 역사를 가지고 있어요.  마그랩 포스트레스는 글루콘산 마그네슘의 흡수율을 높여주는 앰플 타입의 액상 마그네슘이에요. 그리고 스트레스로 인한 피로개선에 도움을 주는 홍경천 추출물, 활력비타민 B군 3종(비타민B1,B2,B6)과 아연까지 1일 권장량을 100% 충족해주는데요. 비타민B군은 수용성이라 많이 섭취해도 체내에서 필요한만큼 사용하고 나머지는 소변으로 다 배출되기 때문에 매일 꾸준하게 섭취하는 것이 중요해요.  업무과다로 인해 스트레스 받으시는 분, 아침에 일어날 때 피로감을 많이 느끼시는 분, 학업 스트레스때문에 고민인 학생, 신경 및 근육기능 유지를 원하시는 분 , 마그네슘 부족이 걱정되시는 분 , 건강하고 활기찬 생활을 유지하고 싶으신 분들께 마그랩 포 스트레스를 추천드려요.  마그랩 포스트레스는 가까운 올리브영 매장이나 올리브영 홈페이지에서 구매할 수 있는데요.   다가오는 명절 선물로도 부담없으면서도 받으시는 분이 기뻐할만한 선물이 될 것 같아 추석선물로 추천드리고 싶어요.  #마그랩 #동화약품_건강기능식품 #마그네슘 #포스트레스#액상마그네슘 #마그네슘추천 #마시는마그네슘 #올리브영건강기능식품 #마그네슘건강기능식품 #맛있는건강기능식품 #마시는마그네슘 #추석선물추천 #건강기능식품선물추천 #수험생건강기능식품 #직장인건강기능식품"".","#협찬, #마그랩, #동화약품_건강기능식품, #마그네슘, #포스트레스, #액상마그네슘, #마그네슘추천, #마시는마그네슘, #올리브영건강기능식품, #마그네슘건강기능식품, #맛있는건강기능식품, #마시는마그네슘, #추석선물추천, #건강기능식품선물추천, #수험생건강기능식품, #직장인건강기능식품",575.0,,31.0,2023-09-04 07:18:30,https://www.instagram.com/p/CwwuETZJc3c/
올리브영,eunseomom,인스타그램,,"#협찬  저도 샤이니 키 PICK #마그랩 포 스트레스 마셔요!!!  마그네슘을 맛있고 간편하게 섭취가능한 앰플타입 올리브영추천템이 있다고 해서 만나보았어요! 건강한 신체를 유지하는데 중요한 ‘마그네슘’을 연구하는 브랜드인 마그랩에서 출시한 포 스트레스 하루 1샷으로 간편하게 활력 충전중!  들고 다니기 좋은 사이즈라 가방에 넣고 다니면서 활력충전 필요할때 바로 마셔도 상큼해서 좋구요~ 토닉워터나 탄산수에 타서 마시면 탁 쏘는 맛에 맛있는 허니자몽향이 맛도 좋고 목넘김도 좋아요~마그네슘은 우리 몸에 4번째로 많은 양을 차지하는 물질로 건강한 신체유지에 중요한 요소라고 해요!  오랜전통의 동화약품에서 만들어 믿고 먹을수 있고, 흡수율이 높은 액상형 제품에 마그네슘 외에 홍경천추출물도 들어가 스트레스로 인한 피로개선까지 기대할수 있어요!  황금색에 약간 갈색빛도 나고, 상큼한 향이 앰플 개봉하면 바로 은은히 퍼지는데 허니자몽맛이 상큼하고 앰플 그대로 섭취해도  부담없이 좋아요!  휴대도 편하니 인친님들도 마시는 프리미엄 마그네슘 챙겨보세요!  올리브영 온/오프라인에서 모두 만나 보실 수 있어요! (／^^)／  - https://www.oliveyoung.co.kr/store/G.do?goodsNo=A000000189370&utm_source=viral&utm_medium=influencer_ad&utm_campaign=mdh1_forstress_0907_0930&utm_content=revu_blog  .  .  .  .  #마그랩 #동화약품_건강기능식품 #마그네슘 #포스트레스 #액상마그네슘 #마그네슘추천 #마시는마그네슘 #올리브영건강기능식품  #마그네슘건강기능식품 #맛있는건강기능식품 #마시는마그네슘 #건강기능식품선물추천 #수험생건강기능식품 #직장인건강기능식품 @mglab.official"".","#협찬, #마그랩, #마그랩, #동화약품_건강기능식품, #마그네슘, #포스트레스, #액상마그네슘, #마그네슘추천, #마시는마그네슘, #올리브영건강기능식품, #마그네슘건강기능식품, #맛있는건강기능식품, #마시는마그네슘, #건강기능식품선물추천, #수험생건강기능식품, #직장인건강기능식품",1417.0,,22.0,2023-10-06 14:28:22,https://www.instagram.com/p/CyD4hbxhvMr/
올리브영,vintageamy0817,인스타그램,,"#협찬  제가 남편을 위해 선택한 마그네슘 영양제는 MgLAB (마그랩) 액상형 마그네슘 포 스트레스예요!  마그네슘은 신체에서 4번째로 많은 양을 차지하는 물질로 건강한 신체를 유지하는데 중요한 요소인데요~ 가공식품의 의존도가 높을경우 체내의 마그네슘이 부족할 수 있어서 반드시!! 추가섭취가 필요한 영양성분이니깐 꼭 챙겨야하지요!  MgLAB (마그랩)은 한국에서 가장~ 오래된 역사를 자랑하는 동화약품에서 만든 건강기능식품 브랜드로 마그네슘을 연구하는 마그네슘연구소 브랜드라서 믿음이 가요^^  특히, MgLAB (마그랩) 액상형 마그네슘 포 스트레스는 흡수가 빠른 글루콘산 마그네슘의 액상 앰플 타입으로 신체흡수율이 높고! 스트레스로 인한 피로개선에 도움을 줄 수 있는 홍경천추출물도 함유되어 있어요! 개다가 활력비타민 B군 3종(비타민 B1,B2,B6)과 아연까지 1일 영양성분 기준치 대비 100% 충족되니깐~ 남편 영양제로 잘 선택했죠? ㅎㅎ  상큼한 허니자몽맛으로  간편하게 챙겨나가기도 좋구여~ 음료나 생수, 탄산수에 시원하게~ 타서 마셔도 Goooood!! 남편뿐 아니라 저도 꾸준히 챙겨보려구요^^ 우리 인친님들도 지친일상! 마그램 포스트레스 하루 1샷으로! 충전하세요!!  @mglab.official #마그랩 #동화약품_건강기능식품 #마그네슘 #포스트레스 #액상마그네슘 #마그네슘추천 #마시는마그네슘 #올리브영건강기능식품  #마그네슘건강기능식품 #맛있는건강기능식품 #마시는마그네슘 #스트레스영양제 #마그네슘영양제 #건강기능식품선물추천 #수험생건강기능식품 #직장인건강기능식품 #동화약품 #마그랩포스트레스"".","#협찬, #마그랩, #동화약품_건강기능식품, #마그네슘, #포스트레스, #액상마그네슘, #마그네슘추천, #마시는마그네슘, #올리브영건강기능식품, #마그네슘건강기능식품, #맛있는건강기능식품, #마시는마그네슘, #스트레스영양제, #마그네슘영양제, #건강기능식품선물추천, #수험생건강기능식품, #직장인건강기능식품, #동화약품, #마그랩포스트레스",1955.0,,28.0,2023-11-10 09:11:57,https://www.instagram.com/p/CzdcT1dyPYP/
올리브영,ssongjiyam,인스타그램,,"#협찬   하는일은 밀려서 넘치고  몸은 피곤하니 스트레스가 쌓이는 느낌이라 챙기는 #마그랩 포 스트레스   스트레스로 인한 피로 개선과 에너지를 채워주는 액상형 건강기능식품인데요〰️  글루콘산 마그네슘 160mg 함유, 스트레스로 인한 피로 개선에 도움을 줄 수 있는 홍경천추출물, 비타민B군 3종 & 아연 100% 충족❕️  상큼한 허니 자몽맛이라 맛있게〰️ 지친 일상 하루 1샷으로  간편하게 활력 충전하자고요😍  @mglab.official  #동화약품_건강기능식품 #마그네슘 #포스트레스 #액상마그네슘 #마그네슘추천 #마시는마그네슘 #올리브영건강기능식품 #마그네슘건강기능식품 #맛있는건강기능식품 #마시는마그네슘 #스트레스영양제 #마그네슘영양제 #건강기능식품선물추천 #수험생건강기능식품 #직장인건강기능식품 #동화약품 #마그랩포스트레스"".","#협찬, #마그랩, #동화약품_건강기능식품, #마그네슘, #포스트레스, #액상마그네슘, #마그네슘추천, #마시는마그네슘, #올리브영건강기능식품, #마그네슘건강기능식품, #맛있는건강기능식품, #마시는마그네슘, #스트레스영양제, #마그네슘영양제, #건강기능식품선물추천, #수험생건강기능식품, #직장인건강기능식품, #동화약품, #마그랩포스트레스",1748.0,,30.0,2023-11-12 14:32:55,https://www.instagram.com/p/CzjKoaLPHxE/
올리브영,jihyea87,인스타그램,,"#협찬 @mglab.official 운동이 일상인 요즘! 나를 위해 챙기는 마그랩 포에너지~ 에너지 충전부터 근육건강까지 한 번에 케어 가능한 제품이라 꼭! 챙기고 있어용😊   마그네슘은 신체에서 4번째로 많은 양을 차지하는 물질로 건강한 신체를 유지하는데 중요한 요소인데요~ 체내에 일어나는 생화학적 반응 중 300개 이상의 반응이 마그네슘을 필요로 한다고 해요~ 특히 가공식품의 의존도가 높은 경우 마그네슘이 부족할 수 있어 반드시 추가 섭취가 필요하구용!!    MgLAB 마그랩은 ‘Essential Energy for Wellness’ 라는 슬로건으로 ‘마그네슘’을 연구하는 브랜드고요~ 마그랩에서 출시한 포 에너지 제품은 흡수 빠른 글루콘산 마그네슘의 액상이라 신체 흡수율 UP! 활력비타민 B군 3종과 1일 영양성분 기준치 대비 100% 충족! 엄선한 3가지 부원료 L-아르기닌, BCAA, 시트룰린 함유하고 있습니다--! 맛도 새콤상큼한 레몬맛이라 그냥 먹어도 맛있고 탄산수나 생수에 타 먹어도 맛있어요~   근육 건강을 챙기고 싶은 분들~ 운동을 즐겨해서 에너지 사용량이 많은 분들~ 건강하고 활력 넘치는 일상을 원하시는 분들께 마그랩 포 에너지 정말 추천드리며!   마그랩 포 에너지는 올리브영 온/오프라인에서 모두 만나 보실 수 있습니다!^^ https://www.oliveyoung.co.kr/store/G.do?goodsNo=A000000189372&utm_source=viral&utm_medium=influencer_ad&utm_campaign=mdh1_forenergy_0907_0930&utm_content=revu_ig   #마그랩 #동화약품_건강기능식품 #마그네슘 #포에너지 #액상마그네슘 #마그네슘추천 #마시는마그네슘 #올리브영건강기능식품 #마그네슘건강기능식품 #맛있는건강기능식품 #마시는마그네슘 #건강기능식품선물추천"".","#협찬, #마그랩, #동화약품_건강기능식품, #마그네슘, #포에너지, #액상마그네슘, #마그네슘추천, #마시는마그네슘, #올리브영건강기능식품, #마그네슘건강기능식품, #맛있는건강기능식품, #마시는마그네슘, #건강기능식품선물추천",2687.0,,15.0,2023-10-06 01:55:52,https://www.instagram.com/p/CyCilIvyZ21/
올리브영,musiclove203,인스타그램,,"#협찬 경동제약의 고감도 헬스케어 브랜드 위아바임. 요즘 세상핫한 문가영 배우님에 디자인도 넘 힙한 이런 영양제 첨봄. 젊은친구들에게 선물로 줘도 좋아할 것 같은 센스있는 패키지. 흡수빠른 애상 마그네슘 함유에 스트레스 피로 케어 기능성 원료, 홍경천 추출물도 함유되어 있음. 거기다 아연 200% 고함량 배합에 비타민까지, 그런데 맛까지 좋음. 편하게 섭취하고, 들고 다니기도 편리한데 안 먹을 이유가 없음~~. 올리브영 온라인몰에 입점해있고, 이것말고도 다른 종류의 패키징이 있어 취향과 목적에 맞게 선물 가능~! 거기다 올리브영 올라인몰에서는 할인까지 가능~ #협찬 #올리브영마그네슘 #올리브영건강기능식품 #경동제약 #위아바임 #WIAVIM #문가영 #마그아연킬스트레스 #문가영마그네슘 #액상마그네슘추천 #문가영마그네슘 #액상마그네슘추천 #액상비타민추천 #스트레스 #피로개선"".","#협찬, #협찬, #올리브영마그네슘, #올리브영건강기능식품, #경동제약, #위아바임, #WIAVIM, #문가영, #마그아연킬스트레스, #문가영마그네슘, #액상마그네슘추천, #문가영마그네슘, #액상마그네슘추천, #액상비타민추천, #스트레스, #피로개선",1.0,,0.0,2024-12-02 13:33:25,https://www.instagram.com/p/DDE-qTGvt6N/
올리브영,eunseo_lee,인스타그램,,"#협찬 @mglab.official  마그랩 포 스트레스 하루 1샷으로 간편하게 활력 충전하고 있어요~  마그네슘은 신체에서 4번째로 많은 양을 차지하는 물질로  건강한 신체를 유지하는데 중요한 요소인데 체내 마그네슘이 부족하면 꼭 추가 섭취가 필요한 성분이에요  마그랩 포 스트레스는 흡수 빠른 액상 앰플 타입으로 글루콘산 마그네슘의 신체 흡수율을 높이고 스트레스로 인한 피로개선에 도움을 줄 수 있는 홍경천추출물과 활력비타민 B군 3종(비타민 B1,B2,B6)에 아연까지  1일 영양성분 기준치 대비 100%를 충족하는데 동화약품에서 만들어서 믿고 선택할 수 있었어요  상큼한 허니자몽맛이라 부담 없는 마그랩 포 스트레스는  올리브영 온/오프라인에서 모두 만나 볼 수 있어요~  https://www.oliveyoung.co.kr/store/G.do?goodsNo=A000000189370&utm_source=viral&utm_medium=influencer_ad&utm_campaign=mdh1_forstress_0907_0930&utm_content=revu_ig  #마그랩 #동화약품_건강기능식품 #마그네슘 #포스트레스 #액상마그네슘 #마그네슘추천 #마시는마그네슘 #올리브영건강기능식품 #마그네슘건강기능식품 #맛있는건강기능식품 #마시는마그네슘 #건강기능식품선물추천 #수험생건강기능식품 #직장인건강기능식품"".","#협찬, #마그랩, #동화약품_건강기능식품, #마그네슘, #포스트레스, #액상마그네슘, #마그네슘추천, #마시는마그네슘, #올리브영건강기능식품, #마그네슘건강기능식품, #맛있는건강기능식품, #마시는마그네슘, #건강기능식품선물추천, #수험생건강기능식품, #직장인건강기능식품",1010.0,,28.0,2023-10-07 12:26:10,https://www.instagram.com/p/CyGPgmzLnul/
올리브영,medu435,인스타그램,,"#협찬 스트레스로 인한 긴장 완화를 위해 L-테아닌을 담은 젤리를 하루 한 포로 맛있게 먹어봅니다.  새롭게 젊은 층을 타겟으로 출시한 고감도 헬스케어 브랜드 경동제약에서 배우 문가영님을 모델로 트랜디하고 힙한 패키지 디자인의 위아바임 테아닌 릴렉스 젤리가 나왔어요. 망고맛으로 가볍게 휴대하면서 간편하게 먹을 수 있어서 딸과 함께 먹고 있답니다.  ㆍ테아닌 일일 섭취량 200mg 함유  스트레스로 인한 긴장 케어 고시형 원료 테아닌  ㆍ물없이 간편하게, 망고맛 젤리  맛있는 망고맛 젤리를 씹어서 스트레스 케어  ㆍ5가지 무첨가 착색료, 설탕, 스테아린산마그네슘, HPMC, 이산화규소  ㆍ까다롭게 선별한 프리미엄 부원료 함유 사양벌꿀, 캐모마일추출물, 레몬밤잎추 출물, 세인트존스워트추출분말, 마그네슘, 밀크씨슬추출물 등 부원료 함유  <이런분께 추천드려요> ㆍ스트레스로 인한 긴장으로 몸과 마음이 지치신 분 ㆍ과도한 업무 스트레스로 인해 긴장에 노출된 직장인 ㆍ학업 스트레스로 자주 긴장하는 학생 ㆍ안정되고 마음의 휴식을 되찾고 싶으신 분  📌위아바임 브랜드 전 품목 올리브영 온라인몰 입점! 할인된 가격으로 구매 가능해요.  💛위아바임 테아닌 릴렉스 젤리 @kdpharma  #올리브영건강기능식품 #올리브영테아닌 #올리브영젤리 #위아바임 #위아바임테아닌 #테아닌추천 #테아닌젤리 #건강기능식품 #스트레스 #긴장완화 #경동제약"".","#협찬, #올리브영건강기능식품, #올리브영테아닌, #올리브영젤리, #위아바임, #위아바임테아닌, #테아닌추천, #테아닌젤리, #건강기능식품, #스트레스, #긴장완화, #경동제약",,,,2024-11-27 14:34:45,https://www.instagram.com/p/DC4NtQtSZ22/
올리브영,yeongjaemom,인스타그램,,"#협찬 가을 나들이 계절  가까운 근교 수목원 고고!~🏞 오래 걷다보니 아무리도 에너지 업 필수죠! #마그랩 포에너지 액상마그네슘 먹고 다시 걸어요~🙋‍♀️   마그네슘은 신체에서 4번째로 많은 양을 차지하는 물질로 건강한 신체를 유지하는데 중요하죠!  MgLAB 마그랩  마그네슘을 연구하는 마그네슘 브랜드로 동화약품에서 만든 건강기능식품 브랜드라 믿고 먹을 수 있어요!  흡수 빠른 글루콘산 마그네슘의 액상 앰플 타입으로 신체 흡수율 UP! 활력비타민 B군 3종(비타민 B1,B2,B6)으로 1일 영양성분 기준치 대비 100% 충족 게다가 엄선한 부원료 3종 부원료 L-아르기닌, BCAA, 시트룰린 함유!  새콤상큼한 레몬라임맛이라 그냥 먹어도 맛있고! 탄산수 또는 물에 타서 시원하게 먹어도 굿!👍  👉 올리브영 온라인에서 구매 가능하니까 나들이 운동갈 때 챙겨보세요~ 강추!❤️  https://www.oliveyoung.co.kr/store/G.do?goodsNo=A000000189372&utm_source=viral&utm_medium=influencer_ad&utm_campaign=mdh1_forenergy_0907_0930&utm_content=revu_ig  #동화약품_건강기능식품 #마그네슘 #포에너지 #액상마그네슘 #마그네슘추천 #마시는마그네슘 #올리브영건강기능식품 #마그네슘건강기능식품 #맛있는건강기능식품 #마시는마그네슘 #추석선물추천 #건강기능식품선물추천"".","#협찬, #마그랩, #동화약품_건강기능식품, #마그네슘, #포에너지, #액상마그네슘, #마그네슘추천, #마시는마그네슘, #올리브영건강기능식품, #마그네슘건강기능식품, #맛있는건강기능식품, #마시는마그네슘, #추석선물추천, #건강기능식품선물추천",1504.0,,25.0,2023-10-06 02:33:48,https://www.instagram.com/p/CyCm7KVPPhw/
올리브영,beautyje1,인스타그램,,"아직도 비타민 안챙겨 드시는 분들계신가요? 1934년 독일 브레멘 지역에서 시작된 80년 전통과 역사를 자랑하는 인기 건강식품 브랜드 😱❤️ 독일 맥주효모 마켓리더로 시장점유율1위를 차지하는 no.1 브랜드 입니다 13가지 주요 비타민이 총집합!그말은 하루1알로 맛있게 주요비타민 섭취하고 건강챙길수 있답니다🧚🏻‍♀️🧚🏻‍♀️"".",,38.0,,2.0,2019-03-06 07:32:30,https://www.instagram.com/p/BuqJnRfl7nc/
올리브영,black_mhk,인스타그램,,"#협찬 @mglab.official  마그네슘은 우리 신체에서 4번째로 많은 양을 차지하는 물질로 신체를 유지하는데 중요한 요소에요. 신경을 안정시키고 근육의 긴장을 이완, 에너지 생성 과정에 중요한 역할을 하고 있어서 저처럼 인스턴트나 가공식품 많이 먹는 사람은 마그네슘 추가 섭취가 필수라 저는 #액상마그네슘 인 #마그랩 포 스트레스 섭취하고 있어요.🙏  마그랩은 ‘Essential Energy for Wellness’ 라는 슬로건 아래 마그네슘을 연구하는 ‘마그네슘 연구소' 브랜드로 동화약품에서 만든 건강기능식품이라 믿고 먹어요.💜  #포스트레스 는 흡수빠른 글루콘산 #마그네슘 의 액상 앰플 타입으로 스트레스로 인한 피로개선에 도움을 줄 수 있는 홍경천추출물과 활력비타민 B군 3종이 들어있어 야근할때는 물론 매일 챙기기 좋더라고요! 또한 정상적인 면역기능에 도움을 주는 아연도 들어있어요!💜  또 상큼한 허니자몽맛이라 그냥 먹어도 맛나고, 탄산수에 타먹으면 음료처럼 즐길 수 있어 더 좋은데요. 저는 휴대하기 좋은사이즈라 가지고 다니며 마시고 있어요~💜  올리브영 판매1위 마그네슘 포스트레스! (*2023.11.01 올리브영 건강식품 판매 랭킹 기준*) 올리브영에서만 만날수 있는 특별 기획 패키지로 만나보세요!🙏  #동화약품마그랩 #마그네슘추천 #마시는마그네슘 #올리브영건강기능식품 #맛있는건강기능식품 #마시는마그네슘 #스트레스영양제 #마그네슘영양제 #건강기능식품선물추천 #학생건강기능식품 #직장인건강기능식품 #동화약품 #마그랩포스트레스"".","#협찬, #액상마그네슘, #마그랩, #포스트레스, #마그네슘, #동화약품마그랩, #마그네슘추천, #마시는마그네슘, #올리브영건강기능식품, #맛있는건강기능식품, #마시는마그네슘, #스트레스영양제, #마그네슘영양제, #건강기능식품선물추천, #학생건강기능식품, #직장인건강기능식품, #동화약품, #마그랩포스트레스",956.0,,28.0,2024-01-15 03:01:02,https://www.instagram.com/p/C2GuU-vRw8d/
올리브영,cminiiy,인스타그램,,"#협찬 @kdpharma   경동제약에서 새롭게 젊은 층을 타겟으로 출시한 고감도 헬스케어 브랜드 위아바임(WIAVIM)을 아시나요?  배우 문가영님을 모델로 트랜디하고 힙한 패키지 디자인을 특징으로 하는 헬스케어 브랜드인데, 요즘 현대인의 가장 큰 고민 스트레스 케어에 도움이 되는 젤리를 소개해보려 해요.  �테아닌 릴렉스 젤리는 L-테아닌을 담은 젤리로, 스트레스로 인한 긴장 케어에 도움을 주는 고시형 원료인 '테아닌'을 200mg 함유한 제품이에요.  착색료나 설탕 등을 첨가하지 않아 안전한 섭취가 가능하며 망고맛이라 누구든 맛있게 섭취가 가능하답니다.  학업 스트레스로 자주 긴장하는 학생들부터 과도한 업무 스트레스로 인해 긴장에 노출되어 있는 직장인, 스트레스로 인한 긴장으로 몸과 마음이 지치신 분, 안정되고 마음의 휴식을 되찾고 싶으신 분 등 긴장 케어가 필요한 분이라면 누구나 섭취 가능!  저도 스트레스 받을 때 기분 전환 겸 간식 먹는 기분으로 하루 한 개 섭취 중이랍니다!  테아닌 릴렉스 젤리를 포함해 위아바임 브랜드 전 품목이 올리브영에 입점되어 있는데요, 할인된 가격으로 현재 구매가 가능하니 꼭 한 번 눈여겨 보시길 바래요 🫶🏻  #위아바임 #위아바임테아닌 #올리브영건강기능식품 #올리브영테아닌 #테아닌추천 #테아닌젤리 #건강기능식품 #올리브영젤리 #스트레스 #긴장완화 #경동제약"".","#협찬, #위아바임, #위아바임테아닌, #올리브영건강기능식품, #올리브영테아닌, #테아닌추천, #테아닌젤리, #건강기능식품, #올리브영젤리, #스트레스, #긴장완화, #경동제약",,,,2024-12-02 14:47:39,https://www.instagram.com/p/DDFFr0szYFj/
올리브영,yuhwanine,인스타그램,,"#협찬 @mglab.official  새학기 시작후~ 아이들은 개학을 했는데~ 저는 요즘 컨디션도 안좋고~ 면역력이 떨어지는 느낌도 들고 요즘 너무 힘든거 같아요 😭  주말도 아이들 데리고 도서관수업에 공원에 놀이터투어에 열심히 다녔더니 너무 힘들더라구요  그래서 지친 일상, 하루 1샷으로 간편하게 활력 충전가능한 마그랩 포 스트레스를 챙기고 있어요!  MgLAB 마그랩은 마그네슘을 연구하는 마그네슘 연구소 브랜드로 동화약품에서 만든 건강기능식품 브랜드에요  마그네슘은 신체에서 4번쨰로 많은 양을 차지하는 물질로 건강한 신체를 유지하는데 중요한 요소로 신경을 안정시키고 근육의 긴장을 이완시키고, 에너지 생성 과정에 중요한 역할을 해서 꼭 챙겨야 해요!  상큼한 허니자몽맛으로 1일 1병 맛있게 챙기고 있어요 앰플로 마셔도 되고~ 물에 타서 마셔도 됩니다  포 스트레스는 액상앰플타입의 마그네슘이라 흡수도 빠른거 같아요  홍경천추출물로 스트레스로인한 피로는 풀고 마그네슘으로 활력은 채우세요!  구입은 올리브영 온/오프라인에서 모두 만나 보실 수 있어요!  🏷 https://www.oliveyoung.co.kr/store/G.do?goodsNo=A000000189372&utm_source=viral&utm_medium=influencer_ad&utm_campaign=mdh1_forenergy_0907_0930&utm_content=revu_ig . . . . . . . . . . #마그랩 #동화약품_건강기능식품 #마그네슘 #포스트레스 #액상마그네슘 #마그네슘추천 #마시는마그네슘 #올리브영건강기능식품 #마그네슘건강기능식품 #맛있는건강기능식품 #마시는마그네슘  #건강기능식품선물추천 #수험생건강기능식품 #직장인건강기능식품"".","#협찬, #마그랩, #동화약품_건강기능식품, #마그네슘, #포스트레스, #액상마그네슘, #마그네슘추천, #마시는마그네슘, #올리브영건강기능식품, #마그네슘건강기능식품, #맛있는건강기능식품, #마시는마그네슘, #건강기능식품선물추천, #수험생건강기능식품, #직장인건강기능식품",1817.0,,12.0,2023-10-06 07:05:36,https://www.instagram.com/p/CyDDntGS21r/
올리브영,leemaruara,인스타그램,,"#협찬  울 초딩이 그제는 물통 잃어버리고 어제는 넥워머 잃어버리고..(그전에 잃어버린거 다수) 오늘 병원 예약날이라 눈보라를 뚫고 병원갔는데 오늘이 아니고 내일인 현실... .스트레스 이빠이...🔥  이 스트레스를 오쪼지?🤔  현대인의 스트레스로 인한 긴장완화를 위해 경동제약에서 젊은 층을 타겟으로 출시한 고감도 헬스케어 브랜드 위아바임(WIAVIM) <<테아닌 릴렉스 젤리>>를 출시!!! 😍🥰😍🥰  모델이 배우 문가영님이라 더 믿음이 가고 트랜디하고 힙한 패키지 디자인이 눈길을 끔🤩  <<테아닌 릴렉스 젤리>>는 스트레스로 인한 긴장 케어에 도움을 주는 고시형 원료 ‘테아닌’ 200mg 함유하여 하루 한 포로 '편안한 쉼'이 가능해지는 일상. .☺️😊  소포장이라 휴대하기 편하고 🥭망고맛이 나는 맛도리 젤리라 빼먹지 않고 챙겨먹을 수 있음😍🥰🥰  세상의 모든 스트레스 다 나에게 와도 돼~…!!!🤣🤣  ✔️위아바임 브랜드 전 품목이 올리브영 온라인몰 입점했고 할인된 가격으로 구매 가능함!! ✔️착색료, 설탕 등 무첨가로 안전한 섭취  #올리브영건강기능식품 #올리브영테아닌 #올리브영젤리 #위아바임 #위아바임테아닌 #테아닌추천 #테아닌젤리 #건강기능식품 #스트레스 #긴장완화 #경동제약 @kdpharma"".","#협찬, #올리브영건강기능식품, #올리브영테아닌, #올리브영젤리, #위아바임, #위아바임테아닌, #테아닌추천, #테아닌젤리, #건강기능식품, #스트레스, #긴장완화, #경동제약",254.0,,0.0,2024-11-27 11:20:17,https://www.instagram.com/p/DC33VTQvkUU/
올리브영,romilily_,인스타그램,,"#협찬  𝑬𝒔𝒔𝒆𝒏𝒕𝒊𝒂𝒍 𝑬𝒏𝒆𝒓𝒈𝒚 𝒇𝒐𝒓 𝑾𝒆𝒍𝒍𝒏𝒆𝒔𝒔  요즘 불규칙한 식습관과 높은 가공 식품 의존도로  영양제도 함께 챙기시는 분들 많으시죠? 전 특히 마그네슘도 꼭 챙겨 먹는데요☺️  마그네슘은 신경과 근육 기능 유지 (신경전달 물질인  아세틸콜린의 분비 감소, 분해 촉진하여 신경을 안정시키고  근육의 긴장을 이완) 하고, 특히 탄수화물 대사에 관여하여  에너지 생성 과정에 아주 중요하답니다 💛  흡수 빠른 액상 타입 글루콘산 마그네슘! 홍경천 추출물이 코티솔을 감소시켜 스트레스로 인한  피로 개선에 도움을 주고 😮 비타민 B군 3종과 아연으로 에너지 대사와  정상적인 면역 기능을 도와줘요.  상큼한 허니 자몽맛으로 그냥 먹어도 좋고  탄산수에 같이 먹어도 넘 맛있더라구요! 🧡 전 요즘 회사 책상에도 놔두고 꼬박 꼬박 챙겨 먹는 답니다😆 야근 피로가 줄어드는 느낌이랄까 ?  현재 올리브영 온/오프라인에서 구매 가능하고,  올리브영에서만 만날 수 있는 특별 기획 패키지도 준비 돼 있어요! 포 스트레스 20입은 선물용으로도 너무 좋네요 🎁  올리브영 판매 1위 마그네슘 만나러 가볼까요? 😍  @mglab.official   #마그랩 #동화약품마그랩 #마그네슘 #포스트레스  #액상마그네슘 #마그네슘추천 #마시는마그네슘  #올리브영건강기능식품 #맛있는건강기능식품  #마시는마그네슘 #스트레스영양제 #마그네슘영양제  #건강기능식품선물추천 #학생건강기능식품  #직장인건강기능식품 #동화약품 #마그랩포스트레스"".","#협찬, #마그랩, #동화약품마그랩, #마그네슘, #포스트레스, #액상마그네슘, #마그네슘추천, #마시는마그네슘, #올리브영건강기능식품, #맛있는건강기능식품, #마시는마그네슘, #스트레스영양제, #마그네슘영양제, #건강기능식품선물추천, #학생건강기능식품, #직장인건강기능식품, #동화약품, #마그랩포스트레스",961.0,,0.0,2024-01-17 07:20:24,https://www.instagram.com/p/C2MVbllIT62/
올리브영,pakhasatang,인스타그램,,"#협찬  과도한 업무 스트레스로  늘 긴장의 연속인 횬미의 삶 :)   그러다 보면 몸이 많이 지치고,  늘 휴식이 필요하다고 느껴지는데요.  그럴때 휴대에 용이하고 맛있는 위아바임의  테아닌 릴렉스 젤리 한포가 정말 좋더라구요! ^^  일단 맛있어서 놀라고!  간편하게 챙겨먹을 수 있어서 정말 좋아요.   망고맛젤리인데 꼼꼼하게 엄선된 프리미엄 부원료에 스트레스로 인한 긴장감 완화에 도움을 주는  ‘테아닌’ 함유로 맛있게 건강을 챙길 수 있어요.   🤍 테아닌 릴렉스 젤리를 포함한 위아바임 브랜드 전제품이 올리브영에 입점해있으며, 할인된 가격으로 구매가 가능하니 참고하세요 🩵  영상 보시면 아시겠지만 진짜 맛있어요 😜😜  #올리브영건강기능식품 #올리브영테아닌 #올리브영젤리 #위아바임 #위아바임테아닌 #테아닌추천 #테아닌젤리 #건강기능식품 #스트레스 #긴장완화 #경동제약"".","#협찬, #올리브영건강기능식품, #올리브영테아닌, #올리브영젤리, #위아바임, #위아바임테아닌, #테아닌추천, #테아닌젤리, #건강기능식품, #스트레스, #긴장완화, #경동제약",,,,2024-12-02 01:21:59,https://www.instagram.com/p/DDDq9PqS15X/
올리브영,winner5909,인스타그램,,"#협찬 #마그랩 #동화약품_건강기능식품 난 내게 더 끌리는 키!!! 제가 요즘 더더좋아하는 키의 광고 뭔가 하고 보니  마그랩 그 마그랩이 제 가방에 있어요! 어느 건강약사님이 오마비라고 오메가3.마그네슘.비타민을 꼭 챙겨먹으라고 마그네슘?그리 중요해? 했는데 왠 걸 마그네슘은 신체에서 4번쨰로 많은 양을 차지하는 물질로 건강한 신체유지에 필수품! 저같이 가공식품 위주의 식단을 하는 분들은  꼭꼭필요한 영양성분 이더라구요 . 건강한 신체를 유지하는데 중요한 ‘마그네슘’을 연구하는 ‘마그네슘 연구소’ 브랜드>>>마그랩 @mglab.official 마그랩에서 나온 흡수 빠른  액상 앰플 타입으로 글루콘산 마그네슘의 신체 흡수율 UP되었는데요 동화약품의 제품으로 믿쓰! . 저는 키의 인스타 릴스보고 탄산수와 함께 마시는데요 요거요거 먹기도 좋고 흡수율도 UP 이 한병에 스트레스로 인한 피로 개선에 좋은 홍경천추출물, 그리고 활력비타민 B군, 아연까지 함께 해볼까요?? . 구매좌표 올리브영 온/오프라인에서 모두 만나 보실 수 있어요! - https://www.oliveyoung.co.kr/store/G.do?goodsNo=A000000189370&utm_source=viral&utm_medium=influencer_ad&utm_campaign=mdh1_forstress_0907_0930&utm_content=revu_ig    #마그네슘 #포스트레스 #액상마그네슘 #마그네슘추천 #마시는마그네슘 #올리브영건강기능식품 #마그네슘건강기능식품 #맛있는건강기능식품 #마시는마그네슘  #건강기능식품선물추천 #수험생건강기능식품 #직장인건강기능식품 #추석선물추천"".","#협찬, #마그랩, #동화약품_건강기능식품, #마그네슘, #포스트레스, #액상마그네슘, #마그네슘추천, #마시는마그네슘, #올리브영건강기능식품, #마그네슘건강기능식품, #맛있는건강기능식품, #마시는마그네슘, #건강기능식품선물추천, #수험생건강기능식품, #직장인건강기능식품, #추석선물추천",2358.0,,18.0,2023-10-06 00:19:08,https://www.instagram.com/p/CyCXRAays5t/
올리브영,sexyhonga,인스타그램,,"ᆞ 저분자콜라겐과 비타민C 를 한번에 충전! #경남제약 #결콜라겐 ᆞ 피부진피층을 이루고있는 콜라겐은 40대이후 급!격!히! 감소한다지만, 이렇게 간편하고 맛있게 채울수있으니 얼마나 좋아요~😚😚 ᆞ 저분자 피쉬콜라겐이라 혹시 비리진 않을까 걱정했는데~ 왠열! 상큼한 레몬맛이야! 심지어 레모나보다 더 맛있어~😝😝 ᆞ 파우치타입으로 언제어디서든 쏙~꺼내 탈탈~털어 먹기만해도 되니, 제 가방속엔 항상 요녀석이 함께 한답니다! ᆞ (SINCE 1957) 경남제약의 스테디셀러 #레모나 를 이은 장수템이 될만하죠?👍🏻👍🏻 ᆞ 탱탱한 피부결! 우리 포기하지말고 결콜라겐으로 채워보아요~🙏🏻🙏🏻 ᆞ 전국 #올리브영 에서 만날수 있답니다~💕💕 ᆞ ᆞ ᆞ #경남제약 #레모나 #결콜라겐 #올리브영 #올리브영건강기능식품 #비타민C #생선콜라겐 #콜라겐보충 #피부관리 #피부건강 #건강그램 #건강스타그램"".","#경남제약, #결콜라겐, #레모나, #올리브영, #경남제약, #레모나, #결콜라겐, #올리브영, #올리브영건강기능식품, #비타민C, #생선콜라겐, #콜라겐보충, #피부관리, #피부건강, #건강그램, #건강스타그램",283.0,,19.0,2019-08-29 04:48:41,https://www.instagram.com/p/B1ts4eLHMUm/
올리브영,__lovin.__,인스타그램,,"⠀ #협찬 @mglab.official 운동이 일상인 우리를 위해 하루 1병으로 간편하게 에너지 충전부터 근육 건강까지 한 번에 케어하도록 돕는 마그랩 포 에너지 덕분에 건강하고 활력 넘치는 일상을 느끼는 중 ෆ ⠀ 마그네슘은 신체에서 4번째로 많은 양을 차지하는 물질로 건강한 신체를 유지하는데 중요한 요소랍니다! ⠀ 신경을 안정시키고 근육의 긴장을 이완시키도록 돕고 에너지 생성 과정에 중요한 역할을 하는 마그네슘! 가공식품의 의존도가 높을 경우, 체내의 마그네슘이 부족할 수 있어 반드시 추가 섭취가 필요한 영양 성분이라고 해요! ⠀ ‘Essential Energy for Wellness’ 라는 슬로건 아래 건강한 신체를 유지하는데 중요한 ‘마그네슘’을 연구하는 브랜드인 MgLAB (마그랩) 은 인류의 건강과 행복을 이끌어 나가기 위해 한국에서 가장 오래된 역사를 자랑하는 동화약품에서 만든 건강기능식품 브랜드라 믿고 먹을 수 있답니다! ⠀ 마그랩 포 에너지는 흡수 빠른 글루콘산 마그네슘의 액상 앰플 타입으로 신체 흡수율을 높이도록 도움을 주고 활력비타민 B군 3종(비타민 B1,B2,B6)으로 1일 영양성분 기준치 대비 100% 충족까지 경험할 수 있다니 ෆ ⠀ 비타민 B군은 수용성 비타민으로 체내에서 필요한만큼 사용되고 모두 배출되므로 매일 꾸준한 섭취가 필요하다고 해요! ⠀ 게다가 엄선한 3가지 부원료 L-아르기닌, BCAA, 시트룰린 함유는 물론 예쁜 레몬색 색상에 새콤상큼한 향과 레몬라임맛으로 맛있게 섭취할 수 있어서 마음에 쏙 드는 ෆ 그대로 섭취하거나 취향에 맞게 음료, 탄산수, 생수 등에 타 먹어도 된답니다! 휴대하기 편한 사이즈라 언제 어디서든 간편하게 챙기기 좋은 점까지 넘 만족스러운 :) ⠀ 올리브영 온/오프라인에서 모두 만나 보실 수 있어요 ෆ 근육 건강을 챙기고 싶으신 분! 운동을 즐겨 에너지 사용량이 많으신 분! 마그네슘 부족이 염려되어 보충을 원하시는 분! 간편하게 에너지 충전을 돕는 마그랩 포 에너지 함께 챙겨요 ❤️ ⠀ ㄴ https://www.oliveyoung.co.kr/store/G.do?goodsNo=A000000189372&utm_source=viral&utm_medium=influencer_ad&utm_campaign=mdh1_forenergy_0907_0930&utm_content=revu_ig ⠀ ⠀  #마그랩 #동화약품_건강기능식품 #마그네슘 #포에너지 #액상마그네슘 #마그네슘추천 #마시는마그네슘 #올리브영건강기능식품 #마그네슘건강기능식품 #맛있는건강기능식품 #마시는마그네슘 #추석선물추천 #건강기능식품선물추천"".","#협찬, #마그랩, #동화약품_건강기능식품, #마그네슘, #포에너지, #액상마그네슘, #마그네슘추천, #마시는마그네슘, #올리브영건강기능식품, #마그네슘건강기능식품, #맛있는건강기능식품, #마시는마그네슘, #추석선물추천, #건강기능식품선물추천",1898.0,,18.0,2023-10-06 03:44:25,https://www.instagram.com/p/CyCtw5vJkJZ/
올리브영,selfrx_official,인스타그램,,"올리브영에서 가장 간편하게 한 포 할 수 있는 멀티비타민은?! ⠀ 성인 남녀에게 꼭 필요한 맞춤형 설계로, 21종 영양성분을 하루 한 포로 섭취할 수 있는 셀파렉스!💜 ⠀ 올리브영에선, 스페셜패키지의 셀파렉스를 만나보실 수 있습니다!(소근소근) ⠀ 그럼 지금, 올리브영에서 오늘도 셀파렉스 하세요! ⠀ **건강기능식품 동아제약(판매원)서흥(제조원) ⠀ #selfrx #셀파렉스 #김우빈 #김우빈비타민 #金宇彬 #kimwoobin #완포비타민 #셀프 #셀렉 #bemyself #bemyselfrx #포마이셀픽케어 #formyselpickcare #올리브영 #올리브영건강기능식품 #올리브영멀티비타민 #올리브영비타민 #나를위한비타민 #ME완성 #디몰 #건강기능식품"".","#selfrx, #셀파렉스, #김우빈, #김우빈비타민, #金宇彬, #kimwoobin, #완포비타민, #셀프, #셀렉, #bemyself, #bemyselfrx, #포마이셀픽케어, #formyselpickcare, #올리브영, #올리브영건강기능식품, #올리브영멀티비타민, #올리브영비타민, #나를위한비타민, #ME완성, #디몰, #건강기능식품",94.0,,1.0,2021-11-05 02:31:24,https://www.instagram.com/p/CV4KNAFsj4R/
올리브영,mormor__,인스타그램,,"#협찬  요즘 바쁜 스케줄로 몸과 마음이 힘들어 먹게된 '포스트레스'💜   포스트레스는 건강에 필수적인 에너지 '마그네슘'을 연구하는 브랜드 MgLAB에서 만든 제품인데요  마그네슘은 몸에 4번째로 많은 양을 차지하는 물질로 에너지 생성 과정에 중요한 역할을 한다고해요🫶🏻  제가 건강을 위해 'MgLAB' 마그네슘을 선택한이유! 스트레스로 인한 피로개선에 도움을 줄 수 있는 홍경천추출물 활력비타민 B군 3종! 아연까지!  1일 영양성분 기준치 대비 100% 충족💪🏻  올리브영 건강기능식품 판매 1위 마그네슘으로 (2023.11.1 기준) 한국에서 가장 오래된 역사를 자랑하는 동화약품에서 만든 건강기능식품 브랜드👏🏻  그리고 맛있는 상큼한 허니자몽맛😆  매일 먹어도 질리지않는 맛으로 건강하게 먹고 기분좋은 연초 보내고 있어요🥰  구매처는 올리브영 온/오프라인 어디서나! 올리브영에서 만날 수 있는 특별기획 패키지로 사랑하는 사람에게 선물 하세요🎁  @mglab.official  #마그랩 #동화약품마그랩 #마그네슘 #포스트레스 #액상마그네슘 #마그네슘추천 #마시는마그네슘 #올리브영건강기능식품 #맛있는건강기능식품 #마시는마그네슘 #스트레스영양제 #마그네슘영양제 #건강기능식품선물추천 #학생건강기능식품 #직장인건강기능식품 #동화약품 #마그랩포스트레스"".","#협찬, #마그랩, #동화약품마그랩, #마그네슘, #포스트레스, #액상마그네슘, #마그네슘추천, #마시는마그네슘, #올리브영건강기능식품, #맛있는건강기능식품, #마시는마그네슘, #스트레스영양제, #마그네슘영양제, #건강기능식품선물추천, #학생건강기능식품, #직장인건강기능식품, #동화약품, #마그랩포스트레스",604.0,,44.0,2024-01-15 00:24:05,https://www.instagram.com/p/C2GcOEAyjKh/
올리브영,ehcl15,인스타그램,,"#협찬 마그랩 포 에너지 마시면서 마그네슘과 비타민 챙기기!🤾🏼‍♀️💜 저는 운동할 때 하나씩 갖고 다니면서 에너지 충전을 하고 있어요!  마그네슘은 신체에서 4번째로 많은 양을 차지하는 물질인데요! 신경을 안정시키고 근육의 긴장을 이완시키고 에너지 생성 과장에 중요한 역할을 한다고 해요!✨  마그랩은 동화약품에서 만든 건강기능식품 브랜드라 더욱 믿고 먹을 수 있겠더라고요! 새콤상큼한 레몬라임맛이라 먹기도 편하더라고요! 평소에 하나씩 챙겨 다니면서 간편하게 챙겨보세요 :)  #마그랩 #동화약품_건강기능식품 #마그네슘 #포에너지 #액상마그네슘 #마그네슘추천 #마시는마그네슘 #올리브영건강기능식품 #마그네슘건강기능식품 #맛있는건강기능식품 #마시는마그네슘 #추석선물추천 #건강기능식품선물추천"".","#협찬, #마그랩, #동화약품_건강기능식품, #마그네슘, #포에너지, #액상마그네슘, #마그네슘추천, #마시는마그네슘, #올리브영건강기능식품, #마그네슘건강기능식품, #맛있는건강기능식품, #마시는마그네슘, #추석선물추천, #건강기능식품선물추천",,,,2023-11-13 06:55:25,https://www.instagram.com/p/Czk60sxrf5g/
올리브영,ganet0306,인스타그램,,"#협찬 매일 바쁜 일상을 살아가는 현대인들에게 건강관리는 선택이 아닌 필수 일 텐데요 건강의 최대 적은 역시 스트레스가 아닐까 싶어요~!!  요즘 제가 매일 챙기고 있는 마그랩 포 스트레스는 한국에서 가장 오래된 역사를 자랑하는 동화약품에서 만든 건강기능식품 브랜드인 ‘마그랩’ 제품으로 MgLAB (마그랩)은 ‘Essential Energy for Wellness’ 라는 슬로건 아래 건강한 신체를 유지하는데 중요한 ‘마그네슘’을 연구하는 ‘마그네슘 연구소’ 브랜드라고 하니 더욱 믿음이 가더라구요 🤩   마그네슘은 신체에서 4번째로 많은 양을 차지하는 물질로 건강한 신체를 유지하는데 중요한 요소인데요 신경을 안정시키고 근육의 긴장을 이완 / 에너지 생성 과정에 중요한 역할을 한다고 해요 💪   무엇보다 가공식품을 많이 섭취하는 현대인들의 경우 체내의 마그네슘이 부족할 수 있어 반드시 추가 섭취가 필요한 영양 성분이라고 하니 꼭 챙기는 것이 좋겠죠?   마그랩 포 스트레스’는 흡수 빠른 액상 타입으로 글루콘산 마그네슘의 신체 흡수율을 높였고, 스트레스로 인한 피로개선에 도움을 줄 수 있는 홍경천추출물과 활력비타민 B군 3종이 함께 함유되어 있어 더욱 건강하게 챙길 수 있는 제품이었는데요   제품 패키지 그대로 그냥 마셔도 좋고 물이나 탄산수에 타서 마셔도 되는데다 상큼한 허니자몽맛이라서 누구나 호불호 없이 맛있게 챙길 수 있어 너무 좋았어요 🍊   제품 구입은 올리브영 온/오프라인에서 모두 만날 수 있다고 하니 스트레스로 인한 피로개선이 필요하신 분들이라면 마그랩 ‘포 스트레스’로 간편하게 활력 충전 해보시면 좋을 것 같아요 😊   📌  제품 구매하러가기 : https://www.oliveyoung.co.kr/store/G.do?goodsNo=A000000189370&utm_source=viral&utm_medium=influencer_ad&utm_campaign=mdh1_forstress_0907_0930&utm_content=revu_ig  #마그랩 #동화약품_건강기능식품 #마그네슘 #포스트레스 #액상마그네슘 #마그네슘추천 #마시는마그네슘 #올리브영건강기능식품 #마그네슘건강기능식품 #맛있는건강기능식품 #마시는마그네슘 #건강기능식품선물추천 #수험생건강기능식품 #직장인건강기능식품"".","#협찬, #마그랩, #동화약품_건강기능식품, #마그네슘, #포스트레스, #액상마그네슘, #마그네슘추천, #마시는마그네슘, #올리브영건강기능식품, #마그네슘건강기능식품, #맛있는건강기능식품, #마시는마그네슘, #건강기능식품선물추천, #수험생건강기능식품, #직장인건강기능식품",445.0,,15.0,2023-10-06 10:05:34,https://www.instagram.com/p/CyDan6PJVaS/
올리브영,coucouyj,인스타그램,,"#협찬 by @mglab.official  제가 꼭 챙겨먹는 영양제 중 하나가 #마그네슘 인데요😉 마그네슘은 신체에서 4번째로 많은 양을 차지하는 물질로 신경을 안정시키고 근육의 긴장을 이완시키고 에너지 생성 과정에 중요한 역할을 해 건강한 신체를 유지하는데 중요한 요소에요! 특히, 가공식품의 의존도가 높을 경우 체내의 마그네슘이 부족할 수 있어 반드시 추가 섭취가 필요한 영양 성분이랍니다 👍🏻  그래서 제가 선택한 브랜드는 인류의 건강과 행복을 이끌어 나가기 위해 한국에서 가장 오래된 역사를 자랑하는 동화약품에서 만든 건강기능식품 브랜드  ‘𝐄𝐬𝐬𝐞𝐧𝐭𝐢𝐚𝐥 𝐄𝐧𝐞𝐫𝐠𝐲 𝐟𝐨𝐫 𝐖𝐞𝐥𝐥𝐧𝐞𝐬𝐬’ 라는 슬로건 아래 ‘마그네슘’을 연구하는 ‘마그네슘 연구소’ 브랜드 #마그랩 𝐌𝐠𝐋𝐀𝐁 이에요 😀   #동화약품마그랩 은  ✔️ 흡수 빠른 글루콘산 마그네슘의 액상 앰플 타입으로 신체 흡수율 UP ✔️ 홍경천 추출물이 함유되어있는데 인체적용시험결과!! 야근으로 인한 피로도 감소 확인, 수험생의 정신적 피로도 감소, 스트레스 호르몬 코티솔 감소되어 스트레스로 인한 피로개선에 도움을 줄 수 있어요! ✔️ 비타민 B군은 수용성 비타민으로 체내에서 필요한만큼 사용되고 모두 배출되서 매일 꾸준한 섭취 필요한데 활력비타민 B군 3종(비타민 B1,B2,B6)과 아연까지 1일 영양성분 기준치 대비 100% 충족 ✔️상큼한 허니자몽맛😋   ✅2023.11.01 올리브영 건강식품 판매 랭킹 기준 판매 1위 마그네슘으로 자리잡은 #액상마그네슘 #마그랩포스트레스 가 #올리브영 에서만 만날 수 있는 특별 기획 패키지를 올리브영 온/오프라인 구매 가능하다구 해요 😉🙌🏻  #포스트레스#마그네슘추천 #마시는마그네슘 #올리브영건강기능식품 #맛있는건강기능식품 #마시는마그네슘 #스트레스영양제 #마그네슘영양제 #건강기능식품선물추천 #학생건강기능식품 #직장인건강기능식품 #동화약품"".","#협찬, #마그네슘, #마그랩, #동화약품마그랩, #액상마그네슘, #마그랩포스트레스, #올리브영, #포스트레스, #마그네슘추천, #마시는마그네슘, #올리브영건강기능식품, #맛있는건강기능식품, #마시는마그네슘, #스트레스영양제, #마그네슘영양제, #건강기능식품선물추천, #학생건강기능식품, #직장인건강기능식품, #동화약품",1095.0,,20.0,2024-01-16 03:10:17,https://www.instagram.com/p/C2JULfOv2qE/
올리브영,mi_ok0808,인스타그램,,"#광고 아침에 일어날 때 스트레스로 인해 피로함을 많이 느끼는 분들을 위한 건강기능식품!!🤭  국내에서 가장 오래된 제약회사 부채표로 유명한 동화약품 에서 나와서 더 믿음이 가네욤ㅎ̆̈ㅎ̆̈  마그랩포스트레스는 신경전달 물질인 아세틸콜린의 분비를 감소시키고, 분해를 촉진하여 신경을 안정시키고 근육의 긴장을 이완시켜주는 건강기능식품이에요 ㅎ̆̈ㅎ̆̈  🩵올리브영에서 만나보세요!🩵 . . . . . .  #동화약품 #건강기능식품 #마그랩 #마그랩포스트레스 #포스트레스 #동화약품마그랩 #마그네슘 #액상마그네 슘 #마시는마그네슘 #올리브영건강기능식품 #맛 있는건강기능식품 #스트레스영양제 #마그네슘영양제 #건강기능식품선물추천 #직장인건강기능식품 #대구 #데일리 #일상 #소통 #소통환영 #협찬문의"".","#광고, #동화약품, #건강기능식품, #마그랩, #마그랩포스트레스, #포스트레스, #동화약품마그랩, #마그네슘, #액상마그네, #마시는마그네슘, #올리브영건강기능식품, #맛, #스트레스영양제, #마그네슘영양제, #건강기능식품선물추천, #직장인건강기능식품, #대구, #데일리, #일상, #소통, #소통환영, #협찬문의",76.0,,0.0,2024-04-12 15:21:59,https://www.instagram.com/p/C5qpE7Uv3-z/
올리브영,19xx.07.27,인스타그램,,"#광고 지만 꾸준히 챙기고 있는 찐템!  작년에는 일에 치여 살다보니  건강관리에 소홀했더라고요ㅠㅠ 2025년 새해에는 바쁘더라도  건강을 챙겨야 겠다는 생각이 들어 평소 방앗간 들르듯 방문하는  올리브영에서 세노비스 밀크씨슬+를 데려왔어요!✨️  세노비스 밀크씨슬+에는 실리마린 130mg을 함유한  밀크씨슬 추출물을 가득 담아냈을 뿐만 아니라, 에너지 생성에 도움을 줄 수 있는 비타민B군 6종까지 함유해 든든함을 갖췄는데요! 하루 한 캡슐만  챙기면 돼서 습관처럼 챙기기 좋더라고요👍  아침에 일어나기 어려운 직장인분들이나 간 건강관리를 하고자 하시는 분들은  세노비스 밀크씨슬+과 함께 해보시는 건 어떠세요?  새해에만 누릴 수 있는 올리브영 특별 할인 혜택으로 최대 54% 할인된 가격으로 구매가 가능해서  나를 위한 선물로도 소중한 내 주변분들을 위한  선물로 준비해보셔도 좋을 것 같아요!  올리브영은 물론 세노비스  네이버 브랜드 스토어에서도 만나보실 수 있답니다~~!  #세노비스#CENOVIS#밀크씨슬+#세노비스밀크씨슬+#건강기능식품추천#간건강#올리브영핫템#비타민B#에너지생성#올리브영건강기능식품#올리브영추천템#건강템#새해선물"".","#광고, #세노비스, #CENOVIS, #밀크씨슬, #세노비스밀크씨슬, #건강기능식품추천, #간건강, #올리브영핫템, #비타민B, #에너지생성, #올리브영건강기능식품, #올리브영추천템, #건강템, #새해선물",716.0,,4.0,2025-01-17 04:58:31,https://www.instagram.com/p/DE6gTcYP7qM/
올리브영,9_0101,인스타그램,,"#협찬 @mglab.official 우리 몸에서 4번째로 많은 양을 차지하는 마그네슘 신경을 안정시키고 근육 긴장을 이완시키는 작용을 해서 잠도  푹 자게 해주는 고마운 영양성분이라 매일 챙겨주고 있어요.  요즘 챙겨먹는 키 마그네슘! 마그랩❤️ 액상 앰플타입이라 흡수율도 좋고 먹기도 간편해요!  허니자몽맛이라 그냥 먹어도 맛있고  탄산수에 타서 음료수처럼 마셔도 좋았어요  요즘 스트레스 많이 받아서 지쳐있는데  스트레스로 인한 피로개선에 도움을 주는  홍경천추출물이 들어있데서 1일 1병 하는중!  수능 얼마 안남아서 수험생들 선물로 줘도 좋겠다 싶었어요 활력비타민 B군 3종이 1일 영양성분 기준치 대비  100% 들어있어 한병으로도 든든해💪🏻   ✔️지금 올리브영 온/오프라인에서 기획세트를 구매하면  샤이니 키 포카가 들어있다고 하니까 키처럼 생기 뿜뿜 해지러  가보자구여! 마그랩 잘 챙겨먹고 스트레스 좀비에서 벗어나리라      #마그랩 #동화약품_건강기능식품 #마그네슘 #포스트레스  #액상마그네슘 #마그네슘추천 #마시는마그네슘  #올리브영건강기능식품 #마그네슘건강기능식품  #맛있는건강기능식품 #마시는마그네슘 #스트레스영양제  #마그네슘영양제 #건강기능식품선물추천 #수험생건강기능식품 #직장인건강기능식품 #동화약품 #마그랩포스트레스"".","#협찬, #마그랩, #동화약품_건강기능식품, #마그네슘, #포스트레스, #액상마그네슘, #마그네슘추천, #마시는마그네슘, #올리브영건강기능식품, #마그네슘건강기능식품, #맛있는건강기능식품, #마시는마그네슘, #스트레스영양제, #마그네슘영양제, #건강기능식품선물추천, #수험생건강기능식품, #직장인건강기능식품, #동화약품, #마그랩포스트레스",592.0,,2.0,2023-11-11 07:10:37,https://www.instagram.com/p/Czfy2LYJZBq/
올리브영,shasha_0827,인스타그램,,"#광고 지만 나의 건강루틴템!  바쁘다는 핑계로 챙기지 못한 내 몸에게 미안함을 느끼며 새해에는 건강한 습관을 위해 세노비스 밀크씨슬+ 챙기기 시작했어요 :) 간 건강과 에너지 생성에 도움을 줄 수 있어 활력 넘치는 라이프 스타일을 위한 저의 건강 루틴으로 매일 아침 일어나자마자 따뜻한 물 한잔을 마시고 1일 1캡슐 섭취 습관을 들이고 있는데요~  간 건강에 도움을 줄 수 있는 밀크씨슬추출물, 여기에 에너지 생성에 필요한 비타민 B군 6종도 함유하고 있어 든든!😁  매일 야근이 잦은 저희 부부에게 딱 아닌가요? 새해 맞이 이벤트도 진행 중으로 올리브영에서는 최대 54% 할인이 진행 중이고 세노비스 네이버 브랜드 스토어에서도 만날 수 있는데요~  바쁜 현대인 라이프 스타일에 맞춘 건강기능식품으로 나에게! 혹은 남편, 남자친구에게 새해에는 건강을 선물해보세요💚  #세노비스 #CENOVIS #밀크씨슬+ #세노비스밀크씨슬+ #건강기능식품추천 #간건강 #올리브영핫템 #비타민B #에너지생성 #올리브영건강기능식품 #올리브영추천템 #새해선물 #건강템"".","#광고, #세노비스, #CENOVIS, #밀크씨슬, #세노비스밀크씨슬, #건강기능식품추천, #간건강, #올리브영핫템, #비타민B, #에너지생성, #올리브영건강기능식품, #올리브영추천템, #새해선물, #건강템",1354.0,,47.0,2025-01-17 12:45:59,https://www.instagram.com/p/DE7VzN5vBt1/
올리브영,song2suki,인스타그램,,"#협찬 @mglab.official  요즘 쏟아지는 회사업무로 야근야근!! 숨쉴틈도 없는데요!! 덕분에(?) 저는 스트레스+피곤함 콜라보네이션 ㅠㅠㅠㅠ 연말이 코앞인데 계속 이럴수는 없다며!! 지친일상! 하루 1샷으로 간편하게 활력충전 할 수 있는 마그랩 액상형 마그네슘 포 스트레스 섭취중이예요!  ‘Essential Energy for Wellness’ 라는 슬로건 아래 건강한 신체를 유지하는데 중요한 ‘마그네슘’을 연구하는 ‘마그네슘 연구소’ 브랜드인 MgLAB (마그랩)은 동화약품에서 만든 건강기능식품 브랜드라서 더욱 믿음이 가더라구요!  마그랩 액상형 마그네슘 포 스트레스는 흡수 빠른 글루콘산 마그네슘으로 신체 흡수율이 높고, 스트레스로 인한 피로개선에 도움을 줄 수 있는 홍경천추출물이 함유되어 있어요~ 또한, 활력비타민 B군 3종(비타민 B1,B2,B6)과 아연까지 1일 영양성분 기준치 대비 100% 충족하는 제품이랍니다!🎶🎵  마그네슘은 신체에서 4번째로 많은 양을 차지하는 물질로 건강한 신체를 유지하는데 중요한 요소지만, 가공식품의 의존도가 높을 경우 체내의 마그네슘이 부족할 수 있어 반드시 추가 섭취가 필요한 영양성분이니깐 저도 마그랩 포 스트레스는 꾸준히 챙기려구요~ 상큼한 허니자몽맛으로 섭취하기에도 좋다는 건 안비밀 ㅋㅋㅋ  올리브영 판매 1위 마그네슘! 마그랩 포 스트레스! (*2023.11.01 올리브영 건강식품 판매 랭킹 기준*) 이번에 올리브영에서만 만날 수 있는 특별 기획 패키지를 온라인, 오프라인에서 구매가능하니깐❤️❤️ 새해를 맞이해 , 고마운 지인분, 가족, 친구 선물로도 추천드려요!  #마그랩 #동화약품마그랩 #마그네슘 #포스트레스 #액상마그네슘 #마그네슘추천 #마시는마그네슘 #올리브영건강기능식품 #맛있는건강기능식품 #마시는마그네슘 #스트레스영양제 #마그네슘영양제 #건강기능식품선물추천 #학생건강기능식품 #직장인건강기능식품 #동화약품 #마그랩포스트레스"".","#협찬, #마그랩, #동화약품마그랩, #마그네슘, #포스트레스, #액상마그네슘, #마그네슘추천, #마시는마그네슘, #올리브영건강기능식품, #맛있는건강기능식품, #마시는마그네슘, #스트레스영양제, #마그네슘영양제, #건강기능식품선물추천, #학생건강기능식품, #직장인건강기능식품, #동화약품, #마그랩포스트레스",774.0,,15.0,2024-01-15 02:44:25,https://www.instagram.com/p/C2GsbTRhN5V/
올리브영,selfrx_official,인스타그램,,"올리브영에서 가장 간편하게 한 포 할 수 있는 멀티비타민은?! ⠀ 성인 남녀에게 꼭 필요한 맞춤형 설계로, 21종 영양성분을 하루 한 포로 섭취할 수 있는 셀파렉스!💜 ⠀ 올리브영에선, 스페셜패키지의 셀파렉스를 만나보실 수 있습니다!(소근소근) ⠀ 그럼 지금, 올리브영에서 오늘도 셀파렉스 하세요! ⠀ **건강기능식품 동아제약(판매원)서흥(제조원) ⠀ #selfrx #셀파렉스 #김우빈 #김우빈비타민 #金宇彬 #kimwoobin #완포비타민 #셀프 #셀렉 #bemyself #bemyselfrx #포마이셀픽케어 #formyselpickcare #올리브영 #올리브영건강기능식품 #올리브영멀티비타민 #올리브영비타민 #나를위한비타민 #ME완성 #디몰 #건강기능식품"".","#selfrx, #셀파렉스, #김우빈, #김우빈비타민, #金宇彬, #kimwoobin, #완포비타민, #셀프, #셀렉, #bemyself, #bemyselfrx, #포마이셀픽케어, #formyselpickcare, #올리브영, #올리브영건강기능식품, #올리브영멀티비타민, #올리브영비타민, #나를위한비타민, #ME완성, #디몰, #건강기능식품",73.0,,0.0,2021-11-05 02:30:42,https://www.instagram.com/p/CV4KH6zNay3/
올리브영,selfrx_official,인스타그램,,"#김우빈 이 추천하는 하루 습관, 셀파렉스를 올리브영에서 만나보세요! ⠀ 셀파렉스 에센셜 포우먼/포맨 외 전제품이 올리브영에서 여러분을 기다립니다. 올리브영 입점기념! 전제품 특가SALE! 전 구매고객 사은품 증정 혜택까지!! ⠀ 단 일주일만 진행하는 이번 기회를 놓치지 마세요~! ⠀ #EVENT 현재 올리브영에서 진행하는 셀파렉스 올리브영 입점기념 프로모션! 전 제품 최대 OO% 특가 할인 중! ⠀ OO%에 들어가는 할인율을 맞춰주세요. 댓글로 정답을 맞춰주신 분들 중 추첨을 통해 20분께 스타벅스 커피를 드립니다! ⠀ ✅참여 방법 : 올리브영 입점기념 셀파렉스 OO%특가세일에 들어갈 숫자 댓글로 맞추기 ✅참여 기간 : 2021.04.19(월) – 2021.04.26(월) ✅당첨자 발표 : 2021.04.28/(수) ✅ 경품 : 스타벅스 아메리카노 Tall(20명) *HINT ) 프로필링크에 있는 올리브영 입점프로모션 확인하기!(●'◡'●) ⠀ ⠀ #selfrx #셀파렉스 #김우빈 #김우빈비타민 #金宇彬 #kimwoobin #완(one)포비타민 #완포비타민 #셀프 #셀렉 #bemyself #bemyselfrx #나를위한비타민 #ME완성 #Formyselpickcare#포마이셀픽케어#올리브영 #올리브영세일 #올리브영건강기능식품 #건강기능식품추천 #이벤트 #퀴즈이벤트 #디몰 #건강기능식품 #동아제약(판매원)서흥(제조원) ) ⠀"".","#김우빈, #EVENT, #selfrx, #셀파렉스, #김우빈, #김우빈비타민, #金宇彬, #kimwoobin, #완, #완포비타민, #셀프, #셀렉, #bemyself, #bemyselfrx, #나를위한비타민, #ME완성, #Formyselpickcare, #포마이셀픽케어, #올리브영, #올리브영세일, #올리브영건강기능식품, #건강기능식품추천, #이벤트, #퀴즈이벤트, #디몰, #건강기능식품, #동아제약",467.0,,215.0,2021-04-19 06:53:33,https://www.instagram.com/p/CN1pOGeHN4z/
올리브영,selfrx_official,인스타그램,,"올리브영에서 가장 간편하게 한 포 할 수 있는 멀티비타민은?! ⠀ 성인 남녀에게 꼭 필요한 맞춤형 설계로, 21종 영양성분을 하루 한 포로 섭취할 수 있는 셀파렉스!💜 ⠀ 올리브영에선, 스페셜패키지의 셀파렉스를 만나보실 수 있습니다!(소근소근) ⠀ 그럼 지금, 올리브영에서 오늘도 셀파렉스 하세요! ⠀ **건강기능식품 동아제약(판매원)서흥(제조원) ⠀ #selfrx #셀파렉스 #김우빈 #김우빈비타민 #金宇彬 #kimwoobin #완포비타민 #셀프 #셀렉 #bemyself #bemyselfrx #포마이셀픽케어 #formyselpickcare #올리브영 #올리브영건강기능식품 #올리브영멀티비타민 #올리브영비타민 #나를위한비타민 #ME완성 #디몰 #건강기능식품"".","#selfrx, #셀파렉스, #김우빈, #김우빈비타민, #金宇彬, #kimwoobin, #완포비타민, #셀프, #셀렉, #bemyself, #bemyselfrx, #포마이셀픽케어, #formyselpickcare, #올리브영, #올리브영건강기능식품, #올리브영멀티비타민, #올리브영비타민, #나를위한비타민, #ME완성, #디몰, #건강기능식품",78.0,,0.0,2021-11-05 02:33:02,https://www.instagram.com/p/CV4KZAXJT3D/
올리브영,selfrx_official,인스타그램,,"새로운 시도와 도전들로 여러분들과 함께한 2021년이 하루밖에 남지 않았네요😊  셀파렉스는 또 다른 모습으로 여러분들과 2022년을 함께하기 위해 준비중입니다.  2022년도 셀파렉스와 함께해요!  #selfrx #셀파렉스 #김우빈 #김우빈비타민 #金宇彬 #kimwoobin #완포비타민 #셀프 #셀렉 #bemyself #bemyselfrx #포마이셀픽케어 #formyselpickcare #올리브영 #올리브영건강기능식품 #나를위한비타민 #ME완성 #디몰 #건강기능식품 #완one포비타민"".","#selfrx, #셀파렉스, #김우빈, #김우빈비타민, #金宇彬, #kimwoobin, #완포비타민, #셀프, #셀렉, #bemyself, #bemyselfrx, #포마이셀픽케어, #formyselpickcare, #올리브영, #올리브영건강기능식품, #나를위한비타민, #ME완성, #디몰, #건강기능식품, #완one포비타민",105.0,,4.0,2021-12-31 02:30:32,https://www.instagram.com/p/CYIWnsmOEzV/
올리브영,i.hate.choijun,인스타그램,,"#광고 준비한대로 나오면 얼마나 좋게요  [CJ웰케어x취준정병] 고된 취준으로 텅장된 여러분들의 건강을 위해 멀티비타민을 드리려고해용💕  - 댓글로 ”가성비+감상평“ 작성  - 추첨을 통해 10분께 멀티비타민+인기 SKU 2종 *총 3종 제공  - 이벤트 기간 : ~3/19일 (업로드 후 1주일)  - 당첨자 공지 : 3/23일  - 제품 발송 : 3/30일 제품 발송   #올리브영비타민 #올리브영건기식 #가성비"".","#광고, #올리브영비타민, #올리브영건기식, #가성비",2333.0,,30.0,2026-03-12 07:30:15,https://www.instagram.com/p/DVxuQUSAXnb/
올리브영,allbio.official,인스타그램,,"요즘 올영 건기식 코너에서 자꾸 눈에 띄는 락토페린 🥛  알고 보니 초유·모유에 든 귀한 단백질이더라고요. 철분이랑 짝꿍처럼 붙어 다니면서 흡수를 도와주는 성분이에요. 연구에서는 장내 유익균 균형과 체지방 관리에 도움 가능성이 보고되기도 했고요 (출처: Nutrients 2023).  20~30대 여성은 철분이 부족하기 쉬운 편이라(국민건강영양조사 제9기, 2024), 아침마다 붓고 장도 예민한 분들이라면 아침 공복에 2~3개월 꾸준히 섭취해보는 거 어때요? 💫"".",,6.0,,2.0,2026-04-24 09:45:15,https://www.instagram.com/p/DXgoXsfk32b/
올리브영,hamnihouse,인스타그램,,"#광고 올해 여행을 자주 다녔더니  건강 관리의 중요성을 절실히 느끼게 되더라구요.   저는 건기식 구매할 때 올리브영 헬스+에 들어가는데 이번에 헬스 스테이지가 눈에 들어 왔어요! 💚  올리브영 헬스+에서 선정한 1개 브랜드를 대상으로 5일동안 파워풀한 혜택을 제공하는 행사인데 이번에는 세노비스에서 기획전을 한다네요!   ✨️세노비스 BEST 아이템 한정✨️ 9/23 ~ 9/27 까지(5일 동안) 진행하는 오특가 찬스!  ✔️세노비스 트리플러스 맨&우먼 오특가 49,000원 > 27,900원 (43% 할인) ✔️세노비스 콜라겐 비타민 젤리 오특가 19,000원 > 10,900원 (42%할인) ✔️세노비스 밀크씨슬+ 오특가 50,000원 > 25,900원 (48%할인) ✔️세노비스 피부촉촉 히알루론산 오특가 54,700원 > 29,500원 (46%할인)  거기다, 매일 새로운 쿠폰 증정! 🎫 오특 + 새로운 쿠폰도 매일 준다고 하니 이번이 완전 절호의 찬스! 9/24 화요일 저녁8시에 진행하는 올리브영 자체 라이브도 놓치지 마세요! 🙌  저는 이번에 거의 모든 제품들 쟁여 놓을 예정이에요  가족들이랑 친구들 선물로도 주려고요! 🎁  #올리브영헬스+ #헬스+건기식 #올리브영건기식 #올영헬스 #헬스스테이지 #세노비스 #세노비스트리플러스 #트리플러스 #트리플러스맨 #트리플러스우먼 #비타민 #멀티비타민 #종합비타민 #콜라겐 #콜라겐비타민젤리 #밀크씨슬 #밀크씨슬+ #간건강 #피부촉촉히알루론산 #히알루론산 #피부촉촉 #건강기능식품추천 #오메가3 (EPA 및 DHA 함유유지)"".","#광고, #올리브영헬스, #헬스, #올리브영건기식, #올영헬스, #헬스스테이지, #세노비스, #세노비스트리플러스, #트리플러스, #트리플러스맨, #트리플러스우먼, #비타민, #멀티비타민, #종합비타민, #콜라겐, #콜라겐비타민젤리, #밀크씨슬, #밀크씨슬, #간건강, #피부촉촉히알루론산, #히알루론산, #피부촉촉, #건강기능식품추천, #오메가3",2352.0,,22.0,2024-09-23 13:06:53,https://www.instagram.com/p/DAQrzfsSh1c/
올리브영,heydays12,인스타그램,,"#광고 지만 꿀정보공유!  평소 건강관리에 관심이 많아서  하루에 최소 8~10가지의 건강기능식품을 챙기는 저! 아마 자기관리에 철저하신 분들이라면 공감하는 분들 많으실텐데요.  그런 분들에게 꼭 공유하고 싶은  혜자로운 정보가 있으니 바로 올리브영 헬스 스테이지!  올리브영 헬스+에서 선정한 1개 브랜드를 대상으로  5일 동안 혜자로운 혜택을 제공하는 행사인데  첫 번째로 선정된 브랜드가 제가 애정하는 세노비스거든요~   세노비스는 무려 86년의 헤리티지를 이어오고 있는  호주 건강기능식품 기업이라 저도 믿고 선택하는 브랜드인데요. 성별, 연령에 따라 기초 건강부터 특수 건강까지  챙길 수 있는 라인업을 보유하고 있어서 올리브영 갈 때마다  꼭 구경하는 브랜드인데…  올영 헬스 스테이지 첫 주차라니요!! 👍  찐애정자로써 추천드리고 싶은 List 정리해보자면  ✅ 세노비스 트리플러스 맨&우먼 오특가 49,000원 > 27,900원 (43% 할인) ✅ 세노비스 콜라겐 비타민 젤리 오특가 19,000원 > 10,900원 (42%할인) ✅ 세노비스 밀크씨슬+ 오특가 50,000원 > 25,900원 (48%할인) ✅ 세노비스 피부촉촉 히알루론산 오특가 54,700원 > 29,500원 (46%할인)  게다가 매일 새로운 쿠폰을 증정해주고  오특+ 쿠폰도 매일 준다고 하니 놓치지 말자구요!   #올리브영헬스+ #헬스+건기식 #올리브영건기식 #올영헬스 #헬스스테이지 #세노비스 #세노비스트리플러스 #트리플러스 #트리플러스맨 #트리플러스우먼 #비타민 #멀티비타민 #종합비타민 #콜라겐 #콜라겐비타민젤리 #밀크씨슬 #밀크씨슬+ #간건강 #피부촉촉히알루론산 #히알루론산 #피부촉촉 #건강기능식품추천 #오메가3(EPA 및 DHA 함유유지)"".","#광고, #올리브영헬스, #헬스, #올리브영건기식, #올영헬스, #헬스스테이지, #세노비스, #세노비스트리플러스, #트리플러스, #트리플러스맨, #트리플러스우먼, #비타민, #멀티비타민, #종합비타민, #콜라겐, #콜라겐비타민젤리, #밀크씨슬, #밀크씨슬, #간건강, #피부촉촉히알루론산, #히알루론산, #피부촉촉, #건강기능식품추천, #오메가3",920.0,,10.0,2024-09-23 10:04:42,https://www.instagram.com/p/DAQXIc5zZ1j/
올리브영,borroso__,인스타그램,,"#협찬 다이어트와 피부관리를 위한 자기관리템🧡 작년 11월 런칭하자마자 2주만에 올리브영 건기식부분 1위를 차지한 올리브영건기식PB 브랜드 탄탄 젤리입니다. *탄탄 더블 컷 다이어트 젤리 -올리브영 온라인 건강식품 판매 랭킹 1위 (2024.11.12 7시-10시)  맛있게 먹기만해도 다이어트와 피부에 도움을 주는 젤리에요. 믹스베리맛, 자두맛에 이어 이번에 애플유자맛도 출시되었답니다. 가르시니아 캄보지아 추출물이 들어있어 체지방 감소에 도움을 주고 혈당이나 화장실고민도 도움을 주는 제품입니다. 무엇보다 히알루론산이 함유되어있어 다이어트 중에도 칙칙하지 않고 탄탄한 피부 될 수 있게 도움을 준답니다✨😌 2월 탄탄젤리 이벤트 놓치지말고 혜택받아가세요!!  ♥️2월 내내 기획세트♥️ 탄탄젤리 자두맛 14개입+애플유자맛2포 증정 탄탄젤리 애플유자맛 14개입+자두맛2포 증정  ♥️2/5 단하루 오특할인♥️ 정상가 : 22,900원 -> 오특가 : 15,700원  #올리브영다이어트간식 #올리브영탄탄 #탄탄젤리 #다이어트젤리"".","#협찬, #올리브영다이어트간식, #올리브영탄탄, #탄탄젤리, #다이어트젤리",,,,2026-02-06 07:50:51,https://www.instagram.com/p/DUUqjG2iQLY/
올리브영,little_yaksa,인스타그램,,"올리브영 영양제 인기순위에서 여러분의 소중한 선택이 헛되지 않도록,  영양제 직접 만드는 약사가 대신 분석했습니다 📋  매일 챙겨 먹는 영양제,  제대로 된 효과를 보고 계신가요? 많은 분이 질문 주셨던 올리브영 영양제들을  카테고리별로 꼼꼼하게 살펴보았습니다^^;  약사가 매긴 0점에서 10점까지의 점수에는  성분 함량과 원료사까지 고려한 깊은 고민이 담겨 있습니다. (제품 광고/협찬 없는 100% 개인적인 의견입니다.)  오늘 영상이 여러분의 건강한 쇼핑에 작은 이정표가 되길 바랍니다.  자세한 제품별 코멘트는 영상 자막을 통해 확인해 주세요! ✨  💝영양제 만드는 약사의 건강정보가 궁금하시다면 @little_yaksa 팔로우하고 함께 건강해요 ⋆◡̎⋆  #약사 #영양제 #올리브영 #올리브영영양제 #올리브영세일"".","#약사, #영양제, #올리브영, #올리브영영양제, #올리브영세일",9236.0,,200.0,2026-03-25 02:29:43,https://www.instagram.com/p/DWSmVytyJX2/
올리브영,lady_good_tip,인스타그램,,"#광고 영양제 어떻게 먹어야 할지 잘 모르겠어?💊  나이대 별 영양제 추천 조합 알려줄게!⭐ 저장&공유 해두고 영양제 살때 참고하자!  지금 올리브영에서 국민영양제 10종을 8,900원에 살 수 있대! 영양박사 여에스더가 만든 [국민영양제]라 믿고 먹을수 있다구~👍  @@올영 세일하던데 사볼까?  #여에스더 #여에스더영양제 #국민영양제 #올리브영세일 #올영세일 #올리브영추천템 #올리브영꿀템 #영양제추천 #가성비영양제 #올리브영영양제 #영양제"".","#광고, #여에스더, #여에스더영양제, #국민영양제, #올리브영세일, #올영세일, #올리브영추천템, #올리브영꿀템, #영양제추천, #가성비영양제, #올리브영영양제, #영양제",87.0,,7.0,2025-05-30 08:00:43,https://www.instagram.com/p/DKRS4TQN4CT/
올리브영,honey.tip_,인스타그램,,"💥💥나만아는 올리브영 꿀템푼다💥💥 남들 다 아는거 말고 진~짜 숨은 꿀템들 알려줌 제품력 갑에 실제 효능있는 애들로만 선별했음!! 올영갔을 때 안사면 후회할껄 ㅋㅋ @@야 너 이 제품 알고 있었어??  #올리브영 #올리브영꿀템 #올영세일 #올리브영추천템 #올리브영세일 #여드름케어 #여드름피부 #올영세일추천 #여드름기초템 #여드름팩 #여드름없애는법 #여드름관리 #성인여드름 #올리브영바디로션 #바디로션추천 #올리브영토이카메라 #올리브영손톱영양 #손톱영양제 #손톱영양제추천 #머드마스크추천 #올리브영머드팩 #올리브영머드마스크 #올리브영영양제 #올리브영프로폴리스"".","#올리브영, #올리브영꿀템, #올영세일, #올리브영추천템, #올리브영세일, #여드름케어, #여드름피부, #올영세일추천, #여드름기초템, #여드름팩, #여드름없애는법, #여드름관리, #성인여드름, #올리브영바디로션, #바디로션추천, #올리브영토이카메라, #올리브영손톱영양, #손톱영양제, #손톱영양제추천, #머드마스크추천, #올리브영머드팩, #올리브영머드마스크, #올리브영영양제, #올리브영프로폴리스",1148.0,,32.0,2022-05-20 11:00:18,https://www.instagram.com/p/CdxwPtoML3R/
올리브영,lilly_yaksa,인스타그램,,"⬇️약사가 고른 올리브영 영양제 TOP3 ⬇️올리브영 간판만 보면 그냥 못 지나치고 들어가는 사람들 주목!!!! 올리브영에서 살 수 있는 삶의질을 올려주는 영양제 알려드려요🙏 ⠀ ⠀ #내돈내산 ⠀ ⠀ ✅ 사랑하는 내 올리브영처돌이 친구를 소환해주세요!🤷 ⠀ ✅ 저장해두고 올영 갈 때 참고하세요!🙏 ⠀ ⠀ 제품선정기준 ⠀ 건강기능식품으로 식약처의 인증을 거쳤으며 ⠀ 개인적으로 삶의 질 향상이 와 닿은 경험이 있는  제품을 위주로 골라봤어요 ☺️⠀ ⠀ ⠀ ⠀ ⠀ 1️⃣이너플로라 - UREX 특허균주 질유산균⠀ ⠀ 건강한 여성의 요도와 질에서 서식하는 균주를 배합한, 특허균주입니다😊 ⠀ UREX 특허균주는 다양한 임상 자료가 있을 뿐 아니라 ⠀ 질염 현상 개선 같은 인체적용시험결과 데이터가 있죠 ⠀ ⠀ 2️⃣아임비타 비타민D 2000iu ⠀ 개인적으로 비타민D 섭취를 중단하지 않는 이유가 있는데요 ⠀ 예전에 비타민D 섭취를 6개월 중단했더니 ⠀ 혈액검사 결과 비타민D 수치가 결핍 수준으로 떨어지더라고요 ⠀ 눈으로 확인하고나니 계속 신경 쓰일 수 밖에! ⠀ 저 뿐 아니라 한국인 90%가 비타민D 결핍 위험이라 하니 ⠀ 유지용량 1000-2000IU 는 꾸준 섭취로 ⠀ 칼슘 흡수 뿐 아니라 면역 건강을 지켜주세요 ⠀ ⠀ 3️⃣카테킨(녹차추출물) 액상 제품 ⠀ 체지방 감소와 항산화 작용이 있는 녹차추출물 ⠀ 1~2주 급찐급빠를 계획하고 있거나 ⠀ 카테킨 성분을 경험해보고 싶은 분께 유용한 제품이에요 ⠀ 단, 당이 8g 들어있어요 ⠀ ⠀  #약사 #질유산균 #여성유산균 #비타민D #카테킨 #녹차추출물  #올리브영추천 #올리브영영양제 ⠀ ⠀ ⠀ ✅ 도움이 되었다면 좋아요 ❤️ ⠀ ⠀ ✅ 더 많은 영양제꿀팁은 릴리약사를 팔로우 ➡️@lilly_yaksa ⠀"".","#내돈내산, #약사, #질유산균, #여성유산균, #비타민D, #카테킨, #녹차추출물, #올리브영추천, #올리브영영양제",,,,2023-10-24 11:33:31,https://www.instagram.com/p/Cyx6b8tpIRD/
올리브영,good_honeytip,인스타그램,,"#광고  다들 영양제 쟁이세요~~~ 영양제 10종이 올리브영에서 8,900원~!  영양 대통령 여에스더 박사님이 국민 건강을 위해 만든, 단돈 1만원도 안되는 가격인 [국민영양제]  올리브영에서 영양제 1통이 무려 8,900원이라 가성비가 미쳤으니까 할인 끝나기 전에 얼른 달려가자!  영양제 입문자를 위한 성분 총 정리!!  @@ 너 이거 먹어야겠다  #여에스더 #여에스더영양제 #국민영양제 #올리브영세일 #올영세일 #올리브영추천템 #올리브영꿀템 #영양제추천 #가성비영양제 #올리브영영양제 #영양제"".","#광고, #여에스더, #여에스더영양제, #국민영양제, #올리브영세일, #올영세일, #올리브영추천템, #올리브영꿀템, #영양제추천, #가성비영양제, #올리브영영양제, #영양제",15.0,,1.0,2025-06-04 10:01:08,https://www.instagram.com/p/DKeYon_Mqzt/
올리브영,two.zzal,인스타그램,,"영양제 꿀팁 모음  #올리브영비타민 #올리브영오메가 #올리브영영양제 #건강관리 #꿀팁"".","#올리브영비타민, #올리브영오메가, #올리브영영양제, #건강관리, #꿀팁",61.0,,0.0,2026-02-27 08:53:20,https://www.instagram.com/p/DVQV6WSAqs-/
올리브영,lwr0509,인스타그램,,"#제품제공 커피 한잔 가격으로 건강관리 시작해볼 수 있는 CJ웰케어 데일리 건강루틴✨ 6,900원에 한 달 구성이라 부담 없이 하나씩 챙기기 괜찮더라고요.  CJ웰케어의 3중 품질 기준을 거친 제품들, 단일 성분 중심이라 필요한 성분만 부담없이 챙기기 좋아요!  오메가3, 유산균, 비타민D처럼 저에게 필요한 성분만 고를 수 있어서 요즘 제 건강 루틴 이렇게 시작해보고 있어요:)  #올리브영 #올리브영영양제 #CJ웰케어 #건강루틴 #멀티비타민 #유산균 #오메가3 #비타민D #건강관리"".","#제품제공, #올리브영, #올리브영영양제, #CJ웰케어, #건강루틴, #멀티비타민, #유산균, #오메가3, #비타민D, #건강관리",12.0,,0.0,2026-04-20 15:46:24,https://www.instagram.com/p/DXW-hToEx-g/
올리브영,zzinheart_home,인스타그램,,"#광고 물없이 마시는 독일 프리미엄 비타민 비타바움 비타민B12 플러스 브이 컴플렉스8  요즘 피로가 쌓이면 잘 안풀려서 그런지 체력도 없고 하루종일 피곤한 상태인 저인데요🥱 제 주변에도 늘 피곤하다고 하시는 분들 많은데 저처럼 육아맘들 공감하시나요? 그런데 저 요즘 비타바움 마시고 활력을 얻었어요🥰  한 병 마시는 고함량 에너지 비타민 비타바움은 비타민B군 8종 모두 함유되어있는데 비타민B12는 무려 36,667% 함유 되어있답니다!!🤩 12가지 무첨가로 특히 4가지 부형제 무첨가되어  몸에 안좋은 성분 걱정도 없어요! 게다가 칼로리 zero! 당류 zero🩵  새콤 달콤 맛있는 맛이고 목넘김이 쉽고 체내 흡수가 빠른 액상형이라 기존 알약 제형과 다르게 먹기도 편해 좋더라구요!  DSM사 Quili 인증 받은 원료를 사용한 독일 프리미엄 직수입 제품인 비타바움 비타민B12으로 개운하고 에너지 넘치는 생활 해보세요✨   #올리브영비타민 #올리브영추천템 #올리브영영양제 #올리브영선물 #비타민챌린지 #비타바움 #마시는비타민 #독일비타민 #어버이날선물 #비타바움챌린지"".","#광고, #올리브영비타민, #올리브영추천템, #올리브영영양제, #올리브영선물, #비타민챌린지, #비타바움, #마시는비타민, #독일비타민, #어버이날선물, #비타바움챌린지",122.0,,29.0,2023-05-05 11:00:05,https://www.instagram.com/p/Cr2-J6Cp4Bd/
올리브영,lovely__onew,인스타그램,,"#협찬  ""올리브영에서 꼭 사야 하는 영양제” 💚뉴칸 더블파워💚  애둘육아로 늘 피로한 저한테 딱인 제품이에요 피로 특화 성분인 “밀크씨슬 + 비타민 B8종 + 멀티비타민” 으로 에너지 충전이 필요할 때 먹으면 최고👍  작은 알약사이즈와 액상으로 흡수율이 빠르고 언제 어디서든 휴대하기 좋은 더블파워 영양제에요💊 거기다가 맛있는 유자맛, 속쓰림 없고, 속까지 편하답니다🍋  올리브영 실시간랭킹 1위, 리뷰랭킹, 판매랭킹 1위까지 한 제품이 9월 올영세일을 한다니 추천합니다 한번 드셔보시고 드셔보신 분들은 쟁여두세요😀  #뉴칸더블파워 #올리브영추천템 #올영세일 #올리브영영양제 #올영비타민 #액상비타민 #밀크씨슬"".","#협찬, #뉴칸더블파워, #올리브영추천템, #올영세일, #올리브영영양제, #올영비타민, #액상비타민, #밀크씨슬",13.0,,0.0,2024-08-30 01:05:22,https://www.instagram.com/p/C_ULLSmzUuZ/
올리브영,sujin_ssu,인스타그램,,"#광고 . 직업 여러개인 N잡러 + 밖순이라 그런지 늘 바빠보인다며 체력관리 어떻게 하냐고 많이 물어봐요. 저는 #영양제 를 엄청 잘 챙겨 먹습니다!!:)🌿 . 특히 올리브영 매장에서 구매한 #올리브영영양제 #뉴칸더블파워 는 꾸준히 먹으니 컨디션 너무 좋아요!! 이번에 #뉴칸 x #위글위글 콜라보로 패키지 예뻐서, 먹을때 기분도 좋아지고:)🌼 밀크씨슬 비오틴 멀티비타민 미네랄을 한 병으로 관리! 피로 회복에 좋고 맛있어요! 진짜 더블파워만한게 없음. 맛있고 속쓰림 없고 목넘김 쉽고 휴대하기 좋은 영양제!💚 . @nukhan.official 일본 큐텐, 올리브영, 카카오 선물하기에서 인기 많고 300만병이 넘게 팔린 #멀티비타민 🤍 뉴칸 자사몰에서 정기구독하면 더 할인율 높다는 거! 더블파워로 파워 업업업 해보세요!! 파워 얍얍:)💚"".","#광고, #영양제, #올리브영영양제, #뉴칸더블파워, #뉴칸, #위글위글, #멀티비타민",,,,2025-08-08 12:07:10,https://www.instagram.com/p/DNF-TctyZMl/
올리브영,ru21_papearl,인스타그램,,"RU-21의 주성분은 비타민C!🍊  비타민C 외에도 비타민B2, 비타민B6, 글루코스, L-시스틴, 스테아린산마그네슘이 한 알에 담겼습니다✨  이제부터 RU-21 뭐가 들었는지 알고 먹어요 우리🤙🏻~~"".",,32.0,,6.0,2020-07-27 15:15:14,https://www.instagram.com/p/CDJnL0gHJxt/
올리브영,ming___yumyum,인스타그램,,"#협찬 #국민영양제   요즘 따라 피곤하고 집중력도 뚝 떨어져서 “아, 나도 영양제 하나 챙겨야 하나…” 싶었믄데 서울대 의학박사 여에스더 박사님이 직접 만든 프리미엄 퀄리티 영양제를 8,900원에 살 수 있다는 사실에 저도 한번 먹어봤어요!  원래 이런건 3~4만원은 기본 아닌가요…? 그런데 1만원도 안하는 가격에 이 퀄리티라니 안먹을 수가 없더라구요🥹❤️ 제조사랑 직접 네고까지 해서 부담 없는 가격으로 만들었다고 하더라고요. 진짜 국민건강 생각한 진정한 영양대통령👏  요즘에 영양제 문제도 이슈인데 여에스더 박사님이라 믿음이 가고, 또 올리브영에서 직접 판매하니까 더 안심되니 제 건강 한번 챙겨 볼게요🤍 . . . . . . . #올리브영영양제 #올리브영영양제추천 #올리브영영양제선물 #국민영양제 #국민영양프로젝트 #여에스더 #에스더포뮬러 #맞팔 #먹팔 #food #foodlover #instafood #instalike #followforfollow #f"".","#협찬, #국민영양제, #올리브영영양제, #올리브영영양제추천, #올리브영영양제선물, #국민영양제, #국민영양프로젝트, #여에스더, #에스더포뮬러, #맞팔, #먹팔, #food, #foodlover, #instafood, #instalike, #followforfollow, #f",2.0,,0.0,2025-06-02 14:04:18,https://www.instagram.com/p/DKZq3zWyqQz/
올리브영,2mingbg,인스타그램,,"#협찬  면역력을 위해 꼭 챙겨먹는 프로바이오틱스💙  우리가족 필수 영양제🎁 내사랑들 건강은 내가 챙기기!💗  에스더포뮬러 올리브영 입점 기념으로  프로모션 진행 중이니 참고하세용,,,🎀 ​  #올리브영 #올리브영영양제 #올리브영할인 #에스더포뮬러 #여에스더유산균 #올리브영유산균"".","#협찬, #올리브영, #올리브영영양제, #올리브영할인, #에스더포뮬러, #여에스더유산균, #올리브영유산균",1750.0,,35.0,2020-09-13 08:21:29,https://www.instagram.com/p/CFEd_h0F5Uu/
올리브영,johyebong,인스타그램,,"#광고  올해 목표는 갓생☀️ 일도 취미도 열심히 하고 싶지만 체력적인 한계에 부딪힐 때가 있죠!  그럴 때 치트키로 사용하는 포션(?)이 있는데요 종근당건강의 #아임비타이뮨샷 이에요🍋 가방 속에 하나씩 챙겨다니다가 에너지가 필요할 때 먹으면 한병으로 에너지가 빵빵하게 채워져요 에너지 충전을 도와주는 비타민B가 고함량으로 들어있는 캡슐과 아연, 요오드, 망간 성분이 들어있는 액상 타입이 한병으로 나와서 정말 간편하게 섭취할 수 있어요!  올리브영에서도 #이뮨샷 12개입 피키지를 만나볼 수 있는데요 가족들이나 친구들에게 가볍게 선물하기에도 너무 좋은 제품이에요! 요 노란통 비타민 꼭 기억해두세요🐥  #아임비타#노란통비타민 #올영런칭 #올리브영추천 #올리브영비타민 #올리브영영양제 #비타민추천 #영양제추천 #갓생템 #종근당건강"".","#광고, #아임비타이뮨샷, #이뮨샷, #아임비타, #노란통비타민, #올영런칭, #올리브영추천, #올리브영비타민, #올리브영영양제, #비타민추천, #영양제추천, #갓생템, #종근당건강",159.0,,2.0,2023-01-13 07:50:29,https://www.instagram.com/p/CnWPt1mPo_5/
올리브영,jihyea87,인스타그램,,"#협찬 . 인체 면역세포가 70%가 장에 있어서 장 건강 아주 중요하다던데~~ . 여에스더 박사의 #여에스터유산균 이 올리브영에 입점되어 만나보러 다녀왔다✨ 입점기념 프로모션 진행중이라 할인해서 좋구 특허균종 2종에 50억CFU의 보장균수 굿굿 . 450만병 돌파한 여에스더 박사님의 황금비율로 제조된 유산균이라 믿고 매일 챙겨먹긔💜 . . #올리브영 #올리브영영양제 #올리브영할인 #에스더포뮬러 #올리브영유산균 #유산균추천 #유산균추천"".","#협찬, #여에스터유산균, #올리브영, #올리브영영양제, #올리브영할인, #에스더포뮬러, #올리브영유산균, #유산균추천, #유산균추천",983.0,,20.0,2020-09-17 10:43:11,https://www.instagram.com/p/CFPBS8QFn-o/
올리브영,beautyus_mag,인스타그램,,"#광고 레이디를 위한 오천 원 건강지킴이💊  믿고 먹을 수 있는 CJ에서 6,900원, 가격혁명 #영양제 라인업이 출시됐습니당🪽  올리브영/올리브베러에서 바로 쉽게 구할 수 있어서 이번에 필요한 상황에 맞춰 구매해  알약통에 넣어 꼭꼭 챙겨먹고 있는데요💚!  혈액순환부터 장건강, 피부관리, 멀티 그리고 다이어트까지 나에게 필요한 #영양 에 맞춰 쏙쏙 고를 수 있게 10종으로 출시♪⁺ 마지막에 같이 먹으면 좋은 꿀조합도 써놨으니, 꼬옥 다 읽어주기 (~˘▾˘)~♡  대학생/직장인 언니야들아!!  출근 전에 #올영 들러서 건강 무조건 챙겨 ୭*ˈ  🫒 2/1~ 올영픽 행사로 5,900원에 구매할 수 있어요! ㄴ 두쫀쿠보다 이게 더 싸잖아 …."".","#광고, #영양제, #영양, #올영",,,,2026-02-07 15:55:42,https://www.instagram.com/p/DUYCr1KgRyU/
올리브영,rnjsdnr010,인스타그램,,"올리브영 신작 올더베러 매일 눈건강 케어 루테인 구미~😽😽😽😽😽😋😋😋 ⠀ 최근에 올영에서 런칭한 웰니스 푸드 자체브랜드 올더베러~🤣🤣🤣🤣🤣😋😋😋 ⠀ 요즘 시력이 좀 좋지않아 눈건강 챙길려고 이 젤리를 겟한거😹😹😹😹😹😋😋😋😋 ⠀ 섭취방법은 하루에 두알이자 아침에 한번 저녁에 한번 그렇게 해야디😋😋😋😋😋 ⠀ #올더베러 #올리브영 #영양제 #눈건강 #건강관리"".","#올더베러, #올리브영, #영양제, #눈건강, #건강관리",66.0,,16.0,2026-04-14 15:34:43,https://www.instagram.com/p/DXHgaikjwnr/
올리브영,available.90,인스타그램,,"#협찬  현재 여에스더 박사가 직접 배합에 참여한 프리미엄  영양제가 단돈 만원 이하라니,,,영양대통령 여에스더 박사가 국민 건강을 위해 1만원 이하로 [국민영양제]를 만들어서 더 믿고 먹을수있는 영양제 ㅎㅎ  올리브영 영양제추천 여에스더 국민영양제_  국민영양제 멀티비타민: 지친 현대인들에게 꼭 필요한 비타민B가 고함량으로 들어있는데 8,900원 국민영양제 콜라겐: 대한민국에 3.4%밖에 없다는 기능성 콜라겐이 8,900원 국민영양제 유산균 화이트: 그냥 유산균도 아니고 '건강한 한국 여성 질 유래 유산균'이 9,900원  #올리브영영양제 #올리브영영양제추천 #올리브영영양제선물 #국민영양제 #국민영양프로젝트 #여에스더 #에스더포뮬러 https://www.oliveyoung.co.kr/store/display/getBrandShopDetail.do?onlBrndCd=A003257&t_brand_name=에스더포뮬러"".","#협찬, #올리브영영양제, #올리브영영양제추천, #올리브영영양제선물, #국민영양제, #국민영양프로젝트, #여에스더, #에스더포뮬러",,,,2025-06-04 09:39:02,https://www.instagram.com/p/DKOzoXpSEWG/
올리브영,jieuniya_0.0,인스타그램,,"#협찬  2030의 삶의 필수템 삶 수직상승템. = 영양제 그중 멀티비타민과 콜라겐 질유래유산균은 꼭꼭! 챙겨먹는 1인으로써 성분이나 원료를 꼭 챙겨보고 먹는편인데요!❤️  올리브영에서 구매할수도있어서 오프라인으로  접근성도 좋은데 고함량으로 들어있는 멀티비타민이 단8900원밖에안할뿐더러! 건강한 한국여성 질유래유산균도 단 9900원에 만날수있는 착한영양제라 요즘 본인의 인생영양제인것,,,✨✨✨ ❗️추가로 챙겨먹는건 콜라겐인데 대한민국에 3.4%밖에 없다는 기능성콜라겐 제품인데 8900원이라 콜라겐도 필수❗️❗️ 세통다 챙겨도 3만원을 안하니까 나를위한투자로도 너무 손색없죠!  #올리브영영양제 #올리브영영양제추천 #올리브영영양제선물 #국민영양제 #국민영양프로젝트 #여에스더 #에스더포뮬러"".","#협찬, #올리브영영양제, #올리브영영양제추천, #올리브영영양제선물, #국민영양제, #국민영양프로젝트, #여에스더, #에스더포뮬러",,,,2025-05-30 10:19:54,https://www.instagram.com/p/DKRizqmpe8s/
올리브영,nang_ni._,인스타그램,,"#제품제공 성수에서 만난 특별한 힐링 클래스🫧  날씨가 아주 좋던 지난 토요일,  꿀잠캠프 2기의 두 번째 오프라인 행사로 향수 공방 클래스를 다녀왔어요!  마침 원데이 클래스 장소도 한 번 방문해보고 싶었던 성수향수공방 닷노트 (@dotnote.perfume )에서 진행되는거라 더 설레는 마음을 가득 안고 향할 수 있었답니다😚  그동안 #꿀잠캠프 를 하면서 알게 된 사실 2가지는 1) 향기가 사람에게 주는 안정감은 아주 크다는 것 2) 내가 생각보다 향기에 민감하게 반응하는 사람이라는 것  지난 1기 때 재워 dream 키트로 받았던 희녹 스프레이부터 2기 때 받은 피톤치드 스프레이까지  내가 생활하는 공간과 매일 밤 잠을 청하는 침실을  기분 좋은 향기들로 채우니까 하루종일 예민했던 신경이 빠르게 안정되고  훨씬 편하게 잠에 드는 경험을 할 수 있었어요.  또, 재워dream 키트에 있던 아로마 롤온은 하루를 마무리하면서 일기를 쓰거나 잘 준비를 할 때 미리 손목과 귀 뒷쪽에 발라주면 향이 은은하게 퍼지면서 마음이 편해지니 금방 졸음이 몰려 올 때가 많았구요😴  매일 밤 두 #꿀잠템 과 굿슬립가바 365 덕분에 편안한 환경 속에서 숙면할 수 있었답니다💜  개인적으로 이번 향수 공방 클래스가  더욱 특별하게 느껴졌던 이유는요!!  재워 dream 키트의 피톤치드 스프레이와 롤온은 주로 나이트 루틴을 하면서 자기 전에 활용할 수 있었는데,  일상에서 벗어나 프라이빗한 공간에서  내게 편안함을 주는 향기가 무엇인지를 찾고 직접 향수를 만들면서 일상 생활 속에서도  평온한 하루를 보내길 바라는 꿀잠캠프의 따스한 메세지가 느껴지는 것 같았어요😚💜  (정말.. 단순하게 침실에서의 수면 뿐만 아니라 일상의 편안함까지 챙겨주는 꿀잠캠프..  사랑하지 않을 수가 없따!!!!!🫶🏻)  사실 이전에도 향수 만들기 체험을 해본 적이 있지만, 그 때는 ”다른 사람들이 나에게서 느꼈으면 하는 향“을 중점으로 생각해서 만들었는데   이번에는 온전히 나에게 집중해서 ”난 어떤 향을 맡을 때 기분이 좋고 편안하다고 느낄까?“를 생각하면서 만들 수 있어서 더욱 나를 돌아보는  힐링의 시간이었어요🤍  특히나 저는 ‘일랑일랑’ 이라는 향료를 시향할 때 포근한 침실이 연상되면서 입가에 저절로 미소가 지어지더라구요!  그래서 일랑일랑 향료의 비율을 가장 높게 배합하고, 평소 좋아하던 플로럴+코튼 향에  탑&베이스 노트에 우디함과 그린티 향을 살짝 섞어 자연의 향이 연상되는 향수를 만들었어요🌱  주변의 다른 분들이 만드신 향수도 시향해봤는데 모두 다른 향에서 안정감을 느낀다는 부분에서 사람마다 느끼는 것이 모두 다르구나 라는 생각과 함께 유일무이한 내 #꿀잠향수 가 더 특별하게 느껴지더라구요!ㅎㅎ  이렇게 만든 향수는 일주일 정도 보관한 뒤 뿌려야 하지만 사실.. 저는 지금의 향도 너무 좋게 느껴져서  주말 내내 뿌리고 다녔어요🤭  일과 중에는 향수와 함께 심리적인 안정감을 챙기고 밤에는 굿슬립가바 365가 편안하게 잠들 수 있게 도와주니 주말 동안 수면의 질이 한층 더 높아진 느낌?!!  향수와 함께 같은 향으로 롤온도 만들 수 있게 해주셨는데 휴대용으로 들고 다니면서 바르기에도 너무 좋겠지만, 저는 요즘 시험기간이라 잠이 부족한 친구에게 롤온과 굿슬립가바 365를 함께 선물해 주려고요😉  ✔️ 일과 중에 스트레스가 많아 잠들기 힘드신 분들 ✔️ 바빠서 수면을 챙기기 힘든 직장인 ✔️ 적은 수면으로도 컨디션을 유지해야 하는 학생 ✔️ 잠에 들더라도 중간중간 자주 깨서 고민인 분들  여기에 해당하신다면 기분 좋은 향기템과 함께 굿슬립가바 365를 꾸준하게 챙기시면서 매일 밤 숙면을 위한 여정을 떠나보시길 추천해요!  #굿슬립가바365 #꿀잠캠프 #꿀잠트래블러 #수면영양제 #수면건강기능식품 #수면장애 #직장인영양제 #가바영양제 #영양제추천 #올리브영영양제 #향수공방 #향수공방체험 #향수공방원데이클래스"".","#제품제공, #꿀잠캠프, #꿀잠템, #꿀잠향수, #굿슬립가바365, #꿀잠캠프, #꿀잠트래블러, #수면영양제, #수면건강기능식품, #수면장애, #직장인영양제, #가바영양제, #영양제추천, #올리브영영양제, #향수공방, #향수공방체험, #향수공방원데이클래스",,,,2024-04-28 22:25:02,https://www.instagram.com/p/C6UmNRSSH8X/
올리브영,mapo_ari,인스타그램,,"#협찬 #올리브영영양제 #올리브영영양제추천  요즘 꼭 필요한 영양제, 이제는 올리브영 국민영양제로 시작해요! 👏 서울대 의학박사 여에스더 박사님이 직접 배합하고 제조사 네고까지 해서 만든 프리미엄 영양제가 한 박스 8,900원이라니…✨  저는 2030 여성들에게 진짜 추천하고 싶은 ✔ 멀티비타민(비타민B 고함량) ✔ 어린콜라겐 레티놀A(국내 3.4% 기능성 콜라겐) ✔ 유산균 화이트(건강한 한국 여성 질 유래 유산균) 이 세 가지를 선택했어요.  영양제는 꼭 먹어야 하는데, 가격 때문에 망설였던 분들! 이번엔 무조건 국민영양제로 가야 해요. 믿을 수 있는 에스더포뮬러 + 올리브영 = 조합 끝났죠   구매처 [올리브영] https://www.oliveyoung.co.kr/store/display/getBrandShopDetail.do?onlBrndCd=A003257&t_brand_name=에스더포뮬러  #올리브영영양제선물 #국민영양제 #국민영양프로젝트 #여에스더 #에스더포뮬러"".","#협찬, #올리브영영양제, #올리브영영양제추천, #올리브영영양제선물, #국민영양제, #국민영양프로젝트, #여에스더, #에스더포뮬러",207.0,,3.0,2025-06-01 14:30:30,https://www.instagram.com/p/DKXJE1tvCBz/
올리브영,0r_jeong,인스타그램,,"#협찬 @kocheolnam_official   철은 체내 산소운반과 혈액, 에너지생성에 필요해 권장량을 지켜 섭취해주면 좋은데요!  고철남헬스케어 ❝ 하루한포 액상철분제 ❞  🦾 철 13mg 함유로 108% 충족 🦾 체내 철분 부족 시에도 효율적인 철분을 공급을 위한 비동물성 철분 비헴첼함유 🦾 특수코팅캡슐을 사용해 특유의 비릿맛을 줄인 맛있는 철분제 🦾 성장기 어린이부토 임신 중기 이후 임산부, 수유부까지 남녀노소 섭취가능  🏭 안전하고 위생적인 GMP시설에서 직접 제조 및 생산해 믿고 섭취 가능 !!  🛍️ 고철남헬스케어 올리브영 입점 !! 가까운 올리브영에서 만나요♡  #광고 #올리브영 #올영세일 #올리브영영양제 #올리브영건강식품 #올리브영액상철분제 #액상철분제 #철분제 #아기철분제 #여성철분제 #임산부철분제 #키즈철분제 #올리브영추천 #올영추천"".","#협찬, #광고, #올리브영, #올영세일, #올리브영영양제, #올리브영건강식품, #올리브영액상철분제, #액상철분제, #철분제, #아기철분제, #여성철분제, #임산부철분제, #키즈철분제, #올리브영추천, #올영추천",23.0,,6.0,2025-07-01 23:00:07,https://www.instagram.com/p/DLlTVDFy218/
올리브영,twomin____mom,인스타그램,,"#협찬  🏷️ 이너플로라 미오이노시톨&콜린  투민이들과 남편의 영양제만 챙기다보니  후정작 제 영양에는 신경을 못쓰게 되는 날들이 늘어나더라구요  피부도 점점 쳐지는듯하고.. 여성건강도 신경을 못쓰고🥲  그래서 찾아보다 알게된 미오이노시톨&콜린!  하루 한 포로 순수한 미오이노시톨 4000mg 과 콜린까지  섭취 가능해서 따로 챙길 필요가 없더라구요  여성건강 필수 성분인 미오이노시톨은 호르몬,생리,임신,피부 등에 좋고 임산부와 태아에게 특히 좋은 콜린 성분은 이노시톨과 함께 섭취하면  좋다고 하네요  신뢰받는 국민 기업인 ‘유한건강생활’의 제품이라 더 믿음직해요 올리브영에도 출시한 신제품이니 꾸준히 섭취하머 제 건강에도 신경써야겠어요  제품구매는 요기서 가능해요🩵 https://oy.run/uOad727  🎁Thanks to @neworigin_official  #미오이노시톨 #콜린이노시톨 #올리브영영양제 #올리브영이노시톨 #이노시톨추천 #이노시톨효능 #여성호르몬영양제 #PMS증후군 #임산부영양제 #임신준비영양제 #다낭성난소증후군 #이너플로라 #이너플로라미오이노시톨콜린"".","#협찬, #미오이노시톨, #콜린이노시톨, #올리브영영양제, #올리브영이노시톨, #이노시톨추천, #이노시톨효능, #여성호르몬영양제, #PMS증후군, #임산부영양제, #임신준비영양제, #다낭성난소증후군, #이너플로라, #이너플로라미오이노시톨콜린",356.0,,72.0,2025-05-26 14:33:50,https://www.instagram.com/p/DKHsr6rz9fE/
올리브영,estherformula_people,인스타그램,,"원을 따라 손가락을 움직여보세요👆  파워퍼프걸과 함께한 다양한 제품들, 지금 바로 올리브영 온라인에서 만나보세요🤗  1️⃣여에스더 글루타치온 필름 2️⃣올인원 이뮨 비타민 샷 3️⃣리포좀 비타민C 4️⃣멀티비타민 & 미네랄 5️⃣초임계 알티지 오메가3 6️⃣밀크씨슬"".",,9.0,,2.0,2025-10-16 10:10:27,https://www.instagram.com/p/DP3bqH0DwnK/
올리브영,instazizibaek,인스타그램,,"#협찬 #광고  💥 고함량 아미노산 하이뮨 아미노포텐 💥 섭취방법 1일 1~2회, 1회 1~2포 섭취  💪Daily Nutrition Amino acid Energy Water Gel​ 운동 전후, 고함량 아미노산 섭취에 추천합니다!​  1️⃣ 아미노산 밸런스 맞춤 플랜​ 에너지 충전 고함량아미노산5,100 mg (2포)  2️⃣ BCAA 3,000 mg (2포)​ 2:ㅣ:1 배합 , L-로이신 : L-발린 : L-이소로이신 아미노산 에너지부스터  3️⃣ ZERO 제로설계​ 가볍고 부담없는 제로 설계 , 휴대가 간편한 포켓 사이즈, 에너지 Ful l충전 , 활력을 위한 원료 7종  4️⃣ 파인애플 맛, 워터 젤타입​ 상큼하고 맛있는 워터 젤타입으로 아미노산 에너지 부스터운동 중에도, 물 없이 쏙!  💪우리의 몸은 약 60% 수분, 그 중 절반이 아미노산으로 이루어져 있습니다.아미노산은 단백질의 최소 단위로 신체를 지탱해주는 기본적인 성분 입니다. 인체의 정상적인 성장과 유지를 위해 필요한 아미노산은 신체조직의 필수 구성성분 으로 피로회복과 근육 유지에 필요합니다.​ *제품이 아닌 원료(아미노산)에 대한 설명입니다.   🛒 하이뮨 아미노포텐 40g*10포 https://m.oliveyoung.co.kr/m/G.do?goodsNo=B000000224665  @himmune  #올리브영영양제 #올리브영추천템 #에너지젤 #아미노산 #아미노산영양제 #아미노산효능 #BCAA #고함량아미노산 #마라톤 #런닝 #마라톤 #런닝 #올리브영추천템 #올리브영 #영양제 #하이뮨아미노포텐 #아미노산보충제 #고함량 💦 리얼리뷰 체험단"".","#협찬, #광고, #올리브영영양제, #올리브영추천템, #에너지젤, #아미노산, #아미노산영양제, #아미노산효능, #BCAA, #고함량아미노산, #마라톤, #런닝, #마라톤, #런닝, #올리브영추천템, #올리브영, #영양제, #하이뮨아미노포텐, #아미노산보충제, #고함량",6.0,,0.0,2025-09-27 04:47:59,https://www.instagram.com/p/DPFhzLfkubE/
올리브영,taehwan_twm,인스타그램,,"스트릿 리프팅 하다 보면 진짜 체력 바닥나는 순간이 꼭 옵니다  그래서 저는 요즘은 이걸로 딱 채우고 들어갑니다  액상+정제 조합이라 섭취도 간편하고 무설탕인데 맛도 꽤 괜찮습니다  하나에 기능도 많아서 운동 전 루틴에 넣기 좋았습니다 (밀크씨슬추출물, 마그네슘, 비타민C, 아연, 비타민B1, 비타민B2, 비타민B6, 비타민B12, 비타민D, 판토텐산, 나이아신, 셀레늄, 비타민E)  제품: @firsthc_official @kang_min_kim  @oliveyoung_official  #스트릿리프팅 #스트롱패스트 #강민공동개발 #강민샷 #올리브영영양제 #운동전섭취템 #피로회복템 #협찬"".","#스트릿리프팅, #스트롱패스트, #강민공동개발, #강민샷, #올리브영영양제, #운동전섭취템, #피로회복템, #협찬",42.0,,9.0,2025-07-09 07:39:06,https://www.instagram.com/p/DL4Ifs8P4Iq/
올리브영,nang_ni._,인스타그램,,"#제품제공 다시 한 번 함께하는 꿀잠캠프💜  2023년 12월과 2024년 1월 온 마음을 다해 활동했던 꿀잠캠프 1기가 마무리되고 2024년 3월 15일, 대망의 꿀잠캠프 2기가 시작되었어요!  감사하게도 꿀잠대장님, 부대장님, 조교님들과 함께 #꿀잠선배 라는 귀여운 이름으로 2기에 함께 하게 되었습니다💜  저는 직접적인 운영에 관한 부분보다는  #페이스메이커 의 역할로 미션을 수행하고, 트래블러님과 가까운 곳에서 #소통요정 으로 함께 할 예정이에요!  벌써 창단식 후기를 남겨주신 트래블러님들이 계셔서 피드와 스토리를 열심히 둘러보며 응원의 메세지를 남기고 있는데, 2기 트래블러님들의 수면 고민과 꿀잠캠프에 대한 열정이 가득 느껴져서 이번 활동.. 진짜 너무너무 기대되는걸요!!🔥  혹시 활동하시다가  🙋🏻‍♀️ : 1기 때는 어떻게 활동하셨었나요?? 🙋🏻‍♀️ : 미션 외에 어떤 게시물을 올리면 좋을까요?? 등등 꿀잠캠프와 관련된 여러 궁금증이 있으시다면 언제든지 편하게 말씀해주세요! 얼른 달려와서 최대한 자세하게 이야기 드릴게요😉  저의 이번 꿀잠캠프 2기 목표는요!  ✨ 1기 때 불면증에서 벗어나 충분한 수면의 매력을 가득 느꼈으니, 2기 때는 일정한 수면 패턴을 형성하여 삶의 질을 높이는 것 ✨ 트래블러님들께서 꿀잠캠프를 200% 즐기실 수 있도록 꿀팁을 아낌없이 전해드리는 것  오프라인으로는 4월 6일 싱잉볼 원데이 클래스에서, 온라인에서는 다양한 컨텐츠와 함께 자주 찾아뵙겠습니다!  2기 트래블러님들의 꿀잠 여정에 동행하게 되어 영광이에요🫶🏻 그 열정에 뒤쳐지지 않게 저도 열심히 활동하겠습니다🔥  #굿슬립가바365 #꿀잠캠프 #꿀잠트래블러 #수면영양제 #수면건강기능식품 #수면장애 #굿슬립가바 #올리브영영양제 #꿀잠템 #숙면템 #영양제추천"".","#제품제공, #꿀잠선배, #페이스메이커, #소통요정, #굿슬립가바365, #꿀잠캠프, #꿀잠트래블러, #수면영양제, #수면건강기능식품, #수면장애, #굿슬립가바, #올리브영영양제, #꿀잠템, #숙면템, #영양제추천",,,,2024-03-16 15:12:55,https://www.instagram.com/p/C4lGku8yx-s/
올리브영,siyun._.daily,인스타그램,,"#협찬  요즘 아침에 일어나면 붓기도 심하고, 피부 컨디션이 자꾸 들쭉날쭉하길래 호르몬 균형을 위해 미오이노시톨 챙기기 시작했어요!  💚 이너플로라 미오이노시톨 콜린 1포로 미오이노시톨 4,000mg + 콜린까지! 여성에게 꼭 필요한 조합이라 믿음이 갔고, 무엇보다 ‘유한양행 건강생활’ 제품이라 더 안심되고요🙌  ✔️ 호르몬 밸런스 & 생리 전 불편함 완화 ✔️ 임신 준비 중인 분들에게도 강력 추천 ✔️ 임산부와 태아의 두뇌 발달에도 좋은 콜린 함유  🌿 저는 하루 한 포, 물 없이 그냥 털어넣는 방식으로 섭취해요. 가볍고 휴대도 편해서 외출 시에도 간편해요!  📈 섭취 시작한 지 2주쯤 됐는데 ✔️ 생리 전 피부 뒤집힘이 줄었고 ✔️ 피곤함도 덜한 느낌이에요!  그리고 무엇보다… 올리브영 출시 신제품이라 더 반가운 이너템! 여성 건강은 내가 직접 챙겨야 한다는 말, 정말 공감해요. 지금부터라도 나를 위한 습관, 시작해보세요🫶  📍제품 구매 링크: https://oy.run/uOad727 📍@neworigin_official   #미오이노시톨 #콜린이노시톨 #올리브영영양제 #올리브영이노시톨 #이노시톨추천 #이노시톨효능 #여성호르몬영양제 #PMS증후군 #임산부영양제 #임신준비영양제 #다낭성난소증후군 #이너플로라 #이너플로라미오이노시톨콜린"".","#협찬, #미오이노시톨, #콜린이노시톨, #올리브영영양제, #올리브영이노시톨, #이노시톨추천, #이노시톨효능, #여성호르몬영양제, #PMS증후군, #임산부영양제, #임신준비영양제, #다낭성난소증후군, #이너플로라, #이너플로라미오이노시톨콜린",,,,2025-05-30 01:59:44,https://www.instagram.com/p/DKQpkajzOB9/
올리브영,home.cookiee,인스타그램,,"_ 제품제공  꿀잠 트래블러도 벌써 끝이났어요✨  꿀잠 트래킹 맵도 완성되었죠🤭 원래는 하루 한 개(60일)붙이는건데, 저는 파일럿으로 0기 30일 참여라, 하루 두 개 스티커로 완성했어요 귀엽죠💜  잘~자고 싶어서 진행했던 가바와 함께한 기간은 너무나 알찼어요.  그저 자는 것이 아닌 질좋은 수면으로 아침 시작이 다른 것을 느끼면서 진짜 잘 잤구나 싶더라구요!  다양한 영양제 속, 수면영양제도 챙기며 모두가 꿀잠자는 그날까지🫶🏻  📌지금 꿀잠 트래블러 모집중이래요! 가바 직접 경험해볼 수 있는 기회! ➡️@vitalbeautie_official   #굿슬립가바365 #꿀잠캠프 #꿀잠트래블러 #수면영양제 #수면건강기능식품 #불면증개선 #수면장애"".","#굿슬립가바365, #꿀잠캠프, #꿀잠트래블러, #수면영양제, #수면건강기능식품, #불면증개선, #수면장애",,,,2023-11-15 14:35:41,https://www.instagram.com/p/Czq5JBpStuM/
올리브영,in2._.m1n,인스타그램,,"#제품제공 💜 오늘 수면 일지 2일차 💜 어제와 오늘을 비교했을 때도 확실히 얕은 수면이 표준 범위 중 높은 쪽에 해당되고 깊은 수면은 다시 평균 이하로 떨어졌다 어제와 오늘을 비교했을 때도 확실히 얕은 수면이 표준 범위 중 높은 쪽에 해당되고 깊은 수면은 다시 평균 이하로 떨어졌다 수면환경이 조성되지 않아 그런지잠에드는 시간이 평소보다 오래걸렸고 어제보다는 잠에서 깬 시간이 1분 적었지만  잠에서 깼다! 라고 기억 나는 부분이 훨씬 많았다 오늘 특히 몸이 엄청 무겁게 느껴졌다  역시나 아직 푹잤다 개운하다의 느낌은 아직 없다 오늘은 잠이 잘온다는 견과류와 양배추로 든든히 저녁을 먹었다  새로 알게된 부분은 조용한 수면환경을 유지 할때와 조용한 수면환경이 유지 되지 않았을 때의  잠드는 시간(입면)에 차이를 확실하게 알았다  굿슬립가바 365도 도움이 되겠지만 너무 제품에만 의지 하지말고 수면 환경도 조성하면서 꾸준히 노력해야겠다  #꿀잠트래블러 #수면영양제 #영양제추천 #올리브영영양제 #코스트코영양제  #수면건강기능식품 #수면장애 #굿슬립가바 #직장인영양제 #가바영양제 #숙면템 #좋아요 #일상 #일상소통 #dally #like #today #sleep #굿슬립가바365 #꿀잠캠프"".","#제품제공, #꿀잠트래블러, #수면영양제, #영양제추천, #올리브영영양제, #코스트코영양제, #수면건강기능식품, #수면장애, #굿슬립가바, #직장인영양제, #가바영양제, #숙면템, #좋아요, #일상, #일상소통, #dally, #like, #today, #sleep, #굿슬립가바365, #꿀잠캠프",10.0,,1.0,2024-03-26 03:58:18,https://www.instagram.com/p/C4x5_AQp57H/
올리브영,miy_nee,인스타그램,,"요즘따라 자꾸 피곤하고, 영양제도 이것저것 챙겨 먹기 너무 귀찮았는데 영양제 요거 하나로 딱 정리했어요! 스트롱 패스트 에너지 이뮨샷💚  IFBB PRO 김강민 선수 @kang_min_kim가 직접 개발에 참여한 제품이라 신뢰감부터 👍  액상 + 알약 이중제형이라 빠르게 흡수되면서도,  챙겨야 할 영양성분은 꽉꽉 들어있는 느낌이에요 하나에 무려 15가지 기능성 성분 들어있고, 당류 0g인데도 맛은 상큼달달한 오렌지맛🍊 물 없이도 간편하게 먹을 수 있어서 운동 가기 전이나 일하다가 잠깐 피로할 때, 딱 하나씩 챙겨 먹기 좋더라구요!  알약 사이즈도 작아서 부담 없고, 가방에 쏙 넣어두고 다니기편해용 운동하는 분들, 간편하게 건강 챙기고 싶은 분들께 진심 추천!  공식몰,올리브영 홍대 놀이터점 ,곧 온라인몰에서도 출시 예정이에요😁 @firsthc_official @oliveyoung_official  #강민샷 #스트롱패스트 #김강민공동개발 #피로회복 #직장인추천 #운동선수영양제 #간건강영양제 #마그네슘 #비타민 #올리브영영양제 #올리브영추천템 #올영추천템"".","#강민샷, #스트롱패스트, #김강민공동개발, #피로회복, #직장인추천, #운동선수영양제, #간건강영양제, #마그네슘, #비타민, #올리브영영양제, #올리브영추천템, #올영추천템",,,,2025-07-07 12:51:02,https://www.instagram.com/p/DLzqTvMp2vO/
올리브영,__haha._.mom,인스타그램,,"#협찬 _ @kocheolnam_official    하루한포 액상철분제   마이크로 캡슐화 철분사용 특수 코팅 캡슐로 비린맛을 최소화 하고 소포장으로 언제 어디서든 출장에도 여행에도 섭취가 편리해요.   1일 1포로 일일 영양성분기준치 108% 충족 할 수 있으니 안먹으면 나만손해잖아요~?😆   올영에서 만나볼 수 있으니 어서어서 달려요~~~ ㅎㅎ   #협찬 #올리브영 #올영세일 #올리브영영양제 #올리브영건강식품 #올리브영액상철분제 #액상철분제 #철분제 #아기철분제 #여성철분제 #임산부철분제 #키즈철분제 #올리브영추천 #올영추천"".","#협찬, #협찬, #올리브영, #올영세일, #올리브영영양제, #올리브영건강식품, #올리브영액상철분제, #액상철분제, #철분제, #아기철분제, #여성철분제, #임산부철분제, #키즈철분제, #올리브영추천, #올영추천",3.0,,0.0,2025-06-03 22:25:32,https://www.instagram.com/p/DKdIdfjTCVG/
올리브영,lovely_yeonje,인스타그램,,"#협찬 #제품제공 @estherformula_official  영양대통령 여에스더 박사가 국민 건강을 위해 1만원 이하로 직접 배합에 참여해 프리미엄 [국민영양제]를 만들었어요 서울대학교 의학박사 여에스더가 직접 배합해서 제품 퀄리티는 말할 것도 없고, 누구나 부담없이 먹을 수 있도록 가격을 낮추기 위해 제조사 네고까지 직접 했다고 하니 대단하시네요 특히 올리브영에서 쉽게 만날수 있어 약국이나 다른곳에서 괜히 추천받고 설명듣고 사야하는 번거로움없이 편하게 사올수 있어 너무 좋더라구여 현대인이 필수로 먹어야하는 유산균, 멀티비타마,콜라게 레티놀을 3~4만원은 줘야 먹을 수 있었는데 프리미엄 영양제를 8,900원에 먹을 수 있으니 올리브영에서 국민영양제를 안 살 이유가 없지요 꾸준히 먹어야하기에 비용이 부담되면 좀 망설여지는데 비용은 줄이고 기능은 떨어짐이 없으니 온가족영양제로 함께 시작했어요 최근 쿠팡의 가짜 영양제 사건으로 불안했는데, 여에스더는 믿을 수 있고, 올리브영이 보장해주는 것 같아 더 믿음이 가네요  하루1정 물과 함께 먹는 유산균과 13종의 비타마과 미네랄을 한번에 캡슐로 챙겨먹을수 있으니 신랑은 간편해 특히 좋아하고 하루3정 물과 함께 먹는 콜라겐과 레티놀로 탄력과 회복까지 챙겨먹으면 건강에 도움을 받을수 있어 괜히 뿌듯해지네요^^ 목넘김 좋고 속더부룩하거나 거부반응 없이 편안해요  #올리브영영양제 #올리브영영양제추천 #올리브영영양제선물 #국민영양제 #국민영양프로젝트 #여에스더 #에스더포뮬러"".","#협찬, #제품제공, #올리브영영양제, #올리브영영양제추천, #올리브영영양제선물, #국민영양제, #국민영양프로젝트, #여에스더, #에스더포뮬러",4.0,,0.0,2025-06-02 14:59:09,https://www.instagram.com/p/DKZxJetTECt/
올리브영,jjaeni_y,인스타그램,,"#협찬   누구든 거부감 없이 비린맛없이 맛있게 섭취할 수 있는 고철남 하루한포 액상철분제☺️  효율적으로 철분을 공급할 수 있는 비동물성 철분인 비헴철을 함유했고, 특수 코팅한 철분 원료를 사용하여 철분의 단점을 최소화 한 원료 랍니다~  1일 1포 일일 영양성분기준치 108% 충족하였고, 맛있는 자몽맛과 액상형이라서 유소아부터 임산부 및 수유부도 섭취할 수 있어요^^  #협찬 #올리브영 #올영세일 #올리브영영양제 #올리브영건강식품 #올리브영액상철분제 #액상철분제 #철분제 #아기철분제 #여성철분제 #임산부철분제 #키즈철분제 #올리브영추천 #올영추천"".","#협찬, #협찬, #올리브영, #올영세일, #올리브영영양제, #올리브영건강식품, #올리브영액상철분제, #액상철분제, #철분제, #아기철분제, #여성철분제, #임산부철분제, #키즈철분제, #올리브영추천, #올영추천",,,,2025-06-03 13:24:32,https://www.instagram.com/p/DKcJ2H-pVsJ/
올리브영,hwa._.beauty,인스타그램,,"이번에 꼭! 들어야하는 적금 추천..!!  아니.. 재테크는 하면서 건강 적금 왜 안 드는건데..!! 건강이 더 중요한거 다들 아시죠??  건강 챙겨야겠다 싶긴 한데 막상 뭘 먹어야 할지는 더 헷갈리는 요즘 🥲 올리브영에서 CJ웰케어 10종 라인 경험해보기!! 투자 성향에 맞춰 재테크하는 것처럼 내 몸에 Fit 하게  골라서 섭취 가능해!!  대기업 제품 CJ 웰케어 10종 전 제품 균일가 5,900원!! 커피 한 잔 값으로 한 달 건강관리 가능한 거 진짜 좋죠!! 가격 저렴하다고 성분 아쉬운 것도 아니고, 기본 라인도 루테인·비타민D·오메가3·비타민C처럼 많이 먹는 건 다 있음. 게다가 용량도 루테인/아스타잔틴 40일, 비타민D 60일, 나머지는 30일 분량임!!  정확한 함량, 과학적 배합, 품질 관리 기준까지 기본은 확실히 지키는 대기업 제품이라  안심하고 섭취중!  또, 기초 라인 말고도 핫한 원료 제품이 있다는 점. 밀크씨슬, 비오틴, 글루타치온, 바나바잎추출물(혈당케어)까지 요즘 관심 가는 것들 거의 다 있더라고요~  이번 균일가 5,900원 진짜 놓치지 말고 꼭! 구매해보기!!"".",,275.0,,13.0,2026-02-25 04:38:57,https://www.instagram.com/p/DVKvJJzCeSl/
올리브영,beau__hee9,인스타그램,,"#광고 국내최초 비건 인증 건강기능식품 #비타바움  비타민B 12플러스 브이 컴플렉스8💛 새해부터 비타민 충전 든든하게 했어요ㅎㅎ 특히 요 비타민은 Quali 인증 받은 원료를 사용한 독일 직수입 프리미엄 직수입 제품이에요! 넘 귀엽게 생겼는데 먹는법도 간편하고 하나씩 챙겨다니기도 좋아요ㅎㅎ 새콤달콤한 맛으로 거부감이 없고 체내 흡수가 빠른 액상형 비타민이라 빠르게 비타민 충전 가능🤍💛   비타민은 에너지 대사와 체내 에너지 생성에 꼭 필요한 영양소라서 지치고 바쁜 현대인들에게 필수인 영양제인데, 비타바움 비타민12플러스 브이 컴플렉스8에는 비타민B군 8종 모두 들어있고 비타민B12는 36.667% 나 들어있다고 해욤👀 프리미엄 원료를 사용하고, 합성향료, 착색료 등 기타 12가지 무첨가, 특히 부형제가 첨가되지 않은 리얼 비타민💛   투명한 액상 형태인데 시계 방향으로 돌리면 비타민 분말이 떨어지는데 요때 흔들어서 잘 섞어서 드시면 됩니당! 새콤달콤해서 식욕 살아남...♡ ㅋㅋㅋㅋㅋㅋㅋㅋㅋ 올리브영가니까 행사중이던데 #올리브영비타민 찾는 분들께도 추천드려요!   #올리브영추천템 #올리브영영양제 #올리브영세일 #올리브영선물 #비타민 #고함량비타민 #마시는비타민 #독일비타민 #설날선물 #비건 #독일비건비타민"".","#광고, #비타바움, #올리브영비타민, #올리브영추천템, #올리브영영양제, #올리브영세일, #올리브영선물, #비타민, #고함량비타민, #마시는비타민, #독일비타민, #설날선물, #비건, #독일비건비타민",411.0,,3.0,2023-01-13 09:59:03,https://www.instagram.com/p/CnWebgTLglb/
올리브영,da.min83,인스타그램,,"#협찬#단미네형제  올리브영입점제품이며 네이버1등 액상철분제를 소개합니다   비린맛을 최소화 하여 맛있는 자몽맛이라 누구든 거부감없이 언제어디서든 섭취 할수 있게 스틱형으로 제작이 되어 위생적인 철분제예요  아기부터 성인까지 임산부& 수유부도 섭취 가능한 제품이에요   혈액 생성이 활발한 성장기 어린이와 청소년에게 필수인 철분제!!  (6살 단미와 16살아들 섭취)  1일 영양성분기준치13mg함유로 108% 철분을 충족할수 있어서 고철남 액상철분제로 우리 몸 건강하게 관리합시다    #올리브영 #올영세일 #올리브영영양제 #올리브영건강식품 #올리브영액상철분제 #액상철분제 #철분제 #아기철분제 #여성철분제 #임산부철분제 #키즈철분제 #올리브영추천 #올영추천"".","#협찬, #단미네형제, #올리브영, #올영세일, #올리브영영양제, #올리브영건강식품, #올리브영액상철분제, #액상철분제, #철분제, #아기철분제, #여성철분제, #임산부철분제, #키즈철분제, #올리브영추천, #올영추천",263.0,,23.0,2025-06-03 13:35:41,https://www.instagram.com/p/DKcCHaSzuG7/
올리브영,__sunkim,인스타그램,,"#광고 @neworigin_official  먹는 레티놀 + 콜라겐, 하루 한 포로 완성!💙  30대가 되면서 피부 탄력과 미백이 고민이던 찰나, 무첨가 원칙의 유한 이너플로라 레티놀콜라겐ABC를 만나봤어요.  평소 바르는 레티놀만으론 부족하다고 느꼈던  저에게 딱 맞는 먹는레티놀·먹는콜라겐 제품!  유한 천연물 연구소에서 개발된 제품으로 비타민 A·B·C,  콜라겐, 모링가잎 추출물까지 하루 한 포로 섭취 가능! 상큼한 레몬&애사비맛이라 물 없이도  부담 없이 즐길 수 있었어요🍋  병풀추출물·세라마이드·엘라스틴·히알루론산 등 피부탄력·미백을 돕는 부원료까지 꽉 들어있어 슬로우에이징 케어에 딱이에요🙌  꾸준히 섭취하니 피부가 한층 탄력 있고 촉촉해진 느낌🫧 종합비타민+콜라겐을 한 번에 챙길 수 있어 합리적이에요!  올리브영 온라인몰에서 새로 출시된 신제품, 이너플로라 레티놀콜라겐ABC로 피부 영양 관리 시작해보세요!  유한건강생활로부터 지원을 받고 솔직하게 작성한 포스팅입니다.  #먹는콜라겐 #먹는레티놀 #올리브영영양제 #피부영양제 #올리브영레티놀 #레티놀효능 #항산화영양제 #모링가 #애사비 #피쉬콜라겐 #이너플로라 #이너플로라레티놀콜라겐ABC #피부탄력 #피부미백 #안티에이징 #슬로우에이징 #유한천연물연구소 #무첨가원칙"".","#광고, #먹는콜라겐, #먹는레티놀, #올리브영영양제, #피부영양제, #올리브영레티놀, #레티놀효능, #항산화영양제, #모링가, #애사비, #피쉬콜라겐, #이너플로라, #이너플로라레티놀콜라겐ABC, #피부탄력, #피부미백, #안티에이징, #슬로우에이징, #유한천연물연구소, #무첨가원칙",777.0,,24.0,2025-10-20 05:03:44,https://www.instagram.com/p/DQBMHGDiVXp/
올리브영,yenny_beauty.zip,인스타그램,,"#제품제공  잠 안 오면 어렸을 때부터 엄마가 따듯한 우유나 차를 주셨는데요😴 꿀잠캠프에서도 꿀잠을 위한 따뜻한 차를 마실 수 있는 오설록 티 세트를 선물해주셨어요🎁 종류도 많아서 가정의 달을 맞아 가까운 지인들과 티 타임하기도 딱 좋겠더라구요🫶🏻  가족들과 자기 전에 꿀잠캠프에서 보내주신 오설록 티 세트와 함께 티타임을 가지면서 꿀잠캠프 자랑을 그~렇게나 많이 했답니다🤭 얘기를 나누다보니 일에 지친 저를 포함해서 학교 다니느라 힘든 동생, 갱년기로 인한 부모님 등 굿슬립가바 365가 저 뿐만 아니라 우리 가족 모두에게 필요한 거 같더라구요🥹 그동안 혼자 먹은게 미안해서 가족들에게도 두알씩 나눠주고 잤다는 사실🌟 수면케어부터 토탈케어까지, 게다가 가족까지 챙겨주는 꿀잠캠프 최고에요💜  지난 주 두달 간의 꿀잠캠프가 종료되었는데요! (꿀잠캠프 해단식도 커밍쑨..😎) 매일 스티커를 붙이는 어드벤트 캘린더부터 깜짝 이벤트부터 여러 일상 이야기가 공유되는 단톡방, 게다가 집으로 서프라이즈 선물도 종종 보내주셔서 굿슬립가바 365와 함께 꾸준히 꿀잠캠프에 참여할 수 있었던 거 같아요🏕️ 게다가 늘 친절하고 다정하신 담당자님들까지..🫶🏻  두달간의 가바와 함께 한 일상들을 뒤돌아보니 확실히 수면의 질이 많이 좋아진 것을 느낄 수 있었어요✔️저는 일상이 불규칙한 편이라 취침시간 및 수면시간도 매일 다른 편인데요, 매일 ‘피곤해~’를 입에 달고 살던 저였지만.. 가바 섭취 후에는 잠을 덜 잔 날에도 아침이 개운하고 평소보다 잠을 못자도 덜 피곤했답니다! 주말에 몰아서 자도 피곤함이 가시지 않았던 적이 한 둘이 아닌데 가바 섭취 후에는 확실히 잠을 덜 자도 덜 피곤한 걸 보니 수면의 질이 얼마나 중요한지 느낄 수 있었던 거 같아요💪🏻  여러분들도 늘 꿀잠 주무시길 바라며..🌙 꿀잠을 위한 오설록 티는 물론! 굿슬립가바 365 완전 강추합니다💜  🏷️ #굿슬립가바365 #꿀잠캠프 #꿀잠트래블러 #수면영양제 #수면건강기능식품 #수면장애 #굿슬립가바 #직장인영양제 #가바영양제 #영양제추천 #올리브영영양제 #코스트코영양제 #꿀잠템 #숙면템 #꿀잠티타임 #오설록 #오설록티세트"".","#제품제공, #굿슬립가바365, #꿀잠캠프, #꿀잠트래블러, #수면영양제, #수면건강기능식품, #수면장애, #굿슬립가바, #직장인영양제, #가바영양제, #영양제추천, #올리브영영양제, #코스트코영양제, #꿀잠템, #숙면템, #꿀잠티타임, #오설록, #오설록티세트",,,,2024-05-19 21:38:39,https://www.instagram.com/p/C7KlmCJSR1N/
올리브영,nang_ni._,인스타그램,,"#제품제공 피드가 보라색으로 물들어가는 중..💜  꿀잠캠프와 함께 건강한 수면습관을 만드는 중인 요즘! 벌써 굿슬립가바 365를 섭취한지 2주가 넘어가고 있어요🫢  놀랍게도 이런 건강기능식품을 꾸준하게 챙겨먹는 것이 2n년 인생 중에 처음인데요..! 매일 어드벤트 캘린더에 스티커를 붙여가면서 오늘의 섭취 여부를 체크하고, 나만의 그림을 그려가는 재미도 있으니까 의식적으로 노력하지 않아도 꾸준한 섭취가 가능해지더라구요🤔  제가 꿀잠캠프에 지원했던 가장 큰 이유는 바로 <불규칙한 수면 습관과 얕은 잠> 때문이었어요!  정말 솔직하게 얘기하면 처음에는 “효과가 있는건가..?”하는 마음이 컸는데 일주일, 이주일 시간이 지나니까 점점 수면 잠재기가 짧아지면서 아침에 일어날 때도 “와 나 오늘 진짜 잘 잤다!!” 하는 날이 많아지더라구요😚 예전에는 잠에 들고 나서도 꿈을 많이 꾸거나 작은 소리에도 자주 깨서 수면의 질이 낮았는데, 어느 날은 한 번도 중간에 깨지 않고 7시간을 푹 자는 날도 있었어요!  그리고 어제까지 시험기간이어서 공부하느라 잠을 제대로 못잘 때가 더 많았는데요🥺 심적으로 몸적으로 지친 와중에도 굿슬립가바 365를 꾸준히 섭취하니까 짧은 시간을 자도 몸과 머리가 충분히 회복할 만큼 깊은 수면을 하게 되고, 긴장 때문에 잠을 못 자는 날이 많이 줄어드는 동시에 늦어도 2~3시에는 잠드는 수면 패턴을 가지게 되었어요! 잠을 잘 자서 그런지 중간고사도 아주 성공적으로 끝났구요..👍🏻 이제 시험도 끝났으니 수면 시간을 조금 더 앞당기는 연습을 해보려고 해요!  최근에는 라네즈 슬리핑팩과 슬리핑 마스크를 선물 받아서 수면 루틴할 때 함께 사용하고 있는데요! 건조해서 쩍쩍 갈라지는 피부를 가진 제게 꼭 필요한 두 제품..💙 푹 자면서 피부에 도움이 되는 제품들까지 사용하니까 피부가 더 건강해지는 느낌이 들어요ㅎㅎ  꿀잠캠프를 시작한 이후에 <건강한 수면>에 대한 관심이 생겨서 계절학기 때 ‘수면과 뇌과학’ 관련 강의를 신청해서 공부하기도 하고, 매일 수면시간과 수면 만족도, 수면 루틴을 체크하면서 나에게 맞는 수면에 대해서도 알아가는 중이에요!ㅎㅎ  수면에 대해 더 열심히 공부하고 실천하면서 다음 콘텐츠 때는 “수면을 위한 나만의 꿀팁과 루틴”을 공유하는 것이 목표랍니다ㅎㅎ 앞으로도 꾸준히 섭취하고 수면 데이터들을 많이 쌓아서 더 오래 섭취한 솔직 후기를 가져올게요🫡💜  그럼 행복한 크리스마스 이브! 모두 꿀잠 주무세요🎄  #굿슬립가바365 #꿀잠캠프 #꿀잠트래블러 #수면영양제 #수면건강기능식품 #수면장애 #올리브영영양제"".","#제품제공, #굿슬립가바365, #꿀잠캠프, #꿀잠트래블러, #수면영양제, #수면건강기능식품, #수면장애, #올리브영영양제",,,,2023-12-24 14:24:49,https://www.instagram.com/p/C1PS5yOSCob/
올리브영,jarrowformulas.kr,인스타그램,,"#11월 #올영픽  #자로우도필러스이피에스   전세계 여성들의 사랑을 독차지한 프리미엄 유산균 #자로우도필러스이피에스  글로벌 No.1💚 의 품격😎 📣유산균은 꼭 캡슐로 드셔야하는거, 아시죠?!  ✅ 보장균수 50억  ✅ 8종 프로바이오틱스 블렌드 ✅ 장용성 캡슐로 안전히!  자로우가 궁금하다면? #올리브영 매장에서 만나요🚀  #자로우 #자로우유산균 #유산균추천 #올리브영영양제 #올리브영유산균 #직구대란 #직구대란템"".","#11월, #올영픽, #자로우도필러스이피에스, #자로우도필러스이피에스, #올리브영, #자로우, #자로우유산균, #유산균추천, #올리브영영양제, #올리브영유산균, #직구대란, #직구대란템",,,,2022-11-08 10:49:54,https://www.instagram.com/p/CksnyM_rZGB/
올리브영,yy_sooniee,인스타그램,,"#제품제공 따뜻하고 향기로운 티세트🍵  벌써 가정의 달 5월이 되었어요. 올해는 유독 더 빨리 가는 것 같은 느낌이에요🥲  여기까지 달려오느라 고생한 가족, 지인들과 한 숨 돌리며 향긋한 차 한 잔 할 수 있는 시간이 필요한 시간인 것 같아요🫧🌼  #오설록티세트 에는 향을 즐기며 휴식을 취하기 좋은 6가지 종류의 차가 있었어요. 달콤한 과일향이 나는 티를 마시며 친구와 오랜만에 얘기도 하고, 서로 격려도 해주는 시간이 좋더라구요.  일 때문에 바빠서 수면 시간이 충분하지 않은 친구인데 차를 마시니 몸이 따뜻해지고 기분이 편해진다고 해서 뿌듯했어요. 깊은 수면을 도와주는 굿슬립가바에 대한 이야기도 나왔는데, 수면영양제에 대해 처음 들어봤다며 푹 잘 수 있게 도와주는 점이 좋은 것 같다고 하더라구요.  #굿슬립가바365 #꿀잠캠프트래블러   벌써 50일 동안 트래블러로서 활동했네요. 수면에 대해 너무 중요하게 생각하고 있었는데, 얼마 전 깊은 잠을 자는 시간이 줄어들면 치매에 걸릴 위험이  높아진다는 얘기를 들어서 더 중요하게 생각하게 됐어요~  매일 캘린더에 스티커를 붙이는 것도 재밌어서 포도송이를 채워가며 느꼈던 뿌듯함을 느끼며 꾸준히  수면영양제 굿슬립가바 섭취해왔구요,  깊은 잠을 자는 시간이 조금씩 늘어가면서 일어나서 더 개운해지고 오후에도 덜 피곤한 현상이 있더라구요 :) 잘 자는 게 너무 중요하다는 걸 매일 느끼고있어요!  #꿀잠캠프 #꿀잠트래블러 #수면영양제 #수면건강기능식품 #수면장애 #굿슬립가바 #직장인영양제 #가바영양제 #영양제추천 #올리브영영양제 #코스트코영양제 #꿀잠템 #숙면템 #꿀잠티타임  @vitalbeautie_official"".","#제품제공, #오설록티세트, #굿슬립가바365, #꿀잠캠프트래블러, #꿀잠캠프, #꿀잠트래블러, #수면영양제, #수면건강기능식품, #수면장애, #굿슬립가바, #직장인영양제, #가바영양제, #영양제추천, #올리브영영양제, #코스트코영양제, #꿀잠템, #숙면템, #꿀잠티타임",48.0,,5.0,2024-05-11 03:29:52,https://www.instagram.com/p/C60CVtrLdDh/
올리브영,dabin98_0321,인스타그램,,"#협찬 @estherformula_official   올리브영 세일 추천템 국민영양제  2030팔수 영양제인 멀티비타민+콜라겐+질 유래 유산균 조합 여에스더 박사가 직접 배합에 참여한 프리미엄 영양제로단돈 8900원으로 올리브영에서 판매 되는 국민영양제  누구나 부담없이 건강 생각하면서 먹을 수 있도록 집적 네고까지한 쿠팡에 판매되는 가짜영양제 말고 진짜 영양제를 올리브영에서 손쉽게 만나 볼수 있는데 여에스더라는 브랜드와 올리브영이 보장해쥬면서 가격은 만원대로 접할수 있는 이런 영양제가 #국민영양제   심지어 자기한테 맞는 영양제를 골라서 라인별로 골라담을 수 있어 꼭 자기 몸에 필요한 조합으로 먹을 수 있는 #국민영양제   하지만 전 장건강과 한번에 먹을 수 있는 종합비타민 피부를 생각해 멀티비타민+콜라겐+질 유래 유산균 조합으로 픽👍  (사진속 영양제 사진 올리브영 캡쳐)  https://www.oliveyoung.co.kr/store/display/getBrandShopDetail.do?onlBrndCd=A003257&t_brand_name=에스더포뮬러  #올영세일 #올영세일추천 #올영세일추천템 #국민영양제 #국민영양프로젝트 #여에스더 #에스더포뮬러"".","#협찬, #국민영양제, #국민영양제, #올영세일, #올영세일추천, #올영세일추천템, #국민영양제, #국민영양프로젝트, #여에스더, #에스더포뮬러",,,,2025-05-30 15:29:51,https://www.instagram.com/p/DKSGN4MyRzC/
올리브영,bond_workout,인스타그램,,"#광고 <지금 바로 올리브영으로 - 아미노포텐>  ⠀⠀⠀⠀⠀⠀⠀⠀⠀⠀⠀⠀⠀⠀⠀⠀ 운동전후 빠르게 회복이 필요할때 나만의 에너지 충전법! ‘아미노포텐’  ⠀⠀⠀⠀⠀⠀⠀⠀⠀⠀⠀⠀⠀⠀⠀⠀ 9월 4일까지 올리브영에서 행사하니까 꼭 놓치지말고 방문해보자구!  ⠀⠀⠀⠀⠀⠀⠀⠀⠀⠀⠀⠀⠀⠀⠀⠀ 당류나 지방은 0g! 깔끔하고 상큼한 파인애플맛으로 꾸준히 올리브영에서 추천템으로 떠오르는 이유가 확실하지!  ⠀⠀⠀⠀⠀⠀⠀⠀⠀⠀⠀⠀⠀⠀⠀⠀ 지치고 바쁜 일상속 휴대가 간편한 하이뮨 아미노포텐으로 에너지 팍팍 터트려보자구요~~~!  ⠀⠀⠀⠀⠀⠀⠀⠀⠀⠀⠀⠀⠀⠀⠀⠀ ⚡️ @himmune.active_official   ⠀⠀⠀⠀⠀⠀⠀⠀⠀⠀⠀⠀⠀⠀⠀⠀ #올리브영영양제 #올리브영추천템 #마라톤 #런닝 #하이뮨아미노포텐 #고함량아미노산 #에너지젤 #아미노포텐 #이영표아미노산 #아미노산영양제 #운동부스터 #아미노산효능 #필수아미노산 #후디스 #하이뮨"".","#광고, #올리브영영양제, #올리브영추천템, #마라톤, #런닝, #하이뮨아미노포텐, #고함량아미노산, #에너지젤, #아미노포텐, #이영표아미노산, #아미노산영양제, #운동부스터, #아미노산효능, #필수아미노산, #후디스, #하이뮨",68.0,,2.0,2025-09-01 13:52:03,https://www.instagram.com/p/DOD9zw4kv-V/
올리브영,da.min83,인스타그램,,"#협찬  6월 올리브영세잏 추천템!! 재구매템인 뉴칸 더블파워 소개합니다! 이사후 정리하나하나 하고 있는디 정리의 끝이 보이지 않으니 피로감이 엄청나드라고요! 그래서 밀크씨슬+비타민B8종+멀티비타민으로 에너지 충전이 필요하여 하루 한병 챙겨먹기!  작은 알약사이즈와 액상으로 흡수율이 빨라 스케쥴 많은 날, 피곤한 날 먹으면 효과가 직빵 밀크씨슬로 간 건강까지 챙긴 고농축 액상 멀티비타민 어디서든 휴대하기 좋은 더블파워 영양제로 하루 한병 챙기세요  #뉴칸더블파워 #6월올영세일 #올리브영추천템 #올영세일 #올리브영영양제 #올영비타민 #액상비타민 #밀크씨슬#천안육아맘#아들셋맘#다둥이맘"".","#협찬, #뉴칸더블파워, #6월올영세일, #올리브영추천템, #올영세일, #올리브영영양제, #올영비타민, #액상비타민, #밀크씨슬, #천안육아맘, #아들셋맘, #다둥이맘",291.0,,23.0,2024-05-31 07:48:52,https://www.instagram.com/p/C7n_HowP-WY/
올리브영,jjmarketer_,인스타그램,,"#협찬 | 바쁘다 바뻐 횬대사회💡 저는 요즘 신제품 유튜브 촬영, 기획안, 시장조사 등  업무에 치이며 살고 있는데요😅 평소에도 지치지 않기위해 좋은 제품 꼼꼼히 챙겨 먹고  있어요  물 없이 간편하게 활력과 에너지를 채울 수 있는 방법🔥 비타민뿐만 아니라 간 건강에 좋은 밀크씨슬이 들어 있어 한 병이면 하루의 에너지를 건강하게 챙길 수 있어요🧐  N번째 복용하고 있는 바쁜 직장인 필수템!  뉴칸 더블 파워💚 이번 6월 올영세일 할인 중이라고 하니 쟁일 기회에요  📝뉴칸이 찾아낸 간 건강까지 챙긴 액상형 건강기능식품 📝밀크씨슬& 비오틴(3,000%) 📝멀티비타민 & 미네랄을 한 병에   @nukhan.official  #협찬 #뉴칸더블파워 #6월올영세일 #올리브영추천템 #올영세일 #올리브영영양제 #올영비타민 #액상비타민 #밀크씨슬"".","#협찬, #협찬, #뉴칸더블파워, #6월올영세일, #올리브영추천템, #올영세일, #올리브영영양제, #올영비타민, #액상비타민, #밀크씨슬",10.0,,0.0,2024-06-01 09:05:11,https://www.instagram.com/p/C7qtc_LuTzY/
올리브영,iamsoey,인스타그램,,"주스 같은 새콤달콤 맛있는 비타바움은 체내 흡수가 빠른 액상형 비타민으로 알약 제형보다 목 넘김이 편안해요. 부형제 등 12가지 무첨가, DSM사 Quali 인증 받은 원료를 사용한 독일 프리미엄 직수입 제품인데다 국내 최초 비건 인증까지 받은 건강기능식품이니 더욱 믿을 수 있습니다! 한 손에 들어오는 사이즈에 액상, 분말을 혼합하여 물 없이 섭취할 수 있어 여행이나 야외 활동 시에도 간편하게 쏙😊 #광고 #비타바움 #올리브영비타민 #올리브영추천템 #올리브영영양제 #올리브영세일 #올리브영선물 #비타민 #고함량비타민 #마시는비타민 #독일비타민 #설날선물 #비건 #독일비건비타민 #비타바움비타민 #맛있는비타민 #액상비타민"".","#광고, #비타바움, #올리브영비타민, #올리브영추천템, #올리브영영양제, #올리브영세일, #올리브영선물, #비타민, #고함량비타민, #마시는비타민, #독일비타민, #설날선물, #비건, #독일비건비타민, #비타바움비타민, #맛있는비타민, #액상비타민",,,,2023-01-13 04:12:04,https://www.instagram.com/p/CnV2uDorTl0/
올리브영,na._.neul,인스타그램,,"#제품제공 #꿀잠캠프트래블러1기  여러분들은 평소 커피를 자주 마시나요?  저는 요즘 커피 보단 차를 즐겨 찾고 있답니다. 예전에는 커피를 입에 달고 다녔는데, 커피를 잘 안 마시는 친구가 차를 추천해준 이후 차를 마시고 있어요.  좋은 숙면을 취하는 방법은 굿슬립 가바 365만 섭취하는 방법이 아니라 일상 생활에서 저의 습관이 바뀌는 것이 동반 되어야 하는다는 것을 꿀잠캠프를 진행하면서 많이 느꼈는데요. 그래서 꿀잠캠프를 진행하는 기간 동안 커피보다는 차를 주로 마시는 습관을 가지려고 했어요. 이번에 꿀잠캠프에서 선물해주신 오설록 프리미엄 티 컬렉션 90을 받은 이후 다양한 차를 마시고 있답니다. 그 중 저의 Pick은 제주동백꽃티인데요. 향이 너무나도 좋아서 마시는 동안 향과 맛 동시에 즐길 수 있는 티라 9가지 중 가장 많이 마신 차랍니다.  꿀잠캠프를 진행하면서 커피를 줄이는 습관부터 잠 자기 전 핸드폰 보지 않기와 같은 좋은 수면을 위해 수면 루틴을 만든 결과 전보다 수월한 기상 시간, 수면 시간 등 저에게 집중할 수 있는 시간이 늘어난 것에 너무나도 행복함을 느끼고 있어요💗  그러면서 차를 좋아하는 저희 엄마와 함께 티타임을 하는 시간도 생겼답니다! 티타임을 가지면서 엄마와 이런저런 이야기하면서 굿슬립 가바 365에 대한 이야기도 하고, 저의 잠 습관에 대해도 많은 이야기를 나누었답니다. 요즘 아침에 잘 일어나고, 푹 자는 제 모습을 보곤 엄마도 굿슬립 가바 365에 관심을 가지시더라구요. 그래서 꿀잠캠프가 끝난 이후 내돈내산으로 엄마에게 선물해드리려 계획 중이랍니다.  혹시 저와 같이 수면에 대한 고민을 가지신 분들 좋은 수면 습관을 가지고 싶은 분들 굿슬립 가바 365에 대해 궁금증이 생기신 분들!  2월에 꿀잠캠프 2기 모집이 시작될 예정이라고 합니다. 관심이 있으시다면 꿀잠캠프 2기를 놓치지 아시고 도전을 해보시는 건 추천드려요💜  #굿슬립가바365#꿀장캠프 #장트래블러 #수면영양제 #수면건강기능식품 #수면장애 #굿슬립가바 #직장인영양제 #가바영양제 #영양제추천 #올리브영영양제 #코스트코영양제 #꿀잠템 #숙면템 #꿀잠티타임"".","#제품제공, #꿀잠캠프트래블러1기, #굿슬립가바365, #꿀장캠프, #장트래블러, #수면영양제, #수면건강기능식품, #수면장애, #굿슬립가바, #직장인영양제, #가바영양제, #영양제추천, #올리브영영양제, #코스트코영양제, #꿀잠템, #숙면템, #꿀잠티타임",64.0,,4.0,2024-01-22 00:00:38,https://www.instagram.com/p/C2XUFc1yh33/
올리브영,2da5ni,인스타그램,,"#광고 @neworigin_official   💛 먹는 레티놀 + 콜라겐, 하루 한 포로 완성!  최근 피부 탄력과 미백 관리가 고민이 되던 찰나,  올리브영에서 새로 출시한  이너플로라 레티놀콜라겐ABC를 만나보았어요😀  평소 바르는 레티놀만으로는 부족하다고 느꼈던 저에게  딱 맞는 제품이었답니다😍  이 제품은 유한 천연물 연구소의 전문가들이 개발한  신뢰 있는 여성 토탈 이너케어 브랜드  이너플로라의 신제품이에요!!!  무첨가 원칙을 고수하면서, 하루 한 포만으로  비타민 A, B, C, 콜라겐, 모링가잎 추출물까지  섭취 가능하다는 점이 마음에 쏙 들었어요🙌  🍋 상큼한 레몬&애사비 맛 덕분에 물 없이도 입 안에서 빠르게 녹아 부담 없이 섭취 가능하고,  병풀 추출물, 세라마이드, 히알루론산, 엘라스틴,  화이트토마토 등 다양한 부원료가 피부 건강을 돕습니다😁  저는 섭취 후 피부가 전보다 한층 탄력 있고  촉촉해진 느낌이 들었어요❣️  특히, 슬로우에이징과 안티에이징에 관심 있는 분들께  강력 추천!   종합비타민과 콜라겐을 따로 챙길 필요 없이,  하루 한 포로 피부영양제를 간편하게 해결할 수 있어  정말 합리적이에요!  저처럼 피부 미백과 탄력 관리, 체내 영양까지  한번에 챙기고 싶은 분들은 올리브영에서 새로 만나보세요💚  #먹는콜라겐 #먹는레티놀 #올리브영영양제 #피부영양제 #올리브영레티놀 #레티놀효능 #항산화영양제 #모링가  #애사비 #피쉬콜라겐 #이너플로라 #이너플로라레티놀콜라겐ABC"".","#광고, #먹는콜라겐, #먹는레티놀, #올리브영영양제, #피부영양제, #올리브영레티놀, #레티놀효능, #항산화영양제, #모링가, #애사비, #피쉬콜라겐, #이너플로라, #이너플로라레티놀콜라겐ABC",863.0,,6.0,2025-10-09 20:29:11,https://www.instagram.com/p/DPmhSNxE7kM/
