brand_id,platform_id,title,caption_text,hashtags,like_count,view_count,comment_count,upload_date,content_url,combined_text,형태소
1,2,진짜 난리난 CU 건기식 90% 할인,정가거부 네이버 카페 https://cafe.naver.com/wjdrkrjqn 정가거부 유튜브 채널 멤버십을 오픈하였습니다. https://www.youtube.com/channel/UC1KHW0JH7zToxC2H69axgzw/join,,119,17232,23,2026-05-04 22:55:22,https://www.youtube.com/watch?v=cxLl1LEpxiA,진짜 난리난 CU 건기식 90 할인 정가거부 네이버 카페 httpscafenavercomwjdrkrjqn 정가거부 유튜브 채널 멤버십을 오픈하였습니다 httpswwwyoutubecomchannelUC1KHW0JH7zToxC2H69axgzwjoin ,"['난리', '건기', '할인', '정가', '거부', '네이버', '카페', '정가', '거부', '유튜브', '채널', '멤버십', '오픈']"
1,2,💚 CU편의점 에서 만나는 종근당 건강기능식품 9종! 💚#유료광고 #shorts,요즘 편의점에서 뭐든 다 되는 거 아시죠? 이젠 건강관리까지 CU에서 한 번에! 84년 전통의 종근당이 CU와 콜라보로 선보이는 신상 건강기능식품 9종 라인업 🌿 ✔ 건강프로젝트365 멀티비타민미네랄 ✔ 초임계 알티지 오메가3 ✔ 밀크씨슬 ✔ 루테인+비타민A ✔ 프로바이오틱스 ✔ 이너케어 프로바이오틱스 ✔ 두뇌기억력엔 징코 ✔ 칼마디케이 ✔ 혈당컷 다이어트 게다가 지금은 런칭 기념 1+1 이벤트 중! 💸 단 5천원에 2박스 (20일분) 득템 찬스 🎁 📱 구매 방법도 완전 간단! 👉 포켓CU 앱 접속 👉 [건강기능식품 기획전] → 종근당 클릭 👉 구매 & 픽업 선택 → 가까운 CU 매장 방문! 매장에서 기다릴 필요 없이 픽업으로 바로 받아보면 끝 ✨ 지금 바로 내 근처 CU에서 종근당 건강기능식품 만나보세요! 👉 포켓CU 바로가기 https://www.pocketcu.co.kr/deepLink/checkAppInstall?viewType=1&viewUrl=/special/detail/CDK0VSBL07059,"#종근당,#CU,#헬CUP,#종근당영양제,#종근당비타민,#건강기능식품,#건기식,#영양제추천,#비타민추천,#편의점,#1플러스1,#5천원,#건강관리,#비타민",2,553,0,2025-10-21 01:14:56,https://www.youtube.com/watch?v=xeSl9FLr978, CU편의점 에서 만나는 종근당 건강기능식품 9종 #유료광고 #shorts 요즘 편의점에서 뭐든 다 되는 거 아시죠 이젠 건강관리까지 CU에서 한 번에 84년 전통의 종근당이 CU와 콜라보로 선보이는 신상 건강기능식품 9종 라인업   건강프로젝트365 멀티비타민미네랄  초임계 알티지 오메가3  밀크씨슬  루테인비타민A  프로바이오틱스  이너케어 프로바이오틱스  두뇌기억력엔 징코  칼마디케이  혈당컷 다이어트 게다가 지금은 런칭 기념 11 이벤트 중  단 5천원에 2박스 20일분 득템 찬스   구매 방법도 완전 간단  포켓CU 앱 접속  건강기능식품 기획전  종근당 클릭  구매  픽업 선택  가까운 CU 매장 방문 매장에서 기다릴 필요 없이 픽업으로 바로 받아보면 끝  지금 바로 내 근처 CU에서 종근당 건강기능식품 만나보세요  포켓CU 바로가기 httpswwwpocketcucokrdeepLinkcheckAppInstallviewType1viewUrlspecialdetailCDK0VSBL07059 #종근당#CU#헬CUP#종근당영양제#종근당비타민#건강기능식품#건기식#영양제추천#비타민추천#편의점#1플러스1#5천원#건강관리#비타민,"['편의점', '만나', '종근당', '건강', '기능', '식품', '요즘', '편의점', '이제', '건강', '관리', '전통', '종근당', '콜라', '선보이', '신상', '건강', '기능', '식품', '라인업', '건강', '프로젝트', '멀티', '비타민', '미네랄', '초임', '알티', '오메가', '밀크', '루테', '비타민', '프로바이오틱스', '이너', '케어', '프로바이오틱스', '두뇌', '기억력', '마디', '케이', '혈당', '다이어트', '지금', '런칭', '기념', '이벤트', '박스', '득템', '찬스', '구매', '방법', '간단', '포켓', '접속', '건강', '기능', '식품', '기획', '종근당', '클릭', '구매', '픽업', '선택', '가깝', '매장', '방문', '매장', '기다리', '필요', '픽업', '근처', '종근당', '건강', '기능', '식품', '만나', '포켓']"
1,2,5천원 들고 CU편의점 Let’sGO! 종근당 영양제9종 GET #1+1 #건강기능식품,"종근당 건강기능식품, CU편의점 5천원 1+1 https://www.pocketcu.co.kr/deepLink/checkAppInstall?viewType=1&viewUrl=/special/detail/CDK0VSBL07059",#유료광고,5,1822,0,2025-10-23 03:27:26,https://www.youtube.com/watch?v=3yz5cDoaBDo,5천원 들고 CU편의점 LetsGO 종근당 영양제9종 GET #11 #건강기능식품 종근당 건강기능식품 CU편의점 5천원 11 httpswwwpocketcucokrdeepLinkcheckAppInstallviewType1viewUrlspecialdetailCDK0VSBL07059 #유료광고,"['편의점', '종근당', '영양제', '종근당', '건강', '기능', '식품', '편의점']"
1,2,"요즘 편의점은 이정도, 건강기능식품 꿀템 추천","요즘 편의점은 이정도, 건강기능식품 꿀템 추천 요즘 편의점은 이정도입니다! 종근당 건강기능식품 추천드려요! 제품정보 : https://www.pocketcu.co.kr/deepLink/checkAppInstall?viewType=1&viewUrl=/special/detail/CDK0VSBL07059 종근당 건강기능식품 X CU편의점 콜라보",,4,1303,0,2025-10-22 14:05:36,https://www.youtube.com/watch?v=00DvP37U1xM,요즘 편의점은 이정도 건강기능식품 꿀템 추천 요즘 편의점은 이정도 건강기능식품 꿀템 추천 요즘 편의점은 이정도입니다 종근당 건강기능식품 추천드려요 제품정보  httpswwwpocketcucokrdeepLinkcheckAppInstallviewType1viewUrlspecialdetailCDK0VSBL07059 종근당 건강기능식품 X CU편의점 콜라보 ,"['요즘', '편의점', '정도', '건강', '기능', '식품', '꿀템', '추천', '요즘', '편의점', '정도', '건강', '기능', '식품', '꿀템', '추천', '요즘', '편의점', '정도', '종근당', '건강', '기능', '식품', '추천', '드리', '제품', '정보', '종근당', '건강', '기능', '식품', '편의점', '콜라']"
1,2,약국 안 가도 돼😎 CU에서 바로 픽업! 종근당 건강템 리얼 리뷰🔥 #건기식 #유료광고,"요즘은 건강템도 편의점에서 바로 픽업하는 시대😳 84년 전통 종근당이 CU에서 바로 구매가능한 신상 건강기능식품 9종을 출시했대요! 포켓CU 앱으로 주문하고 근처 편의점에서 바로 찾으면 끝🙌 11월 1일부터 16일까지는 6종을 단돈 9,900원! 수험생 여러분, 막바지 컨디션 관리 필수죠💪 믿고 먹는 종근당의 퀄리티의 건강템을 집 앞 CU에서 간편하게 만나보세요🧡 [종근당] CU 건강기능식품 9종 ⬇️ https://www.pocketcu.co.kr/deepLink/checkAppInstall?viewType=1&viewUrl=/special/detail/CDK0VSBL07059 business💌 e-mail : 59solsol59@gmail.com instagram : @lizzu_uu",#유료광고,6,489,3,2025-11-07 09:20:46,https://www.youtube.com/watch?v=3T7HGdrnMJU,약국 안 가도 돼 CU에서 바로 픽업 종근당 건강템 리얼 리뷰 #건기식 #유료광고 요즘은 건강템도 편의점에서 바로 픽업하는 시대 84년 전통 종근당이 CU에서 바로 구매가능한 신상 건강기능식품 9종을 출시했대요 포켓CU 앱으로 주문하고 근처 편의점에서 바로 찾으면 끝 11월 1일부터 16일까지는 6종을 단돈 9900원 수험생 여러분 막바지 컨디션 관리 필수죠 믿고 먹는 종근당의 퀄리티의 건강템을 집 앞 CU에서 간편하게 만나보세요 종근당 CU 건강기능식품 9종  httpswwwpocketcucokrdeepLinkcheckAppInstallviewType1viewUrlspecialdetailCDK0VSBL07059 business email  59solsol59gmailcom instagram  lizzuuu #유료광고,"['약국', '픽업', '종근당', '건강', '리얼', '리뷰', '요즘', '건강', '편의점', '픽업', '시대', '전통', '종근당', '구매', '가능', '신상', '건강', '기능', '식품', '출시', '포켓', '주문', '근처', '편의점', '단돈', '수험', '여러분', '막바지', '컨디션', '관리', '필수', '종근당', '퀄리티', '건강', '만나', '종근당', '건강', '기능', '식품']"
1,2,지금 CU 달려가야하는 이유✨편의점 종근당 건기식 5천원에 1+1❓,지금 CU 달려가야하는 이유✨편의점 종근당 건기식 5천원에 1+1❓ 종근당 건강기능식품 CU 편의점 가서 1+1 행사할때 만나보세요 종근당영양제 종근당비타민 무조건 좋잖아요 포켓CU에서 픽업 배달 가능 https://www.pocketcu.co.kr/deepLink/checkAppInstall?viewType=1&viewUrl=/special/detail/CDK0VSBL07059 유료광고 협찬 포함된 영상입니다,,10,2477,0,2025-10-25 12:32:52,https://www.youtube.com/watch?v=9zKpX0mFQf4,지금 CU 달려가야하는 이유편의점 종근당 건기식 5천원에 11 지금 CU 달려가야하는 이유편의점 종근당 건기식 5천원에 11 종근당 건강기능식품 CU 편의점 가서 11 행사할때 만나보세요 종근당영양제 종근당비타민 무조건 좋잖아요 포켓CU에서 픽업 배달 가능 httpswwwpocketcucokrdeepLinkcheckAppInstallviewType1viewUrlspecialdetailCDK0VSBL07059 유료광고 협찬 포함된 영상입니다 ,"['달려가', '이유', '편의점', '종근당', '건기', '달려가', '이유', '편의점', '종근당', '건기', '종근당', '건강', '기능', '식품', '편의점', '행사', '만나', '종근당', '영양제', '종근당', '비타민', '포켓', '픽업', '배달', '가능', '유료', '광고', '협찬', '포함', '영상']"
1,2,씨유에서 종근당 건강기능식품을 구매할수 있다구??,종근당 건강기능식품! https://www.pocketcu.co.kr/deepLink/checkAppInstall?viewType=1&viewUrl=/special/detail/CDK0VSBL07059,,2,628,0,2025-10-22 13:01:48,https://www.youtube.com/watch?v=UyYoA5u0YnQ,씨유에서 종근당 건강기능식품을 구매할수 있다구 종근당 건강기능식품 httpswwwpocketcucokrdeepLinkcheckAppInstallviewType1viewUrlspecialdetailCDK0VSBL07059 ,"['씨유', '종근당', '건강', '기능', '식품', '구매', '종근당', '건강', '기능', '식품']"
1,2,CU 종근당 편의점 에서도 살 수 있다구요?🫢✨ 1+1 영양제 5천원으로 사는법,지금 CU 달려가야하는 이유✨편의점 종근당 건기식 5천원에 1+1❓ 종근당 건강기능식품 CU 편의점 가서 1+1 행사할때 만나보세요 종근당영양제 종근당비타민 무조건 좋잖아요 포켓CU에서 픽업 배달 가능 https://www.pocketcu.co.kr/deepLink/checkAppInstall?viewType=1&viewUrl=/special/detail/CDK0VSBL07059 유료광고 협찬 포함된 영상입니다 수험생 편의점 수험생응원 하기도 딱 편의점영양제 영양제추천,,6,1008,0,2025-11-07 14:44:42,https://www.youtube.com/watch?v=nYxETpMLy54,CU 종근당 편의점 에서도 살 수 있다구요 11 영양제 5천원으로 사는법 지금 CU 달려가야하는 이유편의점 종근당 건기식 5천원에 11 종근당 건강기능식품 CU 편의점 가서 11 행사할때 만나보세요 종근당영양제 종근당비타민 무조건 좋잖아요 포켓CU에서 픽업 배달 가능 httpswwwpocketcucokrdeepLinkcheckAppInstallviewType1viewUrlspecialdetailCDK0VSBL07059 유료광고 협찬 포함된 영상입니다 수험생 편의점 수험생응원 하기도 딱 편의점영양제 영양제추천 ,"['종근당', '편의점', '영양제', '달려가', '이유', '편의점', '종근당', '건기', '종근당', '건강', '기능', '식품', '편의점', '행사', '만나', '종근당', '영양제', '종근당', '비타민', '포켓', '픽업', '배달', '가능', '유료', '광고', '협찬', '포함', '영상', '수험', '편의점', '수험', '응원', '편의점', '영양제', '영양제', '추천']"
1,2,CU 편의점에서 종근당 건강기능식품을?,"CU에서도 종근당 건강기능식품을 구매할 수 있는데요,,,,! 9종세트로 되어 있어서 언제든 선물하기도 좋은데 장건강,이너케어,뼈건강,혈행건강,간건강, 종합건강,두뇌기억력,눈건강,다이어트까지 있어서 온가족이 나눠서 먹기도 좋겠더라구요 지금 대박인게 11월1일부터 16일까지 이 9종이 모두 다 9900원 행사를 한다고 하니 이때 꼭 구매해보세요✨ 두뇌기억력도 있어서 수험생 수험생응원 으로도 좋겠더라구요! https://www.pocketcu.co.kr/deepLink/checkAppInstall?viewType=1&viewUrl=/special/detail/CDK0VSBL07059",,3,329,0,2025-11-07 14:39:29,https://www.youtube.com/watch?v=Kg9_kPA7mf0,CU 편의점에서 종근당 건강기능식품을 CU에서도 종근당 건강기능식품을 구매할 수 있는데요 9종세트로 되어 있어서 언제든 선물하기도 좋은데 장건강이너케어뼈건강혈행건강간건강 종합건강두뇌기억력눈건강다이어트까지 있어서 온가족이 나눠서 먹기도 좋겠더라구요 지금 대박인게 11월1일부터 16일까지 이 9종이 모두 다 9900원 행사를 한다고 하니 이때 꼭 구매해보세요 두뇌기억력도 있어서 수험생 수험생응원 으로도 좋겠더라구요 httpswwwpocketcucokrdeepLinkcheckAppInstallviewType1viewUrlspecialdetailCDK0VSBL07059 ,"['편의점', '종근당', '건강', '기능', '식품', '종근당', '건강', '기능', '식품', '구매', '세트', '언제', '선물', '건강', '이너', '케어', '건강', '건강', '건강', '종합', '건강', '두뇌', '기억력', '건강', '다이어트', '가족', '나누', '행사', '구매', '두뇌', '기억력', '수험', '수험', '응원']"
1,2,CU에서 지금 사야하는 신상! 종근당 건강기능식품이 5천원?!,에서 나온 을 이제 CU 에서 구매할 수 있게 됐어요! 오메가3 같이 기본으로 챙기는 는 물론 등 스페셜한 건강케어도 가능하게 총 9가지나 있더라구요. _________________________________ 지금 이벤트 중이라 5천원 에 20일치를 구매 가능해요 한 박스에 10일치 들어있어서 잠깐 챙겨먹을 영양제 구매할 때도 이젠 CU 로 가면 되겠더라구요! 포켓CU 어플에서도 1+1 기획전으로 구매 가능해 가까운 매장으로 가 픽업만 하면 돼 편한 것 같아요 https://www.pocketcu.co.kr/deepLink/checkAppInstall?viewType=1&viewUrl=/special/detail/CDK0VSBL07059 _________________________________,"#CU,#신상,#종근당,#건강기능식품,#멀티비타민,#rTG,#유산균,#영양제,#밀크씨슬,#루테인,#질유산균,#1+1,#헬CUP,#종근당영양제,#종근당비타민,#건기식,#영양제추천,#비타민추천",4,1628,1,2025-10-22 14:41:46,https://www.youtube.com/watch?v=cI6N7AFnJDA,CU에서 지금 사야하는 신상 종근당 건강기능식품이 5천원 에서 나온 을 이제 CU 에서 구매할 수 있게 됐어요 오메가3 같이 기본으로 챙기는 는 물론 등 스페셜한 건강케어도 가능하게 총 9가지나 있더라구요  지금 이벤트 중이라 5천원 에 20일치를 구매 가능해요 한 박스에 10일치 들어있어서 잠깐 챙겨먹을 영양제 구매할 때도 이젠 CU 로 가면 되겠더라구요 포켓CU 어플에서도 11 기획전으로 구매 가능해 가까운 매장으로 가 픽업만 하면 돼 편한 것 같아요 httpswwwpocketcucokrdeepLinkcheckAppInstallviewType1viewUrlspecialdetailCDK0VSBL07059  #CU#신상#종근당#건강기능식품#멀티비타민#rTG#유산균#영양제#밀크씨슬#루테인#질유산균#11#헬CUP#종근당영양제#종근당비타민#건기식#영양제추천#비타민추천,"['신상', '종근당', '건강', '기능', '식품', '나오', '구매', '오메가', '기본', '챙기', '스페셜', '건강', '케어', '가능', '가지', '이벤트', '구매', '가능', '박스', '챙기', '영양제', '구매', '이제', '포켓', '어플', '기획전', '구매', '가능', '가깝', '매장', '픽업', '편하']"
1,2,🚨긴급하게 센스있는 선물해야 할 땐?🎁 CU 종근당 비타민,"본 영상은 제품 및 제작 지원비를 받아 제작되었습니다. 제품 및 배송은 NO ! 빠르게 센스있는 선물 챙기고 싶을 땐?!🎁 CU x 종근당 콜라보 비타민! 주변에서 흔히 볼 수 있는 24시간 CU 편의점 건강기능식품 코너에 있어서 쉽게 구할 수 있는데다가 뼈건강, 간건강 등 선물하려고 하는 상대의 상황에 따라 센스있게 선물할 수 있고 단 돈 5,000원이라 가격 부담도 없어요😀 ✔️포켓 CU : https://www.pocketcu.co.kr/deepLink/checkAppInstall?viewType=1&viewUrl=/special/detail/CDK0VSBL07059","#비타민,#비타민선물,#건강기능식품선물",10,1534,0,2025-10-22 13:48:06,https://www.youtube.com/watch?v=oI39VSjGkws,긴급하게 센스있는 선물해야 할 땐 CU 종근당 비타민 본 영상은 제품 및 제작 지원비를 받아 제작되었습니다 제품 및 배송은 NO  빠르게 센스있는 선물 챙기고 싶을 땐 CU x 종근당 콜라보 비타민 주변에서 흔히 볼 수 있는 24시간 CU 편의점 건강기능식품 코너에 있어서 쉽게 구할 수 있는데다가 뼈건강 간건강 등 선물하려고 하는 상대의 상황에 따라 센스있게 선물할 수 있고 단 돈 5000원이라 가격 부담도 없어요 포켓 CU  httpswwwpocketcucokrdeepLinkcheckAppInstallviewType1viewUrlspecialdetailCDK0VSBL07059 #비타민#비타민선물#건강기능식품선물,"['긴급', '센스', '선물', '종근당', '비타민', '영상', '제품', '제작', '지원비', '제작', '제품', '배송', '빠르', '센스', '선물', '챙기', '종근당', '콜라', '비타민', '주변', '시간', '편의점', '건강', '기능', '식품', '코너', '구하', '건강', '건강', '선물', '상대', '상황', '따르', '센스', '선물', '가격', '부담', '포켓']"
1,2,"단돈 5천원으로 건강해지는 법 💪🏻✨️ _with 종근당, CU","🎀링크 : https://www.pocketcu.co.kr/deepLink/checkAppInstall?viewType=1&viewUrl=/special/detail/CDK0VSBL07059 요즘 매일 먹고 있는 종근당 건기식 소개 드리옵니다 !! 💪🏻✨️ 특히 시험기간이라 두뇌기억력은 무조건 매일 먹었어요 ! ㆅㆅ 🤭 종근당, 건강기능식품, CU, 편의점, 5천원, 1+1 [인스타그램] : ye_eun_0301 https://www.instagram.com/ye_eun_0301/ [촬영]: 갤럭시 S25 [문의]: ye030301@naver.com",,0,1833,0,2025-10-29 10:01:35,https://www.youtube.com/watch?v=p52_wAAogDg,단돈 5천원으로 건강해지는 법  with 종근당 CU 링크  httpswwwpocketcucokrdeepLinkcheckAppInstallviewType1viewUrlspecialdetailCDK0VSBL07059 요즘 매일 먹고 있는 종근당 건기식 소개 드리옵니다   특히 시험기간이라 두뇌기억력은 무조건 매일 먹었어요    종근당 건강기능식품 CU 편의점 5천원 11 인스타그램  yeeun0301 httpswwwinstagramcomyeeun0301 촬영 갤럭시 S25 문의 ye030301navercom ,"['단돈', '건강', '종근당', '링크', '요즘', '종근당', '건기', '소개', '드리', '시험', '기간', '두뇌', '기억력', '종근당', '건강', '기능', '식품', '편의점', '인스타그램', '촬영', '갤럭시']"
1,2,편의점도 건기식 시장 본격 진출 #편의점 #건강기능식품 #CU #gs25 #종근당 #동화제약,"1️⃣ 편의점에서도 건강기능식품 사는 시대! 2️⃣ CU·GS25, 소용량 건기식 판매 본격화 3️⃣ 종근당·동화약품·삼진제약 등 제약사와 협업 4️⃣ 루테인·칼슘·유산균·마그네슘 등 인기 영양소 다수 포함 5️⃣ 가격은 대부분 3,900~5,000원대, 부담 ↓ 6️⃣ 10일분 소포장으로 간편하게 구성 7️⃣ CU는 1+1 할인 행사까지! 8️⃣ GS25는 건기식 전용 진열대까지 마련 9️⃣ 다이소 흥행 → 편의점 진출로 확산 🔟 ""야근하고 피곤할 땐 편의점에서 루테인 한 팩!""",,1,414,0,2025-07-28 08:19:54,https://www.youtube.com/watch?v=iGg-VVnhGYM,편의점도 건기식 시장 본격 진출 #편의점 #건강기능식품 #CU #gs25 #종근당 #동화제약 1 편의점에서도 건강기능식품 사는 시대 2 CUGS25 소용량 건기식 판매 본격화 3 종근당동화약품삼진제약 등 제약사와 협업 4 루테인칼슘유산균마그네슘 등 인기 영양소 다수 포함 5 가격은 대부분 39005000원대 부담  6 10일분 소포장으로 간편하게 구성 7 CU는 11 할인 행사까지 8 GS25는 건기식 전용 진열대까지 마련 9 다이소 흥행  편의점 진출로 확산  야근하고 피곤할 땐 편의점에서 루테인 한 팩 ,"['편의점', '건기', '시장', '본격', '진출', '편의점', '건강', '기능', '식품', '시대', '용량', '건기', '판매', '본격', '종근당', '동화약품', '삼진', '제약', '제약사', '협업', '루테', '칼슘', '유산균', '마그네슘', '인기', '영양소', '다수', '포함', '가격', '대부분', '부담', '포장', '간편하', '구성', '할인', '행사', '건기', '전용', '진열대', '마련', '다이소', '흥행', '편의점', '진출', '확산', '야근', '피곤', '편의점', '루테']"
1,2,종근당 건강기능식품 이제 씨유에서 살수있다니!!!!,종근당 건강기능식품 https://www.pocketcu.co.kr/deepLink/checkAppInstall?viewType=1&viewUrl=/special/detail/CDK0VSBL07059,,0,747,0,2025-11-07 03:34:45,https://www.youtube.com/watch?v=I4oEcd0UiCc,종근당 건강기능식품 이제 씨유에서 살수있다니 종근당 건강기능식품 httpswwwpocketcucokrdeepLinkcheckAppInstallviewType1viewUrlspecialdetailCDK0VSBL07059 ,"['종근당', '건강', '기능', '식품', '씨유', '종근당', '건강', '기능', '식품']"
1,2,지금 CU에서 이거 안사면 손해!,"🤩종근당과 CU가 콜라보했어요! https://www.pocketcu.co.kr/deepLink/checkAppInstall?viewType=1&viewUrl=/special/detail/CDK0VSBL07059 84년 전통의 종근당 건강기능식품 9종을 이제 CU에서 만나보실 수 있답니다. 멀티비타민미네랄로 기본 영양 챙기고,깨끗하고 흡수 잘 되는! 초임계 알티지 오메가3밀크씨슬은 간 건강, 루테인+비타민A는 눈 건강에 좋고요프로바이오틱스는 이너케어 & 장 건강을 도와주고,두뇌기억력엔 징코가 집중력과 기억력에 딱!칼마디케이는 관절 케어,혈당컷 다이어트는 혈당 조절과 다이어트에 도움을 줍니다. 하루 한 알, 간편하게 챙기기 딱 좋아요! 더 빠르게 갖고 싶다면 포켓CU 앱에서 주문 후가까운 CU에서 바로 픽업하세요!집 앞 CU에서 기다림 없이 바로 받아가니까 너무 편해요. 게다가 지금 런칭 기념 1+1 이벤트 중!5천 원에 2박스, 20일치 건강 챙기기 찬스!종근당 건강기능식품, CU에서 착한 가격에 만나보세요!",,11,1082,1,2025-10-21 09:52:27,https://www.youtube.com/watch?v=Lu_dNfuY87k,지금 CU에서 이거 안사면 손해 종근당과 CU가 콜라보했어요 httpswwwpocketcucokrdeepLinkcheckAppInstallviewType1viewUrlspecialdetailCDK0VSBL07059 84년 전통의 종근당 건강기능식품 9종을 이제 CU에서 만나보실 수 있답니다 멀티비타민미네랄로 기본 영양 챙기고깨끗하고 흡수 잘 되는 초임계 알티지 오메가3밀크씨슬은 간 건강 루테인비타민A는 눈 건강에 좋고요프로바이오틱스는 이너케어  장 건강을 도와주고두뇌기억력엔 징코가 집중력과 기억력에 딱칼마디케이는 관절 케어혈당컷 다이어트는 혈당 조절과 다이어트에 도움을 줍니다 하루 한 알 간편하게 챙기기 딱 좋아요 더 빠르게 갖고 싶다면 포켓CU 앱에서 주문 후가까운 CU에서 바로 픽업하세요집 앞 CU에서 기다림 없이 바로 받아가니까 너무 편해요 게다가 지금 런칭 기념 11 이벤트 중5천 원에 2박스 20일치 건강 챙기기 찬스종근당 건강기능식품 CU에서 착한 가격에 만나보세요 ,"['이거', '손해', '종근당', '콜라', '전통', '종근당', '건강', '기능', '식품', '만나', '멀티', '비타민', '미네랄', '기본', '영양', '챙기', '흡수', '초임', '알티', '오메가', '밀크', '건강', '루테', '비타민', '건강', '프로바이오틱스', '이너', '케어', '건강', '도와주', '두뇌', '기억력', '집중력', '기억력', '마디', '케이', '관절', '케어', '혈당', '다이어트', '혈당', '조절', '다이어트', '도움', '하루', '챙기', '빠르', '포켓', '주문', '가깝', '픽업', '기다리', '편하', '런칭', '기념', '이벤트', '박스', '건강', '챙기', '찬스', '종근당', '건강', '기능', '식품', '착하', '가격', '만나']"
1,2,"이 가격에 '50% 증량'?! 도시락 덕후들 장 보다가 '졸도'함!  건기식이 전부 1+1이라고?!""여기로 달려갈 수밖에""CU가 미친 짓 벌인 이유!"" #상부상조마켓 #cu편의점","여러분, 오늘 쇼츠 보러 왔다가 '인생 역전' 당하는 소식 들고 왔습니다! 지금 편의점 업계에 난리가 났어요! CU가 미친 짓을 벌이고 있다고요! 이제 건강기능식품을 다이소보다 싸게 판다! 심지어 전부 1+1! 와, 이거 보면 진짜 졸도한다! 네, 믿기 힘드시겠지만 진짜예요! 5천원도 안 되는 가격으로 10일치를 싹 가져갈 수 있다니까요?! 근데 이게 끝이 아니에요! 도시락, 삼각김밥 중량을 무려 **50%**나 늘렸대요! 근데 가격은 그대로! 알고 보니까 마진까지 줄여가면서 소비자를 위해 통 크게 쐈대요! 와, 진짜 이 정도면 그냥 편의점계의 히어로 아니냐고요?! 이런 미친 전략 덕분이었을까요? 드디어… CU가 GS25를 제치고 역대 최초로 분기 매출 1위를 찍었대요! 가성비와 고객에게 진심이었던 이들의 승리! 이제 편의점은 CU 하나면 충분합니다! 머니투데이유엄식 기자 (usyoo@mt.co.kr) 상부상조 마켓: 고객의 경험이 곧 브랜드가 되는 곳. 세상을 바꾸는 글로벌 브랜드의 숨겨진 가치와.. 우리의 삶을 풍요롭게 하는 중소기업과 개인 사업자의 진심이 담긴 스토리를 전달합니다. 모든 브랜드가 함께 성장하고 빛나는 이야기를 '상부상조 마켓'에서 경험하세요.","#상부상조마켓,#cu편의점,#굿브랜드",3,396,1,2025-08-23 09:59:46,https://www.youtube.com/watch?v=MQ3CsEhT10o,이 가격에 50 증량 도시락 덕후들 장 보다가 졸도함  건기식이 전부 11이라고여기로 달려갈 수밖에CU가 미친 짓 벌인 이유 #상부상조마켓 #cu편의점 여러분 오늘 쇼츠 보러 왔다가 인생 역전 당하는 소식 들고 왔습니다 지금 편의점 업계에 난리가 났어요 CU가 미친 짓을 벌이고 있다고요 이제 건강기능식품을 다이소보다 싸게 판다 심지어 전부 11 와 이거 보면 진짜 졸도한다 네 믿기 힘드시겠지만 진짜예요 5천원도 안 되는 가격으로 10일치를 싹 가져갈 수 있다니까요 근데 이게 끝이 아니에요 도시락 삼각김밥 중량을 무려 50나 늘렸대요 근데 가격은 그대로 알고 보니까 마진까지 줄여가면서 소비자를 위해 통 크게 쐈대요 와 진짜 이 정도면 그냥 편의점계의 히어로 아니냐고요 이런 미친 전략 덕분이었을까요 드디어 CU가 GS25를 제치고 역대 최초로 분기 매출 1위를 찍었대요 가성비와 고객에게 진심이었던 이들의 승리 이제 편의점은 CU 하나면 충분합니다 머니투데이유엄식 기자 usyoomtcokr 상부상조 마켓 고객의 경험이 곧 브랜드가 되는 곳 세상을 바꾸는 글로벌 브랜드의 숨겨진 가치와 우리의 삶을 풍요롭게 하는 중소기업과 개인 사업자의 진심이 담긴 스토리를 전달합니다 모든 브랜드가 함께 성장하고 빛나는 이야기를 상부상조 마켓에서 경험하세요 #상부상조마켓#cu편의점#굿브랜드,"['가격', '증량', '도시락', '덕후', '졸도', '건기', '여기', '달려가', '미치', '벌이', '이유', '여러분', '쇼츠', '인생', '역전', '당하', '소식', '편의점', '업계', '난리', '미치', '벌이', '건강', '기능', '식품', '다이소', '이거', '졸도', '힘들', '진짜', '가격', '가져가', '이것', '아니', '도시락', '삼각김밥', '중량', '늘리', '가격', '마진', '줄이', '소비자', '위하', '정도', '편의점', '히어로', '아니', '미치', '전략', '덕분', '제치', '역대', '최초', '분기', '매출', '가성비', '고객', '진심', '승리', '편의점', '하나', '머니투데이', '유엄', '기자', '상부상조', '마켓', '고객', '경험', '브랜드', '세상', '바꾸', '글로벌', '브랜드', '숨기', '가치', '우리', '풍요', '중소기업', '개인', '사업자', '진심', '담기', '스토리', '전달', '브랜드', '성장', '빛나', '이야기', '상부상조', '마켓', '경험']"
1,2,기억력 영양제 CU 다이소 모두 품절 요즘은 공부도 템빨!,,"#기억력영양제,#인지력개선,#포스파티딜세린,#은행잎추출물,#징코,#두뇌영양제,#뇌건강,#다이소영양제,#CU영양제,#품절대란,#종근당홀딩스,#경보제약,#두뇌엔,#영양제추천,#건강기능식품,#쇼핑정보,#가성비영양제,#집중력향상,#기억력개선,#건기식,#쇼핑,#꿀템,#살림,#다이어트,#다이소,#쿠팡",2,277,0,2025-11-24 09:52:26,https://www.youtube.com/watch?v=Sg3zKBXiAqs,기억력 영양제 CU 다이소 모두 품절 요즘은 공부도 템빨  #기억력영양제#인지력개선#포스파티딜세린#은행잎추출물#징코#두뇌영양제#뇌건강#다이소영양제#CU영양제#품절대란#종근당홀딩스#경보제약#두뇌엔#영양제추천#건강기능식품#쇼핑정보#가성비영양제#집중력향상#기억력개선#건기식#쇼핑#꿀템#살림#다이어트#다이소#쿠팡,"['기억력', '영양제', '다이소', '품절', '요즘', '공부', '템빨']"
1,2,요즘 MZ 수험생들은 편의점에서 이걸 챙긴다구요?!ㅣ 종근당 건강기능식품,"ㅣ요즘 MZ 수험생들은 편의점에서 이걸 챙긴다구요?! CU 갔다가 깜짝 놀랐어요 CU X 종근당 콜라보 건강기능식품이 쫙- 진열돼 있더라구요 구매 방법도 진짜 간단해요 포켓CU 어플에서 건강기능식품 기획전 누르고 픽업으로 가까운 매장을 선택하면 끝! 이렇게 주문하면 기다릴 필요없이 집앞 CU에서 바로 픽업 가능해요 저는 9종을 다 챙겨왔는데 칼마디케이, 오메가3, 밀크씨쓸 등 그날그날 필요한 영양제를 챙겨주고 있어요 게다가 11월 16일까지 6종 구매시 단돈 9,900원🔥 이벤트까지 진행 중이라 수험생 선물로도 완전 찰떡이에요 수험생 여러분, 수능도 건강도 만점 받자구요➿ 화이팅!!! https://www.pocketcu.co.kr/deepLink/checkAppInstall?viewType=1&viewUrl=/special/detail/CDK0VSBL07059",,10,2073,0,2025-11-07 14:45:39,https://www.youtube.com/watch?v=6-9uzLIL0Aw,요즘 MZ 수험생들은 편의점에서 이걸 챙긴다구요 종근당 건강기능식품 요즘 MZ 수험생들은 편의점에서 이걸 챙긴다구요 CU 갔다가 깜짝 놀랐어요 CU X 종근당 콜라보 건강기능식품이 쫙 진열돼 있더라구요 구매 방법도 진짜 간단해요 포켓CU 어플에서 건강기능식품 기획전 누르고 픽업으로 가까운 매장을 선택하면 끝 이렇게 주문하면 기다릴 필요없이 집앞 CU에서 바로 픽업 가능해요 저는 9종을 다 챙겨왔는데 칼마디케이 오메가3 밀크씨쓸 등 그날그날 필요한 영양제를 챙겨주고 있어요 게다가 11월 16일까지 6종 구매시 단돈 9900원 이벤트까지 진행 중이라 수험생 선물로도 완전 찰떡이에요 수험생 여러분 수능도 건강도 만점 받자구요 화이팅 httpswwwpocketcucokrdeepLinkcheckAppInstallviewType1viewUrlspecialdetailCDK0VSBL07059 ,"['요즘', '수험', '편의점', '이거', '챙기', '종근당', '건강', '기능', '식품', '요즘', '수험', '편의점', '이거', '챙기', '놀라', '종근당', '콜라', '건강', '기능', '식품', '진열', '구매', '방법', '간단하', '포켓', '어플', '건강', '기능', '식품', '기획전', '누르', '픽업', '가깝', '매장', '선택', '이렇', '주문', '기다리', '필요', '픽업', '가능', '챙기', '마디', '케이', '오메가', '밀크', '필요', '영양제', '챙기', '구매', '단돈', '이벤트', '진행', '수험', '선물', '찰떡', '수험', '여러분', '수능', '건강', '만점']"
1,2,지금 당장 CU로 달려가야하는 이유! 종근당 건강기능식품 콜라보라고?!,지금 당장 CU로 달려가야하는 이유! 종근당 건강기능식품 콜라보라고?! 지금당장 포켓 CU 어플 깔고 CU로 달려가자! 종근당과 건강기능식품 콜라보라니 대박이잖아~ 게다가 6종 9900원?! https://www.pocketcu.co.kr/deepLink/checkAppInstall?viewType=1&viewUrl=/special/detail/CDK0VSBL07059,,14,2576,11,2025-11-07 15:15:12,https://www.youtube.com/watch?v=tMbaBlNQW_0,지금 당장 CU로 달려가야하는 이유 종근당 건강기능식품 콜라보라고 지금 당장 CU로 달려가야하는 이유 종근당 건강기능식품 콜라보라고 지금당장 포켓 CU 어플 깔고 CU로 달려가자 종근당과 건강기능식품 콜라보라니 대박이잖아 게다가 6종 9900원 httpswwwpocketcucokrdeepLinkcheckAppInstallviewType1viewUrlspecialdetailCDK0VSBL07059 ,"['당장', '달려가', '이유', '종근당', '건강', '기능', '식품', '콜라', '당장', '달려가', '이유', '종근당', '건강', '기능', '식품', '콜라', '당장', '포켓', '어플', '달려가', '종근당', '건강', '기능', '식품', '콜라', '대박']"
1,2,"""지원금으로 홍삼 쓸어갔다""···소비쿠폰 수혜 업계 따로 있었네#소비쿠폰 #건강기능식품 #정관장 #재난지원금효과 #건기식특수  #에브리타임#편의점건기식 #KGC인삼공사#민생회복쿠폰","코로나 때처럼 또 한 번? 정부의 민생회복 소비쿠폰 지급에 따라 건강기능식품 시장이 다시 주목받고 있습니다. 💥 2020년 재난지원금 당시, 정관장 일부 매장은 무려 매출 10배 폭증! 이번에도 정관장을 비롯해 편의점까지 건기식 마케팅에 열 올리는 중🔥 ✔ 전국 750여 정관장 가맹점 쿠폰 사용 가능 ✔ 편의점 CU, 건기식 매출 18.3% 급등 ✔ 종근당·동화약품과 콜라보한 소포장 제품 출시 소비자들의 건강 관리 니즈와 실속 소비 트렌드가 만나 또 한 번의 ‘건기식 특수’가 기대됩니다. 🧡 홍삼부터 간편 건기식까지, 당신의 지원금은 어디로 향하고 있나요?",,2,1148,0,2025-07-29 00:00:03,https://www.youtube.com/watch?v=aZQBBNR46xc,지원금으로 홍삼 쓸어갔다소비쿠폰 수혜 업계 따로 있었네#소비쿠폰 #건강기능식품 #정관장 #재난지원금효과 #건기식특수  #에브리타임#편의점건기식 #KGC인삼공사#민생회복쿠폰 코로나 때처럼 또 한 번 정부의 민생회복 소비쿠폰 지급에 따라 건강기능식품 시장이 다시 주목받고 있습니다  2020년 재난지원금 당시 정관장 일부 매장은 무려 매출 10배 폭증 이번에도 정관장을 비롯해 편의점까지 건기식 마케팅에 열 올리는 중  전국 750여 정관장 가맹점 쿠폰 사용 가능  편의점 CU 건기식 매출 183 급등  종근당동화약품과 콜라보한 소포장 제품 출시 소비자들의 건강 관리 니즈와 실속 소비 트렌드가 만나 또 한 번의 건기식 특수가 기대됩니다  홍삼부터 간편 건기식까지 당신의 지원금은 어디로 향하고 있나요 ,"['지원금', '홍삼', '소비', '쿠폰', '수혜', '업계', '코로나', '정부', '민생', '회복', '소비', '쿠폰', '지급', '따르', '건강', '기능', '식품', '시장', '주목', '재난', '지원금', '당시', '관장', '일부', '매장', '매출', '폭증', '이번', '관장', '비롯하', '편의점', '건기', '마케팅', '올리', '전국', '정관장', '가맹점', '쿠폰', '사용', '가능', '편의점', '건기', '매출', '종근당', '동화약품', '콜라', '포장', '제품', '출시', '소비자', '건강', '관리', '니즈', '실속', '소비', '트렌드', '만나', '건기', '특수', '기대', '홍삼', '당신', '지원금', '어디', '향하']"
1,2,"침체된 시장 살리는 ""다이소·편의점""?? / 모가ISSUE??",[구독 좋아요 알림설정]은 콘텐츠 제작에 큰 힘이 됩니다 채널에 가입하여 혜택을 누려보세요. https://www.youtube.com/channel/UCiKAhlBn6vlhGQots2TckcQ/join ---------------------------------------------------------------------------------------- 다양한 모든 소식 한 눈에 보기: https://link.inpock.co.kr/directselling 마케팅신문 홈페이지: http://www.mknews.kr/ 식약신문 홈페이지: http://www.fmnews.kr/ 다이렉트셀링 홈페이지: https://www.directsellingkorea.com/ 인스타그램: https://www.instagram.com/directsellingkorea_official/ 문의 및 제보:mknews@mknews.co.kr(이메일) ---------------------------------------------------------------------------------------- BGM출처 🎵Music provided by 브금대통령 🎵Track : Summary - https://www.youtube.com/watch?v=0v5q3wV8IUQ 🎵Music provided by 브금대통령 🎵Track : BGMP NEWS - https://www.youtube.com/watch?v=vMyGWNEHf24&list=RDvMyGWNEHf24&start_radio=1 ▬▬▬▬▬▬▬▬▬▬▬▬▬▬▬▬▬▬▬▬▬▬▬▬▬▬▬▬▬,"#뉴스#이슈,#mlm,#mlmbusiness,#네트워크마케팅,#건강기능식품,#다이소,#씨유,#gs25,#세븐일레븐",2,76,0,2025-11-28 07:36:55,https://www.youtube.com/watch?v=fGGl1Msgicw,침체된 시장 살리는 다이소편의점  모가ISSUE 구독 좋아요 알림설정은 콘텐츠 제작에 큰 힘이 됩니다 채널에 가입하여 혜택을 누려보세요 httpswwwyoutubecomchannelUCiKAhlBn6vlhGQots2TckcQjoin  다양한 모든 소식 한 눈에 보기 httpslinkinpockcokrdirectselling 마케팅신문 홈페이지 httpwwwmknewskr 식약신문 홈페이지 httpwwwfmnewskr 다이렉트셀링 홈페이지 httpswwwdirectsellingkoreacom 인스타그램 httpswwwinstagramcomdirectsellingkoreaofficial 문의 및 제보mknewsmknewscokr이메일  BGM출처 Music provided by 브금대통령 Track  Summary  httpswwwyoutubecomwatchv0v5q3wV8IUQ Music provided by 브금대통령 Track  BGMP NEWS  httpswwwyoutubecomwatchvvMyGWNEHf24listRDvMyGWNEHf24startradio1  #뉴스#이슈#mlm#mlmbusiness#네트워크마케팅#건강기능식품#다이소#씨유#gs25#세븐일레븐,"['침체', '시장', '살리', '다이소', '편의점', '구독', '알림', '설정', '콘텐츠', '제작', '채널', '가입', '혜택', '누리', '다양', '소식', '마케팅', '신문', '홈페이지', '신문', '홈페이지', '다이렉트', '홈페이지', '인스타그램', '문의', '제보', '이메일', '출처', '브금', '대통령', '브금', '대통령']"
1,2,건강 하나만큼은 돈 아끼지 않는다,"📡 월요일 오전 8시, 가장 빠른 트렌드가 찾아갑니다 📡 이번 주 뉴스 모아보기 👉https://marketingtrend.co.kr AI 큐레이션 시대 … 뉴스도 음악으로 들려준다 https://n.news.naver.com/article/009/0005518573?sid=105 “키링 하나에 16만원?” 8배 웃돈 얹어 중고거래 https://n.news.naver.com/article/005/0001787232?sid=101 ‘헬시플레저’ 바람 타고 5년 간 4배로 커진 단백질 시장 https://n.news.naver.com/article/020/0003645943?sid=101 감튀 대신 샐러드? 햄버거집에 ‘이것’ 먹으러 간다는데… [푸드360] https://n.news.naver.com/article/016/0002495109?sid=101 ‘그 맛’에 중독됐다…전 국민이 열광중인 녹색 음료의 정체 https://n.news.naver.com/article/022/0004049057?sid=101 편의점 건기식 대전 본격화…CU, 전국 6000개 매장으로 확대 판매 https://n.news.naver.com/article/025/0003452052?sid=101 멀고 비싼 여름휴가는 싫다… 가까운 곳에서 짧고 가볍게 https://n.news.naver.com/article/020/0003645097?sid=101 호텔家, ‘굿즈 마케팅’으로 고객 유혹…“브랜드 아이덴티티 담은 패키지 열풍” https://n.news.naver.com/article/022/0004049087?sid=101 “편안한 잠자리로 숙면” 프리미엄 침대 시장 잡아라 https://n.news.naver.com/article/023/0003913998?sid=101 쇼핑몰·아웃렛 “올리브영·다이소·무신사를 모셔라” https://n.news.naver.com/article/023/0003914924?sid=101 하루에 3000만원은 우습게 번다…2030女 몰리더니 '품절 대란' https://n.news.naver.com/article/015/0005153750?sid=101 한국인 30%가 반려동물 길러… 월 20만원 지출 https://n.news.naver.com/article/005/0001786346?sid=101 곽팀장은 [서스테이너블 컨설팅]에서 일합니다. https://sustainable.co.kr/ 멤버십에 가입하시고 회원 혜택을 누려보세요! https://www.youtube.com/channel/UC-ALJHclOi2SioUH2aVlvAQ/join -------------------- 💕 곽팀장의 새로운 유튜브 영상은 💕 월요일 오후 9시에 등록됩니다 -------------------- This stream is created with","#마케팅,#트렌드,#마케팅트렌드,#PRISMLiveStudio",85,1664,18,2025-07-07 11:43:50,https://www.youtube.com/watch?v=6hYMvHdCYgM,건강 하나만큼은 돈 아끼지 않는다  월요일 오전 8시 가장 빠른 트렌드가 찾아갑니다  이번 주 뉴스 모아보기 httpsmarketingtrendcokr AI 큐레이션 시대  뉴스도 음악으로 들려준다 httpsnnewsnavercomarticle0090005518573sid105 키링 하나에 16만원 8배 웃돈 얹어 중고거래 httpsnnewsnavercomarticle0050001787232sid101 헬시플레저 바람 타고 5년 간 4배로 커진 단백질 시장 httpsnnewsnavercomarticle0200003645943sid101 감튀 대신 샐러드 햄버거집에 이것 먹으러 간다는데 푸드360 httpsnnewsnavercomarticle0160002495109sid101 그 맛에 중독됐다전 국민이 열광중인 녹색 음료의 정체 httpsnnewsnavercomarticle0220004049057sid101 편의점 건기식 대전 본격화CU 전국 6000개 매장으로 확대 판매 httpsnnewsnavercomarticle0250003452052sid101 멀고 비싼 여름휴가는 싫다 가까운 곳에서 짧고 가볍게 httpsnnewsnavercomarticle0200003645097sid101 호텔 굿즈 마케팅으로 고객 유혹브랜드 아이덴티티 담은 패키지 열풍 httpsnnewsnavercomarticle0220004049087sid101 편안한 잠자리로 숙면 프리미엄 침대 시장 잡아라 httpsnnewsnavercomarticle0230003913998sid101 쇼핑몰아웃렛 올리브영다이소무신사를 모셔라 httpsnnewsnavercomarticle0230003914924sid101 하루에 3000만원은 우습게 번다2030 몰리더니 품절 대란 httpsnnewsnavercomarticle0150005153750sid101 한국인 30가 반려동물 길러 월 20만원 지출 httpsnnewsnavercomarticle0050001786346sid101 곽팀장은 서스테이너블 컨설팅에서 일합니다 httpssustainablecokr 멤버십에 가입하시고 회원 혜택을 누려보세요 httpswwwyoutubecomchannelUCALJHclOi2SioUH2aVlvAQjoin   곽팀장의 새로운 유튜브 영상은  월요일 오후 9시에 등록됩니다  This stream is created with #마케팅#트렌드#마케팅트렌드#PRISMLiveStudio,"['건강', '하나', '아끼', '월요일', '오전', '빠르', '트렌드', '이번', '뉴스', '모으', '큐레이션', '시대', '뉴스', '음악', '들려주', '하나', '웃돈', '중고', '거래', '헬시플레저', '바람', '커지', '단백질', '시장', '감튀', '대신', '샐러드', '햄버거', '이것', '푸드', '중독', '국민', '열광', '녹색', '음료', '정체', '편의점', '건기', '대전', '본격', '전국', '매장', '확대', '판매', '비싸', '여름휴가', '가깝', '가볍', '호텔', '굿즈', '마케팅', '고객', '유혹', '브랜드', '아이덴티티', '패키지', '열풍', '편안', '잠자리', '숙면', '프리미엄', '침대', '시장', '쇼핑몰', '아웃렛', '올리브', '다이소', '신사', '모시', '하루', '우습', '몰리', '품절', '대란', '한국인', '반려동물', '기르', '지출', '팀장', '서스테이너블', '컨설팅', '멤버십', '가입', '회원', '혜택', '누리', '팀장', '새롭', '유튜브', '영상', '월요일', '오후', '등록']"
1,2,"CU에서 판매하는 5,000원 영양제?","광고 이 포스팅은 CU로부터 제품을 제공받아 작성한 후기입니다. 💚 동아제약에서 출시한 CU 전용 건강기능식품 브랜드 ‘셀파렉스 바로’ 💊 가격은 단 5,000원✨ 항산화💪 비타민C1000부터 근육·에너지⚡ 마그네슘, 스트레스 완화🌿 테아닌, 눈 건강👀 루테인, 혈행·건조한 눈 개선💧 알티지오메가3, 관절·연골 건강🦵 MSM2000, 뼈·치아 건강🦷 칼슘마그네슘비타민D, 간 건강💚 밀크씨슬까지! 기능별로 골라먹는 8종 건강 케어라인업! 패키지도 예뻐서 보는 순간 시선 👀 확! 가까운 CU에서 만나보세요💚","#씨준생,#씨준생9기,#CU,#씨유,#CU신제품,#CU건강기능식품,#셀파렉스바로,#셀파렉스,#편의점,#동아제약,#CU추천템,#편의점신상,#편의점추천,#CU꿀템,#CU필수템,#CU영양제,#편의점영양제,#비타민추천,#비타민C1000,#루테인추천,#오메가3추천,#밀크씨슬추천,#마그네슘영양제,#테아닌영양제,#MSM영양제,#칼슘비타민D,#편의점건강템,#CU쇼핑,#씨유플래닛,#건강관리템",9,729,1,2025-10-12 07:54:40,https://www.youtube.com/watch?v=wc-c6WCX8m0,CU에서 판매하는 5000원 영양제 광고 이 포스팅은 CU로부터 제품을 제공받아 작성한 후기입니다  동아제약에서 출시한 CU 전용 건강기능식품 브랜드 셀파렉스 바로  가격은 단 5000원 항산화 비타민C1000부터 근육에너지 마그네슘 스트레스 완화 테아닌 눈 건강 루테인 혈행건조한 눈 개선 알티지오메가3 관절연골 건강 MSM2000 뼈치아 건강 칼슘마그네슘비타민D 간 건강 밀크씨슬까지 기능별로 골라먹는 8종 건강 케어라인업 패키지도 예뻐서 보는 순간 시선  확 가까운 CU에서 만나보세요 #씨준생#씨준생9기#CU#씨유#CU신제품#CU건강기능식품#셀파렉스바로#셀파렉스#편의점#동아제약#CU추천템#편의점신상#편의점추천#CU꿀템#CU필수템#CU영양제#편의점영양제#비타민추천#비타민C1000#루테인추천#오메가3추천#밀크씨슬추천#마그네슘영양제#테아닌영양제#MSM영양제#칼슘비타민D#편의점건강템#CU쇼핑#씨유플래닛#건강관리템,"['판매', '영양제', '광고', '포스팅', '제품', '제공', '작성', '후기', '동아제약', '출시', '전용', '건강', '기능', '식품', '브랜드', '셀파렉스', '가격', '항산화', '비타민', '근육', '에너지', '마그네슘', '스트레스', '완화', '아니', '건강', '루테', '건조', '개선', '오메가', '관절', '연골', '건강', '치아', '건강', '칼슘', '마그네슘', '비타민', '건강', '밀크', '기능', '고르', '건강', '케어', '라인', '패키지', '예쁘', '순간', '시선', '가깝', '만나']"
1,2,26년 5월 편의점 행사 총정리!! 영양제 90% 할인 실화인가요??,00:00 CU 02:09 GS25 04:42 세븐일레븐 05:18 이마트24 정가거부 네이버 카페 https://cafe.naver.com/wjdrkrjqn 정가거부 유튜브 채널 멤버십을 오픈하였습니다. https://www.youtube.com/channel/UC1KHW0JH7zToxC2H69axgzw/join,,564,39852,119,2026-05-01 12:08:19,https://www.youtube.com/watch?v=AwUytF89UKk,26년 5월 편의점 행사 총정리 영양제 90 할인 실화인가요 0000 CU 0209 GS25 0442 세븐일레븐 0518 이마트24 정가거부 네이버 카페 httpscafenavercomwjdrkrjqn 정가거부 유튜브 채널 멤버십을 오픈하였습니다 httpswwwyoutubecomchannelUC1KHW0JH7zToxC2H69axgzwjoin ,"['편의점', '행사', '정리', '영양제', '실화', '세븐일레븐', '이마트', '정가', '거부', '네이버', '카페', '정가', '거부', '유튜브', '채널', '멤버십', '오픈']"
1,2,이제 편의점에서 건강도 챙겨⁉️🎶 건강프로젝트365 종근당 편의점 데일리 건강루틴 영양제 편애남 PAN 편의점영양제 건강기능식품 밀크씨슬 편애템 jeju 다이어트 #shorts,이제 편의점에서 건강도 챙겨⁉️🎶 건강프로젝트365 종근당 데일리 건강루틴 영양제 밀크씨슬 다이어트 눈건강 혈행건강 뼈건강 미네랄 멀티비타민 루테인 밀크씨슬 징코 Now take care of your health at convenience stores ⁉️🎶 Health Project 365 Chong Kun Dang Store Daily Health Routine Nutrition Nutrition Functional Food Milk Thistle Item Diet Eye Health Blood Health Bone Health Mineral Multivitamin Lutein Milk Thistle Ginko,"#편의점,#편애남,#PAN,#편의점영양제,#건강기능식품,#편애템,#jeju,#shorts,#CU,#GS25,#세븐일레븐,#Convenience,#PAN,#ConvenienceStore,#Health,#Favorite,#jeju,#shorts,#CU,#GS25,#Seven-Eleven",5,900,0,2025-09-04 06:27:27,https://www.youtube.com/watch?v=8LPe1Qjjt8o,이제 편의점에서 건강도 챙겨 건강프로젝트365 종근당 편의점 데일리 건강루틴 영양제 편애남 PAN 편의점영양제 건강기능식품 밀크씨슬 편애템 jeju 다이어트 #shorts 이제 편의점에서 건강도 챙겨 건강프로젝트365 종근당 데일리 건강루틴 영양제 밀크씨슬 다이어트 눈건강 혈행건강 뼈건강 미네랄 멀티비타민 루테인 밀크씨슬 징코 Now take care of your health at convenience stores  Health Project 365 Chong Kun Dang Store Daily Health Routine Nutrition Nutrition Functional Food Milk Thistle Item Diet Eye Health Blood Health Bone Health Mineral Multivitamin Lutein Milk Thistle Ginko #편의점#편애남#PAN#편의점영양제#건강기능식품#편애템#jeju#shorts#CU#GS25#세븐일레븐#Convenience#PAN#ConvenienceStore#Health#Favorite#jeju#shorts#CU#GS25#SevenEleven,"['편의점', '건강', '챙기', '건강', '프로젝트', '종근당', '편의점', '데일리', '건강', '루틴', '영양제', '편애', '편의점', '영양제', '건강', '기능', '식품', '밀크', '편애템', '다이어트', '편의점', '건강', '챙기', '건강', '프로젝트', '종근당', '데일리', '건강', '루틴', '영양제', '밀크', '다이어트', '건강', '건강', '건강', '미네랄', '멀티', '비타민', '루테', '밀크']"
1,2,이것도 판다고?! CU 판매개시!! #영양제 #건강기능식품 #다이소 #CU #편의점,,,5,1543,0,2025-07-02 12:16:13,https://www.youtube.com/watch?v=OuYtB59DxRI,이것도 판다고 CU 판매개시 #영양제 #건강기능식품 #다이소 #CU #편의점  ,"['이것', '판매', '개시']"
1,2,#영양제#건강챙기기#건강이최고👍#철분🫐#루테인#비타민#CU#흰둥이흰국물라면#푸루푸루젤리,,,5,398,0,2025-09-02 01:54:37,https://www.youtube.com/watch?v=-qP33PalMH0,#영양제#건강챙기기#건강이최고#철분#루테인#비타민#CU#흰둥이흰국물라면#푸루푸루젤리  ,[]
1,2,면역력 필수! 아연 #아연 #아연효능 #면역력 #피부건강 #피로회복 #건강관리 #영양제 #생활건강 #에너지충전 #영양정보 #건강정보 #두뇌활동,"구독과 좋아요는 큰 힘이 됩니다. 1. 하루 얼마나 필요할까? (권장량/상한) 성인 남성: 약 10 mg/일 성인 여성: 약 8 mg/일 임신: 11 mg/일, 수유: 12 mg/일 상한(UL): 40 mg/일(장기 초과 섭취 금지) 고식물성·고피테이트 식단은 흡수저하 → 권장량의 1.2–1.5배 목표가 현실적. 2. 상호작용 & 병용 주의 항생제(테트라사이클린계, 퀴놀론계), 갑상선호르몬(레보티록신): 2–4시간 간격(흡수 저해). 구리(Cu) 보충제: 아연과 경쟁 → 간격 두기. 철분·칼슘·마그네슘 고용량 미네랄: 서로 간격. 위장약(PPI): 위산↓로 일부 제형 흡수 변동 가능 → 식사와 함께, 필요 시 제형 변경 고려. 3. 식단/생활 맞춤 루틴 -음식 중심 루틴(권장) 매 끼 동물성 단백질 소량+가공 덜한 곡물 콩류는 하룻밤 불림→삶기, 빵은 가능하면 발효빵 선택 간식: 호박씨/캐슈/땅콩 로테이션 -보충제 포함 루틴(필요 시) 아침 식후: 아연 10 mg 점심 또는 저녁: 철분/칼슘 등은 다른 끼로 분리 취침 전: 마그네슘(필요 시) — 아연과 2시간 이상 간격",,8,8327,0,2025-09-02 14:50:13,https://www.youtube.com/watch?v=mfW1-uhjn0M,면역력 필수 아연 #아연 #아연효능 #면역력 #피부건강 #피로회복 #건강관리 #영양제 #생활건강 #에너지충전 #영양정보 #건강정보 #두뇌활동 구독과 좋아요는 큰 힘이 됩니다 1 하루 얼마나 필요할까 권장량상한 성인 남성 약 10 mg일 성인 여성 약 8 mg일 임신 11 mg일 수유 12 mg일 상한UL 40 mg일장기 초과 섭취 금지 고식물성고피테이트 식단은 흡수저하  권장량의 1215배 목표가 현실적 2 상호작용  병용 주의 항생제테트라사이클린계 퀴놀론계 갑상선호르몬레보티록신 24시간 간격흡수 저해 구리Cu 보충제 아연과 경쟁  간격 두기 철분칼슘마그네슘 고용량 미네랄 서로 간격 위장약PPI 위산로 일부 제형 흡수 변동 가능  식사와 함께 필요 시 제형 변경 고려 3 식단생활 맞춤 루틴 음식 중심 루틴권장 매 끼 동물성 단백질 소량가공 덜한 곡물 콩류는 하룻밤 불림삶기 빵은 가능하면 발효빵 선택 간식 호박씨캐슈땅콩 로테이션 보충제 포함 루틴필요 시 아침 식후 아연 10 mg 점심 또는 저녁 철분칼슘 등은 다른 끼로 분리 취침 전 마그네슘필요 시  아연과 2시간 이상 간격 ,"['면역력', '필수', '아연', '구독', '하루', '필요', '권장', '성인', '남성', '성인', '여성', '임신', '수유', '상하', '장기', '초과', '섭취', '금지', '식물', '테이트', '식단', '흡수', '저하', '권장', '목표', '현실', '상호', '작용', '병용', '주의', '항생제', '테트라', '사이클', '퀴놀론계', '갑상선', '호르몬', '시간', '간격', '흡수', '저해', '구리', '보충', '아연', '경쟁', '간격', '철분', '칼슘', '마그네슘', '용량', '미네랄', '간격', '위장약', '위산', '일부', '제형', '흡수', '변동', '식사', '필요', '제형', '변경', '고려', '식단', '생활', '맞춤', '루틴', '음식', '중심', '루틴', '권장', '동물', '단백질', '소량', '가공', '곡물', '하룻밤', '불리', '가능', '발효', '선택', '간식', '호박', '땅콩', '로테이션', '보충', '포함', '루틴', '필요', '아침', '식후', '아연', '점심', '저녁', '철분', '칼슘', '분리', '취침', '마그네슘', '필요', '아연', '시간', '이상', '간격']"
1,2,야무지게 먹어야지 / CU 편의점 디저트 먹방 / 삼각김밥 먹방 / 김밥 먹방 / 두통에 먹는 영양제,⭐Instagram surviving_in_south_korea 📧survivinginsouthkorea@gmail.com,"#vlog,#cu,#conveniencestore,#dessert,#kimbap,#mukbang,#headache,#nutritionalsupplements,#asmr",6,32,0,2025-11-23 12:02:37,https://www.youtube.com/watch?v=3ilLFLv8yqY,야무지게 먹어야지  CU 편의점 디저트 먹방  삼각김밥 먹방  김밥 먹방  두통에 먹는 영양제 Instagram survivinginsouthkorea survivinginsouthkoreagmailcom #vlog#cu#conveniencestore#dessert#kimbap#mukbang#headache#nutritionalsupplements#asmr,"['야무지', '편의점', '디저트', '먹방', '삼각김밥', '먹방', '김밥', '먹방', '영양제']"
1,2,CU 편의점 삼각김밥 먹방 / 잠이 안 올 때 밤에 먹는 영양제 / 실생활ASMR,⭐Instagram surviving_in_south_korea 📧survivinginsouthkorea@gmail.com,"#vlog,#kimbap,#mukbang,#insomnia,#nutritionalsupplements",6,19,0,2025-11-10 12:35:05,https://www.youtube.com/watch?v=5NMfWeMdsKQ,CU 편의점 삼각김밥 먹방  잠이 안 올 때 밤에 먹는 영양제  실생활ASMR Instagram survivinginsouthkorea survivinginsouthkoreagmailcom #vlog#kimbap#mukbang#insomnia#nutritionalsupplements,"['편의점', '삼각김밥', '먹방', '영양제', '실생활']"
1,2,🧠 기억력·면역력 동시에! 3개월 커큐민 영양제 – 큐코민 아침에 동충강황,"🧠 하루 한 포! 뇌 건강과 면역력 동시에 챙기세요 큐코민 아침에 동충강황 – 105본입 리뷰 / 섭취법 / 구성 안내 기억력 저하, 잦은 피로감, 떨어지는 면역력... 이런 변화가 느껴지셨다면 매일 아침 루틴부터 점검해보세요. 이 영상에서는 ✔ 제품 언박싱 ✔ 주요 성분 설명 ✔ 하루 섭취법 ✔ 어떤 분께 추천하는지 ✔ 실제 사용 후기 등을 소개합니다. 🔍 제품 주요 포인트 수용성 나노 커큐민 적용 동결건조 동충하초 함유 천연 망고 농축액으로 맛까지 고려 하루 한 , 간편한 아침 건강 루틴 📦 패키지 구성 총 105본입 (21개 미니박스 × 5본입) 외출 시 휴대 가능 / 선물용으로도 적합 🛒 구매처 안내 ✔ 공식 홈페이지: https://www.cucomin.com ✔ 네이버 스마트스토어: https://smartstore.naver.com/cucomin/products/6726569735 ✔ 쿠팡: https://shop.coupang.com/limemall/58558","#큐코민,#아침에동충강황,#커큐민,#커큐민추천,#커큐민효능,#수용성커큐민,#cucomin,#dongchungganghwanginmorning,#curcumin,#nanocurcumin,#turmericcurcumin,#curcuminsupplement,#cucominglobal,#curcuminpower,#curcuminextract,#curcumincapsules",1,7,0,2025-07-31 09:47:33,https://www.youtube.com/watch?v=mNZRTIS--bw, 기억력면역력 동시에 3개월 커큐민 영양제  큐코민 아침에 동충강황  하루 한 포 뇌 건강과 면역력 동시에 챙기세요 큐코민 아침에 동충강황  105본입 리뷰  섭취법  구성 안내 기억력 저하 잦은 피로감 떨어지는 면역력 이런 변화가 느껴지셨다면 매일 아침 루틴부터 점검해보세요 이 영상에서는  제품 언박싱  주요 성분 설명  하루 섭취법  어떤 분께 추천하는지  실제 사용 후기 등을 소개합니다  제품 주요 포인트 수용성 나노 커큐민 적용 동결건조 동충하초 함유 천연 망고 농축액으로 맛까지 고려 하루 한  간편한 아침 건강 루틴  패키지 구성 총 105본입 21개 미니박스  5본입 외출 시 휴대 가능  선물용으로도 적합  구매처 안내  공식 홈페이지 httpswwwcucomincom  네이버 스마트스토어 httpssmartstorenavercomcucominproducts6726569735  쿠팡 httpsshopcoupangcomlimemall58558 #큐코민#아침에동충강황#커큐민#커큐민추천#커큐민효능#수용성커큐민#cucomin#dongchungganghwanginmorning#curcumin#nanocurcumin#turmericcurcumin#curcuminsupplement#cucominglobal#curcuminpower#curcuminextract#curcumincapsules,"['기억력', '면역력', '동시', '개월', '커큐민', '영양제', '큐코민', '아침', '강황', '하루', '건강', '면역력', '동시', '챙기', '큐코민', '아침', '리뷰', '섭취', '구성', '기억력', '저하', '피로감', '떨어지', '면역력', '변화', '느끼', '아침', '루틴', '점검', '영상', '제품', '주요', '성분', '설명', '하루', '섭취', '추천', '실제', '사용', '후기', '소개', '제품', '주요', '포인트', '수용성', '나노', '커큐민', '적용', '동결', '건조', '동충하초', '함유', '천연', '망고', '농축액', '고려', '하루', '아침', '건강', '루틴', '패키지', '구성', '미니', '박스', '외출', '휴대', '가능', '선물', '적합', '구매처', '안내', '공식', '홈페이지', '네이버', '스마트', '스토어', '쿠팡']"
1,2,🗣️지금 지쳤나요? - 네니오😑 하루 1병으로 챙기는 초간단프로틴+아미노산 추천💕,"하루 한 번, 1병으로 챙기는 초간단프로틴+아미노산‼️ 종근당 아미코어 프로틴샷의 더 자세한 정보와 구매 방법은⁉️ : https://brand.naver.com/chongkundang/products/10662817076 ✨상단 링크를 통해 더 자세한 정보와 구매 방법을 확인하실 수 있습니다.✨ ◽️본 영상은 유료광고가 포함되어 있습니다.","#종근당,#종근당건강,#영양제,#프로틴,#아미노산,#cu편의점,#편의점",4,378,0,2025-05-19 11:04:36,https://www.youtube.com/watch?v=aj26nm5mKDM,지금 지쳤나요  네니오 하루 1병으로 챙기는 초간단프로틴아미노산 추천 하루 한 번 1병으로 챙기는 초간단프로틴아미노산 종근당 아미코어 프로틴샷의 더 자세한 정보와 구매 방법은  httpsbrandnavercomchongkundangproducts10662817076 상단 링크를 통해 더 자세한 정보와 구매 방법을 확인하실 수 있습니다 본 영상은 유료광고가 포함되어 있습니다 #종근당#종근당건강#영양제#프로틴#아미노산#cu편의점#편의점,"['지치', '하루', '챙기', '간단', '프로', '아미노산', '추천', '하루', '챙기', '간단', '프로', '아미노산', '종근당', '아미코어', '프로', '정보', '구매', '방법', '상단', '링크', '통하', '정보', '구매', '방법', '확인', '영상', '유료', '광고', '포함']"
1,2,커큐민영양제 고민 중이라면? 제가 직접 먹어본 큐코민 아침에 동충강황 후기,"안녕하세요, 큐코민입니다 😊 요즘 면역력이 떨어지고 피부도 칙칙해져서 커큐민 영양제를 찾아보다가, 많은 분들이 추천하는 큐코민 아침에 동충강황을 직접 먹어보고 후기를 남깁니다. 첫 만남: 스타터팩 저는 5본입 스타터팩으로 시작했어요. 작은 상자에 깔끔하게 들어 있고, 원료와 섭취 방법이 잘 적혀 있어서 안심하고 먹을 수 있었답니다. 특허번호까지 적혀 있어 “믿을 만하다”는 느낌이 들었어요. 맛과 용해도 솔직히 처음엔 쓸까 걱정했는데, 전혀 그렇지 않았어요. 물에 넣자마자 스르륵 녹고, 향은 거의 없고 은은한 단맛만 느껴져서 부담이 없었어요. 출근 전에 꿀과 물에 타서 가방에 쏙 넣어 다니며 챙겨 먹으니 정말 편리했습니다. 활용도 200% 물이나 음료에 타서 간편하게 밥할 때 넣으면 노란 강황밥으로 변신 🍚 국이나 찌개, 요리에도 활용 가능 작은 사이즈라 사무실, 차 안, 가방 어디서든 챙길 수 있음 섭취 방법 하루 1~3본 섭취 커큐민 권장량: 체중 1kg당 3mg 저는 하루 한 본씩 꾸준히 챙겼는데, 피부가 조금 밝아지고 컨디션이 좋아진 느낌이었어요 ✨ 총평 간편하고 휴대성 좋은 건강 루틴으로 딱 맞는 제품이었어요. 특히 바쁜 현대인, 회식이 잦은 직장인, 면역력이 약해 걱정되는 분들께 추천하고 싶습니다. Shopping: www.cucomin.com 📌 본 후기는 실제 체험단 리뷰를 바탕으로 큐코민 블로그에서 재구성되었습니다. 📌 제품 관련 정보는 원료 특성에 근거한 일반적인 건강 정보이며, 개인차가 있을 수 있습니다.","#큐코민,#동충강황,#커큐민,#커큐민추천,#커큐민효능,#수용성커큐민,#나노커큐민,#커큐민골드,#리포좀커큐민,#강황,#강황의효능,#cucomin,#curcumin,#nanocurcumin,#curcumingold,#turmeric,#turmericpower",0,4,0,2025-09-06 18:05:25,https://www.youtube.com/watch?v=842KIx-tTRE,커큐민영양제 고민 중이라면 제가 직접 먹어본 큐코민 아침에 동충강황 후기 안녕하세요 큐코민입니다  요즘 면역력이 떨어지고 피부도 칙칙해져서 커큐민 영양제를 찾아보다가 많은 분들이 추천하는 큐코민 아침에 동충강황을 직접 먹어보고 후기를 남깁니다 첫 만남 스타터팩 저는 5본입 스타터팩으로 시작했어요 작은 상자에 깔끔하게 들어 있고 원료와 섭취 방법이 잘 적혀 있어서 안심하고 먹을 수 있었답니다 특허번호까지 적혀 있어 믿을 만하다는 느낌이 들었어요 맛과 용해도 솔직히 처음엔 쓸까 걱정했는데 전혀 그렇지 않았어요 물에 넣자마자 스르륵 녹고 향은 거의 없고 은은한 단맛만 느껴져서 부담이 없었어요 출근 전에 꿀과 물에 타서 가방에 쏙 넣어 다니며 챙겨 먹으니 정말 편리했습니다 활용도 200 물이나 음료에 타서 간편하게 밥할 때 넣으면 노란 강황밥으로 변신  국이나 찌개 요리에도 활용 가능 작은 사이즈라 사무실 차 안 가방 어디서든 챙길 수 있음 섭취 방법 하루 13본 섭취 커큐민 권장량 체중 1kg당 3mg 저는 하루 한 본씩 꾸준히 챙겼는데 피부가 조금 밝아지고 컨디션이 좋아진 느낌이었어요  총평 간편하고 휴대성 좋은 건강 루틴으로 딱 맞는 제품이었어요 특히 바쁜 현대인 회식이 잦은 직장인 면역력이 약해 걱정되는 분들께 추천하고 싶습니다 Shopping wwwcucomincom  본 후기는 실제 체험단 리뷰를 바탕으로 큐코민 블로그에서 재구성되었습니다  제품 관련 정보는 원료 특성에 근거한 일반적인 건강 정보이며 개인차가 있을 수 있습니다 #큐코민#동충강황#커큐민#커큐민추천#커큐민효능#수용성커큐민#나노커큐민#커큐민골드#리포좀커큐민#강황#강황의효능#cucomin#curcumin#nanocurcumin#curcumingold#turmeric#turmericpower,"['커큐민', '영양제', '고민', '큐코민', '아침', '후기', '안녕', '큐코민', '요즘', '면역력', '떨어지', '피부', '커큐민', '영양제', '찾아보', '추천', '큐코민', '아침', '강황', '후기', '남기', '만남', '스타터', '스타터', '시작', '상자', '원료', '섭취', '방법', '적히', '안심', '특허', '번호', '적히', '느낌', '용해도', '처음', '걱정', '그렇', '단맛', '느끼', '부담', '출근', '가방', '다니', '챙기', '편리', '활용', '음료', '간편하', '노랗', '강황', '변신', '찌개', '요리', '활용', '가능', '사이즈', '사무실', '가방', '어디', '챙기', '섭취', '방법', '하루', '섭취', '커큐', '권장', '체중', '하루', '챙기', '피부', '컨디션', '느낌', '총평', '휴대', '건강', '루틴', '제품', '바쁘', '현대인', '회식', '직장인', '면역력', '약하', '걱정', '추천', '후기', '실제', '체험', '리뷰', '바탕', '큐코민', '블로그', '구성', '제품', '관련', '정보', '원료', '특성', '근거', '일반', '건강', '정보', '개인차']"
1,2,축사 속 숨겨진 영양 간식?! 소와 염소가 핥는 빨간 덩어리의 정체!,"축사에서 소들이 혀로 핥고 있는 이 빨간 덩어리는 단순한 사탕처럼 보일 수 있지만, 실제로는 소금과 다양한 무기질이 압축되어 만든 가축용 미네랄 보충제입니다. 🔹 미네랄 블록이란 무엇인가요? 미네랄 블록은 주로 소금(NaCl), 칼슘(Ca), 인(P), 마그네슘(Mg), 아연(Zn), 구리(Cu), 코발트(Co), 요오드(I), 셀레늄(Se) 등 동물에게 필수적인 무기질을 포함하고 있으며, 이들을 압축하여 고체 형태로 만든 제품입니다. 🧂 왜 미네랄 블록이 필요한가요? 가축들은 자연 상태에서는 다양한 식물을 통해 무기질을 섭취하지만, 축사나 사료 중심의 사육 환경에서는 무기질이 부족해지기 쉽습니다. 그중에서도 **소금(나트륨)**은 가장 부족해지기 쉬운 성분 중 하나이며, 가축의 식욕, 소화, 근육 기능, 수분 조절 등에 중요한 역할을 합니다. 🐄 소는 얼마나 먹나요? 과다섭취는 괜찮을까요? 소는 본능적으로 자신의 몸에 필요한 만큼만 미네랄을 섭취합니다. 과다섭취를 걱정하지 않아도 되며, 실제로 부족한 영양소가 채워지면 더 이상 핥지 않습니다. 💡 미네랄 블록의 장점 자율 섭취 가능 – 동물이 자유롭게 섭취할 수 있어 편리합니다. 관리 용이 – 일정 기간 사용할 수 있어 교체 주기가 깁니다. 균형 영양 보충 – 중요한 미량 원소까지 포함되어 있어 전체 건강을 유지하는 데 도움을 줍니다. 스트레스 완화 – 일부 가축은 미네랄 부족 시 스트레스를 겪을 수 있는데, 이를 예방할 수 있습니다. 🐖 어떤 동물들이 사용할 수 있나요? 미네랄 블록은 다양한 가축에게 유용합니다. 아래는 대표적인 사용 대상입니다: 소(한우, 젖소) 돼지 말 염소 양 사슴 닭 및 가금류 (이 경우에는 블록 형태보다는 가루 형태로 제공되는 경우가 많음) 야생동물 (자연 방사지에서 사용하는 경우도 있음) 🌱 사용 시 주의사항 미네랄 블록은 건조하고 통풍이 잘 되는 곳에 설치하는 것이 좋습니다. 직사광선이나 빗물에 노출되지 않도록 주의해야 하며, 오염되지 않도록 관리해야 합니다. 자연 상태에서 사육 중인 동물에게도 유용하게 제공할 수 있습니다. 📌 기억하세요! 미네랄 블록은 단순한 먹이가 아닌, 가축 건강을 유지하고 생산성을 높이는 중요한 수단입니다. 소들은 똑똑하게도 자신의 몸에 꼭 필요한 만큼만 핥기 때문에, 너무 많이 먹을까 걱정하지 않으셔도 됩니다. 🧠 가축을 키우신다면 꼭 미네랄 블록을 활용해보세요. 건강한 동물은 더 나은 품질의 축산물로 이어집니다!",,889,62247,11,2025-06-17 08:48:00,https://www.youtube.com/watch?v=Ut8pFSKzApM,축사 속 숨겨진 영양 간식 소와 염소가 핥는 빨간 덩어리의 정체 축사에서 소들이 혀로 핥고 있는 이 빨간 덩어리는 단순한 사탕처럼 보일 수 있지만 실제로는 소금과 다양한 무기질이 압축되어 만든 가축용 미네랄 보충제입니다  미네랄 블록이란 무엇인가요 미네랄 블록은 주로 소금NaCl 칼슘Ca 인P 마그네슘Mg 아연Zn 구리Cu 코발트Co 요오드I 셀레늄Se 등 동물에게 필수적인 무기질을 포함하고 있으며 이들을 압축하여 고체 형태로 만든 제품입니다  왜 미네랄 블록이 필요한가요 가축들은 자연 상태에서는 다양한 식물을 통해 무기질을 섭취하지만 축사나 사료 중심의 사육 환경에서는 무기질이 부족해지기 쉽습니다 그중에서도 소금나트륨은 가장 부족해지기 쉬운 성분 중 하나이며 가축의 식욕 소화 근육 기능 수분 조절 등에 중요한 역할을 합니다  소는 얼마나 먹나요 과다섭취는 괜찮을까요 소는 본능적으로 자신의 몸에 필요한 만큼만 미네랄을 섭취합니다 과다섭취를 걱정하지 않아도 되며 실제로 부족한 영양소가 채워지면 더 이상 핥지 않습니다  미네랄 블록의 장점 자율 섭취 가능  동물이 자유롭게 섭취할 수 있어 편리합니다 관리 용이  일정 기간 사용할 수 있어 교체 주기가 깁니다 균형 영양 보충  중요한 미량 원소까지 포함되어 있어 전체 건강을 유지하는 데 도움을 줍니다 스트레스 완화  일부 가축은 미네랄 부족 시 스트레스를 겪을 수 있는데 이를 예방할 수 있습니다  어떤 동물들이 사용할 수 있나요 미네랄 블록은 다양한 가축에게 유용합니다 아래는 대표적인 사용 대상입니다 소한우 젖소 돼지 말 염소 양 사슴 닭 및 가금류 이 경우에는 블록 형태보다는 가루 형태로 제공되는 경우가 많음 야생동물 자연 방사지에서 사용하는 경우도 있음  사용 시 주의사항 미네랄 블록은 건조하고 통풍이 잘 되는 곳에 설치하는 것이 좋습니다 직사광선이나 빗물에 노출되지 않도록 주의해야 하며 오염되지 않도록 관리해야 합니다 자연 상태에서 사육 중인 동물에게도 유용하게 제공할 수 있습니다  기억하세요 미네랄 블록은 단순한 먹이가 아닌 가축 건강을 유지하고 생산성을 높이는 중요한 수단입니다 소들은 똑똑하게도 자신의 몸에 꼭 필요한 만큼만 핥기 때문에 너무 많이 먹을까 걱정하지 않으셔도 됩니다  가축을 키우신다면 꼭 미네랄 블록을 활용해보세요 건강한 동물은 더 나은 품질의 축산물로 이어집니다 ,"['축사', '숨기', '영양', '간식', '염소', '빨갛', '덩어리', '정체', '축사', '빨갛', '덩어리', '단순', '사탕', '보이', '소금', '다양', '무기질', '압축', '만들', '가축', '미네랄', '보충', '미네랄', '블록', '무엇', '미네랄', '블록', '소금', '칼슘', '마그네슘', '아연', '구리', '코발트', '요오드', '레늄', '동물', '필수', '무기질', '포함', '압축', '고체', '형태', '만들', '제품', '미네랄', '블록', '필요', '가축', '자연', '상태', '다양', '식물', '통하', '무기질', '섭취', '축사', '사료', '중심', '사육', '환경', '무기질', '부족', '소금', '나트륨', '부족', '성분', '하나', '가축', '식욕', '소화', '근육', '기능', '수분', '조절', '중요', '역할', '과다', '섭취', '괜찮', '본능', '자신', '필요', '만큼', '미네랄', '섭취', '과다', '섭취', '걱정', '부족', '영양소', '채우', '이상', '미네랄', '블록', '장점', '자율', '섭취', '가능', '동물', '자유', '섭취', '편리', '관리', '일정', '기간', '사용', '교체', '주기', '균형', '영양', '보충', '중요', '미량', '원소', '포함', '전체', '건강', '유지', '도움', '스트레스', '완화', '일부', '가축', '미네랄', '부족', '스트레스', '예방', '동물', '사용', '미네랄', '블록', '다양', '가축', '유용', '아래', '대표', '사용', '대상', '한우', '젖소', '돼지', '염소', '사슴', '가금', '경우', '블록', '형태', '가루', '형태', '제공', '경우', '야생', '동물', '자연', '방사', '사용', '경우', '사용', '주의', '사항', '미네랄', '블록', '건조', '통풍', '설치', '직사광선', '빗물', '노출', '주의', '오염', '관리', '자연', '상태', '사육', '동물', '유용', '제공', '기억', '미네랄', '블록', '단순', '먹이', '아니', '가축', '건강', '유지', '생산', '높이', '중요', '수단', '자신', '필요', '만큼', '때문', '걱정', '가축', '키우', '미네랄', '블록', '활용', '건강', '동물', '품질', '축산물', '이어지']"
1,2,빌베리 가격인상전 마지막공구!댓글에 링크있어요 #약사,"https://mkt.shopping.naver.com/link/693c07fd5ea0a206e537298f 온가족 눈영양제, 아빠의약속 빌베리 부스터 2차 공구❤️2/27(금)까지(이번이 가격인상전 마지막 공구) 허걱..방금 들어온 소식인데 인데나사 빌베리 가격이 많이올라서 담부터는 가격이 인상된대요!이번이 저렴하게 하시는 마지막기회입니다😭 -강남 신세계백화점 웰빙관에 입점한 -건강기능식품 인증된 빌베리에요! 빌베리 제대로 효과보시려면? -케이스에 50mg이상 함량 적혀있는지 체크하세용 블루베리보다 빌베리가 안토시아닌 함량이 높고 이 제품은 빌베리를 80~130배 농축해서 만들었어요❤️ 고함량 빌베리+루테인+그리고 눈건강에 좋은 부원료들까지 맞춤설계된 제품이고 자녀들에게는 안전하고 좋은 것만 해주고싶은 아빠의 마음으로 만든 제품이랍니다😭 1. 루테인도 그냥 루테인이 아닙니다! 전 세계적으로 가장 연구가 많이 된 DSM사의 FloraGLO 루테인 사용 ✔ 나노 입자로 흡수율 극대화 ✔ 유아 안전성 테스트 통과 ✔ 블루라이트 차단 기능 인증 2. 빌베리 핵심 원료 — 인데나사 밀토셀렉트 이탈리아 100년 기업 인데나(Indena)의 프리미엄 빌베리 원료 사용 ✔ 고산지대 청정지역 수확 ✔ 불순물 제거 후 고순도만 추출 ✔ 세계적으로 인정받는 원료 👉 안토시아닌 72mg 보장 (50mg 이상이면 눈 피로 개선에 도움 가능) 건강기능식품으로 인증된 제품만 함량 표기가 가능해요 3. 눈 건강에 필요한 영양 성분까지 설계 ✔ 식물성 베타카로틴 ✔ 리포좀 공법 비타민 C ✔ 구리 Cu + 아연 Zn ✔ 비타민 B1, B2, B6 ✔ 비타민 E 👉 눈 피로 + 항산화 + 영양 보충까지 한 번에 챙길 수 있도록 구성된 제품입니다 프로필 링크에서 특가로 구입하시고 궁금하신 점은 공구 링크에 Q&A에 남기시면 대표약사님이 직접 답변주실거에요 물론 저한테 문의주셔도됩니다😃❤️","#아빠의약속빌베리,#온가족눈영양제,#눈건강식품,#아로마약사공구",1,437,1,2026-02-26 02:01:51,https://www.youtube.com/watch?v=caZdqPN_6mM,빌베리 가격인상전 마지막공구댓글에 링크있어요 #약사 httpsmktshoppingnavercomlink693c07fd5ea0a206e537298f 온가족 눈영양제 아빠의약속 빌베리 부스터 2차 공구227금까지이번이 가격인상전 마지막 공구 허걱방금 들어온 소식인데 인데나사 빌베리 가격이 많이올라서 담부터는 가격이 인상된대요이번이 저렴하게 하시는 마지막기회입니다 강남 신세계백화점 웰빙관에 입점한 건강기능식품 인증된 빌베리에요 빌베리 제대로 효과보시려면 케이스에 50mg이상 함량 적혀있는지 체크하세용 블루베리보다 빌베리가 안토시아닌 함량이 높고 이 제품은 빌베리를 80130배 농축해서 만들었어요 고함량 빌베리루테인그리고 눈건강에 좋은 부원료들까지 맞춤설계된 제품이고 자녀들에게는 안전하고 좋은 것만 해주고싶은 아빠의 마음으로 만든 제품이랍니다 1 루테인도 그냥 루테인이 아닙니다 전 세계적으로 가장 연구가 많이 된 DSM사의 FloraGLO 루테인 사용  나노 입자로 흡수율 극대화  유아 안전성 테스트 통과  블루라이트 차단 기능 인증 2 빌베리 핵심 원료  인데나사 밀토셀렉트 이탈리아 100년 기업 인데나Indena의 프리미엄 빌베리 원료 사용  고산지대 청정지역 수확  불순물 제거 후 고순도만 추출  세계적으로 인정받는 원료  안토시아닌 72mg 보장 50mg 이상이면 눈 피로 개선에 도움 가능 건강기능식품으로 인증된 제품만 함량 표기가 가능해요 3 눈 건강에 필요한 영양 성분까지 설계  식물성 베타카로틴  리포좀 공법 비타민 C  구리 Cu  아연 Zn  비타민 B1 B2 B6  비타민 E  눈 피로  항산화  영양 보충까지 한 번에 챙길 수 있도록 구성된 제품입니다 프로필 링크에서 특가로 구입하시고 궁금하신 점은 공구 링크에 QA에 남기시면 대표약사님이 직접 답변주실거에요 물론 저한테 문의주셔도됩니다 #아빠의약속빌베리#온가족눈영양제#눈건강식품#아로마약사공구,"['빌 베리', '가격', '인상', '마지막', '공구', '댓글', '링크', '가족', '영양제', '아빠', '약속', '빌 베리', '부스터', '공구', '이번', '가격', '인상', '마지막', '공구', '들어오', '소식', '나사', '빌 베리', '가격', '오르', '가격', '인상', '이번', '저렴하', '마지막', '기회', '강남', '신세계백화점', '웰빙', '입점', '건강', '기능', '식품', '인증', '빌 베리', '빌 베리', '효과', '케이스', '이상', '함량', '적히', '체크', '블루베리', '빌 베리', '안토시아닌', '함량', '제품', '빌 베리', '농축', '만들', '함량', '빌 베리', '루테', '건강', '부원료', '맞춤', '설계', '제품', '자녀', '안전', '아빠', '마음', '만들', '제품', '루테', '아니', '세계', '연구', '루테', '나노', '입자', '흡수', '극대', '유아', '안전', '테스트', '통과', '블루', '라이트', '차단', '기능', '인증', '빌 베리', '핵심', '원료', '셀렉트', '이탈리아', '기업', '프리미엄', '빌 베리', '원료', '사용', '고산', '지대', '청정', '지역', '수확', '불순물', '제거', '순도', '추출', '세계', '인정받', '원료', '안토시아닌', '보장', '이상', '피로', '개선', '도움', '가능', '건강', '기능', '식품', '인증', '제품', '함량', '표기', '가능', '건강', '필요', '영양', '성분', '설계', '식물', '베타카로틴', '공법', '비타민', '구리', '아연', '비타민', '비타민', '피로', '항산화', '영양', '보충', '챙기', '구성', '제품', '프로필', '링크', '특가', '구입', '궁금하', '공구', '링크', '남기', '대표', '약사', '답변', '문의']"
1,2,상승 다이어트 25‼️ #다이어트 #다이어터 #유지어터 #벌크업 #whatieatinaday #koreanfood #healthy #diet,상승 다이어트 25‼️ 공복 몸무게 46.1kg ☀️ 아침 - 고구마 130g + 햇살닭 피클머스타드맛 닭가슴살 + 토마토 샐러드(드레싱X) ✨ 점심 - 잡곡밥 150g + 닭가슴살 80g + 찐양배추 + 김치 + 해우촌 소금김3g 🌝 저녁 - 잡곡밥 150g + 닭가슴살 70g + 토마토 샐러드(드레싱x) + 약고추장40g (더먹음) + 오이소박이 + 오이 + 아몬드12알 🍭 간식 - cu 바로먹는 고구마 130g 영상 이외의 먹은것 - 아이스 아메리카노 - 영양제 (유산균 + 오메가3 + 종합비타민),,6,2065,0,2025-05-27 12:16:41,https://www.youtube.com/watch?v=nKRcR01RznI,상승 다이어트 25 #다이어트 #다이어터 #유지어터 #벌크업 #whatieatinaday #koreanfood #healthy #diet 상승 다이어트 25 공복 몸무게 461kg  아침  고구마 130g  햇살닭 피클머스타드맛 닭가슴살  토마토 샐러드드레싱X  점심  잡곡밥 150g  닭가슴살 80g  찐양배추  김치  해우촌 소금김3g  저녁  잡곡밥 150g  닭가슴살 70g  토마토 샐러드드레싱x  약고추장40g 더먹음  오이소박이  오이  아몬드12알  간식  cu 바로먹는 고구마 130g 영상 이외의 먹은것  아이스 아메리카노  영양제 유산균  오메가3  종합비타민 ,"['상승', '다이어트', '상승', '다이어트', '공복', '몸무게', '아침', '고구마', '햇살', '피클', '머스타드', '가슴살', '토마토', '샐러드', '드레싱', '점심', '잡곡밥', '가슴살', '양배추', '김치', '해우', '소금', '저녁', '잡곡밥', '가슴살', '토마토', '샐러드', '드레싱', '약고추장', '오이소박이', '오이', '아몬드', '간식', '고구마', '영상', '이외', '아이스', '아메리카노', '영양제', '유산균', '오메가', '종합', '비타민']"
1,2,#에녹 #사랑은마술처럼 😘😍#에미야🥰 #장꾸 😂 #어르미 #minidachshund 🌻🍂🎶 #dachshundpuppy #dachshund #cutepuppy👍🎃#간식 #영양제,,,15,411,6,2025-11-07 01:11:34,https://www.youtube.com/watch?v=GRhGPM2P0CQ,#에녹 #사랑은마술처럼 #에미야 #장꾸  #어르미 #minidachshund  #dachshundpuppy #dachshund #cutepuppy#간식 #영양제  ,[]
1,2,"멜라솔+테아닌+감태, 샤브샤브, 홍차, 간장까지! 오늘 뭐 먹지?","이 포스팅은 쿠팡파트너스 활동의 일환으로, 이에 따른 일정액의 수수료를 제공받습니다. 구매하시는 가격은 동일합니다. 지금이 찬스! 역대급 세일 시작 가장 인기 있는 아이템을 빠르게 비교하고 원하는 상품을 바로 겟하세요! 이번 기회, 절대 놓치지 마세요! 5위 - 멜라솔 L테아닌 감태추출물 영양제, 1개, 30정 가격 : 39,800원 할인제품 : https://link.coupang.com/a/cGx6II 4위 - Vmart galangal 태국 강랑가 갈랑간 CU RIENG cu gieng, 1개, 250g 가격 : 3,490원 할인제품 : https://link.coupang.com/a/cGx6Iy 3위 - 설화우 한우 샤브샤브 1등급 (냉동), 200g, 1개 가격 : 17,100원 할인제품 : https://link.coupang.com/a/cGx6It 2위 - 베질루르 어쏘티드 홍차, 2g, 1개, 25개입 가격 : 10,200원 할인제품 : https://link.coupang.com/a/cGx6Ij 1위 - 샘표 장아찌 간장, 1.7L, 1개 가격 : 5,400원 할인제품 : https://link.coupang.com/a/cGx6Ib 더 이상 고민은 그만, 시간을 절약하고 만족을 극대화할 기회! 최고의 선택이 바로 여기, 지금 당신을 기다리고 있습니다!",,0,1,0,2025-07-23 16:57:32,https://www.youtube.com/watch?v=BiO-FYqOEiw,멜라솔테아닌감태 샤브샤브 홍차 간장까지 오늘 뭐 먹지 이 포스팅은 쿠팡파트너스 활동의 일환으로 이에 따른 일정액의 수수료를 제공받습니다 구매하시는 가격은 동일합니다 지금이 찬스 역대급 세일 시작 가장 인기 있는 아이템을 빠르게 비교하고 원하는 상품을 바로 겟하세요 이번 기회 절대 놓치지 마세요 5위  멜라솔 L테아닌 감태추출물 영양제 1개 30정 가격  39800원 할인제품  httpslinkcoupangcomacGx6II 4위  Vmart galangal 태국 강랑가 갈랑간 CU RIENG cu gieng 1개 250g 가격  3490원 할인제품  httpslinkcoupangcomacGx6Iy 3위  설화우 한우 샤브샤브 1등급 냉동 200g 1개 가격  17100원 할인제품  httpslinkcoupangcomacGx6It 2위  베질루르 어쏘티드 홍차 2g 1개 25개입 가격  10200원 할인제품  httpslinkcoupangcomacGx6Ij 1위  샘표 장아찌 간장 17L 1개 가격  5400원 할인제품  httpslinkcoupangcomacGx6Ib 더 이상 고민은 그만 시간을 절약하고 만족을 극대화할 기회 최고의 선택이 바로 여기 지금 당신을 기다리고 있습니다 ,"['아니', '샤브샤브', '홍차', '간장', '포스팅', '쿠팡', '파트너스', '활동', '일환', '따르', '일정액', '수수료', '제공', '구매', '가격', '동일', '찬스', '역대', '세일', '시작', '인기', '아이템', '빠르', '비교', '원하', '상품', '기회', '놓치', '아니', '감태', '추출물', '영양제', '가격', '할인', '제품', '태국', '가격', '할인', '제품', '설화', '한우', '샤브샤브', '등급', '냉동', '가격', '할인', '제품', '베질루르', '어쏘티드', '홍차', '가격', '할인', '제품', '장아찌', '간장', '가격', '할인', '제품', '이상', '고민', '시간', '절약', '만족', '극대', '기회', '최고', '선택', '여기', '당신', '기다리']"
1,2,강아지랑 출퇴근하다 바지 찢어짐 💥 | 최악의 퇴근길 30대 직장인,"강아지와 출퇴근하는 30대 직장인의 출근룩과 리얼 일상 브이로그입니다 🐶💼 출근룩, 사무직 일상, 강아지와 함께하는 직장인 일상이 궁금하다면 끝까지 편하게 시청해주세요 :) 📌 Instagram @seung.aah https://www.instagram.com/seung.aah 📌 Contact, 문의 : tmddkehddk@gmail.com 📢 업로드 : 매주 일요일 저녁 8시 📌 영상이 마음에 드셨다면 구독 & 좋아요는 다음 영상 제작에 큰 힘이 됩니다 🤍 🕒구간정보 DAY1 0:00 30대 직장인이 영양제 잘 챙겨먹는 팁 30대 직장인의 눈가 주름 팁 cu 연세우유 롤케이크 점심시간 산책하다가 생긴일... 위통 도져서 저녁은 계란죽 쿠팡 언박싱 DAY2 7:59 점심 추억의 음식 꼬막무침 저녁 고추참치 유부초밥, 두바이소금빵 피부관리기기 메디큐브 하이포커스샷 DAY3 13:26 강아지 가방 : 아르르 고잉백 점심 굴국밥 출근룩 오오티디 꼬미 친구네 가서 케이크 먹은 날 DAY4 18:14 울쎄라 400샷 맞은 후기 🎵Music provided by 브금대통령 🎵Track : 코믹한 BGM 모음 - https://www.youtube.com/watch?v=M3j0QKsiIPc&list=PL6P1WmqpG59PRMYOb1tuOEEce-nYMwPEg&index=4 🎵Oneul - https://www.youtube.com/watch?v=zUBJ7agRonA&list=WL&index=1","#강아지와출근,#강아지브이로그,#직장인브이로그,#사무직브이로그,#회사강아지,#회사다니는강아지,#직장인현실",37,736,19,2026-02-08 11:01:22,https://www.youtube.com/watch?v=urFjeioS_RI,강아지랑 출퇴근하다 바지 찢어짐   최악의 퇴근길 30대 직장인 강아지와 출퇴근하는 30대 직장인의 출근룩과 리얼 일상 브이로그입니다  출근룩 사무직 일상 강아지와 함께하는 직장인 일상이 궁금하다면 끝까지 편하게 시청해주세요   Instagram seungaah httpswwwinstagramcomseungaah  Contact 문의  tmddkehddkgmailcom  업로드  매주 일요일 저녁 8시  영상이 마음에 드셨다면 구독  좋아요는 다음 영상 제작에 큰 힘이 됩니다  구간정보 DAY1 000 30대 직장인이 영양제 잘 챙겨먹는 팁 30대 직장인의 눈가 주름 팁 cu 연세우유 롤케이크 점심시간 산책하다가 생긴일 위통 도져서 저녁은 계란죽 쿠팡 언박싱 DAY2 759 점심 추억의 음식 꼬막무침 저녁 고추참치 유부초밥 두바이소금빵 피부관리기기 메디큐브 하이포커스샷 DAY3 1326 강아지 가방  아르르 고잉백 점심 굴국밥 출근룩 오오티디 꼬미 친구네 가서 케이크 먹은 날 DAY4 1814 울쎄라 400샷 맞은 후기 Music provided by 브금대통령 Track  코믹한 BGM 모음  httpswwwyoutubecomwatchvM3j0QKsiIPclistPL6P1WmqpG59PRMYOb1tuOEEcenYMwPEgindex4 Oneul  httpswwwyoutubecomwatchvzUBJ7agRonAlistWLindex1 #강아지와출근#강아지브이로그#직장인브이로그#사무직브이로그#회사강아지#회사다니는강아지#직장인현실,"['강아지', '출퇴근', '바지', '찢어지', '최악', '퇴근길', '직장인', '강아지', '출퇴근', '직장인', '출근', '리얼', '일상', '브이', '로그', '출근', '사무직', '일상', '강아지', '직장인', '일상', '편하', '시청', '업로드', '일요일', '저녁', '영상', '마음', '드시', '구독', '다음', '영상', '제작', '구간', '정보', '직장인', '영양제', '챙기', '직장인', '눈가', '주름', '연세', '우유', '케이크', '점심시간', '산책', '생기', '도지', '저녁', '계란', '쿠팡', '점심', '추억', '음식', '꼬막', '무침', '저녁', '고추', '참치', '유부초밥', '두바이', '소금', '피부', '관리', '기기', '메디큐브', '하이', '포커스', '강아지', '가방', '아르', '점심', '굴국밥', '출근', '꼬미', '친구', '케이크', '울쎄라', '후기', '브금', '대통령', '코믹', '모음']"
1,2,상승 다이어트 31🤒 #다이어트 #whatieatinaday #koreanfood #healthy #diet,상승 다이어트 31🤒 공복 몸무게 44.4kg ☀️ 아침 - 고구마 100g + 단호박 40g + 닭가슴살 100g + 토마토 샐러드(드레싱: x) + 비비드키친 저칼로리 바베큐 20g ✨ 점심 - 완두콩밥 150g + 닭가슴살 + 브로콜리 + 오이소박이 + 벨라 허니버터 시즈닝 🌝 저녁 - 완두콩밥 150g + 고추장찌개 + 닭도리탕 + 토마토 샐러드(드레싱: 올리브유 + 홀그레인 머스타드) + 가지볶음 + 오이소박이 🍭 간식 cu 바로먹는 고구마 130g 영상 이외의 먹은것 - 아이스 아메리카노 - 영양제 (유산균 + 오메가3 + 종합비타민),,5,1160,0,2025-06-04 13:12:42,https://www.youtube.com/watch?v=U0JQDGFdrKg,상승 다이어트 31 #다이어트 #whatieatinaday #koreanfood #healthy #diet 상승 다이어트 31 공복 몸무게 444kg  아침  고구마 100g  단호박 40g  닭가슴살 100g  토마토 샐러드드레싱 x  비비드키친 저칼로리 바베큐 20g  점심  완두콩밥 150g  닭가슴살  브로콜리  오이소박이  벨라 허니버터 시즈닝  저녁  완두콩밥 150g  고추장찌개  닭도리탕  토마토 샐러드드레싱 올리브유  홀그레인 머스타드  가지볶음  오이소박이  간식 cu 바로먹는 고구마 130g 영상 이외의 먹은것  아이스 아메리카노  영양제 유산균  오메가3  종합비타민 ,"['상승', '다이어트', '상승', '다이어트', '공복', '몸무게', '아침', '고구마', '단호박', '가슴살', '토마토', '샐러드', '드레싱', '비비드', '키친', '칼로리', '바베큐', '점심', '완두콩', '가슴살', '브로콜리', '오이소박이', '벨라', '허니', '버터', '시즈닝', '저녁', '완두콩', '고추장', '찌개', '도리', '토마토', '샐러드', '드레싱', '올리브유', '홀그레', '머스타드', '가지', '볶음', '오이소박이', '간식', '고구마', '영상', '이외', '아이스', '아메리카노', '영양제', '유산균', '오메가', '종합', '비타민']"
1,2,지속 가능한 유지어터의 일상 217 #일상 #건강 #운동 #유지어터 #긍정 #성장 #daily #healthy #exercise #positive #growth,"지속가능한 유지어터의 일상 217 📅 25.12.12(금) 기록 📌 제 기준이며, 정답이 아닐 수 있습니다. (*참고만 부탁드립니다.) ✅ 공복 몸무게 - 49.1kg (*24.05.27부터 헬스 시작한 헬린이입니다.🐥) 🍽️ 오늘의 식단 📌 영상에 없는 음식도 있습니다. ☀️ 아침 - 햄김치볶음밥, 어묵탕 ✨ 점심 - cu 닭가슴살 100g, 🌝 저녁 - 밥 150g, 꽁치, 어묵탕, 밑반찬(연근조림,우엉조림,김치), 샐러드(양상추+양배추+방토), 드레싱&소스: 파인애플 식초 15g 🍭기타 간식 - 아이스 아메리카노 1잔, 썬키스트 오렌지소다 제로, 크리스피 글레이즈도넛 1개 💊 영양제 -유산균, 오메가3, 종합비타민, 마그네슘, 칼슘 🏋️‍♀️오늘의 운동: 휴식 📝 오늘의 일기 오늘도 같은 루틴 완료",,2,469,0,2025-12-13 01:57:39,https://www.youtube.com/watch?v=cs3YFvjbMKo,지속 가능한 유지어터의 일상 217 #일상 #건강 #운동 #유지어터 #긍정 #성장 #daily #healthy #exercise #positive #growth 지속가능한 유지어터의 일상 217  251212금 기록  제 기준이며 정답이 아닐 수 있습니다 참고만 부탁드립니다  공복 몸무게  491kg 240527부터 헬스 시작한 헬린이입니다  오늘의 식단  영상에 없는 음식도 있습니다  아침  햄김치볶음밥 어묵탕  점심  cu 닭가슴살 100g  저녁  밥 150g 꽁치 어묵탕 밑반찬연근조림우엉조림김치 샐러드양상추양배추방토 드레싱소스 파인애플 식초 15g 기타 간식  아이스 아메리카노 1잔 썬키스트 오렌지소다 제로 크리스피 글레이즈도넛 1개  영양제 유산균 오메가3 종합비타민 마그네슘 칼슘 오늘의 운동 휴식  오늘의 일기 오늘도 같은 루틴 완료 ,"['지속', '가능', '유지', '일상', '지속', '가능', '유지', '일상', '기록', '기준', '정답', '아니', '참고', '부탁', '드리', '공복', '몸무게', '헬스', '시작', '헬리', '오늘', '식단', '영상', '음식', '아침', '김치', '볶음밥', '어묵', '점심', '가슴살', '저녁', '꽁치', '어묵', '밑반찬', '연근', '조림', '우엉', '조림', '김치', '샐러드', '양상추', '양배추', '드레싱', '소스', '파인애플', '식초', '기타', '간식', '아이스', '아메리카노', '썬키스트', '오렌지', '소다', '제로', '크리스', '이즈', '도넛', '영양제', '유산균', '오메가', '종합', '비타민', '마그네슘', '칼슘', '오늘', '운동', '휴식', '오늘', '일기', '오늘', '루틴', '완료']"
1,2,#간식줘라 에미야? 🤣 #기다리자나🤣 #장꾸 😂 #어르미 #minidachshund 🌻🍂🎶 #dachshundpuppy #dachshund #cutepuppy👍🎃#간식 #영양제,에미야? 🤣 😂 🌻🍂🎶 귀여운강아지 https://youtu.be/4-rz9WeB6vY?si=m5_U7LpVyIH3Wb8c,"#간식줘라,#기다리자나🤣,#장꾸,#어르미,#minidachshund,#dachshundpuppy,#dachshund,#cutepuppy👍🎃#간식,#영양제,#dachshund,#funny,#dog,#닥스훈트,#dogsoftiktok,#dogvlogs,#doglover,#웃참,#웃긴썰,#웃긴영상,#funny,#닥스훈트,#닥스훈트매력,#어르미,#어르미브이로그,#어르미일상,#어르미하루,#어르미짤,#웃참,#funny,#ab형,#ab형,#어르미,#15살,#15살강아지,#dog,#15살닥스훈트,#강아지일상,#170만뷰강아지,#100만뷰,#1인자,#애교쟁이,#typ,#마린블루,#유튜버,#애니멀톡,#dog,#dogvlogs,#닥스훈트,#귀여운닥스훈트,#강아지일상,#dogsoftiktok,#dachshund,#강아지,#어르미,#닥스훈트,#닥스훈트매력,#귀여운강아지,#강아지동영상,#小狗,#cúncon,#ลูกสุนัข,#강아지사랑,#귀여운강아지,#마린블루팸,#🍎,#달다팸,#🍎apple_teams🍎,#👑apples🍎teams👑",40,1350,22,2025-11-06 04:08:52,https://www.youtube.com/watch?v=4dzNFpw7Lv4,#간식줘라 에미야  #기다리자나 #장꾸  #어르미 #minidachshund  #dachshundpuppy #dachshund #cutepuppy#간식 #영양제 에미야    귀여운강아지 httpsyoutube4rz9WeB6vYsim5U7LpVyIH3Wb8c #간식줘라#기다리자나#장꾸#어르미#minidachshund#dachshundpuppy#dachshund#cutepuppy#간식#영양제#dachshund#funny#dog#닥스훈트#dogsoftiktok#dogvlogs#doglover#웃참#웃긴썰#웃긴영상#funny#닥스훈트#닥스훈트매력#어르미#어르미브이로그#어르미일상#어르미하루#어르미짤#웃참#funny#ab형#ab형#어르미#15살#15살강아지#dog#15살닥스훈트#강아지일상#170만뷰강아지#100만뷰#1인자#애교쟁이#typ#마린블루#유튜버#애니멀톡#dog#dogvlogs#닥스훈트#귀여운닥스훈트#강아지일상#dogsoftiktok#dachshund#강아지#어르미#닥스훈트#닥스훈트매력#귀여운강아지#강아지동영상##cncon##강아지사랑#귀여운강아지#마린블루팸##달다팸#appleteams#applesteams,"['에미', '에미', '귀엽', '강아지']"
1,2,지속 가능한 유지어터의 일상 187 #일상 #건강 #운동 #식단 #긍정 #성장 #daily #healthy #exercise #positive #growth,"지속가능한 유지어터의 일상 187 📅 25.11.12(수) 기록 📌 제 기준이며, 정답이 아닐 수 있습니다. (*참고만 부탁드립니다.) ✅ 공복 몸무게 - 49.3kg (*24.05.27부터 헬스 시작한 헬린이입니다.🐥) 🍽️ 오늘의 식단 📌 영상에 없는 음식도 있습니다. ☀️ 아침 - 닭가슴살 100g, 소고기 토란국, 드레싱&소스: 비비드키친 머스타드 소스 ✨ 점심 - 군고구마 120g, CU 헤이루 닭가슴살 🌝 저녁 - 밥 150g, 군고구마 70g, 소불고기 150g, 토란국, 연근조림, 우엉조림, 김치볶음, 샐러드(양상추+양배추+방토), 드레싱&소스: 파인애플 식초 15g 🍭기타 간식 - 아이스 아메리카노 1잔, 빅토리아 탄산수 자몽, 라라스윗 치즈케이크 💊 영양제 -유산균, 오메가3, 종합비타민, 마그네슘, 칼슘 🏋️‍♀️오늘의 운동 📌 근력운동은 4세트씩 세트당 12~15회 하고 있습니다. ✅ 근력운동 프리: 바벨 루마니안 데드리프트 하체: 레그 프레스, 핵 스쿼트, 힙 어브덕션, 리버스 브이스쿼트 복근: 크런치, 힐터치, 바이시클 크런치, 플랭크(기본, 사이드) ✅ 유산소운동: 20분 📝 오늘의 일기 확실히 공부를 병행하니 체력이 떨어진다.🤦‍♀️ 운동하는 이유를 뼈저리게 느낀다!! 단백질도 닭가슴살만 먹지 말고 골고루 먹어줘야겠다.😋 오늘도 자신감있게 파이팅😘",,3,1228,0,2025-11-13 00:00:29,https://www.youtube.com/watch?v=uFjLA3Kdhys,지속 가능한 유지어터의 일상 187 #일상 #건강 #운동 #식단 #긍정 #성장 #daily #healthy #exercise #positive #growth 지속가능한 유지어터의 일상 187  251112수 기록  제 기준이며 정답이 아닐 수 있습니다 참고만 부탁드립니다  공복 몸무게  493kg 240527부터 헬스 시작한 헬린이입니다  오늘의 식단  영상에 없는 음식도 있습니다  아침  닭가슴살 100g 소고기 토란국 드레싱소스 비비드키친 머스타드 소스  점심  군고구마 120g CU 헤이루 닭가슴살  저녁  밥 150g 군고구마 70g 소불고기 150g 토란국 연근조림 우엉조림 김치볶음 샐러드양상추양배추방토 드레싱소스 파인애플 식초 15g 기타 간식  아이스 아메리카노 1잔 빅토리아 탄산수 자몽 라라스윗 치즈케이크  영양제 유산균 오메가3 종합비타민 마그네슘 칼슘 오늘의 운동  근력운동은 4세트씩 세트당 1215회 하고 있습니다  근력운동 프리 바벨 루마니안 데드리프트 하체 레그 프레스 핵 스쿼트 힙 어브덕션 리버스 브이스쿼트 복근 크런치 힐터치 바이시클 크런치 플랭크기본 사이드  유산소운동 20분  오늘의 일기 확실히 공부를 병행하니 체력이 떨어진다 운동하는 이유를 뼈저리게 느낀다 단백질도 닭가슴살만 먹지 말고 골고루 먹어줘야겠다 오늘도 자신감있게 파이팅 ,"['지속', '가능', '유지', '일상', '지속', '가능', '유지', '일상', '기록', '기준', '정답', '아니', '참고', '부탁', '드리', '공복', '몸무게', '헬스', '시작', '헬리', '오늘', '식단', '영상', '음식', '아침', '가슴살', '소고기', '토란', '드레싱', '소스', '비비드', '키친', '머스타드', '소스', '점심', '군고구마', '헤이루', '가슴살', '저녁', '군고구마', '불고기', '토란', '연근조림', '우엉', '조림', '김치', '볶음', '샐러드', '양상추', '양배추', '드레싱', '소스', '파인애플', '식초', '기타', '간식', '아이스', '아메리카노', '빅토리아', '탄산수', '자몽', '라라스윗', '치즈', '케이크', '영양제', '유산균', '오메가', '종합', '비타민', '마그네슘', '칼슘', '오늘', '운동', '근력', '운동', '세트', '세트', '근력', '운동', '프리', '바벨', '루마니아', '데드', '리프트', '하체', '프레스', '스쿼트', '어브덕션', '버스', '브이', '스쿼트', '크런치', '터치', '바이', '크런치', '플랭크', '기본', '사이드', '유산소', '운동', '오늘', '일기', '공부', '병행', '체력', '떨어지', '운동', '이유', '뼈저리', '느끼', '단백질', '가슴살', '오늘', '자신감']"
1,2,아무리 마셔도 숙취 없게 해줄게 #술,"살아남아야 할 때.. 쓰세요ㅠㅠ… ‼️전부 다 내돈내산‼️ 1. Ru21 (알유21) • 사는 곳: 편의점(CU, GS25 등), 올리브영, 약국, 온라인 쇼핑몰. • 가격: 1갑(6정) 기준 약 3,000원 ~ 5,500원 (온라인 대량 구매 시 정당 가격 훨씬 저렴함). • 양: 1팩에 6정 들어있음. • 효능: 비타민 C와 호박산 등이 주성분. 알코올 분해 과정에서 생기는 독성 물질인 아세트알데히드 생성을 억제하고 신진대사를 도와 숙취 예방에 효과적임. 2. 밀크씨슬 (평균적인 건강기능식품 기준) • 사는 곳: 대형마트(코스트코 등), 올리브영, 약국, 온라인 쇼핑몰(쿠팡 등). • 가격: 브랜드마다 다르지만 보통 2~3개월분 기준 15,000원 ~ 30,000원 선. • 양: 보통 한 통에 30정 ~ 60정 (1~2개월분). • 효능: 핵심 성분인 ’실리마린‘이 간세포의 파괴를 막고 재생을 도움. 술 깨는 용도보다는 평소 간 기능을 보호하고 피로 개선을 위해 꾸준히 먹는 영양제임. 3. 헛개차 (음료 기준) • 사는 곳: 편의점, 슈퍼마켓, 마트 어디서나 가능. • 가격: 500ml 페트병 기준 1,500원 ~ 2,500원 (2+1 행사 자주 함). • 양: 보통 340ml, 500ml, 1L 단위로 판매. • 효능: 헛개나무 열매 추출물이 알코올 분해를 돕고 갈증 해소에 탁월함. 음주 중이나 다음 날 수분 보충과 함께 가벼운 숙취 해소용으로 좋음. 4. 알폰지 (Al-ponge) • 사는 곳: 주로 온라인 해외 직구, 면세점 • 가격: 1병(60정) 기준 약 50,000원 ~ 65,000원 (직구 시 배송비 별도). • 양: 1병에 60캡슐 들어있음. • 효능: 캐나다산 프리미엄 숙취해소제로 유명함. 키토산, 밀크씨슬, 배 추출물, DHM 등이 고함량으로 들어있어 알코올 흡수 억제와 간 보호 기능을 동시에 노리는 제품임.","#술자리,#직장인,#대학생",2774,199767,74,2026-01-11 06:23:30,https://www.youtube.com/watch?v=hHwOUbSKWoM,아무리 마셔도 숙취 없게 해줄게 #술 살아남아야 할 때 쓰세요 전부 다 내돈내산 1 Ru21 알유21  사는 곳 편의점CU GS25 등 올리브영 약국 온라인 쇼핑몰  가격 1갑6정 기준 약 3000원  5500원 온라인 대량 구매 시 정당 가격 훨씬 저렴함  양 1팩에 6정 들어있음  효능 비타민 C와 호박산 등이 주성분 알코올 분해 과정에서 생기는 독성 물질인 아세트알데히드 생성을 억제하고 신진대사를 도와 숙취 예방에 효과적임 2 밀크씨슬 평균적인 건강기능식품 기준  사는 곳 대형마트코스트코 등 올리브영 약국 온라인 쇼핑몰쿠팡 등  가격 브랜드마다 다르지만 보통 23개월분 기준 15000원  30000원 선  양 보통 한 통에 30정  60정 12개월분  효능 핵심 성분인 실리마린이 간세포의 파괴를 막고 재생을 도움 술 깨는 용도보다는 평소 간 기능을 보호하고 피로 개선을 위해 꾸준히 먹는 영양제임 3 헛개차 음료 기준  사는 곳 편의점 슈퍼마켓 마트 어디서나 가능  가격 500ml 페트병 기준 1500원  2500원 21 행사 자주 함  양 보통 340ml 500ml 1L 단위로 판매  효능 헛개나무 열매 추출물이 알코올 분해를 돕고 갈증 해소에 탁월함 음주 중이나 다음 날 수분 보충과 함께 가벼운 숙취 해소용으로 좋음 4 알폰지 Alponge  사는 곳 주로 온라인 해외 직구 면세점  가격 1병60정 기준 약 50000원  65000원 직구 시 배송비 별도  양 1병에 60캡슐 들어있음  효능 캐나다산 프리미엄 숙취해소제로 유명함 키토산 밀크씨슬 배 추출물 DHM 등이 고함량으로 들어있어 알코올 흡수 억제와 간 보호 기능을 동시에 노리는 제품임 #술자리#직장인#대학생,"['마시', '숙취', '살아남', '편의점', '올리브', '약국', '온라인', '쇼핑몰', '가격', '기준', '온라인', '대량', '구매', '정당', '가격', '효능', '비타민', '호박', '주성분', '알코올', '분해', '과정', '생기', '독성', '물질', '아세트알데히드', '생성', '억제', '신진대사', '숙취', '예방', '효과', '밀크', '평균', '건강', '기능', '식품', '기준', '대형', '마트', '코스트코', '올리브', '약국', '온라인', '쇼핑몰', '쿠팡', '가격', '브랜드', '다르', '개월', '기준', '개월', '효능', '핵심', '성분', '실리', '세포', '파괴', '재생', '용도', '평소', '기능', '보호', '피로', '개선', '위하', '영양제', '헛개', '음료', '기준', '편의점', '슈퍼마켓', '마트', '어디', '가능', '가격', '페트병', '기준', '행사', '단위', '판매', '효능', '헛개나무', '열매', '추출물', '알코올', '분해', '갈증', '해소', '음주', '다음', '수분', '보충', '가볍', '숙취', '해소', '온라인', '해외', '직구', '면세점', '가격', '기준', '직구', '배송비', '별도', '캡슐', '효능', '캐나다', '프리미엄', '숙취', '해소', '유명', '키토산', '밀크', '추출물', '함량', '알코올', '흡수', '억제', '보호', '기능', '동시', '노리', '제품']"
1,2,외식만으로 식단하는 법(ft. 음주),한눈에 보는 단백이 포인트 1️⃣ 노른자 NO! 노른자 없이 흰자만 쏙— 지방·콜레스테롤 걱정 없이 가볍게! 2️⃣ 단백질 듬뿍! 단백이 1개 = 계란 흰자 2개 3️⃣ 맛도 다양하게 오리지널: 삶은 계란 흰자 그대로! 짭짤한맛: 소금 살짝 찍은 듯한 고소한 맛 4️⃣ 섭취는 간편하게 그냥 바로 먹어도 OK! 전자레인지에 살짝 데워도 맛있어요. 5️⃣ 건강한 칼로리 밸런스 단백이 1개 기준 30~35kcal / 단백질 7~8g 6️⃣ 소비기한 오리지널: 60일 짭짤한맛: 60일 CU 편의점에서 만나요! 🎁 단백이 댓글 이벤트 1. 참여방법 댓글에 단백이 기대평을 남겨 주세요! 2. 당첨자 혜택(5명) 단백이 오리지널 10개입 📌응모 기한 2025.11.28(금) ~ 12.12(금) 📌당첨자 발표 : 추후 커뮤니티 공지 ▶ 이벤트 & 할인 정보 카톡 플친 👉 http://pf.kakao.com/_vUxjHG ▶ 요즘 먹는 영양제(아이허브 장바구니 목록) 👉 https://iherb.co/2vFryqAd 00:00 인트로 00:24 1일 차 아침 01:57 1일 차 점심 03:44 1일 차 저녁 05:22 2일 차 운동 05:45 2일 차 아침 06:47 2일 차 점심 08:35 2일 차 저녁 09:57 이벤트 안내 & 마무리,"#단백이,#가농,#식단,#계란흰자",283,20136,109,2025-11-28 09:30:31,https://www.youtube.com/watch?v=XfaEHxojguk,외식만으로 식단하는 법ft 음주 한눈에 보는 단백이 포인트 1 노른자 NO 노른자 없이 흰자만 쏙 지방콜레스테롤 걱정 없이 가볍게 2 단백질 듬뿍 단백이 1개  계란 흰자 2개 3 맛도 다양하게 오리지널 삶은 계란 흰자 그대로 짭짤한맛 소금 살짝 찍은 듯한 고소한 맛 4 섭취는 간편하게 그냥 바로 먹어도 OK 전자레인지에 살짝 데워도 맛있어요 5 건강한 칼로리 밸런스 단백이 1개 기준 3035kcal  단백질 78g 6 소비기한 오리지널 60일 짭짤한맛 60일 CU 편의점에서 만나요  단백이 댓글 이벤트 1 참여방법 댓글에 단백이 기대평을 남겨 주세요 2 당첨자 혜택5명 단백이 오리지널 10개입 응모 기한 20251128금  1212금 당첨자 발표  추후 커뮤니티 공지  이벤트  할인 정보 카톡 플친  httppfkakaocomvUxjHG  요즘 먹는 영양제아이허브 장바구니 목록  httpsiherbco2vFryqAd 0000 인트로 0024 1일 차 아침 0157 1일 차 점심 0344 1일 차 저녁 0522 2일 차 운동 0545 2일 차 아침 0647 2일 차 점심 0835 2일 차 저녁 0957 이벤트 안내  마무리 #단백이#가농#식단#계란흰자,"['외식', '식단', '음주', '포인트', '노른자', '노른자', '흰자', '지방', '콜레스테롤', '걱정', '가볍', '단백질', '단백', '계란', '흰자', '다양', '오리지널', '계란', '흰자', '소금', '섭취', '간편하', '전자레인지', '데우', '맛있', '건강', '칼로리', '밸런스', '단백', '기준', '단백질', '소비', '기한', '오리지널', '편의점', '만나', '단백', '댓글', '이벤트', '참여', '방법', '댓글', '단백', '기대', '남기', '당첨자', '혜택', '단백', '오리지널', '응모', '기한', '당첨자', '발표', '추후', '커뮤니티', '공지', '이벤트', '할인', '정보', '카톡', '플친', '영양제', '아이', '허브', '장바구니', '목록', '인트로', '아침', '점심', '저녁', '운동', '아침', '점심', '저녁', '이벤트', '안내', '마무리']"
2,2,약사들도 약국 말고 다이소에서 산다는 5천원 영양제의 정체는?! #다이소 #다이소추천템 #다이소영양제 #영양제 #중년건강 #50대건강 #60대건강,"대웅제약 코엔자임 Q10 약사들도 약국보다 다이소에서 먼저 찾는 이유, 직접 확인해보세요. 약국에서는 몇만 원을 주고 사야 하는 영양제를 다이소에서는 단돈 5천 원에 구입할 수 있습니다. 피부 탄력·주름 개선, 혈압·심혈관 건강, 면역력 강화까지 한 번에 챙길 수 있는 코엔자임 Q10의 힘을 느껴보세요. ✔ 피부 탄력·주름 개선 코엔자임 Q10은 피부 세포 속 산화 스트레스를 줄여 주름을 완화하고 탄력을 높여줍니다. 특히 50대 이상에서 피부 노화 속도를 늦추는 데 도움됩니다. ✔ 혈압·심혈관 건강 혈관 내벽을 튼튼하게 하고 혈액순환을 촉진해 고혈압, 심장질환 예방에 긍정적인 영향을 줍니다. ✔ 면역력 강화·피로 회복 세포 에너지 생성 과정에 관여해 신체 활력을 높이고 면역 체계를 강화해줍니다. 피로감 완화에도 효과적입니다. 💡 구매 팁 다이소 영양제 코너에서 ‘대웅제약 코엔자임 Q10’을 찾아보세요. 약국에서 판매되는 동일 성분, 동일 용량의 제품을 훨씬 저렴한 가격에 구입할 수 있습니다. 📌 추천 대상 피부 탄력과 주름 개선을 원하는 분 혈압·혈관 건강이 걱정되는 분 쉽게 피로하고 면역력이 떨어진 분 가성비와 품질을 동시에 잡는 건강 루틴, 꼭 가족과 지인에게 알려주세요.","#대웅제약코엔자임Q10,#코엔자임Q10효능,#코엔자임Q10가격,#다이소영양제,#약사추천영양제,#50대영양제추천,#중년건강관리,#피부탄력영양제,#주름개선영양제,#혈압관리영양제,#심혈관건강,#면역력강화영양제,#중년피부관리,#가성비영양제,#다이소추천템,#항산화영양제,#혈액순환영양제,#에너지영양제,#중년건강식품,#피부탄력개선,#혈압건강식품,#면역건강식품,#50대여성건강,#50대남성건강,#중장년영양제,#다이소쇼핑추천,#건강보조제추천,#주름영양제,#코엔자임Q10추천,#피부미용영양제",4240,470716,41,2025-08-13 09:30:31,https://www.youtube.com/watch?v=fhPNKw0sWzk,약사들도 약국 말고 다이소에서 산다는 5천원 영양제의 정체는 #다이소 #다이소추천템 #다이소영양제 #영양제 #중년건강 #50대건강 #60대건강 대웅제약 코엔자임 Q10 약사들도 약국보다 다이소에서 먼저 찾는 이유 직접 확인해보세요 약국에서는 몇만 원을 주고 사야 하는 영양제를 다이소에서는 단돈 5천 원에 구입할 수 있습니다 피부 탄력주름 개선 혈압심혈관 건강 면역력 강화까지 한 번에 챙길 수 있는 코엔자임 Q10의 힘을 느껴보세요  피부 탄력주름 개선 코엔자임 Q10은 피부 세포 속 산화 스트레스를 줄여 주름을 완화하고 탄력을 높여줍니다 특히 50대 이상에서 피부 노화 속도를 늦추는 데 도움됩니다  혈압심혈관 건강 혈관 내벽을 튼튼하게 하고 혈액순환을 촉진해 고혈압 심장질환 예방에 긍정적인 영향을 줍니다  면역력 강화피로 회복 세포 에너지 생성 과정에 관여해 신체 활력을 높이고 면역 체계를 강화해줍니다 피로감 완화에도 효과적입니다  구매 팁 다이소 영양제 코너에서 대웅제약 코엔자임 Q10을 찾아보세요 약국에서 판매되는 동일 성분 동일 용량의 제품을 훨씬 저렴한 가격에 구입할 수 있습니다  추천 대상 피부 탄력과 주름 개선을 원하는 분 혈압혈관 건강이 걱정되는 분 쉽게 피로하고 면역력이 떨어진 분 가성비와 품질을 동시에 잡는 건강 루틴 꼭 가족과 지인에게 알려주세요 #대웅제약코엔자임Q10#코엔자임Q10효능#코엔자임Q10가격#다이소영양제#약사추천영양제#50대영양제추천#중년건강관리#피부탄력영양제#주름개선영양제#혈압관리영양제#심혈관건강#면역력강화영양제#중년피부관리#가성비영양제#다이소추천템#항산화영양제#혈액순환영양제#에너지영양제#중년건강식품#피부탄력개선#혈압건강식품#면역건강식품#50대여성건강#50대남성건강#중장년영양제#다이소쇼핑추천#건강보조제추천#주름영양제#코엔자임Q10추천#피부미용영양제,"['약사', '약국', '다이소', '영양제', '정체', '대웅제약', '코엔자임', '약사', '약국', '다이소', '이유', '확인', '약국', '영양제', '다이소', '단돈', '구입', '피부', '탄력', '주름', '개선', '혈압', '심혈관', '건강', '면역력', '강화', '챙기', '코엔자임', '느끼', '피부', '탄력', '주름', '개선', '코엔자임', '피부', '세포', '산화', '스트레스', '줄이', '주름', '완화', '탄력', '높이', '이상', '피부', '노화', '속도', '늦추', '도움', '혈압', '심혈관', '건강', '혈관', '내벽', '혈액', '순환', '촉진', '혈압', '심장', '질환', '예방', '긍정', '영향', '면역력', '강화', '피로', '회복', '세포', '에너지', '생성', '과정', '관여', '신체', '활력', '높이', '면역', '체계', '강화', '피로감', '완화', '효과', '구매', '다이소', '영양제', '코너', '대웅제약', '코엔자임', '약국', '판매', '동일', '성분', '동일', '용량', '제품', '저렴하', '가격', '구입', '추천', '대상', '피부', '탄력', '주름', '개선', '원하', '혈압', '혈관', '건강', '걱정', '피로', '면역력', '떨어지', '가성비', '품질', '동시', '건강', '루틴', '가족', '지인', '알리']"
2,2,다이소 영양제. 추천vs비추천. 고약사가 다이소 영양제 고른다면? '이것' 절대 사지 마세요!,"다이소 영양제, 정말 괜찮나요? 고약사와 함께 성분 분석해 드립니다. 다이소 영양제. 추천vs비추천. 고약사가 다이소 영양제 고른다면? '이것' 절대 사지 마세요! 00:00 하이라이트 00:14 고상온 약사님 소개 및 오늘의 주제 설명 01:13 다이소 영양제의 전반적인 내용 04:08 종근당건강 제품 리뷰 03:39 안국약품 제품 리뷰 10:50 동국제약 제품 리뷰 12:53 오브맘 제품 리뷰 ○ [부자의 몸] 구매 링크 교보: https://vo.la/bTEptM 예스: https://vo.la/VgaZQM 알라딘: https://vo.la/GshKXr ○ [이동환 박사님과 직접 소통할 수 있는 밴드에 무료 가입해 주세요!] 이동환 TV 소통밴드, 건행모(건강하고 행복한 모임)로 들어오세요^^ 건행모밴드 : https://band.us/@realhealth [댓글로 문의해 주세요] 공지 글에 문의해 주시면, 최대한 답변드리도록 하겠습니다^^ 가정의학과 전문의, 교육공학 석사, 경영학 박사. (사)한국강사협회 선정 '제80호 명강사' 한국 HRD 협회 'HRD 대상 명강사 부문 수상' 직무스트레스 연구소 대표, 교육문의 http://www.stressmanagement.co.kr ○출연, 협업, 광고 홍보 및 비즈니스 문의 : rivers999@hanmail.net ○강의 의뢰 : rivers999@hanmail.net 직무스트레스 연구소 http://www.stressmanagement.co.kr ○ 건행모 밴드 들어오는 방법 구독자님들 중에서 전화나 이메일로 궁금하신 것을 문의해주시는 경우가 많습니다만, 사실상 전화나 이메일로 답변드리는 것은 불가능하다는 점을 양해 부탁드리고요. 조금 더 원활한 소통을 위해서 네이버 밴드 (어플 설치와 가입 필수!)인 ***이동환 TV 소통밴드, 건행모(건강하고 행복한 모임)***를 만들었습니다^^ 건행모밴드 : https://band.us/@realhealth [댓글로 문의해 주세요] 공지 글에 문의해 주시면, 최대한 답변드리도록 하겠습니다^^ 오늘도 건행하세요. 감사합니다^^ [필독 해 주세요^^] (1) 댓글로 문의 주시는 분들이 많으신데요. 제가 의학 상식을 바탕으로 한 간단한 답변만 드릴 수 있으므로, 저의 의견은 그냥 참고만 하시고요. 반드시 담당의사 선생님 또는 직접 전문의 진료를 통해서 해결하셔야 한다는 점 꼭 기억하시기 바랍니다^^ (2) 저의 조언에 따른 결과로 어떤 문제가 생겨도 아무런 책임을 질 수 없다는 점을 꼭 양지해 주시고 질문 주시기 바랍니다^^ (3) 환자의 정확한 상태를 모르는 저보다 모든 검사결과를 다 잘 알고 계시는 담당의사 선생님의 조언과 상담이 더 정확하다는 것을 꼭 명심하시고, 저의 의견은 참고만 하시면 좋겠습니다^^","#다이소,#영양제,#약들약,#고약사,#건강강의,#이동환tv",569,41398,29,2025-08-20 11:00:37,https://www.youtube.com/watch?v=LLulGm04vdc,다이소 영양제 추천vs비추천 고약사가 다이소 영양제 고른다면 이것 절대 사지 마세요 다이소 영양제 정말 괜찮나요 고약사와 함께 성분 분석해 드립니다 다이소 영양제 추천vs비추천 고약사가 다이소 영양제 고른다면 이것 절대 사지 마세요 0000 하이라이트 0014 고상온 약사님 소개 및 오늘의 주제 설명 0113 다이소 영양제의 전반적인 내용 0408 종근당건강 제품 리뷰 0339 안국약품 제품 리뷰 1050 동국제약 제품 리뷰 1253 오브맘 제품 리뷰  부자의 몸 구매 링크 교보 httpsvolabTEptM 예스 httpsvolaVgaZQM 알라딘 httpsvolaGshKXr  이동환 박사님과 직접 소통할 수 있는 밴드에 무료 가입해 주세요 이동환 TV 소통밴드 건행모건강하고 행복한 모임로 들어오세요 건행모밴드  httpsbandusrealhealth 댓글로 문의해 주세요 공지 글에 문의해 주시면 최대한 답변드리도록 하겠습니다 가정의학과 전문의 교육공학 석사 경영학 박사 사한국강사협회 선정 제80호 명강사 한국 HRD 협회 HRD 대상 명강사 부문 수상 직무스트레스 연구소 대표 교육문의 httpwwwstressmanagementcokr 출연 협업 광고 홍보 및 비즈니스 문의  rivers999hanmailnet 강의 의뢰  rivers999hanmailnet 직무스트레스 연구소 httpwwwstressmanagementcokr  건행모 밴드 들어오는 방법 구독자님들 중에서 전화나 이메일로 궁금하신 것을 문의해주시는 경우가 많습니다만 사실상 전화나 이메일로 답변드리는 것은 불가능하다는 점을 양해 부탁드리고요 조금 더 원활한 소통을 위해서 네이버 밴드 어플 설치와 가입 필수인 이동환 TV 소통밴드 건행모건강하고 행복한 모임를 만들었습니다 건행모밴드  httpsbandusrealhealth 댓글로 문의해 주세요 공지 글에 문의해 주시면 최대한 답변드리도록 하겠습니다 오늘도 건행하세요 감사합니다 필독 해 주세요 1 댓글로 문의 주시는 분들이 많으신데요 제가 의학 상식을 바탕으로 한 간단한 답변만 드릴 수 있으므로 저의 의견은 그냥 참고만 하시고요 반드시 담당의사 선생님 또는 직접 전문의 진료를 통해서 해결하셔야 한다는 점 꼭 기억하시기 바랍니다 2 저의 조언에 따른 결과로 어떤 문제가 생겨도 아무런 책임을 질 수 없다는 점을 꼭 양지해 주시고 질문 주시기 바랍니다 3 환자의 정확한 상태를 모르는 저보다 모든 검사결과를 다 잘 알고 계시는 담당의사 선생님의 조언과 상담이 더 정확하다는 것을 꼭 명심하시고 저의 의견은 참고만 하시면 좋겠습니다 #다이소#영양제#약들약#고약사#건강강의#이동환tv,"['다이소', '영양제', '추천', '추천', '약사', '다이소', '영양제', '고르', '이것', '다이소', '영양제', '괜찮', '약사', '성분', '분석', '드리', '다이소', '영양제', '추천', '추천', '약사', '다이소', '영양제', '고르', '이것', '하이라이트', '상온', '약사', '소개', '오늘', '주제', '설명', '다이소', '영양제', '전반', '내용', '종근당', '건강', '제품', '리뷰', '안국', '약품', '제품', '리뷰', '동국', '제약', '제품', '리뷰', '오브', '제품', '리뷰', '부자', '구매', '링크', '교보', '예스', '알라딘', '이동환', '박사', '소통', '밴드', '무료', '가입', '이동환', '소통', '밴드', '건강', '행복', '모임', '들어오', '밴드', '댓글', '문의', '공지', '문의', '답변', '드리', '가정', '의학과', '전문의', '교육', '공학', '석사', '경영학', '박사', '한국', '강사', '협회', '선정', '강사', '한국', '협회', '대상', '강사', '부문', '수상', '직무', '스트레스', '연구소', '대표', '교육', '문의', '출연', '협업', '광고', '홍보', '비즈니스', '문의', '강의', '의뢰', '직무', '스트레스', '연구소', '밴드', '들어오', '방법', '구독자', '전화', '이메일', '궁금하', '문의', '경우', '사실', '전화', '이메일', '답변', '드리', '가능', '양해', '부탁', '드리', '원활', '소통', '위하', '네이버', '밴드', '어플', '설치', '가입', '필수', '이동환', '소통', '밴드', '건강', '행복', '모임', '만들', '밴드', '댓글', '문의', '공지', '문의', '답변', '드리', '오늘', '행하', '감사', '필독', '댓글', '문의', '의학', '상식', '바탕', '답변', '드리', '의견', '참고', '담당', '의사', '선생', '전문의', '진료', '통하', '해결', '기억', '바라', '조언', '따르', '결과', '문제', '생기', '책임', '양지', '질문', '바라', '환자', '정확', '상태', '모르', '검사', '결과', '계시', '담당', '의사', '선생', '조언', '상담', '정확', '명심', '의견', '참고']"
2,2,다이소 건강기능식품 이거는 꼭 피하세요!! #다이소추천템,,,64,25117,4,2025-05-18 11:54:02,https://www.youtube.com/watch?v=GGUIP0avSg0,다이소 건강기능식품 이거는 꼭 피하세요 #다이소추천템  ,"['다이소', '건강', '기능', '식품', '이거']"
2,2,오천원짜리 다이소 영양제 ⚠️ 약사가 뽑은 진짜 좋은템 ⭕️ vs 아쉬운템❌  이건 진짜 꼭 다이소에서 사 드세요! #다이소추천템 #다이소영양제 #영양제추천 #다이소꿀템,"다이소에서 파는 3천~5천 원대 가성비 영양제, 과연 먹어도 될까요? 약사 리뷰를 바탕으로 실제 약국 영양제와 비교해봤습니다. 저렴하지만 챙겨 먹을 만한 영양제와 절대 피해야 할 영양제를 짧고 명확하게 정리했어요. 특히 시니어분들과 영양제 입문자분들이 꼭 아셔야 할 핵심 정보! 무조건 싸다고 좋은 게 아니고, 브랜드만 믿고 살 수도 없죠. 오늘 영상 끝까지 보시고 진짜 필요한 영양제만 똑똑하게 챙기세요. 건강을 지키는 가장 쉬운 방법은 올바른 선택입니다!",,809,108167,9,2025-08-16 20:00:08,https://www.youtube.com/watch?v=DjZjqWI-ssw,오천원짜리 다이소 영양제  약사가 뽑은 진짜 좋은템  vs 아쉬운템  이건 진짜 꼭 다이소에서 사 드세요 #다이소추천템 #다이소영양제 #영양제추천 #다이소꿀템 다이소에서 파는 3천5천 원대 가성비 영양제 과연 먹어도 될까요 약사 리뷰를 바탕으로 실제 약국 영양제와 비교해봤습니다 저렴하지만 챙겨 먹을 만한 영양제와 절대 피해야 할 영양제를 짧고 명확하게 정리했어요 특히 시니어분들과 영양제 입문자분들이 꼭 아셔야 할 핵심 정보 무조건 싸다고 좋은 게 아니고 브랜드만 믿고 살 수도 없죠 오늘 영상 끝까지 보시고 진짜 필요한 영양제만 똑똑하게 챙기세요 건강을 지키는 가장 쉬운 방법은 올바른 선택입니다 ,"['오천', '다이소', '영양제', '약사', '아쉽', '이거', '다이소', '드세', '다이소', '가성비', '영양제', '약사', '리뷰', '바탕', '실제', '약국', '영양제', '비교', '저렴하', '챙기', '영양제', '피하', '영양제', '정리', '시니어', '영양제', '입문자', '핵심', '정보', '아니', '브랜드', '영상', '필요', '영양제', '챙기', '건강', '지키', '방법', '올바르', '선택']"
2,2,약사 추천 다이소 영양제 3가지 #shorts,,,509,52596,4,2025-07-03 11:42:52,https://www.youtube.com/watch?v=Rc4z2A6_vKc,약사 추천 다이소 영양제 3가지 #shorts  ,"['약사', '추천', '다이소', '영양제', '가지']"
2,2,3000원짜리 다이소 건기식 2배로 팔아 월 7억 버는 미친 방법,이 영상에 나온 방법 그대~로 적용해서 월 1억 번 60대 컴맹의 스토리가 궁금하다면? 이 영상 클릭해보세요~! (▼클릭) https://youtu.be/jz6mQFKJVJw,,174,7139,31,2026-05-06 10:00:46,https://www.youtube.com/watch?v=SYKLRttelig,3000원짜리 다이소 건기식 2배로 팔아 월 7억 버는 미친 방법 이 영상에 나온 방법 그대로 적용해서 월 1억 번 60대 컴맹의 스토리가 궁금하다면 이 영상 클릭해보세요 클릭 httpsyoutubejz6mQFKJVJw ,"['다이소', '미치', '방법', '영상', '나오', '방법', '적용', '컴맹', '스토리', '영상', '클릭', '클릭']"
2,2,다이소 영양제 추천 vs 비추천,믿기 어려울만큼 저렴한 다이소 영양제! 약사가 성분 함량 따져서 추천제품 선정해봤어요~ 비추천제품은 3가지 선정해봤어요. 1. 프로폴리스츄어블 (5000원) -플라보노이드가 1mg들어 있는데 항산화 효과는 기대하기 어려워요 -구강항균 목적으로만 드세요. 2. 콘드로이친 (5000원) -콘드로이친 함량이 낮아요. -관절영양제 찾는다면 패스. 3. 비타민B (3000원) -비타민B군 8종이 들어있지만 함량이 아쉬워요. -피로회복용으론 약국제품이 훨씬 나아요.,,31979,1850071,320,2025-09-12 09:01:27,https://www.youtube.com/watch?v=tVeANCoox7s,다이소 영양제 추천 vs 비추천 믿기 어려울만큼 저렴한 다이소 영양제 약사가 성분 함량 따져서 추천제품 선정해봤어요 비추천제품은 3가지 선정해봤어요 1 프로폴리스츄어블 5000원 플라보노이드가 1mg들어 있는데 항산화 효과는 기대하기 어려워요 구강항균 목적으로만 드세요 2 콘드로이친 5000원 콘드로이친 함량이 낮아요 관절영양제 찾는다면 패스 3 비타민B 3000원 비타민B군 8종이 들어있지만 함량이 아쉬워요 피로회복용으론 약국제품이 훨씬 나아요 ,"['다이소', '영양제', '추천', '추천', '어렵', '만큼', '다이소', '영양제', '약사', '성분', '함량', '따지', '추천', '제품', '선정', '추천', '제품', '가지', '선정', '프로폴리스', '플라보노이드가', '항산화', '효과', '기대', '어렵', '구강', '항균', '목적', '드세', '이치', '함량', '관절', '영양제', '패스', '비타민', '비타민', '함량', '아쉽', '피로', '회복', '약국', '제품']"
2,2,(광고❌) 안과의사가 추천하는 '다이소 갓성비 아이템'🔥 (백진학 안과전문의),안녕하세요. 당신의 눈에 힘이 되는 '눈에힘안과'입니다😉 오늘은 ‘다이소에서 건질 수 있는 눈건강 아이템’를 준비해보았는데요. 도움이 되셨다면 '좋아요'와 '구독' 꼬옥 부탁드릴게요 :) 👀눈에힘안과: 서울 구로구 시흥대로 551 광희빌딩 5층 📌홈페이지: https://nunehim.com/ 📌전화 문의: 02.2039.9322 📌예약: https://naver.me/5BcI4JOa 📌블로그: https://m.blog.naver.com/nunehim 📌인스타그램: https://www.instagram.com/nunehim 00:00 하이라이트 00:22 다이소 영양제의 파급 01:00 다이소 영양제 리뷰 루테인지아잔틴 03:41 다이소 영양제 리뷰 오메가3 05:12 안과 전문의의 다이소 영양제 총평 05:44 영양제 선택 시 주의해야할 점 06:38 비싼 병원 영양제 VS 싼 다이소 영양제 비교 07:07 아웃트로,"#1,#2",53,3841,9,2025-06-21 04:00:03,https://www.youtube.com/watch?v=04Z8zIhH2qE,광고 안과의사가 추천하는 다이소 갓성비 아이템 백진학 안과전문의 안녕하세요 당신의 눈에 힘이 되는 눈에힘안과입니다 오늘은 다이소에서 건질 수 있는 눈건강 아이템를 준비해보았는데요 도움이 되셨다면 좋아요와 구독 꼬옥 부탁드릴게요  눈에힘안과 서울 구로구 시흥대로 551 광희빌딩 5층 홈페이지 httpsnunehimcom 전화 문의 0220399322 예약 httpsnaverme5BcI4JOa 블로그 httpsmblognavercomnunehim 인스타그램 httpswwwinstagramcomnunehim 0000 하이라이트 0022 다이소 영양제의 파급 0100 다이소 영양제 리뷰 루테인지아잔틴 0341 다이소 영양제 리뷰 오메가3 0512 안과 전문의의 다이소 영양제 총평 0544 영양제 선택 시 주의해야할 점 0638 비싼 병원 영양제 VS 싼 다이소 영양제 비교 0707 아웃트로 #1#2,"['광고', '안과', '의사', '추천', '다이소', '성비', '아이템', '진학', '안과', '전문의', '안녕', '당신', '안과', '오늘', '다이소', '건지', '건강', '아이템', '준비', '도움', '구독', '부탁', '드리', '서울', '구로구', '시흥대로', '빌딩', '홈페이지', '전화', '문의', '예약', '블로그', '인스타그램', '하이라이트', '다이소', '영양제', '파급', '다이소', '영양제', '리뷰', '루테인지아잔틴', '다이소', '영양제', '리뷰', '오메가', '안과', '전문의', '다이소', '영양제', '총평', '영양제', '선택', '주의', '비싸', '병원', '영양제', '다이소', '영양제', '비교', '아웃트']"
2,2,"[눈 건강] 다이소 눈 영양제, 안과의사가 직접 비교해봤습니다.","[눈 건강] 다이소 눈 영양제, 안과의사가 직접 비교해봤습니다. 안녕하세요, 동탄퍼스트안과 김지욱 원장입니다. 오늘 영상에서는 다이소에서 판매하는 눈 영양제를 직접 분석하고, 눈 건강에 도움이 되는 성분들을 정리해드렸습니다. 눈 영양제를 고를 때 가장 중요한 기준은 미국 국립보건원에서 진행한 AREDS2 연구입니다. 이 연구에서 황반변성 진행을 늦추는 데 도움이 되는 성분은 루테인 10mg, 지아잔틴 2mg, 비타민 C 500mg, 비타민 E 400IU, 아연 80mg, 구리 2mg으로 밝혀졌습니다. 이 조성이 현재까지도 가장 신뢰할 수 있는 기준점이 됩니다. 다이소에서 판매하는 몇 가지 제품을 비교해보면, A제품과 D제품이 AREDS2 조성과 가장 가까우며, 루테인만 단독으로 보충하려면 B제품, 루테인과 지아잔틴의 균형만 챙기려면 C제품이 적당하다고 정리할 수 있습니다. 하지만 눈 건강은 루테인 하나로 해결되지 않습니다. 항산화 작용이 강력한 비타민 C와 E, 최근 연구에서 안구 건조증과 황반변성과 연관성이 보고된 비타민 D, 그리고 눈물층 안정화에 도움이 되는 rTG 오메가3까지 함께 고려하는 것이 훨씬 효과적입니다. 결론적으로, 루테인·지아잔틴 중심 제품을 선택하되 부족한 성분들을 어떻게 보완할지 고민하는 것이 중요합니다. 개인의 눈 상태와 전신 건강에 따라 필요한 영양소가 다를 수 있으니, 영양제를 선택하기 전에는 반드시 안과 전문의와 상담하시길 권장드립니다. 오늘 영상이 도움이 되셨다면 구독과 좋아요 부탁드리고, 앞으로도 눈 건강에 필요한 알찬 정보로 찾아뵙겠습니다. 감사합니다. 👁 동탄퍼스트안과의원 공식 채널 안내 눈 건강에 대한 더 많은 정보와 소식은 아래 채널에서 확인하세요! 홈페이지 http://www.firsteye.co.kr/ 인스타그램 https://www.instagram.com/firsteye_dongtan 네이버 블로그 https://blog.naver.com/jamcebak 카카오톡 채널 https://pf.kakao.com/_xgyxjNd 대표전화 031-372-7591",,105,5618,9,2025-09-08 08:05:52,https://www.youtube.com/watch?v=FGt2paTbyz4,눈 건강 다이소 눈 영양제 안과의사가 직접 비교해봤습니다 눈 건강 다이소 눈 영양제 안과의사가 직접 비교해봤습니다 안녕하세요 동탄퍼스트안과 김지욱 원장입니다 오늘 영상에서는 다이소에서 판매하는 눈 영양제를 직접 분석하고 눈 건강에 도움이 되는 성분들을 정리해드렸습니다 눈 영양제를 고를 때 가장 중요한 기준은 미국 국립보건원에서 진행한 AREDS2 연구입니다 이 연구에서 황반변성 진행을 늦추는 데 도움이 되는 성분은 루테인 10mg 지아잔틴 2mg 비타민 C 500mg 비타민 E 400IU 아연 80mg 구리 2mg으로 밝혀졌습니다 이 조성이 현재까지도 가장 신뢰할 수 있는 기준점이 됩니다 다이소에서 판매하는 몇 가지 제품을 비교해보면 A제품과 D제품이 AREDS2 조성과 가장 가까우며 루테인만 단독으로 보충하려면 B제품 루테인과 지아잔틴의 균형만 챙기려면 C제품이 적당하다고 정리할 수 있습니다 하지만 눈 건강은 루테인 하나로 해결되지 않습니다 항산화 작용이 강력한 비타민 C와 E 최근 연구에서 안구 건조증과 황반변성과 연관성이 보고된 비타민 D 그리고 눈물층 안정화에 도움이 되는 rTG 오메가3까지 함께 고려하는 것이 훨씬 효과적입니다 결론적으로 루테인지아잔틴 중심 제품을 선택하되 부족한 성분들을 어떻게 보완할지 고민하는 것이 중요합니다 개인의 눈 상태와 전신 건강에 따라 필요한 영양소가 다를 수 있으니 영양제를 선택하기 전에는 반드시 안과 전문의와 상담하시길 권장드립니다 오늘 영상이 도움이 되셨다면 구독과 좋아요 부탁드리고 앞으로도 눈 건강에 필요한 알찬 정보로 찾아뵙겠습니다 감사합니다  동탄퍼스트안과의원 공식 채널 안내 눈 건강에 대한 더 많은 정보와 소식은 아래 채널에서 확인하세요 홈페이지 httpwwwfirsteyecokr 인스타그램 httpswwwinstagramcomfirsteyedongtan 네이버 블로그 httpsblognavercomjamcebak 카카오톡 채널 httpspfkakaocomxgyxjNd 대표전화 0313727591 ,"['건강', '다이소', '영양제', '안과', '의사', '비교', '건강', '다이소', '영양제', '안과', '의사', '비교', '안녕', '동탄', '퍼스트', '안과', '김지', '원장', '영상', '다이소', '판매', '영양제', '분석', '건강', '도움', '성분', '정리', '드리', '영양제', '고르', '중요', '기준', '미국', '국립', '보건원', '진행', '연구', '연구', '황반', '변성', '진행', '늦추', '도움', '성분', '루테', '지아', '잔틴', '비타민', '비타민', '아연', '구리', '밝히', '조성', '현재', '신뢰', '기준점', '다이소', '판매', '가지', '제품', '비교', '제품', '제품', '조성', '가깝', '루테', '단독', '보충', '제품', '루테', '지아', '잔틴', '균형', '챙기', '제품', '정리', '건강', '루테', '하나', '해결', '항산화', '작용', '비타민', '최근', '연구', '안구', '건조증', '황반', '변성', '연관', '보고', '비타민', '눈물', '안정', '도움', '오메가', '고려', '효과', '결론', '루테', '중심', '제품', '선택', '부족', '성분', '어떻', '보완', '고민', '중요', '개인', '상태', '전신', '건강', '따르', '필요', '영양소', '다르', '영양제', '선택', '안과', '전문의', '상담', '권장', '드리', '영상', '도움', '구독', '부탁', '드리', '건강', '필요', '알차', '정보', '감사', '동탄', '퍼스트', '안과', '의원', '공식', '채널', '안내', '건강', '대하', '정보', '소식', '아래', '채널', '확인', '홈페이지', '인스타그램', '네이버 블로그', '카카오톡', '채널', '대표', '전화']"
2,2,추천? 비추천? 다이소 건강기능식품 정리해드려요!!,,,18,3154,0,2025-05-20 12:38:55,https://www.youtube.com/watch?v=iDNqlQ_HH4I,추천 비추천 다이소 건강기능식품 정리해드려요  ,"['추천', '추천', '다이소', '건강', '기능', '식품', '정리', '드리']"
2,2,🔎약사 추천 다이소영양제 ✅'이런 사람'이 먹어야 돈값합니다! |다이소 가성비 영양제 몰아보기,"[다이소 가성비템! ✅누가 먹어야 돈값할까요?!] 00:00 대웅 코엔자임 Q10 01:44 대웅 마그네슘 03:23 대웅 바나바잎 추출물 04:26 오브맘 스트레스, 쉼 (테아닌) 05:44 대웅 철분 07:07 오브맘 피부 건강 면역 톡톡 (알로에 겔)",,100,6979,6,2025-11-01 12:30:03,https://www.youtube.com/watch?v=2WOpSGxDPBg,약사 추천 다이소영양제 이런 사람이 먹어야 돈값합니다 다이소 가성비 영양제 몰아보기 다이소 가성비템 누가 먹어야 돈값할까요 0000 대웅 코엔자임 Q10 0144 대웅 마그네슘 0323 대웅 바나바잎 추출물 0426 오브맘 스트레스 쉼 테아닌 0544 대웅 철분 0707 오브맘 피부 건강 면역 톡톡 알로에 겔 ,"['약사', '추천', '다이소', '영양제', '사람', '다이소', '가성비', '영양제', '다이소', '가성비', '누구', '코엔자임', '마그네슘', '추출물', '오브', '스트레스', '아니', '철분', '오브', '피부', '건강', '면역', '알로에']"
2,2,다이소 가장 많이 팔린 영양제 TOP3,다이소에서 가장 믾이 팔린 영양제 top3,,305,73415,1,2025-05-23 09:10:01,https://www.youtube.com/watch?v=Dy5IQhx7zTE,다이소 가장 많이 팔린 영양제 TOP3 다이소에서 가장 믾이 팔린 영양제 top3 ,"['다이소', '팔리', '영양제', '다이소', '팔리', '영양제']"
2,2,불매 당했던 다이소 건강기능식품 근황,,,547,47680,33,2025-05-15 13:01:49,https://www.youtube.com/watch?v=ukvtZOK8sDc,불매 당했던 다이소 건강기능식품 근황  ,"['불매', '당하', '다이소', '건강', '기능', '식품', '근황']"
2,2,"혈당 조절에 좋다는 바나바잎, 다이소 건기식은 효과가 있을 지 직접 먹어봤습니다. | 당뇨인의 다이소 혈당케어 제품 리뷰",안녕하세요 다이소에 파는 바나바잎은 정말 효과가 있을지 직접 한달 동안 먹어봤습니다. 개인차가 크니 참고용으로 봐주시고 도움이 되었으면 합니다. 오늘도 건강한 혈당 되세요 *혈당데이터는 바로잰핏 연속혈당측정기를 이용해 측정했습니다. 00:00 - 인트로 00:33 - 제품 설명 및 복용법 01:51 - 다이소 혈당케어 한달 후기 04:54 - 바나바잎 주의사항 05:49 - 다이소 혈당케어 구매 방법,"#당뇨,#혈당,#혈당관리,#바나바",2488,151294,150,2026-03-28 23:00:40,https://www.youtube.com/watch?v=nQnDcxukeGE,혈당 조절에 좋다는 바나바잎 다이소 건기식은 효과가 있을 지 직접 먹어봤습니다  당뇨인의 다이소 혈당케어 제품 리뷰 안녕하세요 다이소에 파는 바나바잎은 정말 효과가 있을지 직접 한달 동안 먹어봤습니다 개인차가 크니 참고용으로 봐주시고 도움이 되었으면 합니다 오늘도 건강한 혈당 되세요 혈당데이터는 바로잰핏 연속혈당측정기를 이용해 측정했습니다 0000  인트로 0033  제품 설명 및 복용법 0151  다이소 혈당케어 한달 후기 0454  바나바잎 주의사항 0549  다이소 혈당케어 구매 방법 #당뇨#혈당#혈당관리#바나바,"['혈당', '조절', '바나바', '다이소', '효과', '당뇨', '다이소', '혈당', '케어', '제품', '리뷰', '안녕', '다이소', '효과', '동안', '개인차', '참고', '도움', '오늘', '건강', '혈당', '혈당', '데이터', '바로잰핏', '연속', '혈당', '측정기', '이용', '측정', '인트', '제품', '설명', '복용', '다이소', '혈당', '케어', '후기', '바나바잎', '주의', '사항', '다이소', '혈당', '케어', '구매', '방법']"
2,2,병원도 못 고친 허리 무릎 통증...다이소에서 단 돈 5천 원으로 해결할 수 있습니다.,"안녕하세요! 여러분의 모든 통증 해방을 저희가 왔습니다 👨🏻‍🏫 허리, 관절 전문 장근수, 김명훈, 원장님의 진료가 궁금하시다면?🏥 대표전화 : 032-832-5488 상담예약 : https://naver.me/Fx96OW6o [허리통증 해방을 원한다면?] 대표전화 : 032-832-5488 상담예약 : https://naver.me/Fx96OW6o 안녕하세요! 척추 외길 인생 15년, 장근수 원장입니다. 안녕하세요! 여러분들을 통증에서 구원해드릴 김명훈 원장입니다. 안녕하세요! 건강한 일상을 되찾아드리는 김재중 원장입니다 아직도 통증때문에 일상 속에서도 많은 불편함을 겪고 있으신가요? 제가 수술 없이도 통증을 완화하고 건강한 관절과 허리를 유지할 수 있는 꿀팁들 많이 알려드릴게요! 좋아요와 구독 부탁드립니다 :)","#다이소,#영양제,#허리통증",56,1222,13,2025-10-24 09:01:29,https://www.youtube.com/watch?v=lFZ8Gh2suvU,병원도 못 고친 허리 무릎 통증다이소에서 단 돈 5천 원으로 해결할 수 있습니다 안녕하세요 여러분의 모든 통증 해방을 저희가 왔습니다  허리 관절 전문 장근수 김명훈 원장님의 진료가 궁금하시다면 대표전화  0328325488 상담예약  httpsnavermeFx96OW6o 허리통증 해방을 원한다면 대표전화  0328325488 상담예약  httpsnavermeFx96OW6o 안녕하세요 척추 외길 인생 15년 장근수 원장입니다 안녕하세요 여러분들을 통증에서 구원해드릴 김명훈 원장입니다 안녕하세요 건강한 일상을 되찾아드리는 김재중 원장입니다 아직도 통증때문에 일상 속에서도 많은 불편함을 겪고 있으신가요 제가 수술 없이도 통증을 완화하고 건강한 관절과 허리를 유지할 수 있는 꿀팁들 많이 알려드릴게요 좋아요와 구독 부탁드립니다  #다이소#영양제#허리통증,"['병원', '고치', '허리', '무릎', '통증', '다이소', '해결', '안녕', '여러분', '통증', '해방', '저희', '허리', '관절', '전문', '김명훈', '원장', '진료', '대표', '전화', '상담', '예약', '허리', '통증', '해방', '원하', '대표', '전화', '상담', '예약', '안녕', '척추', '외길', '인생', '원장', '안녕', '여러분', '통증', '구원', '드리', '김명훈', '원장', '안녕', '건강', '일상', '되찾', '드리', '김재중', '원장', '통증', '때문', '일상', '불편', '수술', '통증', '완화', '건강', '관절', '허리', '유지', '알리', '드리', '구독', '부탁', '드리']"
2,2,다이소 건강기능식품 입고 top10 #비타민,💊 다이소 건강기능식품 TOP10 | 비타민부터 다이어트템까지 총정리! 이제 다이소에서도 건강을 챙긴다?! 5천 원대로 구매 가능한 인기 건강기능식품을 TOP10 순위로 정리해봤습니다. 💬 여러분은 어떤 영양제 드시고 계신가요? 댓글로 추천템도 알려주세요!,"#다이소건강기능식품,#비타민추천,#다이소쇼핑,#건강식품TOP10",0,1921,0,2025-07-15 14:25:01,https://www.youtube.com/watch?v=xWqBrzXXSSs,다이소 건강기능식품 입고 top10 #비타민  다이소 건강기능식품 TOP10  비타민부터 다이어트템까지 총정리 이제 다이소에서도 건강을 챙긴다 5천 원대로 구매 가능한 인기 건강기능식품을 TOP10 순위로 정리해봤습니다  여러분은 어떤 영양제 드시고 계신가요 댓글로 추천템도 알려주세요 #다이소건강기능식품#비타민추천#다이소쇼핑#건강식품TOP10,"['다이소', '건강', '기능', '식품', '입고', '다이소', '건강', '기능', '식품', '비타민', '다이어트', '정리', '다이소', '건강', '챙기', '구매', '가능', '인기', '건강', '기능', '식품', '순위', '정리', '여러분', '영양제', '드시', '계시', '댓글', '추천', '알리']"
2,2,다이소에 이런 건기식 있는거 아셨어요? 사면 절대 후회 안합니다 #다이소템 #다이소건기식,"다이소에서 체험해 볼 수 있는 많은 건강기능식품 중 세가지 제품 소개합니다📣 1.마데카 리포좀 글루타치온C🎁 요즘 항산화의 왕 글루타치온 많이들 찾으시는데 이건 흡수율을 높인 리포좀 글루타치온에 비타민C, 병풀추출물, 글루타치온과 시너지효과를 낼 여섯가지 부원료가 들어있습니다 20일분 들어있구요 물없이 그냥 먹어도 새콤한 딸기맛나고 맛있어요 2. 브이퍼센트 멀티비타민 콜라겐샷🎁 다섯팩 들어있구요 한쪽 귀퉁이를 뜯으면 멀티비타민 8종이 들어있는 알약 두개 나오구요 나머진 피쉬콜라겐과 아연이 들어있는 액상으로 되어 있어서 물 필요없이 한번에 같이 먹을 수 있습니다 3.카무트 브랜드밀 효소🎁 캐나다산 정품 카무트 브랜드밀에 곡물과 콤부과채복합효소가 역대급 역가수치로 들어있습니다(401,500unit/2g) 한통에 10일 분량 체험해 볼 수 있고 물없이 그냥먹어도 입안에서 사르르 녹습니다 탄수화물 섭취 많으신분들께 강추~ 제품보기 클릭하시고 제품 상세정보 자세히 알아보세요😎😎","#다이소추천템,#다이소꿀템,#다이소가성템,#다이소건기식,#건강기능식품",279,27658,4,2025-06-09 09:00:54,https://www.youtube.com/watch?v=dETbGsqStNs,다이소에 이런 건기식 있는거 아셨어요 사면 절대 후회 안합니다 #다이소템 #다이소건기식 다이소에서 체험해 볼 수 있는 많은 건강기능식품 중 세가지 제품 소개합니다 1마데카 리포좀 글루타치온C 요즘 항산화의 왕 글루타치온 많이들 찾으시는데 이건 흡수율을 높인 리포좀 글루타치온에 비타민C 병풀추출물 글루타치온과 시너지효과를 낼 여섯가지 부원료가 들어있습니다 20일분 들어있구요 물없이 그냥 먹어도 새콤한 딸기맛나고 맛있어요 2 브이퍼센트 멀티비타민 콜라겐샷 다섯팩 들어있구요 한쪽 귀퉁이를 뜯으면 멀티비타민 8종이 들어있는 알약 두개 나오구요 나머진 피쉬콜라겐과 아연이 들어있는 액상으로 되어 있어서 물 필요없이 한번에 같이 먹을 수 있습니다 3카무트 브랜드밀 효소 캐나다산 정품 카무트 브랜드밀에 곡물과 콤부과채복합효소가 역대급 역가수치로 들어있습니다401500unit2g 한통에 10일 분량 체험해 볼 수 있고 물없이 그냥먹어도 입안에서 사르르 녹습니다 탄수화물 섭취 많으신분들께 강추 제품보기 클릭하시고 제품 상세정보 자세히 알아보세요 #다이소추천템#다이소꿀템#다이소가성템#다이소건기식#건강기능식품,"['다이소', '건기', '후회', '다이소', '체험', '건강', '기능', '식품', '가지', '제품', '소개', '마데카', '리포좀', '글루타치', '요즘', '항산화', '글루타치온', '이거', '흡수', '높이', '글루타치온에', '비타민', '병풀', '추출물', '시너지', '효과', '여섯', '가지', '부원료', '딸기', '맛있', '브이', '퍼센트', '멀티', '비타민', '콜라겐', '다섯', '한쪽', '귀퉁이', '멀티', '비타민', '알약', '나오', '나머지', '피쉬', '콜라겐', '아연', '액상', '필요', '카무트', '브랜드', '효소', '캐나다', '정품', '브랜드', '곡물', '콤부과채', '복합', '효소', '역대', '역가', '수치', '분량', '체험', '탄수화물', '섭취', '제품', '클릭', '제품', '정보']"
2,2,"💊 약사가 고른 다이소 영양제 등급! 다이소 영양제, 싸다고 무심코 집으셨나요? 🤔","💊 약사가 고른 다이소 영양제 등급 다이소 영양제, 싸다고 무심코 집으셨나요? 🤔 약사 부부가 성분 함량부터 원료 출처, 가성비까지 꼼꼼하게 분석해 등급을 매겨봤습니다! ⚠️ 약사의 주관적인 견해가 포함된 리뷰이며, 개인의 체질과 건강 상태에 따라 결과가 다를 수 있으므로 제품 선택 시 참고용으로만 활용해 주시기 바랍니다. ‼️ D등급. 대웅제약 닥터베어 비타민B ✅ 핵심 B군 함량이 1mg대로 성인 기준 ’아기 영양제‘ 수준 👶 ✅ 피로 회복을 위한 치료 용량이 아닌 최소 결핍 방지 수준이라 효과 미미할 수 있음. ✅ 성분 1mg당 단가를 따져보면 약국 고함량 제품보다 20배나 비싼 꼴 ❗️ C등급. 자연관 이뮨 멀티비타민 미네랄 ✅ 상세 페이지에 순도 및 품질이 높은 DSM 원료 사용을 명시하고 있으나, 성분표상 ’혼합제제‘가 많아 정확한 DSM 원료 비중은 불분명함🧐 ✅ 비타민 C 함량(150mg)이 일반적인 항산화 권장량(1000mg) 대비 현저히 낮음 ✅ 액상+정제 이중 제형으로 흡수율은 높였으나 함량 대비 가성비는 떨어짐 ❕ B등급. 대웅제약 닥터베어 바나바잎 추출물 ✅ 혈당 케어 핵심 성분 ’코로솔산‘을 식약처 최대치인 1.3mg 꽉 채움👍 ✅ 흡수율 높은 피콜린산 형태가 아닌 ’일반 크롬 30ug‘ 사용 (혈당 개선 목적으론 함량이 낮음) ✅ 가성비는 우수하나 당뇨 관리를 위한 고함량(200~1000ug) 배합은 아님 ❗️ C등급. 대웅제약 닥터베어 rTG 오메가3 ✅ 유효 성분(EPA+DHA) 순도가 약 60%로 낮아 불필요한 지방 섭취가 많음 🐟 ✅ 함량을 맞추려 하루 2알씩 복용 시 실제 비용이 온라인 대용량 제품보다 비싸짐 💸 ❕ B등급. 대웅제약 닥터베어 마그네슘 ✅ 3개월 9,000원! 다이소 제품 중 압도적인 가성비💰 ✅ 단, 산화마그네슘 특성상 흡수율이 낮고(약 4%) 설사 유발 가능성 있음 🚽 ✅ 입문용으로는 훌륭하나 성인 기준 비타민 D 함량은 다소 아쉬움 ❕ B등급. 대웅제약 닥터베어 코엔자임Q10 ✅ 코엔자임Q10 100mg 함량 대비 가격 우수함 👍 ✅ 원료사 미표기 및 장 점액층을 약화시킬 우려가 있는 ’폴리소르베이트 80‘ 포함 ❗️ C등급. 닥터블릿 푸응 7days 팻버닝 ✅ CLA 함량이 기능성 최소 기준(1,400mg)으로 임상 권장량(3,200mg) 대비 현저히 낮음 ✅ 원료 순도가 불확실하며 순도와 함량 고려 시 타 제품 대비 가격 메리트 떨어짐💸 ❗️ C등급. 대웅제약 닥터베어 루테인 ✅ 저렴한 인도산 원료 사용으로 순도가 낮고 황반 케어 핵심인 ’지아잔틴‘ 함량이 매우 낮음 👀 ✅ 장 점액층을 약화시킬 우려가 있는 ’폴리소르베이트 80‘ 포함 🏆 A등급. 대웅제약 닥터베어 비타민D 4000IU ✅ 순도 및 품질이 높은 스위스 DSM사의 프리미엄 원료 사용을 공식적으로 명시함 ✅ 4000IU 고함량인데 저렴한 가격!💰 ⚠️ 본 자료는 교육 및 일반적인 정보 제공을 목적으로 제작되었습니다. 의학적 진단이나 치료를 대신할 수 없으며, 개인의 건강 상태나 체질에 따라 결과가 다를 수 있습니다. 특정 질환이 있거나 의학적 조언이 필요한 경우 반드시 전문 의료인과 상담하시기 바랍니다. ‼️ 본 계정의 모든 콘텐츠는 저작권법의 보호를 받으며, 무단 전재 및 재배포를 금합니다. 도움이 되셨다면 @areum_couple ❤️좋아요&구독 부탁드립니다! 추가로 궁금한 점은 댓글로 남겨주세요! 👇","#건기식,#다이소추천템,#영양제",62,10324,1,2026-04-01 08:00:23,https://www.youtube.com/watch?v=cUnhYhT8HRI, 약사가 고른 다이소 영양제 등급 다이소 영양제 싸다고 무심코 집으셨나요   약사가 고른 다이소 영양제 등급 다이소 영양제 싸다고 무심코 집으셨나요  약사 부부가 성분 함량부터 원료 출처 가성비까지 꼼꼼하게 분석해 등급을 매겨봤습니다  약사의 주관적인 견해가 포함된 리뷰이며 개인의 체질과 건강 상태에 따라 결과가 다를 수 있으므로 제품 선택 시 참고용으로만 활용해 주시기 바랍니다  D등급 대웅제약 닥터베어 비타민B  핵심 B군 함량이 1mg대로 성인 기준 아기 영양제 수준   피로 회복을 위한 치료 용량이 아닌 최소 결핍 방지 수준이라 효과 미미할 수 있음  성분 1mg당 단가를 따져보면 약국 고함량 제품보다 20배나 비싼 꼴  C등급 자연관 이뮨 멀티비타민 미네랄  상세 페이지에 순도 및 품질이 높은 DSM 원료 사용을 명시하고 있으나 성분표상 혼합제제가 많아 정확한 DSM 원료 비중은 불분명함  비타민 C 함량150mg이 일반적인 항산화 권장량1000mg 대비 현저히 낮음  액상정제 이중 제형으로 흡수율은 높였으나 함량 대비 가성비는 떨어짐  B등급 대웅제약 닥터베어 바나바잎 추출물  혈당 케어 핵심 성분 코로솔산을 식약처 최대치인 13mg 꽉 채움  흡수율 높은 피콜린산 형태가 아닌 일반 크롬 30ug 사용 혈당 개선 목적으론 함량이 낮음  가성비는 우수하나 당뇨 관리를 위한 고함량2001000ug 배합은 아님  C등급 대웅제약 닥터베어 rTG 오메가3  유효 성분EPADHA 순도가 약 60로 낮아 불필요한 지방 섭취가 많음   함량을 맞추려 하루 2알씩 복용 시 실제 비용이 온라인 대용량 제품보다 비싸짐   B등급 대웅제약 닥터베어 마그네슘  3개월 9000원 다이소 제품 중 압도적인 가성비  단 산화마그네슘 특성상 흡수율이 낮고약 4 설사 유발 가능성 있음   입문용으로는 훌륭하나 성인 기준 비타민 D 함량은 다소 아쉬움  B등급 대웅제약 닥터베어 코엔자임Q10  코엔자임Q10 100mg 함량 대비 가격 우수함   원료사 미표기 및 장 점액층을 약화시킬 우려가 있는 폴리소르베이트 80 포함  C등급 닥터블릿 푸응 7days 팻버닝  CLA 함량이 기능성 최소 기준1400mg으로 임상 권장량3200mg 대비 현저히 낮음  원료 순도가 불확실하며 순도와 함량 고려 시 타 제품 대비 가격 메리트 떨어짐  C등급 대웅제약 닥터베어 루테인  저렴한 인도산 원료 사용으로 순도가 낮고 황반 케어 핵심인 지아잔틴 함량이 매우 낮음   장 점액층을 약화시킬 우려가 있는 폴리소르베이트 80 포함  A등급 대웅제약 닥터베어 비타민D 4000IU  순도 및 품질이 높은 스위스 DSM사의 프리미엄 원료 사용을 공식적으로 명시함  4000IU 고함량인데 저렴한 가격  본 자료는 교육 및 일반적인 정보 제공을 목적으로 제작되었습니다 의학적 진단이나 치료를 대신할 수 없으며 개인의 건강 상태나 체질에 따라 결과가 다를 수 있습니다 특정 질환이 있거나 의학적 조언이 필요한 경우 반드시 전문 의료인과 상담하시기 바랍니다  본 계정의 모든 콘텐츠는 저작권법의 보호를 받으며 무단 전재 및 재배포를 금합니다 도움이 되셨다면 areumcouple 좋아요구독 부탁드립니다 추가로 궁금한 점은 댓글로 남겨주세요  #건기식#다이소추천템#영양제,"['약사', '고르', '다이소', '영양제', '등급', '다이소', '영양제', '약사', '고르', '다이소', '영양제', '등급', '다이소', '영양제', '약사', '부부', '성분', '함량', '원료', '출처', '가성비', '분석', '등급', '매기', '약사', '주관', '견해', '포함', '리뷰', '개인', '체질', '건강', '상태', '따르', '결과', '다르', '제품', '선택', '참고', '활용', '바라', '등급', '대웅제약', '닥터', '베어', '비타민', '핵심', '함량', '성인', '기준', '아기', '영양제', '수준', '피로', '회복', '위하', '치료', '용량', '아니', '최소', '결핍', '방지', '수준', '효과', '성분', '단가', '따지', '약국', '함량', '제품', '비싸', '등급', '자연관', '이뮨', '멀티', '비타민', '미네랄', '페이지', '순도', '품질', '원료', '사용', '명시', '성분', '혼합', '제제', '정확', '원료', '비중', '불분명하', '비타민', '함량', '일반', '항산화', '권장', '대비', '액상', '정제', '이중', '제형', '흡수', '높이', '함량', '대비', '가성비', '떨어지', '등급', '대웅제약', '닥터', '베어', '추출물', '혈당', '케어', '핵심', '성분', '식약처', '최대', '채우', '흡수', '피코', '형태', '아니', '일반', '크롬', '사용', '혈당', '개선', '목적', '함량', '가성비', '우수', '당뇨', '관리', '위하', '함량', '배합', '아니', '등급', '대웅제약', '닥터', '베어', '오메가', '유효', '성분', '순도', '필요', '지방', '섭취', '함량', '맞추', '하루', '복용', '실제', '비용', '온라인', '용량', '제품', '비싸', '등급', '대웅제약', '닥터', '베어', '마그네슘', '개월', '다이소', '제품', '압도', '가성비', '산화 마그네슘', '특성', '흡수', '설사', '유발', '가능', '입문', '성인', '기준', '비타민', '함량', '아쉬움', '등급', '대웅제약', '닥터', '베어', '코엔자임', '코엔자임', '함량', '대비', '가격', '우수', '원료', '표기', '점액', '약화', '우려', '폴리소르베이트', '포함', '등급', '닥터블릿', '푸응', '팻버닝', '함량', '기능', '최소', '기준', '임상', '권장', '대비', '원료', '순도', '순도', '함량', '고려', '제품', '대비', '가격', '메리트', '떨어지', '등급', '대웅제약', '닥터', '베어', '루테', '저렴하', '인도', '원료', '사용', '순도', '황반', '케어', '핵심', '지아', '함량', '점액', '약화', '우려', '폴리소르베이트', '포함', '등급', '대웅제약', '닥터', '베어', '비타민', '순도', '품질', '스위스', '프리미엄', '원료', '사용', '공식', '명시', '함량', '저렴하', '가격', '자료', '교육', '일반', '정보', '제공', '목적', '제작', '의학', '진단', '치료', '대신', '개인', '건강', '상태', '체질', '따르', '결과', '다르', '특정', '질환', '의학', '조언', '필요', '경우', '전문', '의료인', '상담', '바라', '계정', '콘텐츠', '저작', '보호', '무단', '전재', '배포', '금하', '도움', '구독', '부탁', '드리', '추가', '궁금하', '댓글', '남기']"
2,2,"이제 영양제는 약국 대신 다이소에서 사세요! 가격, 효능 모두 잡은 건강기능식품 다이소 추천템 몰아보기","이제 영양제는 약국 대신 다이소에서 사세요! 가격, 효능 모두 잡은 건강기능식품 다이소 추천템을 몰아보기로 소개합니다. 오메가3, 비타민 같이 환절기에 꼭 필요한 다이소 건기식만 추천드립니다.","#다이소,#다이소추천템,#다이소영양제",52,9696,0,2025-10-26 11:00:08,https://www.youtube.com/watch?v=4XtdtNLMqBo,이제 영양제는 약국 대신 다이소에서 사세요 가격 효능 모두 잡은 건강기능식품 다이소 추천템 몰아보기 이제 영양제는 약국 대신 다이소에서 사세요 가격 효능 모두 잡은 건강기능식품 다이소 추천템을 몰아보기로 소개합니다 오메가3 비타민 같이 환절기에 꼭 필요한 다이소 건기식만 추천드립니다 #다이소#다이소추천템#다이소영양제,"['영양제', '약국', '대신', '다이소', '가격', '효능', '건강', '기능', '식품', '다이소', '추천', '영양제', '약국', '대신', '다이소', '가격', '효능', '건강', '기능', '식품', '다이소', '추천', '소개', '오메가', '비타민', '환절기', '필요', '다이소', '추천', '드리']"
2,2,가성비 끝판왕! 다이소 영양제 중 약사가 뽑은 TOP4,"약사들도 인정한 다이소 가성비 영양제가 있습니다. 비싸지 않아도 꼭 챙겨 먹을 만한 영양제 4가지, 지금 영상에서 확인하세요! ✔ 합리적인 가격으로 건강을 챙기고 싶다면 반드시 알아야 할 정보입니다. ✔ 약사들이 직접 추천하는 제품만 모아 알려드립니다.",,278,32417,9,2025-10-05 23:00:08,https://www.youtube.com/watch?v=3g4cvMwuH08,가성비 끝판왕 다이소 영양제 중 약사가 뽑은 TOP4 약사들도 인정한 다이소 가성비 영양제가 있습니다 비싸지 않아도 꼭 챙겨 먹을 만한 영양제 4가지 지금 영상에서 확인하세요  합리적인 가격으로 건강을 챙기고 싶다면 반드시 알아야 할 정보입니다  약사들이 직접 추천하는 제품만 모아 알려드립니다 ,"['가성비', '끝판왕', '다이소', '영양제', '약사', '약사', '인정', '다이소', '가성비', '영양제', '비싸', '챙기', '영양제', '가지', '영상', '확인', '합리', '가격', '건강', '챙기', '정보', '약사', '추천', '제품', '모으', '알리', '드리']"
2,2,다이소 영양제 ㄷㄷ 건강템까지 가성비 미쳤다,다이소에 영양제도 다양하게 판매하는거 아시나요😮 추천템 4가지 가져왔어요💛,"#sorts,#다이소추천템,#다이소영양제,#다이소비타민,#다이소신상,#다이소하울,#영양제추천,#가성비추천",450,52222,5,2025-08-15 10:13:09,https://www.youtube.com/watch?v=zE1MplSV6k4,다이소 영양제  건강템까지 가성비 미쳤다 다이소에 영양제도 다양하게 판매하는거 아시나요 추천템 4가지 가져왔어요 #sorts#다이소추천템#다이소영양제#다이소비타민#다이소신상#다이소하울#영양제추천#가성비추천,"['다이소', '영양제', '건강', '가성비', '미치', '다이소', '영양제', '다양', '판매', '추천', '가지', '가져오']"
2,2,다이소 철분제 3천원인데 효과 미쳤다고?! 근데 이런 사람은 절대 사지마세요  #koreanpharmacy #철분 #다이소영양제,,,82,9266,6,2025-10-04 12:30:34,https://www.youtube.com/watch?v=MLKVcYOHb68,다이소 철분제 3천원인데 효과 미쳤다고 근데 이런 사람은 절대 사지마세요  #koreanpharmacy #철분 #다이소영양제  ,"['다이소', '철분', '효과', '미치', '사람']"
2,2,"약사가 추천한 40·50대 필수 영양제, 다이소에서 반값에? #건강정보 #건강한중년 #건강꿀팁 #중년건강 #다이소영양제","40·50대 이후, 떨어지는 체력과 활력… 이제 약국이 아니라 다이소에서 가성비 좋게 챙겨보세요! 약사도 추천한 대웅제약 코엔자임Q10과 마그네슘으로 심장 건강·혈관 탄력·근육 경련·숙면까지 한 번에! 작은 가격으로 중년 건강에 큰 변화를 만들어 보세요. 단, 영양제는 ‘꾸준함’이 약입니다.",,468,37360,2,2025-08-10 11:22:58,https://www.youtube.com/watch?v=q0CBDFC1I70,약사가 추천한 4050대 필수 영양제 다이소에서 반값에 #건강정보 #건강한중년 #건강꿀팁 #중년건강 #다이소영양제 4050대 이후 떨어지는 체력과 활력 이제 약국이 아니라 다이소에서 가성비 좋게 챙겨보세요 약사도 추천한 대웅제약 코엔자임Q10과 마그네슘으로 심장 건강혈관 탄력근육 경련숙면까지 한 번에 작은 가격으로 중년 건강에 큰 변화를 만들어 보세요 단 영양제는 꾸준함이 약입니다 ,"['약사', '추천', '필수', '영양제', '다이소', '반값', '이후', '떨어지', '체력', '활력', '약국', '아니', '다이소', '가성비', '챙기', '약사', '추천', '대웅제약', '코엔자임', '마그네슘', '심장', '건강', '혈관', '탄력', '근육', '경련', '숙면', '가격', '중년', '건강', '변화', '만들', '영양제']"
2,2,밥보다 중요한 다이소 영양제가 있다?! 중년들은 제발 드세요! #다이소 #다이소영양제 #영양제 #영양제추천 #중년건강 #50대건강 #60대건강 #중년건강,"대웅제약 코엔자임 Q10 30캡슐 (다이소 판매 제품) 효능·효과 ✔ 피부 주름·탄력 개선 ✔ 피로 회복, 활력 증진 ✔ 노화 지연, 항산화 작용 ✔ 혈압·혈관 건강 유지 ✔ 당뇨 보조 관리 과학적 근거 코엔자임 Q10은 세포 에너지(ATP) 생산에 꼭 필요한 성분으로, 40대 이후부터 체내 합성이 급격히 줄어듭니다. 여러 임상연구에서 심장 기능 개선, 혈압 완화, 피부 주름 개선 효과가 보고되었으며, 항산화 작용으로 활성산소를 줄여 노화를 늦추는 데 도움을 줍니다. 주의사항 ➊ 개인별 체질·복용 중인 약에 따라 효과 차이가 있을 수 있습니다. ➋ 항응고제(와파린 등) 복용자는 반드시 의사 상담 후 섭취하세요. ➌ 하루 권장량은 보통 100mg 전후이며, 과량 섭취는 피하세요. 마무리 다이소에서 단돈 몇 천 원으로 살 수 있는 영양제지만, 제약사에서 손해보고 공급하는 제품입니다. 중장년층 필수템, 가족 건강을 위해 꼭 확인하세요! 👉 영상 저장하고 소중한 가족에게 공유해주세요.","#다이소영양제,#코엔자임Q10,#대웅제약,#50대건강,#60대건강,#70대건강,#피부탄력,#주름개선,#피부노화,#항산화,#피로회복,#혈압관리,#혈관건강,#심장건강,#당뇨예방,#중년건강,#노화방지,#다이소필수템,#건강영양제,#세포에너지,#활력충전,#중년피부관리,#주름탄력,#활성산소제거,#항노화,#필수영양제,#중년필수템,#건강정보,#장수비밀,#생활건강",1615,172647,12,2025-08-20 09:30:06,https://www.youtube.com/watch?v=4c9PcttIXR8,밥보다 중요한 다이소 영양제가 있다 중년들은 제발 드세요 #다이소 #다이소영양제 #영양제 #영양제추천 #중년건강 #50대건강 #60대건강 #중년건강 대웅제약 코엔자임 Q10 30캡슐 다이소 판매 제품 효능효과  피부 주름탄력 개선  피로 회복 활력 증진  노화 지연 항산화 작용  혈압혈관 건강 유지  당뇨 보조 관리 과학적 근거 코엔자임 Q10은 세포 에너지ATP 생산에 꼭 필요한 성분으로 40대 이후부터 체내 합성이 급격히 줄어듭니다 여러 임상연구에서 심장 기능 개선 혈압 완화 피부 주름 개선 효과가 보고되었으며 항산화 작용으로 활성산소를 줄여 노화를 늦추는 데 도움을 줍니다 주의사항  개인별 체질복용 중인 약에 따라 효과 차이가 있을 수 있습니다  항응고제와파린 등 복용자는 반드시 의사 상담 후 섭취하세요  하루 권장량은 보통 100mg 전후이며 과량 섭취는 피하세요 마무리 다이소에서 단돈 몇 천 원으로 살 수 있는 영양제지만 제약사에서 손해보고 공급하는 제품입니다 중장년층 필수템 가족 건강을 위해 꼭 확인하세요  영상 저장하고 소중한 가족에게 공유해주세요 #다이소영양제#코엔자임Q10#대웅제약#50대건강#60대건강#70대건강#피부탄력#주름개선#피부노화#항산화#피로회복#혈압관리#혈관건강#심장건강#당뇨예방#중년건강#노화방지#다이소필수템#건강영양제#세포에너지#활력충전#중년피부관리#주름탄력#활성산소제거#항노화#필수영양제#중년필수템#건강정보#장수비밀#생활건강,"['중요', '다이소', '영양제', '중년', '드세', '대웅제약', '코엔자임', '캡슐', '다이소', '판매', '제품', '효능', '효과', '피부', '주름', '탄력', '개선', '피로', '회복', '활력', '증진', '노화', '지연', '항산화', '작용', '혈압', '혈관', '건강', '유지', '당뇨', '보조', '관리', '과학', '근거', '코엔자임', '세포', '에너지', '생산', '필요', '성분', '이후', '체내', '합성', '임상', '연구', '심장', '기능', '개선', '혈압', '완화', '피부', '주름', '개선', '효과', '보고', '항산화', '작용', '활성산소', '줄이', '노화', '늦추', '도움', '주의', '사항', '개인', '체질', '복용', '따르', '효과', '차이', '응고제', '복용', '의사', '상담', '섭취', '하루', '권장량', '전후', '과량', '섭취', '피하', '마무리', '다이소', '단돈', '영양제', '제약사', '손해', '공급', '제품', '중장년', '필수', '가족', '건강', '위하', '확인', '영상', '저장', '가족', '공유']"
2,2,다이소 건기식 뭐가 있을까?  #다이소#건기식#영양제#건강식품,,,1,341,0,2025-06-25 11:39:28,https://www.youtube.com/watch?v=-08t3orcASk,다이소 건기식 뭐가 있을까  #다이소#건기식#영양제#건강식품  ,['다이소']
2,2,여자들한테 무조건 좋은 다이소영양제 TOP3 #쿠팡추천템 #다이소 #추천 #꿀팁,,,980,56046,5,2025-10-15 11:01:18,https://www.youtube.com/watch?v=dmfboe7h2xc,여자들한테 무조건 좋은 다이소영양제 TOP3 #쿠팡추천템 #다이소 #추천 #꿀팁  ,"['여자', '다이소', '영양제']"
2,2,#다이소영양제 #다이소신상 젤리영양제 털어왔다!!,"다이소 건강식품 어디까지 말아주게? 초신상 젤리형영양제 궁금해서 사봤어요👛💸 (저장)하고 다이소에서 꺼내봐요👉🏠👈 1개에 15Kcal 당류 2g 30개씩 들어있어서 한 달에 한 통 5천원으로 가성비 좋아요 ①비타민D & 아연 하루구미 30일분 품번 : 613602130 추워지면 야외활동이 줄어서 비타민D 꼭챙겨줘야하거든요 1일영양성분기준치400IU 오브맘젤리에는 1일영양성분 기준치대비 5배인 2,000IU가 들어있대요 맛은 진한 자몽맛으로~ 쓴맛/신맛빠진 자몽이라 더 맛있었어요 식감은 땡글땡글쫀득한 편! ②멀티비타민＆미네랄 하루구미 30일분 품번 : 613602128 젤리형 멀티비타민은 보통 비타민 위주인데, 미네랄까지?! 겉면에 액상알약껍질맛이 가장 두드러지게 느껴졌고 씹었을때 샤인머스캣 맛이 아쉬웠어요 말캉한 편이지만 첫맛이 아쉬워서 저는 재구매의사x ③눈건강 루테인 하루구미 30일분품번 : 613602126 마리골드꽃 추출물인 루테인 10mg 함유되어있어요 생김새는 다른애들보다 불투명해서 의심가득했는데 얘가 가장 말랑했고새콤달콤 포도맛인데 새콤한 맛이 빠진 느낌이라 맛있었어요 ④오브맘 더채움 비오틴 하루구미 30일분 품번 : 613602127 머릿결, 손톱 고민 있으신 분? 비오틴챙겨드세요 젤리 비오틴 중에 이 정도 고함량은 진짜 흔치 않아요 (일반 젤리 비오틴은 100~300㎍이 많음) 기분좋은 복숭아맛 말랑탱글 쫀쫀한 식감 이거 왜 하나만 먹어야하나요 참ㄴㅏ 입이 심심할 때나 당떨어진다고 느껴질때 간식대신에 하루 1개 영양제젤리로 건강도 챙겨보는건 어떨까요? 권장량이 하루에 1개씩이라 아쉽긴한데.. (더먹고싶음ㅋㅋ) 각각 영양제 챙겨야먹어햐하니까 하루에 총 4개는 먹어도 되는거잖아?! 아싸~ ꕀ ⁺₊˚ 𖠿𖥧 ⁺₊˚ ✦ ꕀ ꕀ ------------------------------------------------ 궁금한데 사기에는 고민되는 물건 있으면 댓글로 알려주세요! 팔로우하고 기다려주시면 후딱 사용해보고 후기 낋이올게용~🙆‍♀️ -------------------------------------------------","#대신사봤집,#다이소꿀템,#다이소추천,#꿀템,#다이소추천템,#다이소간식,#다이소신상,#다이소영양제,#다이소건강간식",180,15126,4,2025-10-03 06:33:28,https://www.youtube.com/watch?v=vUtVuA7YldE,#다이소영양제 #다이소신상 젤리영양제 털어왔다 다이소 건강식품 어디까지 말아주게 초신상 젤리형영양제 궁금해서 사봤어요 저장하고 다이소에서 꺼내봐요 1개에 15Kcal 당류 2g 30개씩 들어있어서 한 달에 한 통 5천원으로 가성비 좋아요 비타민D  아연 하루구미 30일분 품번  613602130 추워지면 야외활동이 줄어서 비타민D 꼭챙겨줘야하거든요 1일영양성분기준치400IU 오브맘젤리에는 1일영양성분 기준치대비 5배인 2000IU가 들어있대요 맛은 진한 자몽맛으로 쓴맛신맛빠진 자몽이라 더 맛있었어요 식감은 땡글땡글쫀득한 편 멀티비타민미네랄 하루구미 30일분 품번  613602128 젤리형 멀티비타민은 보통 비타민 위주인데 미네랄까지 겉면에 액상알약껍질맛이 가장 두드러지게 느껴졌고 씹었을때 샤인머스캣 맛이 아쉬웠어요 말캉한 편이지만 첫맛이 아쉬워서 저는 재구매의사x 눈건강 루테인 하루구미 30일분품번  613602126 마리골드꽃 추출물인 루테인 10mg 함유되어있어요 생김새는 다른애들보다 불투명해서 의심가득했는데 얘가 가장 말랑했고새콤달콤 포도맛인데 새콤한 맛이 빠진 느낌이라 맛있었어요 오브맘 더채움 비오틴 하루구미 30일분 품번  613602127 머릿결 손톱 고민 있으신 분 비오틴챙겨드세요 젤리 비오틴 중에 이 정도 고함량은 진짜 흔치 않아요 일반 젤리 비오틴은 100300이 많음 기분좋은 복숭아맛 말랑탱글 쫀쫀한 식감 이거 왜 하나만 먹어야하나요 참 입이 심심할 때나 당떨어진다고 느껴질때 간식대신에 하루 1개 영양제젤리로 건강도 챙겨보는건 어떨까요 권장량이 하루에 1개씩이라 아쉽긴한데 더먹고싶음 각각 영양제 챙겨야먹어햐하니까 하루에 총 4개는 먹어도 되는거잖아 아싸         궁금한데 사기에는 고민되는 물건 있으면 댓글로 알려주세요 팔로우하고 기다려주시면 후딱 사용해보고 후기 낋이올게용  #대신사봤집#다이소꿀템#다이소추천#꿀템#다이소추천템#다이소간식#다이소신상#다이소영양제#다이소건강간식,"['젤리', '영양제', '다이소', '건강식품', '어디', '신상', '젤리', '영양제', '저장', '다이소', '꺼내', '가성비', '비타민', '아연', '하루', '구미', '야외', '활동', '비타민', '챙기', '영양', '성분', '기준', '오브', '젤리', '영양', '성분', '기준', '대비', '진하', '자몽', '쓴맛', '신맛', '빠지', '자몽', '맛있', '식감', '쫀득하', '멀티', '비타민', '미네랄', '하루', '구미', '젤리', '멀티', '비타민', '비타민', '위주', '미네랄', '겉면', '액상', '알약', '껍질', '두드러지', '느끼', '샤인머스캣', '아쉽', '아쉽', '구매', '의사', '건강', '루테', '하루', '구미', '마리', '골드', '추출물', '루테', '함유', '생김새', '투명', '의심', '포도', '새콤하', '빠지', '느낌', '맛있', '오브', '채우', '비오티', '하루', '구미', '머릿결', '손톱', '고민', '비오티', '챙기', '드세', '젤리', '비오', '정도', '함량', '일반', '젤리', '비오', '기분', '복숭아', '탱글', '쫀쫀', '식감', '이거', '하나', '떨어지', '느끼', '간식', '대신', '하루', '영양제', '젤리', '건강', '챙기', '어떻', '권장', '하루', '아쉽', '영양제', '챙기', '하루', '고민', '물건', '댓글', '알리', '팔로우', '기다리', '사용', '후기', '낋이올게']"
2,2,비타민부터 건기식 다이소에 다 있다 5000원 동네약국 타격? #건강기능식품 #다이소템,다이소 건강기능식품 판매 개시 비타민부터 루테인 비아잔틴 오메가 등등 5000원 균일가 판매 약국들 어떻게하지 수량은 작지만 쉽게 살 수 있는 장점 다이소가 이제 모두 다 파는 세상이 오나?,"#다이소템,#다이소건식,#다이소제품,#다이소건강식품",1,178,0,2025-07-09 06:06:35,https://www.youtube.com/watch?v=Ho5y9JP0PAs,비타민부터 건기식 다이소에 다 있다 5000원 동네약국 타격 #건강기능식품 #다이소템 다이소 건강기능식품 판매 개시 비타민부터 루테인 비아잔틴 오메가 등등 5000원 균일가 판매 약국들 어떻게하지 수량은 작지만 쉽게 살 수 있는 장점 다이소가 이제 모두 다 파는 세상이 오나 #다이소템#다이소건식#다이소제품#다이소건강식품,"['비타민', '건기', '다이소', '동네', '약국', '타격', '다이소', '건강', '기능', '식품', '판매', '개시', '비타민', '루테', '비아', '오메가', '등등', '균일', '판매', '약국', '어떻', '수량', '장점', '다이소', '세상']"
2,2,다이소 신상 | 이거 마시는 방법 알려드림ㅋㅋ,"예전에 쇼츠 광고로 이런거 많이 본 것 같은데, 다이소에도 나왔더라구요! 진짜 다이소 유행 따라가는 속도 좀 보세요 ㄷㄷ 사과맛이랑 포도맛 두가지 있었는데, 사과맛만 사와봤습니다ㅎㅎ 뭔가 비타민 물 마시니까 몸 더 챙기는 것 같아서 건강해지는 기분✨게다가 저는 물만 마시면 뭔가 질리는데..(이해안가실수도) 이렇게 마시니까 계속 마시게 돼서 좋더라구요 허허 여튼 여러분도 드셔보세요 맛있어요!👍 스키니랩 프레스팝 멀티비타민 사과 맛 4개입 품번 : 976195479 가격: 5,000원","#다이소,#다이소프레스팝,#다이소멀티비타민,#멀티비타민,#프레스팝멀티비타민,#스키니랩,#다이소신상,#daiso,#daisokorea,#vitaminwater,#vitamin,#ダイソー",531,48867,17,2025-09-13 07:15:56,https://www.youtube.com/watch?v=8kd31MYmT9o,다이소 신상  이거 마시는 방법 알려드림 예전에 쇼츠 광고로 이런거 많이 본 것 같은데 다이소에도 나왔더라구요 진짜 다이소 유행 따라가는 속도 좀 보세요  사과맛이랑 포도맛 두가지 있었는데 사과맛만 사와봤습니다 뭔가 비타민 물 마시니까 몸 더 챙기는 것 같아서 건강해지는 기분게다가 저는 물만 마시면 뭔가 질리는데이해안가실수도 이렇게 마시니까 계속 마시게 돼서 좋더라구요 허허 여튼 여러분도 드셔보세요 맛있어요 스키니랩 프레스팝 멀티비타민 사과 맛 4개입 품번  976195479 가격 5000원 #다이소#다이소프레스팝#다이소멀티비타민#멀티비타민#프레스팝멀티비타민#스키니랩#다이소신상#daiso#daisokorea#vitaminwater#vitamin#,"['다이소', '신상', '이거', '마시', '방법', '알리', '드리', '예전', '쇼츠', '광고', '다이소', '나오', '다이소', '유행', '따르', '속도', '사과', '포도', '가지', '사과', '비타민', '마시', '챙기', '건강', '기분', '마시', '질리', '이해', '마시', '마시', '여러분', '드시', '맛있', '스키', '프레스', '멀티', '비타민', '사과', '개입', '가격']"
2,2,이런 것도 팔았다고..? 다이소 유용템 BEST 3 ✨#다이소 #다이소꿀템 #다이소템 #다이소신상 #다이소살림템 #알파템 #쿠팡추천템 #쿠팡템리뷰 #다이소건기식,"영상에서 소개한 제품들, 자세한 정보는 아래에서 확인해 보세요 👇 🔹 첫 번째 – 이뮨 비타민 컴팩트한 사이즈라 휴대하기 좋고, 알약 + 액상 형태가 함께 들어 있어 상황에 따라 섭취하기 편해요. 비타민과 미네랄을 한 번에 챙길 수 있어서 든든합니다 💊 👉다이소몰: https://www.daisomall.co.kr/pd/pdr/SCR_PDR_0001?pdNo=613602124&recmYn=N 🔹 두 번째 – 실리콘 얼음 트레이 (품번: 10206201) 실리콘 구조라 밑부분만 꾹 눌러주면 얼음이 쉽게 빠지고, 뚜껑 주입구로 물 넣기가 편리해요. 얼음뿐만 아니라 다진 마늘 소분용으로도 활용도 최고 ❄️ 🔹 세 번째 – 쿨링 바디 티슈 (품번: 1065512) 즉각적인 쿨링감이 느껴지고, 3가지 향에 개수도 넉넉해 가성비가 좋아요. 작은 사이즈라 가방이나 주머니에 쏙 들어가 여름철 야외활동에 필수템 🧻❄️ 📌 영상 속 제품들은 다이소 매장에서 직접 구매 가능하며, 비슷한 제품들은 영상속 스티커 누르시면 확인하실 수 있어요 ✅","#다이소,#다이소꿀템,#다이소주방용품,#다이소템,#다이소살림템,#다이소신상,#쿠팡추천템,#쿠팡꿀템,#쿠팡추천,#다이소자연관,#다이소템",35,4297,4,2025-08-27 10:45:05,https://www.youtube.com/watch?v=_1FN5DFW54Y,이런 것도 팔았다고 다이소 유용템 BEST 3 #다이소 #다이소꿀템 #다이소템 #다이소신상 #다이소살림템 #알파템 #쿠팡추천템 #쿠팡템리뷰 #다이소건기식 영상에서 소개한 제품들 자세한 정보는 아래에서 확인해 보세요   첫 번째  이뮨 비타민 컴팩트한 사이즈라 휴대하기 좋고 알약  액상 형태가 함께 들어 있어 상황에 따라 섭취하기 편해요 비타민과 미네랄을 한 번에 챙길 수 있어서 든든합니다  다이소몰 httpswwwdaisomallcokrpdpdrSCRPDR0001pdNo613602124recmYnN  두 번째  실리콘 얼음 트레이 품번 10206201 실리콘 구조라 밑부분만 꾹 눌러주면 얼음이 쉽게 빠지고 뚜껑 주입구로 물 넣기가 편리해요 얼음뿐만 아니라 다진 마늘 소분용으로도 활용도 최고   세 번째  쿨링 바디 티슈 품번 1065512 즉각적인 쿨링감이 느껴지고 3가지 향에 개수도 넉넉해 가성비가 좋아요 작은 사이즈라 가방이나 주머니에 쏙 들어가 여름철 야외활동에 필수템   영상 속 제품들은 다이소 매장에서 직접 구매 가능하며 비슷한 제품들은 영상속 스티커 누르시면 확인하실 수 있어요  #다이소#다이소꿀템#다이소주방용품#다이소템#다이소살림템#다이소신상#쿠팡추천템#쿠팡꿀템#쿠팡추천#다이소자연관#다이소템,"['다이소', '유용', '영상', '소개', '제품', '정보', '아래', '확인', '이뮨', '비타민', '컴팩트', '사이즈', '휴대', '알약', '액상', '형태', '상황', '따르', '섭취', '편하', '비타민', '미네랄', '챙기', '다이소', '실리콘', '얼음', '트레이', '실리콘', '구조', '부분', '누르', '얼음', '빠지', '뚜껑', '주입구', '편리', '얼음', '아니', '다지', '마늘', '활용', '최고', '바디', '티슈', '즉각', '느끼', '가지', '개수', '가성비', '사이즈', '가방', '주머니', '들어가', '여름철', '야외', '활동', '필수', '영상', '제품', '다이소', '매장', '구매', '가능', '제품', '영상', '스티커', '누르', '확인']"
2,2,5000원 비타민 다이소의 비밀 #다이소  #건기식 #비타민 #오메가3 #밀크씨슬,다이소에서 판매하고 있는 건강기능식품에 대한 설명입니다.,,4,510,0,2025-08-11 07:15:31,https://www.youtube.com/watch?v=MLzSkSQs1mM,5000원 비타민 다이소의 비밀 #다이소  #건기식 #비타민 #오메가3 #밀크씨슬 다이소에서 판매하고 있는 건강기능식품에 대한 설명입니다 ,"['비타민', '다이소', '비밀', '다이소', '판매', '건강', '기능', '식품', '대하', '설명']"
2,2,다이소 건기식 추천 약사 늦으면 없다는 쿠팡추천템 BEST 10,"가장 많이팔린 다이소 건기식 추천 약사 이 포스팅은 쿠팡파트너스 활동의 일환으로, 이에 따른 일정액의 수수료를 제공받습니다. https://link.coupang.com/a/cUavlJ 1위 : 테팔 인덕션 티타늄 1X 스테인리스 스틸 트렌디쿡 프라이팬 가격 : 43,900원 링크 : https://link.coupang.com/a/cUavlJ 2위 : 닥터린 초임계 알티지 오메가3 알파 가격 : 29,600원 링크 : https://link.coupang.com/a/cUavlK 3위 : 크리넥스 데코 앤 소프트 화이트 천연펄프 3겹 고급롤화장지 가격 : 24,600원 링크 : https://link.coupang.com/a/cUavlL 4위 : 락키홈즈 게이밍 컴퓨터 책상 1200 가격 : 50,800원 링크 : https://link.coupang.com/a/cUavlM 5위 : 코카콜라 오리지널 가격 : 16,950원 링크 : https://link.coupang.com/a/cUavlP 6위 : 농협안심한우 1 | | 등급 안심특선 23호 총1kg 등심200g | 채끝200g | 갈비살200g | 부채살200g | 살치살200g 가격 : 162,900원 링크 : https://link.coupang.com/a/cUavlR 7위 : 바겐슈타이거 연마제 없는 스텐 사각 트레이 세트 가격 : 18,100원 링크 : https://link.coupang.com/a/cUavlT 8위 : 포트메리온 보타닉가든 스타터 2인 세트 5p 가격 : 67,900원 링크 : https://link.coupang.com/a/cUavlU 9위 : 쏘픽 일회용 마스크 대형 가격 : 9,360원 링크 : https://link.coupang.com/a/cUavlV 10위 : 이스타 전동 야채 오토 슬라이서 멀티 자동 채칼 가격 : 99,000원 링크 : https://link.coupang.com/a/cUavlW ⭐️ 특별 혜택 링크 https://temu.to/k/glb5f443d8e 을(를) 탭하고 최고 품질의 상품을 초저가로 만나보세요. 🛍️ 이렇게 파격적인 혜택은 오직 Temu에서만 제공됩니다. 지금 쇼핑하고 큰 할인을 받으세요! ⭐️ 당신을 위한 또 다른 놀라움! 저와 함께 수익을 얻으시려면 https://temu.to/k/g7a19moq5z4 을 클릭하세요! 감사합니다.",,0,9,1,2025-10-01 04:25:48,https://www.youtube.com/watch?v=SM3AjvO8htc,다이소 건기식 추천 약사 늦으면 없다는 쿠팡추천템 BEST 10 가장 많이팔린 다이소 건기식 추천 약사 이 포스팅은 쿠팡파트너스 활동의 일환으로 이에 따른 일정액의 수수료를 제공받습니다 httpslinkcoupangcomacUavlJ 1위  테팔 인덕션 티타늄 1X 스테인리스 스틸 트렌디쿡 프라이팬 가격  43900원 링크  httpslinkcoupangcomacUavlJ 2위  닥터린 초임계 알티지 오메가3 알파 가격  29600원 링크  httpslinkcoupangcomacUavlK 3위  크리넥스 데코 앤 소프트 화이트 천연펄프 3겹 고급롤화장지 가격  24600원 링크  httpslinkcoupangcomacUavlL 4위  락키홈즈 게이밍 컴퓨터 책상 1200 가격  50800원 링크  httpslinkcoupangcomacUavlM 5위  코카콜라 오리지널 가격  16950원 링크  httpslinkcoupangcomacUavlP 6위  농협안심한우 1   등급 안심특선 23호 총1kg 등심200g  채끝200g  갈비살200g  부채살200g  살치살200g 가격  162900원 링크  httpslinkcoupangcomacUavlR 7위  바겐슈타이거 연마제 없는 스텐 사각 트레이 세트 가격  18100원 링크  httpslinkcoupangcomacUavlT 8위  포트메리온 보타닉가든 스타터 2인 세트 5p 가격  67900원 링크  httpslinkcoupangcomacUavlU 9위  쏘픽 일회용 마스크 대형 가격  9360원 링크  httpslinkcoupangcomacUavlV 10위  이스타 전동 야채 오토 슬라이서 멀티 자동 채칼 가격  99000원 링크  httpslinkcoupangcomacUavlW  특별 혜택 링크 httpstemutokglb5f443d8e 을를 탭하고 최고 품질의 상품을 초저가로 만나보세요  이렇게 파격적인 혜택은 오직 Temu에서만 제공됩니다 지금 쇼핑하고 큰 할인을 받으세요  당신을 위한 또 다른 놀라움 저와 함께 수익을 얻으시려면 httpstemutokg7a19moq5z4 을 클릭하세요 감사합니다 ,"['다이소', '추천', '약사', '쿠팡', '추천', '팔리', '다이소', '추천', '약사', '포스팅', '쿠팡', '파트너스', '활동', '일환', '따르', '일정액', '수수료', '제공', '테팔', '인덕션', '티타늄', '스테인리스', '스틸', '트렌디', '프라이팬', '가격', '링크', '닥터', '초임', '알티', '오메가', '알파', '가격', '링크', '크리넥스', '데코', '소프트', '화이트', '천연', '펄프', '고급', '화장지', '가격', '링크', '락키홈즈', '게이밍', '컴퓨터', '책상', '가격', '링크', '코카콜라', '오리지널', '가격', '링크', '농협', '안심', '한우', '등급', '안심', '특선', '등심', '채끝', '갈비', '부채살', '가격', '링크', '바겐슈타이거', '연마', '스텐', '사각', '트레이', '세트', '가격', '링크', '포트', '메리', '보타닉', '스타터', '세트', '가격', '링크', '쏘픽', '일회', '마스크', '가격', '링크', '스타', '전동', '야채', '오토', '멀티', '자동', '가격', '링크', '특별', '혜택', '링크', '최고', '품질', '상품', '저가', '만나', '이렇', '파격', '혜택', '제공', '쇼핑', '할인', '당신', '위하', '놀랍', '수익', '클릭', '감사']"
2,2,다이소 건기식 추천 쿠팡에서 제일 많이 팔린 인기템 BEST 10,"가장 많이팔린 다이소 건기식 추천 이 포스팅은 쿠팡파트너스 활동의 일환으로, 이에 따른 일정액의 수수료를 제공받습니다. https://link.coupang.com/a/cYihq7 1위 : [국민건강 프로젝트] 대웅제약 마그네슘 에너지케어 가격 : 19,900원 링크 : https://link.coupang.com/a/cYihq7 2위 : [국민건강 프로젝트] 대웅제약 바나바잎추출물 가격 : 20,000원 링크 : https://link.coupang.com/a/cYihq9 3위 : [국민건강 프로젝트] 대웅제약 프로바이오틱스 유산균 가격 : 19,900원 링크 : https://link.coupang.com/a/cYihra 4위 : BH코리아 다용도 접이식 식품 건조망 (생선건조,야채건조,나물건조,고추건조) BH KOREA, 1개, 3단, 화이트 가격 : 11,500원 링크 : https://link.coupang.com/a/cYihrc 5위 : [국민건강 프로젝트] 대웅제약 바나바잎추출물 가격 : 10,000원 링크 : https://link.coupang.com/a/cYihrf 6위 : 휴대용 빨래건조기 UV살균 접이식 미니 건조기 스타일러 소형 빨래건조기 접이식 휴대용 원룸건조기, 화이트 가격 : 31,990원 링크 : https://link.coupang.com/a/cYihrg 7위 : 판클 EPA DPA 중성지방 다이어트 오메가3 지방산 30일분 가격 : 16,300원 링크 : https://link.coupang.com/a/cYihrh 8위 : 유니스 고급형 다용도 접이식 생선 건조망, 1개, 3단, 화이트 가격 : 12,100원 링크 : https://link.coupang.com/a/cYihri 9위 : 종근당건강 프로메가 오메가3 트리플 장용성 가격 : 10,590원 링크 : https://link.coupang.com/a/cYihrj 10위 : ON US 식품 건조기 고추 야채 소형 과일 가정용 업소용 가격 : 149,000원 링크 : https://link.coupang.com/a/cYihrk ⭐️ 특별 혜택 링크 https://temu.to/k/glb5f443d8e 을(를) 탭하고 최고 품질의 상품을 초저가로 만나보세요. 🛍️ 이렇게 파격적인 혜택은 오직 Temu에서만 제공됩니다. 지금 쇼핑하고 큰 할인을 받으세요! ⭐️ 당신을 위한 또 다른 놀라움! 저와 함께 수익을 얻으시려면 https://temu.to/k/g7a19moq5z4 을 클릭하세요! 감사합니다.",,0,4,1,2025-10-22 05:39:05,https://www.youtube.com/watch?v=Fht3sJnIOkA,다이소 건기식 추천 쿠팡에서 제일 많이 팔린 인기템 BEST 10 가장 많이팔린 다이소 건기식 추천 이 포스팅은 쿠팡파트너스 활동의 일환으로 이에 따른 일정액의 수수료를 제공받습니다 httpslinkcoupangcomacYihq7 1위  국민건강 프로젝트 대웅제약 마그네슘 에너지케어 가격  19900원 링크  httpslinkcoupangcomacYihq7 2위  국민건강 프로젝트 대웅제약 바나바잎추출물 가격  20000원 링크  httpslinkcoupangcomacYihq9 3위  국민건강 프로젝트 대웅제약 프로바이오틱스 유산균 가격  19900원 링크  httpslinkcoupangcomacYihra 4위  BH코리아 다용도 접이식 식품 건조망 생선건조야채건조나물건조고추건조 BH KOREA 1개 3단 화이트 가격  11500원 링크  httpslinkcoupangcomacYihrc 5위  국민건강 프로젝트 대웅제약 바나바잎추출물 가격  10000원 링크  httpslinkcoupangcomacYihrf 6위  휴대용 빨래건조기 UV살균 접이식 미니 건조기 스타일러 소형 빨래건조기 접이식 휴대용 원룸건조기 화이트 가격  31990원 링크  httpslinkcoupangcomacYihrg 7위  판클 EPA DPA 중성지방 다이어트 오메가3 지방산 30일분 가격  16300원 링크  httpslinkcoupangcomacYihrh 8위  유니스 고급형 다용도 접이식 생선 건조망 1개 3단 화이트 가격  12100원 링크  httpslinkcoupangcomacYihri 9위  종근당건강 프로메가 오메가3 트리플 장용성 가격  10590원 링크  httpslinkcoupangcomacYihrj 10위  ON US 식품 건조기 고추 야채 소형 과일 가정용 업소용 가격  149000원 링크  httpslinkcoupangcomacYihrk  특별 혜택 링크 httpstemutokglb5f443d8e 을를 탭하고 최고 품질의 상품을 초저가로 만나보세요  이렇게 파격적인 혜택은 오직 Temu에서만 제공됩니다 지금 쇼핑하고 큰 할인을 받으세요  당신을 위한 또 다른 놀라움 저와 함께 수익을 얻으시려면 httpstemutokg7a19moq5z4 을 클릭하세요 감사합니다 ,"['다이소', '추천', '쿠팡', '팔리', '인기', '팔리', '다이소', '추천', '포스팅', '쿠팡', '파트너스', '활동', '일환', '따르', '일정액', '수수료', '제공', '국민', '건강', '프로젝트', '대웅제약', '마그네슘', '에너지', '케어', '가격', '링크', '국민', '건강', '프로젝트', '대웅제약', '추출물', '가격', '링크', '국민', '건강', '프로젝트', '대웅제약', '프로바이오틱스', '유산균', '가격', '링크', '코리아', '다용도', '접이식', '식품', '건조', '생선', '건조', '야채', '건조', '나물', '건조', '고추', '건조', '화이트', '가격', '링크', '국민', '건강', '프로젝트', '대웅제약', '추출물', '가격', '링크', '휴대', '빨래', '건조기', '살균', '접이식', '미니', '건조기', '스타일', '소형', '빨래', '건조기', '접이식', '휴대', '원룸', '건조기', '화이트', '가격', '링크', '판클', '중성', '지방', '다이어트', '오메가', '지방산', '가격', '링크', '유니스', '고급', '다용도', '접이식', '생선', '건조', '화이트', '가격', '링크', '종근당', '건강', '프로', '메가', '오메가', '트리플', '장용', '가격', '링크', '식품', '건조기', '고추', '야채', '소형', '과일', '가정', '업소', '가격', '링크', '특별', '혜택', '링크', '최고', '품질', '상품', '저가', '만나', '이렇', '파격', '혜택', '제공', '쇼핑', '할인', '당신', '위하', '놀랍', '수익', '클릭', '감사']"
2,2,다이소 건기식 추천 약사 쿠팡 무조건 만족템 TOP10 - 매일 쓰고 있는 제품이에요,"가장 많이팔린 다이소 건기식 추천 약사 이 포스팅은 쿠팡파트너스 활동의 일환으로, 이에 따른 일정액의 수수료를 제공받습니다. https://link.coupang.com/a/cZA7WP 1위 : 영주마실 못난이 사과 소과 15~21개입, 3kg, 1개 가격 : 15,980원 링크 : https://link.coupang.com/a/cZA7WP 2위 : 옵티프리 익스프레스 렌즈 세정액, 470ml, 2개 가격 : 10,620원 링크 : https://link.coupang.com/a/cZA7WQ 3위 : 코멧 사선컷팅 테이프 클리너 3단 핸들 | 거치대 | 리필 4개, 1개 가격 : 9,590원 링크 : https://link.coupang.com/a/cZA7WR 4위 : 웅진빅토리아 더 빅토리아 플레인 탄산수, 500ml, 20개 가격 : 7,950원 링크 : https://link.coupang.com/a/cZA7WS 5위 : 스카치브라이트 실속형 멀티팩 테이프 클리너 리필 7p, 1개 가격 : 6,210원 링크 : https://link.coupang.com/a/cZA7WU 6위 : 아베나 프레쉬그립 비닐장갑 FLEX, 500개입, 1개 가격 : 4,990원 링크 : https://link.coupang.com/a/cZA7WV 7위 : 베베데코 올핏 스탠드 에어컨 커버 사각, 화이트(사각) 가격 : 39,900원 링크 : https://link.coupang.com/a/cZA7WX 8위 : 쁘리엘르 유어메이트 항균 워싱 세미마이크로 차렵이불 세트 가격 : 39,960원 링크 : https://link.coupang.com/a/cZA7WZ 9위 : 뉴발란스 남성용 유니 에센셜 반집업 세미 오버 핏 맨투맨 NBNCF11213 가격 : 49,990원 링크 : https://link.coupang.com/a/cZA7W1 10위 : 필립스 SkinIQ 5000 시리즈 전기면도기, S5881/12, 버건디레드 가격 : 88,610원 링크 : https://link.coupang.com/a/cZA7W3 ⭐️ 특별 혜택 링크 https://temu.to/k/glb5f443d8e 을(를) 탭하고 최고 품질의 상품을 초저가로 만나보세요. 🛍️ 이렇게 파격적인 혜택은 오직 Temu에서만 제공됩니다. 지금 쇼핑하고 큰 할인을 받으세요! ⭐️ 당신을 위한 또 다른 놀라움! 저와 함께 수익을 얻으시려면 https://temu.to/k/g7a19moq5z4 을 클릭하세요! 감사합니다.",,0,0,1,2025-10-28 13:40:19,https://www.youtube.com/watch?v=8Ze7ZqQTxqQ,다이소 건기식 추천 약사 쿠팡 무조건 만족템 TOP10  매일 쓰고 있는 제품이에요 가장 많이팔린 다이소 건기식 추천 약사 이 포스팅은 쿠팡파트너스 활동의 일환으로 이에 따른 일정액의 수수료를 제공받습니다 httpslinkcoupangcomacZA7WP 1위  영주마실 못난이 사과 소과 1521개입 3kg 1개 가격  15980원 링크  httpslinkcoupangcomacZA7WP 2위  옵티프리 익스프레스 렌즈 세정액 470ml 2개 가격  10620원 링크  httpslinkcoupangcomacZA7WQ 3위  코멧 사선컷팅 테이프 클리너 3단 핸들  거치대  리필 4개 1개 가격  9590원 링크  httpslinkcoupangcomacZA7WR 4위  웅진빅토리아 더 빅토리아 플레인 탄산수 500ml 20개 가격  7950원 링크  httpslinkcoupangcomacZA7WS 5위  스카치브라이트 실속형 멀티팩 테이프 클리너 리필 7p 1개 가격  6210원 링크  httpslinkcoupangcomacZA7WU 6위  아베나 프레쉬그립 비닐장갑 FLEX 500개입 1개 가격  4990원 링크  httpslinkcoupangcomacZA7WV 7위  베베데코 올핏 스탠드 에어컨 커버 사각 화이트사각 가격  39900원 링크  httpslinkcoupangcomacZA7WX 8위  쁘리엘르 유어메이트 항균 워싱 세미마이크로 차렵이불 세트 가격  39960원 링크  httpslinkcoupangcomacZA7WZ 9위  뉴발란스 남성용 유니 에센셜 반집업 세미 오버 핏 맨투맨 NBNCF11213 가격  49990원 링크  httpslinkcoupangcomacZA7W1 10위  필립스 SkinIQ 5000 시리즈 전기면도기 S588112 버건디레드 가격  88610원 링크  httpslinkcoupangcomacZA7W3  특별 혜택 링크 httpstemutokglb5f443d8e 을를 탭하고 최고 품질의 상품을 초저가로 만나보세요  이렇게 파격적인 혜택은 오직 Temu에서만 제공됩니다 지금 쇼핑하고 큰 할인을 받으세요  당신을 위한 또 다른 놀라움 저와 함께 수익을 얻으시려면 httpstemutokg7a19moq5z4 을 클릭하세요 감사합니다 ,"['다이소', '추천', '약사', '쿠팡', '만족', '제품', '팔리', '다이소', '추천', '약사', '포스팅', '쿠팡', '파트너스', '활동', '일환', '따르', '일정액', '수수료', '제공', '영주', '마시', '못난이', '사과', '개입', '가격', '링크', '옵티프리', '익스프레스', '렌즈', '세정', '가격', '링크', '코멧', '사선', '컷팅', '테이프', '클리너', '핸들', '거치대', '리필', '가격', '링크', '웅진', '빅토리아', '빅토리아', '플레인', '탄산수', '가격', '링크', '스카치브', '라이트', '실속', '멀티', '테이프', '클리너', '리필', '가격', '링크', '아베', '프레쉬', '그립', '비닐', '장갑', '개입', '가격', '링크', '베베데코', '올핏', '스탠드', '에어컨', '커버', '사각', '화이트', '사각', '가격', '링크', '리엘', '유어', '메이트', '워싱', '세미', '마이크로', '차렵이불', '세트', '가격', '링크', '뉴발란스', '남성', '유니', '에센셜', '반집', '세미', '오버', '맨투맨', '가격', '링크', '필립스', '시리즈', '전기', '면도기', '버건디', '레드', '가격', '링크', '특별', '혜택', '링크', '최고', '품질', '상품', '저가', '만나', '이렇', '파격', '혜택', '제공', '쇼핑', '할인', '당신', '위하', '놀랍', '수익', '클릭', '감사']"
2,2,"다이소 영양제, 싸다고 막 먹어도 될까? #다이소 #영양제 #오메가3 #건강기능식품 #약국영양제 #건강보조제비교","다이소에서 3천 원~5천 원짜리 영양제가 나왔습니다. 🤔 약국에서 파는 영양제랑 뭐가 다를까요? 👉 가격은 싸고, 성분은 조금 적고, 안전성은 문제 없다고 해요! 궁금하다면 영상 끝까지 보세요!",,8,2388,2,2025-09-22 09:46:08,https://www.youtube.com/watch?v=UqR8swrnszA,다이소 영양제 싸다고 막 먹어도 될까 #다이소 #영양제 #오메가3 #건강기능식품 #약국영양제 #건강보조제비교 다이소에서 3천 원5천 원짜리 영양제가 나왔습니다  약국에서 파는 영양제랑 뭐가 다를까요  가격은 싸고 성분은 조금 적고 안전성은 문제 없다고 해요 궁금하다면 영상 끝까지 보세요 ,"['다이소', '영양제', '다이소', '영양제', '나오', '약국', '영양제', '다르', '가격', '성분', '안전', '문제', '영상']"
2,2,"다이소 건강템 6종, 지금 챙겨야 할 아이템! #다이소 #건강템 #가성비갑 #콜라겐 #블랙마카 #건강보조제 #쇼츠 #다이소추천템",,,3,1103,0,2025-06-24 00:07:01,https://www.youtube.com/watch?v=Hrskqp1-igo,다이소 건강템 6종 지금 챙겨야 할 아이템 #다이소 #건강템 #가성비갑 #콜라겐 #블랙마카 #건강보조제 #쇼츠 #다이소추천템  ,"['다이소', '건강', '챙기', '아이템']"
2,2,다이소 건기식 판매 늦으면 없다는 쿠팡추천템 BEST 10,"가장 많이팔린 다이소 건기식 판매 이 포스팅은 쿠팡파트너스 활동의 일환으로, 이에 따른 일정액의 수수료를 제공받습니다. https://link.coupang.com/a/cXs6o2 1위 : [국민건강 프로젝트] 대웅제약 마그네슘 에너지케어 가격 : 19,900원 링크 : https://link.coupang.com/a/cXs6o2 2위 : [국민건강 프로젝트] 대웅제약 바나바잎추출물 가격 : 20,000원 링크 : https://link.coupang.com/a/cXs6o3 3위 : 유니스 고급형 다용도 접이식 생선 건조망, 1개, 3단, 화이트 가격 : 12,100원 링크 : https://link.coupang.com/a/cXs6o5 4위 : [국민건강 프로젝트] 대웅제약 프로바이오틱스 유산균 가격 : 19,900원 링크 : https://link.coupang.com/a/cXs6o6 5위 : 종근당건강 프로메가 오메가3 트리플 장용성 가격 : 10,470원 링크 : https://link.coupang.com/a/cXs6o7 6위 : [국민건강 프로젝트] 대웅제약 프로바이오틱스 유산균 가격 : 10,000원 링크 : https://link.coupang.com/a/cXs6o8 7위 : 다용도 고추건조기 대용량건조트레이 진공 과일 야채 식건조기 열풍건조, 3)12층 가격 : 444,660원 링크 : https://link.coupang.com/a/cXs6pa 8위 : [국민건강 프로젝트] 대웅제약 바나바잎추출물 가격 : 10,000원 링크 : https://link.coupang.com/a/cXs6pb 9위 : 종근당 칼슘 앤 마그네슘 비타민D 아연 가격 : 25,080원 링크 : https://link.coupang.com/a/cXs6pc 10위 : 다용도 고추건조기 대용량건조트레이 진공 과일 야채 식건조기 열풍건조, 4)16층 가격 : 585,670원 링크 : https://link.coupang.com/a/cXs6pd ⭐️ 특별 혜택 링크 https://temu.to/k/glb5f443d8e 을(를) 탭하고 최고 품질의 상품을 초저가로 만나보세요. 🛍️ 이렇게 파격적인 혜택은 오직 Temu에서만 제공됩니다. 지금 쇼핑하고 큰 할인을 받으세요! ⭐️ 당신을 위한 또 다른 놀라움! 저와 함께 수익을 얻으시려면 https://temu.to/k/g7a19moq5z4 을 클릭하세요! 감사합니다.",,0,1,1,2025-10-18 18:35:49,https://www.youtube.com/watch?v=Ui2UIChFHkU,다이소 건기식 판매 늦으면 없다는 쿠팡추천템 BEST 10 가장 많이팔린 다이소 건기식 판매 이 포스팅은 쿠팡파트너스 활동의 일환으로 이에 따른 일정액의 수수료를 제공받습니다 httpslinkcoupangcomacXs6o2 1위  국민건강 프로젝트 대웅제약 마그네슘 에너지케어 가격  19900원 링크  httpslinkcoupangcomacXs6o2 2위  국민건강 프로젝트 대웅제약 바나바잎추출물 가격  20000원 링크  httpslinkcoupangcomacXs6o3 3위  유니스 고급형 다용도 접이식 생선 건조망 1개 3단 화이트 가격  12100원 링크  httpslinkcoupangcomacXs6o5 4위  국민건강 프로젝트 대웅제약 프로바이오틱스 유산균 가격  19900원 링크  httpslinkcoupangcomacXs6o6 5위  종근당건강 프로메가 오메가3 트리플 장용성 가격  10470원 링크  httpslinkcoupangcomacXs6o7 6위  국민건강 프로젝트 대웅제약 프로바이오틱스 유산균 가격  10000원 링크  httpslinkcoupangcomacXs6o8 7위  다용도 고추건조기 대용량건조트레이 진공 과일 야채 식건조기 열풍건조 312층 가격  444660원 링크  httpslinkcoupangcomacXs6pa 8위  국민건강 프로젝트 대웅제약 바나바잎추출물 가격  10000원 링크  httpslinkcoupangcomacXs6pb 9위  종근당 칼슘 앤 마그네슘 비타민D 아연 가격  25080원 링크  httpslinkcoupangcomacXs6pc 10위  다용도 고추건조기 대용량건조트레이 진공 과일 야채 식건조기 열풍건조 416층 가격  585670원 링크  httpslinkcoupangcomacXs6pd  특별 혜택 링크 httpstemutokglb5f443d8e 을를 탭하고 최고 품질의 상품을 초저가로 만나보세요  이렇게 파격적인 혜택은 오직 Temu에서만 제공됩니다 지금 쇼핑하고 큰 할인을 받으세요  당신을 위한 또 다른 놀라움 저와 함께 수익을 얻으시려면 httpstemutokg7a19moq5z4 을 클릭하세요 감사합니다 ,"['다이소', '판매', '쿠팡', '추천', '팔리', '다이소', '판매', '포스팅', '쿠팡', '파트너스', '활동', '일환', '따르', '일정액', '수수료', '제공', '국민', '건강', '프로젝트', '대웅제약', '마그네슘', '에너지', '케어', '가격', '링크', '국민', '건강', '프로젝트', '대웅제약', '추출물', '가격', '링크', '유니스', '고급', '다용도', '접이식', '생선', '건조', '화이트', '가격', '링크', '국민', '건강', '프로젝트', '대웅제약', '프로바이오틱스', '유산균', '가격', '링크', '종근당', '건강', '프로', '메가', '오메가', '트리플', '장용', '가격', '링크', '국민', '건강', '프로젝트', '대웅제약', '프로바이오틱스', '유산균', '가격', '링크', '다용도', '고추', '건조기', '용량', '건조', '트레이', '진공', '과일', '야채', '건조기', '열풍', '건조', '가격', '링크', '국민', '건강', '프로젝트', '대웅제약', '추출물', '가격', '링크', '종근당', '칼슘', '마그네슘', '비타민', '아연', '가격', '링크', '다용도', '고추', '건조기', '용량', '건조', '트레이', '진공', '과일', '야채', '건조기', '열풍', '건조', '가격', '링크', '특별', '혜택', '링크', '최고', '품질', '상품', '저가', '만나', '이렇', '파격', '혜택', '제공', '쇼핑', '할인', '당신', '위하', '놀랍', '수익', '클릭', '감사']"
2,2,“다이소·편의점에서 건기식을?” 건강식품 시장 판도 바뀐다 정보팁 l 정보꿀팁 l 일상꿀팁 l 꿀팁정보 #뉴스 #정책#정보채널 #이슈 #꿀팁정보 #생활꿀팁 #건강정보 #건강정보채널,줄게줄게 모든걸 다 알려줄게 다 준다 정보팁!!,,1,1115,0,2025-07-24 03:15:57,https://www.youtube.com/watch?v=B1WaX_CCVaE,다이소편의점에서 건기식을 건강식품 시장 판도 바뀐다 정보팁 l 정보꿀팁 l 일상꿀팁 l 꿀팁정보 #뉴스 #정책#정보채널 #이슈 #꿀팁정보 #생활꿀팁 #건강정보 #건강정보채널 줄게줄게 모든걸 다 알려줄게 다 준다 정보팁 ,"['다이소', '편의점', '기식', '건강식품', '시장', '판도', '바뀌', '정보', '정보', '일상', '정보', '알리', '정보']"
2,2,LG생건의 다이소 전용 건기식? 알고보면 접근성 높이기?,,,0,235,0,2025-07-09 09:45:50,https://www.youtube.com/watch?v=g2eoUYatrQo,LG생건의 다이소 전용 건기식 알고보면 접근성 높이기  ,"['다이소', '전용', '건기', '접근', '높이']"
2,2,다이소 건기식 쿠팡 리뷰 폭발템 - 댓글이 다 말해줌,"가장 많이팔린 다이소 건기식 영상 속 다이소 건기식 구매링크: https://link.coupang.com/a/cZNmL8 이 포스팅은 쿠팡파트너스 활동의 일환으로, 이에 따른 일정액의 수수료를 제공받습니다. 1위 : 다용도 위생 건조망 ( 캠핌 ,생선 , 야채 식기 고추 건조망), 1개, 위생 건조망(중형) 가격 : 4,500원 링크 : https://link.coupang.com/a/cZNmL8 2위 : 종근당건강 프로메가 오메가3 트리플 장용성 가격 : 10,590원 링크 : https://link.coupang.com/a/cZNmMa 3위 : 락토핏 코어 유산균 60p 가격 : 32,200원 링크 : https://link.coupang.com/a/cZNmMd 4위 : BH코리아 다용도 접이식 식품 건조망 (생선건조,야채건조,나물건조,고추건조) BH KOREA, 1개, 3단, 화이트 가격 : 11,500원 링크 : https://link.coupang.com/a/cZNmMf 5위 : GNM 건강한 간 밀크씨슬 가격 : 21,490원 링크 : https://link.coupang.com/a/cZNmMh 6위 : 쏘블랑 신발 변형방지 건조기 건조망, 화이트, 2개 가격 : 8,350원 링크 : https://link.coupang.com/a/cZNmMj 7위 : 뉴트리디데이 프리미엄 밀크씨슬 골드 가격 : 12,900원 링크 : https://link.coupang.com/a/cZNmMl 8위 : 유니스 고급형 다용도 접이식 생선 건조망, 1개, 3단, 화이트 가격 : 12,100원 링크 : https://link.coupang.com/a/cZNmMn 9위 : 판클 EPA DPA 중성지방 다이어트 오메가3 지방산 30일분 가격 : 16,300원 링크 : https://link.coupang.com/a/cZNmMp 10위 : 리빙그리고홈 양면 접이식 세탁기 건조기 빨래바구니, 그레이 가격 : 13,400원 링크 : https://link.coupang.com/a/cZNmMs 감사합니다.",,0,5,1,2025-10-29 12:16:36,https://www.youtube.com/watch?v=z4fKjr_jbzc,다이소 건기식 쿠팡 리뷰 폭발템  댓글이 다 말해줌 가장 많이팔린 다이소 건기식 영상 속 다이소 건기식 구매링크 httpslinkcoupangcomacZNmL8 이 포스팅은 쿠팡파트너스 활동의 일환으로 이에 따른 일정액의 수수료를 제공받습니다 1위  다용도 위생 건조망  캠핌 생선  야채 식기 고추 건조망 1개 위생 건조망중형 가격  4500원 링크  httpslinkcoupangcomacZNmL8 2위  종근당건강 프로메가 오메가3 트리플 장용성 가격  10590원 링크  httpslinkcoupangcomacZNmMa 3위  락토핏 코어 유산균 60p 가격  32200원 링크  httpslinkcoupangcomacZNmMd 4위  BH코리아 다용도 접이식 식품 건조망 생선건조야채건조나물건조고추건조 BH KOREA 1개 3단 화이트 가격  11500원 링크  httpslinkcoupangcomacZNmMf 5위  GNM 건강한 간 밀크씨슬 가격  21490원 링크  httpslinkcoupangcomacZNmMh 6위  쏘블랑 신발 변형방지 건조기 건조망 화이트 2개 가격  8350원 링크  httpslinkcoupangcomacZNmMj 7위  뉴트리디데이 프리미엄 밀크씨슬 골드 가격  12900원 링크  httpslinkcoupangcomacZNmMl 8위  유니스 고급형 다용도 접이식 생선 건조망 1개 3단 화이트 가격  12100원 링크  httpslinkcoupangcomacZNmMn 9위  판클 EPA DPA 중성지방 다이어트 오메가3 지방산 30일분 가격  16300원 링크  httpslinkcoupangcomacZNmMp 10위  리빙그리고홈 양면 접이식 세탁기 건조기 빨래바구니 그레이 가격  13400원 링크  httpslinkcoupangcomacZNmMs 감사합니다 ,"['다이소', '쿠팡', '리뷰', '폭발', '댓글', '팔리', '다이소', '영상', '다이소', '구매', '링크', '포스팅', '쿠팡', '파트너스', '활동', '일환', '따르', '일정액', '수수료', '제공', '다용도', '위생', '건조', '캠핌', '생선', '야채', '식기', '고추', '건조', '위생', '건조', '중형', '가격', '링크', '종근당', '건강', '프로', '메가', '오메가', '트리플', '장용', '가격', '링크', '락토핏', '코어', '유산균', '가격', '링크', '코리아', '다용도', '접이식', '식품', '건조', '생선', '건조', '야채', '건조', '나물', '건조', '고추', '건조', '화이트', '가격', '링크', '건강', '밀크', '가격', '링크', '쏘블랑', '신발', '변형', '방지', '건조기', '건조', '화이트', '가격', '링크', '트리', '데이', '프리미엄', '밀크', '골드', '가격', '링크', '유니스', '고급', '다용도', '접이식', '생선', '건조', '화이트', '가격', '링크', '판클', '중성', '지방', '다이어트', '오메가', '지방산', '가격', '링크', '리빙', '양면', '접이식', '세탁기', '건조기', '빨래', '바구니', '그레이', '가격', '링크', '감사']"
2,2,다이소 건기식 늦으면 없다는 쿠팡추천템 BEST 10,"가장 많이팔린 다이소 건기식 영상 속 다이소 건기식 구매링크: https://link.coupang.com/a/cCj9Qn 이 포스팅은 쿠팡파트너스 활동의 일환으로, 이에 따른 일정액의 수수료를 제공받습니다. 1위 : 아이클리어 루테인지아잔틴 가격 : 8,730원 링크 : https://link.coupang.com/a/cCj9Qn 2위 : 뉴트리디데이 프리미엄 루테인 골드 가격 : 11,900원 링크 : https://link.coupang.com/a/cCj9Qo 3위 : 뉴트리디데이 프리미엄 멀티비타민 골드 가격 : 11,900원 링크 : https://link.coupang.com/a/cCj9Qp 4위 : 탐사 반려동물 동결건조 간식 닭가슴살 240g 가격 : 12,590원 링크 : https://link.coupang.com/a/cCj9Qs 5위 : 종근당건강 헬씨칸 로얄 밀크시슬 가격 : 17,670원 링크 : https://link.coupang.com/a/cCj9Qv 6위 : 뉴트리하루 실리마린 밀크 시슬 추출물 밀크씨슬 아르기닌 플러스 야관문 글루타치온 가격 : 28,460원 링크 : https://link.coupang.com/a/cCj9Qy 7위 : 일양약품 프리미엄 비타C 가격 : 19,900원 링크 : https://link.coupang.com/a/cCj9QA 8위 : 풀무원 1분즉석국 황태미역국 가격 : 7,760원 링크 : https://link.coupang.com/a/cCj9QB 9위 : 뉴케어 당플랜 한입영양 안심바 가격 : 25,620원 링크 : https://link.coupang.com/a/cCj9QD 10위 : 코멧 4단 책장선반 가격 : 27,590원 링크 : https://link.coupang.com/a/cCj9QG 감사합니다.",,0,3,1,2025-07-01 14:31:05,https://www.youtube.com/watch?v=G1Czlr2PSRo,다이소 건기식 늦으면 없다는 쿠팡추천템 BEST 10 가장 많이팔린 다이소 건기식 영상 속 다이소 건기식 구매링크 httpslinkcoupangcomacCj9Qn 이 포스팅은 쿠팡파트너스 활동의 일환으로 이에 따른 일정액의 수수료를 제공받습니다 1위  아이클리어 루테인지아잔틴 가격  8730원 링크  httpslinkcoupangcomacCj9Qn 2위  뉴트리디데이 프리미엄 루테인 골드 가격  11900원 링크  httpslinkcoupangcomacCj9Qo 3위  뉴트리디데이 프리미엄 멀티비타민 골드 가격  11900원 링크  httpslinkcoupangcomacCj9Qp 4위  탐사 반려동물 동결건조 간식 닭가슴살 240g 가격  12590원 링크  httpslinkcoupangcomacCj9Qs 5위  종근당건강 헬씨칸 로얄 밀크시슬 가격  17670원 링크  httpslinkcoupangcomacCj9Qv 6위  뉴트리하루 실리마린 밀크 시슬 추출물 밀크씨슬 아르기닌 플러스 야관문 글루타치온 가격  28460원 링크  httpslinkcoupangcomacCj9Qy 7위  일양약품 프리미엄 비타C 가격  19900원 링크  httpslinkcoupangcomacCj9QA 8위  풀무원 1분즉석국 황태미역국 가격  7760원 링크  httpslinkcoupangcomacCj9QB 9위  뉴케어 당플랜 한입영양 안심바 가격  25620원 링크  httpslinkcoupangcomacCj9QD 10위  코멧 4단 책장선반 가격  27590원 링크  httpslinkcoupangcomacCj9QG 감사합니다 ,"['다이소', '쿠팡', '추천', '팔리', '다이소', '영상', '다이소', '구매', '링크', '포스팅', '쿠팡', '파트너스', '활동', '일환', '따르', '일정액', '수수료', '제공', '아이', '클리어', '루테', '가격', '링크', '트리', '데이', '프리미엄', '루테', '골드', '가격', '링크', '트리', '데이', '프리미엄', '멀티', '비타민', '골드', '가격', '링크', '탐사', '반려동물', '동결', '건조', '간식', '가슴살', '가격', '링크', '종근당', '건강', '헬씨칸', '로얄', '밀크', '가격', '링크', '트리', '하루', '밀크', '추출물', '밀크', '아르기닌', '플러스', '관문', '가격', '링크', '일양약품', '프리미엄', '비타', '가격', '링크', '풀무원', '즉석', '황태', '미역국', '가격', '링크', '케어', '플랜', '영양', '안심', '가격', '링크', '코멧', '책장', '선반', '가격', '링크', '감사']"
2,2,다이소 건기식 판매 매장 후기 좋은 쿠팡 베스트셀러 BEST 10,"가장 많이팔린 다이소 건기식 판매 매장 영상 속 다이소 건기식 판매 매장 구매링크: https://link.coupang.com/a/cWgoLC 이 포스팅은 쿠팡파트너스 활동의 일환으로, 이에 따른 일정액의 수수료를 제공받습니다. 1위 : 뉴트리디데이 메가렉스 마그네슘 400 가격 : 19,900원 링크 : https://link.coupang.com/a/cWgoLC 2위 : 뉴트리디데이 프리미엄 밀크씨슬 골드 가격 : 12,900원 링크 : https://link.coupang.com/a/cWgoLE 3위 : 뉴트리디데이 프리미엄 밀크씨슬 골드 가격 : 24,900원 링크 : https://link.coupang.com/a/cWgoLG 4위 : 락토핏 코어 유산균 60p 가격 : 32,200원 링크 : https://link.coupang.com/a/cWgoLI 5위 : 락토핏 슬림 유산균 가격 : 15,260원 링크 : https://link.coupang.com/a/cWgoLK 6위 : BH코리아 다용도 접이식 식품 건조망 (생선건조,야채건조,나물건조,고추건조) BH KOREA, 1개, 2단, 화이트 가격 : 10,500원 링크 : https://link.coupang.com/a/cWgoLN 7위 : BH코리아 다용도 접이식 식품 건조망 (생선건조,야채건조,나물건조,고추건조) BH KOREA, 1개, 1단, 화이트 가격 : 9,500원 링크 : https://link.coupang.com/a/cWgoLR 8위 : JW중외제약 리얼메디 간에좋은 밀크씨슬9 실리마린 마스터 가격 : 22,610원 링크 : https://link.coupang.com/a/cWgoLT 9위 : JW중외제약 리얼메디 간에좋은 밀크씨슬9 실리마린 마스터 가격 : 19,330원 링크 : https://link.coupang.com/a/cWgoLW 10위 : ON US 식품 건조기 고추 야채 소형 과일 가정용 업소용 가격 : 219,000원 링크 : https://link.coupang.com/a/cWgoLY 감사합니다.",,0,1,1,2025-10-13 10:03:03,https://www.youtube.com/watch?v=ejvzdY2nQFU,다이소 건기식 판매 매장 후기 좋은 쿠팡 베스트셀러 BEST 10 가장 많이팔린 다이소 건기식 판매 매장 영상 속 다이소 건기식 판매 매장 구매링크 httpslinkcoupangcomacWgoLC 이 포스팅은 쿠팡파트너스 활동의 일환으로 이에 따른 일정액의 수수료를 제공받습니다 1위  뉴트리디데이 메가렉스 마그네슘 400 가격  19900원 링크  httpslinkcoupangcomacWgoLC 2위  뉴트리디데이 프리미엄 밀크씨슬 골드 가격  12900원 링크  httpslinkcoupangcomacWgoLE 3위  뉴트리디데이 프리미엄 밀크씨슬 골드 가격  24900원 링크  httpslinkcoupangcomacWgoLG 4위  락토핏 코어 유산균 60p 가격  32200원 링크  httpslinkcoupangcomacWgoLI 5위  락토핏 슬림 유산균 가격  15260원 링크  httpslinkcoupangcomacWgoLK 6위  BH코리아 다용도 접이식 식품 건조망 생선건조야채건조나물건조고추건조 BH KOREA 1개 2단 화이트 가격  10500원 링크  httpslinkcoupangcomacWgoLN 7위  BH코리아 다용도 접이식 식품 건조망 생선건조야채건조나물건조고추건조 BH KOREA 1개 1단 화이트 가격  9500원 링크  httpslinkcoupangcomacWgoLR 8위  JW중외제약 리얼메디 간에좋은 밀크씨슬9 실리마린 마스터 가격  22610원 링크  httpslinkcoupangcomacWgoLT 9위  JW중외제약 리얼메디 간에좋은 밀크씨슬9 실리마린 마스터 가격  19330원 링크  httpslinkcoupangcomacWgoLW 10위  ON US 식품 건조기 고추 야채 소형 과일 가정용 업소용 가격  219000원 링크  httpslinkcoupangcomacWgoLY 감사합니다 ,"['다이소', '판매', '매장', '후기', '쿠팡', '베스트', '셀러', '팔리', '다이소', '판매', '매장', '영상', '다이소', '판매', '매장', '구매', '링크', '포스팅', '쿠팡', '파트너스', '활동', '일환', '따르', '일정액', '수수료', '제공', '트리', '데이', '메가', '렉스', '마그네슘', '가격', '링크', '트리', '데이', '프리미엄', '밀크', '골드', '가격', '링크', '트리', '데이', '프리미엄', '밀크', '골드', '가격', '링크', '락토핏', '코어', '유산균', '가격', '링크', '락토핏', '슬림', '유산균', '가격', '링크', '코리아', '다용도', '접이식', '식품', '건조', '생선', '건조', '야채', '건조', '나물', '건조', '고추', '건조', '화이트', '가격', '링크', '코리아', '다용도', '접이식', '식품', '건조', '생선', '건조', '야채', '건조', '나물', '건조', '고추', '건조', '화이트', '가격', '링크', '중외', '제약', '리얼', '메디', '밀크', '실리', '마스터', '가격', '링크', '중외', '제약', '리얼', '메디', '밀크', '실리', '마스터', '가격', '링크', '식품', '건조기', '고추', '야채', '소형', '과일', '가정', '업소', '가격', '링크', '감사']"
2,2,다이소 건기식 종류 쿠팡 무조건 만족템 TOP10 - 매일 쓰고 있는 제품이에요,"가장 많이팔린 다이소 건기식 종류 이 포스팅은 쿠팡파트너스 활동의 일환으로, 이에 따른 일정액의 수수료를 제공받습니다. https://link.coupang.com/a/cYNPre 1위 : 뉴트리디데이 프리미엄 밀크씨슬 골드 가격 : 12,900원 링크 : https://link.coupang.com/a/cYNPre 2위 : 유니스 고급형 다용도 접이식 생선 건조망, 1개, 3단, 화이트 가격 : 12,100원 링크 : https://link.coupang.com/a/cYNPri 3위 : BH코리아 다용도 접이식 식품 건조망 (생선건조,야채건조,나물건조,고추건조) BH KOREA, 1개, 3단, 화이트 가격 : 11,500원 링크 : https://link.coupang.com/a/cYNPrl 4위 : 일양약품 프라임 칼슘 마그네슘 비타민D 아연 가격 : 10,840원 링크 : https://link.coupang.com/a/cYNPrp 5위 : 종근당건강 프로메가 오메가3 트리플 장용성 가격 : 10,590원 링크 : https://link.coupang.com/a/cYNPrq 6위 : BH코리아 다용도 접이식 식품 건조망 (생선건조,야채건조,나물건조,고추건조) BH KOREA, 1개, 2단, 화이트 가격 : 10,500원 링크 : https://link.coupang.com/a/cYNPrs 7위 : 홀리데이즈 프리미엄 콜라겐 타블렛 가격 : 9,900원 링크 : https://link.coupang.com/a/cYNPru 8위 : 판클 EPA DPA 중성지방 다이어트 오메가3 지방산 30일분 가격 : 16,300원 링크 : https://link.coupang.com/a/cYNPrw 9위 : GNM 건강한 간 밀크씨슬 가격 : 20,420원 링크 : https://link.coupang.com/a/cYNPry 10위 : 뉴트리디데이 프리미엄 비타민D 5000IU 27g 가격 : 22,900원 링크 : https://link.coupang.com/a/cYNPrA ⭐️ 특별 혜택 링크 https://temu.to/k/glb5f443d8e 을(를) 탭하고 최고 품질의 상품을 초저가로 만나보세요. 🛍️ 이렇게 파격적인 혜택은 오직 Temu에서만 제공됩니다. 지금 쇼핑하고 큰 할인을 받으세요! ⭐️ 당신을 위한 또 다른 놀라움! 저와 함께 수익을 얻으시려면 https://temu.to/k/g7a19moq5z4 을 클릭하세요! 감사합니다.",,0,13,1,2025-10-24 11:35:21,https://www.youtube.com/watch?v=qbWAJxxWcXg,다이소 건기식 종류 쿠팡 무조건 만족템 TOP10  매일 쓰고 있는 제품이에요 가장 많이팔린 다이소 건기식 종류 이 포스팅은 쿠팡파트너스 활동의 일환으로 이에 따른 일정액의 수수료를 제공받습니다 httpslinkcoupangcomacYNPre 1위  뉴트리디데이 프리미엄 밀크씨슬 골드 가격  12900원 링크  httpslinkcoupangcomacYNPre 2위  유니스 고급형 다용도 접이식 생선 건조망 1개 3단 화이트 가격  12100원 링크  httpslinkcoupangcomacYNPri 3위  BH코리아 다용도 접이식 식품 건조망 생선건조야채건조나물건조고추건조 BH KOREA 1개 3단 화이트 가격  11500원 링크  httpslinkcoupangcomacYNPrl 4위  일양약품 프라임 칼슘 마그네슘 비타민D 아연 가격  10840원 링크  httpslinkcoupangcomacYNPrp 5위  종근당건강 프로메가 오메가3 트리플 장용성 가격  10590원 링크  httpslinkcoupangcomacYNPrq 6위  BH코리아 다용도 접이식 식품 건조망 생선건조야채건조나물건조고추건조 BH KOREA 1개 2단 화이트 가격  10500원 링크  httpslinkcoupangcomacYNPrs 7위  홀리데이즈 프리미엄 콜라겐 타블렛 가격  9900원 링크  httpslinkcoupangcomacYNPru 8위  판클 EPA DPA 중성지방 다이어트 오메가3 지방산 30일분 가격  16300원 링크  httpslinkcoupangcomacYNPrw 9위  GNM 건강한 간 밀크씨슬 가격  20420원 링크  httpslinkcoupangcomacYNPry 10위  뉴트리디데이 프리미엄 비타민D 5000IU 27g 가격  22900원 링크  httpslinkcoupangcomacYNPrA  특별 혜택 링크 httpstemutokglb5f443d8e 을를 탭하고 최고 품질의 상품을 초저가로 만나보세요  이렇게 파격적인 혜택은 오직 Temu에서만 제공됩니다 지금 쇼핑하고 큰 할인을 받으세요  당신을 위한 또 다른 놀라움 저와 함께 수익을 얻으시려면 httpstemutokg7a19moq5z4 을 클릭하세요 감사합니다 ,"['다이소', '종류', '쿠팡', '만족', '제품', '팔리', '다이소', '종류', '포스팅', '쿠팡', '파트너스', '활동', '일환', '따르', '일정액', '수수료', '제공', '트리', '데이', '프리미엄', '밀크', '골드', '가격', '링크', '유니스', '고급', '다용도', '접이식', '생선', '건조', '화이트', '가격', '링크', '코리아', '다용도', '접이식', '식품', '건조', '생선', '건조', '야채', '건조', '나물', '건조', '고추', '건조', '화이트', '가격', '링크', '일양약품', '프라임', '칼슘', '마그네슘', '비타민', '아연', '가격', '링크', '종근당', '건강', '프로', '메가', '오메가', '트리플', '장용', '가격', '링크', '코리아', '다용도', '접이식', '식품', '건조', '생선', '건조', '야채', '건조', '나물', '건조', '고추', '건조', '화이트', '가격', '링크', '홀리데이', '프리미엄', '콜라겐', '가격', '링크', '판클', '중성', '지방', '다이어트', '오메가', '지방산', '가격', '링크', '건강', '밀크', '가격', '링크', '트리', '데이', '프리미엄', '비타민', '가격', '링크', '특별', '혜택', '링크', '최고', '품질', '상품', '저가', '만나', '이렇', '파격', '혜택', '제공', '쇼핑', '할인', '당신', '위하', '놀랍', '수익', '클릭', '감사']"
2,2,다이소 건기식 추천 후기 좋은 쿠팡 베스트셀러 BEST 10,"가장 많이팔린 다이소 건기식 추천 영상 속 다이소 건기식 추천 구매링크: https://link.coupang.com/a/cVCHYx 이 포스팅은 쿠팡파트너스 활동의 일환으로, 이에 따른 일정액의 수수료를 제공받습니다. 1위 : [국민건강 프로젝트] 대웅제약 마그네슘 에너지케어 가격 : 19,900원 링크 : https://link.coupang.com/a/cVCHYx 2위 : BH코리아 다용도 접이식 식품 건조망 (생선건조,야채건조,나물건조,고추건조) BH KOREA, 1개, 1단, 화이트 가격 : 9,500원 링크 : https://link.coupang.com/a/cVCHYy 3위 : [국민건강 프로젝트] 대웅제약 프로바이오틱스 유산균 가격 : 19,900원 링크 : https://link.coupang.com/a/cVCHYz 4위 : 건조망, 1개, 건조망(400x400) 가격 : 8,900원 링크 : https://link.coupang.com/a/cVCHYA 5위 : [국민건강 프로젝트] 대웅제약 프로바이오틱스 유산균 가격 : 10,000원 링크 : https://link.coupang.com/a/cVCHYB 6위 : 신일 식품건조기 가정용 고추 야채 과일 음식 고구마말랭이 건조기, 신일 식품건조기 SFD-AR500KP 가격 : 198,000원 링크 : https://link.coupang.com/a/cVCHYD 7위 : 종근당건강 프로메가 오메가3 트리플 장용성 가격 : 10,560원 링크 : https://link.coupang.com/a/cVCHYF 8위 : [세계필터] 미니 건조기필터 19매, 1개 가격 : 14,900원 링크 : https://link.coupang.com/a/cVCHYH 9위 : 그린몬스터 맥스 밀크씨슬 10 3개월분 가격 : 6,900원 링크 : https://link.coupang.com/a/cVCHYJ 10위 : 락토핏 코어 유산균 60p 가격 : 32,200원 링크 : https://link.coupang.com/a/cVCHYK 감사합니다.",,0,6,1,2025-10-10 03:08:44,https://www.youtube.com/watch?v=Z58IOuA9PzI,다이소 건기식 추천 후기 좋은 쿠팡 베스트셀러 BEST 10 가장 많이팔린 다이소 건기식 추천 영상 속 다이소 건기식 추천 구매링크 httpslinkcoupangcomacVCHYx 이 포스팅은 쿠팡파트너스 활동의 일환으로 이에 따른 일정액의 수수료를 제공받습니다 1위  국민건강 프로젝트 대웅제약 마그네슘 에너지케어 가격  19900원 링크  httpslinkcoupangcomacVCHYx 2위  BH코리아 다용도 접이식 식품 건조망 생선건조야채건조나물건조고추건조 BH KOREA 1개 1단 화이트 가격  9500원 링크  httpslinkcoupangcomacVCHYy 3위  국민건강 프로젝트 대웅제약 프로바이오틱스 유산균 가격  19900원 링크  httpslinkcoupangcomacVCHYz 4위  건조망 1개 건조망400x400 가격  8900원 링크  httpslinkcoupangcomacVCHYA 5위  국민건강 프로젝트 대웅제약 프로바이오틱스 유산균 가격  10000원 링크  httpslinkcoupangcomacVCHYB 6위  신일 식품건조기 가정용 고추 야채 과일 음식 고구마말랭이 건조기 신일 식품건조기 SFDAR500KP 가격  198000원 링크  httpslinkcoupangcomacVCHYD 7위  종근당건강 프로메가 오메가3 트리플 장용성 가격  10560원 링크  httpslinkcoupangcomacVCHYF 8위  세계필터 미니 건조기필터 19매 1개 가격  14900원 링크  httpslinkcoupangcomacVCHYH 9위  그린몬스터 맥스 밀크씨슬 10 3개월분 가격  6900원 링크  httpslinkcoupangcomacVCHYJ 10위  락토핏 코어 유산균 60p 가격  32200원 링크  httpslinkcoupangcomacVCHYK 감사합니다 ,"['다이소', '추천', '후기', '쿠팡', '베스트', '셀러', '팔리', '다이소', '추천', '영상', '다이소', '추천', '구매', '링크', '포스팅', '쿠팡', '파트너스', '활동', '일환', '따르', '일정액', '수수료', '제공', '국민', '건강', '프로젝트', '대웅제약', '마그네슘', '에너지', '케어', '가격', '링크', '코리아', '다용도', '접이식', '식품', '건조', '생선', '건조', '야채', '건조', '나물', '건조', '고추', '건조', '화이트', '가격', '링크', '국민', '건강', '프로젝트', '대웅제약', '프로바이오틱스', '유산균', '가격', '링크', '조망', '건조', '가격', '링크', '국민', '건강', '프로젝트', '대웅제약', '프로바이오틱스', '유산균', '가격', '링크', '식품', '건조기', '가정', '고추', '야채', '과일', '음식', '고구마', '건조기', '식품', '건조기', '가격', '링크', '종근당', '건강', '프로', '메가', '오메가', '트리플', '장용', '가격', '링크', '세계', '필터', '미니', '건조기', '필터', '가격', '링크', '그린', '몬스터', '맥스', '밀크', '개월', '가격', '링크', '락토핏', '코어', '유산균', '가격', '링크', '감사']"
2,2,다이소 건기식 다이어트 쿠팡 무조건 만족템 TOP10 - 가격도 착하고 품질도 좋아요,"가장 많이팔린 다이소 건기식 다이어트 이 포스팅은 쿠팡파트너스 활동의 일환으로, 이에 따른 일정액의 수수료를 제공받습니다. https://link.coupang.com/a/cVOSMu 1위 : [국민건강 프로젝트] 대웅제약 바나바잎추출물 가격 : 10,000원 링크 : https://link.coupang.com/a/cVOSMu 2위 : 리빙가감법 한 손으로 쉽게 누르는 탈수기 6L 대형 샐러드 스피너 믹서 채소 허브 베리 과일용 야채 건조기, 1개, 투명 가격 : 35,600원 링크 : https://link.coupang.com/a/cVOSMv 3위 : [국민건강 프로젝트] 대웅제약 바나바잎추출물 가격 : 20,000원 링크 : https://link.coupang.com/a/cVOSMw 4위 : 굶지않는 다이어트 체지방감소에 도움 가르시니아 보조제, 2개, 60정 가격 : 25,900원 링크 : https://link.coupang.com/a/cVOSMx 5위 : 락토핏 슬림 유산균 가격 : 15,260원 링크 : https://link.coupang.com/a/cVOSMy 6위 : BH코리아 다용도 접이식 식품 건조망 (생선건조,야채건조,나물건조,고추건조) BH KOREA, 1개, 2단, 화이트 가격 : 10,500원 링크 : https://link.coupang.com/a/cVOSMz 7위 : [국민건강 프로젝트] 대웅제약 녹차 추출물 카테킨 체지방컷 비타민C 판토텐산 가격 : 20,000원 링크 : https://link.coupang.com/a/cVOSMB 8위 : 쏘블랑 신발 변형방지 건조기 건조망, 화이트, 2개 가격 : 8,350원 링크 : https://link.coupang.com/a/cVOSMD 9위 : [국민건강 프로젝트] 대웅제약 녹차 추출물 카테킨 체지방컷 비타민C 판토텐산 가격 : 10,000원 링크 : https://link.coupang.com/a/cVOSME 10위 : 신일 식품건조기 가정용 고추 야채 과일 음식 고구마말랭이 건조기, 신일 식품건조기 SFD-AR500KP 가격 : 198,000원 링크 : https://link.coupang.com/a/cVOSMF ⭐️ 특별 혜택 링크 https://temu.to/k/glb5f443d8e 을(를) 탭하고 최고 품질의 상품을 초저가로 만나보세요. 🛍️ 이렇게 파격적인 혜택은 오직 Temu에서만 제공됩니다. 지금 쇼핑하고 큰 할인을 받으세요! ⭐️ 당신을 위한 또 다른 놀라움! 저와 함께 수익을 얻으시려면 https://temu.to/k/g7a19moq5z4 을 클릭하세요! 감사합니다.",,0,0,1,2025-10-11 04:35:16,https://www.youtube.com/watch?v=W4Yl4imBFbo,다이소 건기식 다이어트 쿠팡 무조건 만족템 TOP10  가격도 착하고 품질도 좋아요 가장 많이팔린 다이소 건기식 다이어트 이 포스팅은 쿠팡파트너스 활동의 일환으로 이에 따른 일정액의 수수료를 제공받습니다 httpslinkcoupangcomacVOSMu 1위  국민건강 프로젝트 대웅제약 바나바잎추출물 가격  10000원 링크  httpslinkcoupangcomacVOSMu 2위  리빙가감법 한 손으로 쉽게 누르는 탈수기 6L 대형 샐러드 스피너 믹서 채소 허브 베리 과일용 야채 건조기 1개 투명 가격  35600원 링크  httpslinkcoupangcomacVOSMv 3위  국민건강 프로젝트 대웅제약 바나바잎추출물 가격  20000원 링크  httpslinkcoupangcomacVOSMw 4위  굶지않는 다이어트 체지방감소에 도움 가르시니아 보조제 2개 60정 가격  25900원 링크  httpslinkcoupangcomacVOSMx 5위  락토핏 슬림 유산균 가격  15260원 링크  httpslinkcoupangcomacVOSMy 6위  BH코리아 다용도 접이식 식품 건조망 생선건조야채건조나물건조고추건조 BH KOREA 1개 2단 화이트 가격  10500원 링크  httpslinkcoupangcomacVOSMz 7위  국민건강 프로젝트 대웅제약 녹차 추출물 카테킨 체지방컷 비타민C 판토텐산 가격  20000원 링크  httpslinkcoupangcomacVOSMB 8위  쏘블랑 신발 변형방지 건조기 건조망 화이트 2개 가격  8350원 링크  httpslinkcoupangcomacVOSMD 9위  국민건강 프로젝트 대웅제약 녹차 추출물 카테킨 체지방컷 비타민C 판토텐산 가격  10000원 링크  httpslinkcoupangcomacVOSME 10위  신일 식품건조기 가정용 고추 야채 과일 음식 고구마말랭이 건조기 신일 식품건조기 SFDAR500KP 가격  198000원 링크  httpslinkcoupangcomacVOSMF  특별 혜택 링크 httpstemutokglb5f443d8e 을를 탭하고 최고 품질의 상품을 초저가로 만나보세요  이렇게 파격적인 혜택은 오직 Temu에서만 제공됩니다 지금 쇼핑하고 큰 할인을 받으세요  당신을 위한 또 다른 놀라움 저와 함께 수익을 얻으시려면 httpstemutokg7a19moq5z4 을 클릭하세요 감사합니다 ,"['다이소', '다이어트', '쿠팡', '만족', '가격', '착하', '품질', '팔리', '다이소', '다이어트', '포스팅', '쿠팡', '파트너스', '활동', '일환', '따르', '일정액', '수수료', '제공', '국민', '건강', '프로젝트', '대웅제약', '추출물', '가격', '링크', '리빙', '가감', '누르', '수기', '대형', '샐러드', '스피너', '믹서', '채소', '허브', '베리', '과일', '야채', '건조기', '투명', '가격', '링크', '국민', '건강', '프로젝트', '대웅제약', '추출물', '가격', '링크', '다이어트', '체지방', '감소', '도움', '가르', '보조제', '가격', '링크', '락토핏', '슬림', '유산균', '가격', '링크', '코리아', '다용도', '접이식', '식품', '건조', '생선', '건조', '야채', '건조', '나물', '건조', '고추', '건조', '화이트', '가격', '링크', '국민', '건강', '프로젝트', '대웅제약', '녹차', '추출물', '카테킨', '체지방', '비타민', '판토텐산', '가격', '링크', '쏘블랑', '신발', '변형', '방지', '건조기', '건조', '화이트', '가격', '링크', '국민', '건강', '프로젝트', '대웅제약', '녹차', '추출물', '카테킨', '체지방', '비타민', '판토텐산', '가격', '링크', '식품', '건조기', '가정', '고추', '야채', '과일', '음식', '고구마', '건조기', '식품', '건조기', '가격', '링크', '특별', '혜택', '링크', '최고', '품질', '상품', '저가', '만나', '이렇', '파격', '혜택', '제공', '쇼핑', '할인', '당신', '위하', '놀랍', '수익', '클릭', '감사']"
2,2,다이소 건기식 종류 쿠팡에서 인기 많은 제품들 - 알게 되면 꼭 사고 싶어져요,"가장 많이팔린 다이소 건기식 종류 이 포스팅은 쿠팡파트너스 활동의 일환으로, 이에 따른 일정액의 수수료를 제공받습니다. https://link.coupang.com/a/c3qzd8 1위 : 종근당건강 프로메가 오메가3 트리플 가격 : 10,590원 링크 : https://link.coupang.com/a/c3qzd8 2위 : 자연의품격 GNM 건강한 간 밀크씨슬 75g 가격 : 21,490원 링크 : https://link.coupang.com/a/c3qzea 3위 : 뉴트리디데이 프리미엄 밀크씨슬 골드 가격 : 12,900원 링크 : https://link.coupang.com/a/c3qzeb 4위 : 뉴트리디데이 프리미엄 비타민D 5000IU 27g 가격 : 22,900원 링크 : https://link.coupang.com/a/c3qzed 5위 : 락토핏 코어 유산균 60p 가격 : 32,200원 링크 : https://link.coupang.com/a/c3qzee 6위 : 판클 EPA DPA 중성지방 다이어트 오메가3 지방산 30일분 가격 : 16,300원 링크 : https://link.coupang.com/a/c3qzef 7위 : 뉴트리하루 실리마린 밀크 시슬 추출물 밀크씨슬 아르기닌 플러스 야관문 글루타치온 가격 : 28,200원 링크 : https://link.coupang.com/a/c3qzeg 8위 : 뉴트리디데이 프리미엄 밀크씨슬 골드 가격 : 24,900원 링크 : https://link.coupang.com/a/c3qzei 9위 : 일양약품 프라임 칼슘 마그네슘 비타민D 아연 가격 : 10,970원 링크 : https://link.coupang.com/a/c3qzej 10위 : 홀리데이즈 프리미엄 콜라겐 타블렛 가격 : 9,900원 링크 : https://link.coupang.com/a/c3qzen ⭐️ 특별 혜택 링크 https://temu.to/k/glb5f443d8e 을(를) 탭하고 최고 품질의 상품을 초저가로 만나보세요. 🛍️ 이렇게 파격적인 혜택은 오직 Temu에서만 제공됩니다. 지금 쇼핑하고 큰 할인을 받으세요! ⭐️ 당신을 위한 또 다른 놀라움! 저와 함께 수익을 얻으시려면 https://temu.to/k/g7a19moq5z4 을 클릭하세요! 감사합니다.",,0,3,1,2025-11-11 07:16:38,https://www.youtube.com/watch?v=EP9gLSAVBxA,다이소 건기식 종류 쿠팡에서 인기 많은 제품들  알게 되면 꼭 사고 싶어져요 가장 많이팔린 다이소 건기식 종류 이 포스팅은 쿠팡파트너스 활동의 일환으로 이에 따른 일정액의 수수료를 제공받습니다 httpslinkcoupangcomac3qzd8 1위  종근당건강 프로메가 오메가3 트리플 가격  10590원 링크  httpslinkcoupangcomac3qzd8 2위  자연의품격 GNM 건강한 간 밀크씨슬 75g 가격  21490원 링크  httpslinkcoupangcomac3qzea 3위  뉴트리디데이 프리미엄 밀크씨슬 골드 가격  12900원 링크  httpslinkcoupangcomac3qzeb 4위  뉴트리디데이 프리미엄 비타민D 5000IU 27g 가격  22900원 링크  httpslinkcoupangcomac3qzed 5위  락토핏 코어 유산균 60p 가격  32200원 링크  httpslinkcoupangcomac3qzee 6위  판클 EPA DPA 중성지방 다이어트 오메가3 지방산 30일분 가격  16300원 링크  httpslinkcoupangcomac3qzef 7위  뉴트리하루 실리마린 밀크 시슬 추출물 밀크씨슬 아르기닌 플러스 야관문 글루타치온 가격  28200원 링크  httpslinkcoupangcomac3qzeg 8위  뉴트리디데이 프리미엄 밀크씨슬 골드 가격  24900원 링크  httpslinkcoupangcomac3qzei 9위  일양약품 프라임 칼슘 마그네슘 비타민D 아연 가격  10970원 링크  httpslinkcoupangcomac3qzej 10위  홀리데이즈 프리미엄 콜라겐 타블렛 가격  9900원 링크  httpslinkcoupangcomac3qzen  특별 혜택 링크 httpstemutokglb5f443d8e 을를 탭하고 최고 품질의 상품을 초저가로 만나보세요  이렇게 파격적인 혜택은 오직 Temu에서만 제공됩니다 지금 쇼핑하고 큰 할인을 받으세요  당신을 위한 또 다른 놀라움 저와 함께 수익을 얻으시려면 httpstemutokg7a19moq5z4 을 클릭하세요 감사합니다 ,"['다이소', '종류', '쿠팡', '인기', '제품', '팔리', '다이소', '종류', '포스팅', '쿠팡', '파트너스', '활동', '일환', '따르', '일정액', '수수료', '제공', '종근당', '건강', '프로', '메가', '오메가', '트리플', '가격', '링크', '자연', '품격', '건강', '밀크', '가격', '링크', '트리', '데이', '프리미엄', '밀크', '골드', '가격', '링크', '트리', '데이', '프리미엄', '비타민', '가격', '링크', '락토핏', '코어', '유산균', '가격', '링크', '중성', '지방', '다이어트', '오메가', '지방산', '가격', '링크', '트리', '하루', '밀크', '추출물', '밀크', '아르기닌', '플러스', '관문', '가격', '링크', '트리', '데이', '프리미엄', '밀크', '골드', '가격', '링크', '일양약품', '프라임', '칼슘', '마그네슘', '비타민', '아연', '가격', '링크', '홀리데이', '프리미엄', '콜라겐', '가격', '링크', '특별', '혜택', '링크', '최고', '품질', '상품', '저가', '만나', '이렇', '파격', '혜택', '제공', '쇼핑', '할인', '당신', '위하', '놀랍', '수익', '클릭', '감사']"
2,2,다이소 건기식 추천 쿠팡에서 인기 많은 제품들 - 직접 써보니 정말 좋더라고요,"가장 많이팔린 다이소 건기식 추천 이 포스팅은 쿠팡파트너스 활동의 일환으로, 이에 따른 일정액의 수수료를 제공받습니다. https://link.coupang.com/a/c16qSk 1위 : 종근당건강 프로메가 오메가3 트리플 가격 : 10,590원 링크 : https://link.coupang.com/a/c16qSk 2위 : 뉴트리디데이 프리미엄 밀크씨슬 골드 가격 : 12,900원 링크 : https://link.coupang.com/a/c16qSl 3위 : 뉴트리디데이 프리미엄 비타민D 5000IU 27g 가격 : 22,900원 링크 : https://link.coupang.com/a/c16qSm 4위 : GNM 건강한 간 밀크씨슬 가격 : 19,980원 링크 : https://link.coupang.com/a/c16qSn 5위 : 락토핏 코어 유산균 60p 가격 : 32,200원 링크 : https://link.coupang.com/a/c16qSo 6위 : 판클 EPA DPA 중성지방 다이어트 오메가3 지방산 30일분 가격 : 16,300원 링크 : https://link.coupang.com/a/c16qSp 7위 : 뉴트리디데이 프리미엄 밀크씨슬 골드 가격 : 24,900원 링크 : https://link.coupang.com/a/c16qSq 8위 : 뉴트리하루 실리마린 밀크 시슬 추출물 밀크씨슬 아르기닌 플러스 야관문 글루타치온 가격 : 28,200원 링크 : https://link.coupang.com/a/c16qSr 9위 : 일양약품 프라임 칼슘 마그네슘 비타민D 아연 가격 : 10,970원 링크 : https://link.coupang.com/a/c16qSt 10위 : 홀리데이즈 프리미엄 콜라겐 타블렛 가격 : 9,900원 링크 : https://link.coupang.com/a/c16qSu ⭐️ 특별 혜택 링크 https://temu.to/k/glb5f443d8e 을(를) 탭하고 최고 품질의 상품을 초저가로 만나보세요. 🛍️ 이렇게 파격적인 혜택은 오직 Temu에서만 제공됩니다. 지금 쇼핑하고 큰 할인을 받으세요! ⭐️ 당신을 위한 또 다른 놀라움! 저와 함께 수익을 얻으시려면 https://temu.to/k/g7a19moq5z4 을 클릭하세요! 감사합니다.",,0,0,1,2025-11-06 20:16:20,https://www.youtube.com/watch?v=TpFHMpGNwuI,다이소 건기식 추천 쿠팡에서 인기 많은 제품들  직접 써보니 정말 좋더라고요 가장 많이팔린 다이소 건기식 추천 이 포스팅은 쿠팡파트너스 활동의 일환으로 이에 따른 일정액의 수수료를 제공받습니다 httpslinkcoupangcomac16qSk 1위  종근당건강 프로메가 오메가3 트리플 가격  10590원 링크  httpslinkcoupangcomac16qSk 2위  뉴트리디데이 프리미엄 밀크씨슬 골드 가격  12900원 링크  httpslinkcoupangcomac16qSl 3위  뉴트리디데이 프리미엄 비타민D 5000IU 27g 가격  22900원 링크  httpslinkcoupangcomac16qSm 4위  GNM 건강한 간 밀크씨슬 가격  19980원 링크  httpslinkcoupangcomac16qSn 5위  락토핏 코어 유산균 60p 가격  32200원 링크  httpslinkcoupangcomac16qSo 6위  판클 EPA DPA 중성지방 다이어트 오메가3 지방산 30일분 가격  16300원 링크  httpslinkcoupangcomac16qSp 7위  뉴트리디데이 프리미엄 밀크씨슬 골드 가격  24900원 링크  httpslinkcoupangcomac16qSq 8위  뉴트리하루 실리마린 밀크 시슬 추출물 밀크씨슬 아르기닌 플러스 야관문 글루타치온 가격  28200원 링크  httpslinkcoupangcomac16qSr 9위  일양약품 프라임 칼슘 마그네슘 비타민D 아연 가격  10970원 링크  httpslinkcoupangcomac16qSt 10위  홀리데이즈 프리미엄 콜라겐 타블렛 가격  9900원 링크  httpslinkcoupangcomac16qSu  특별 혜택 링크 httpstemutokglb5f443d8e 을를 탭하고 최고 품질의 상품을 초저가로 만나보세요  이렇게 파격적인 혜택은 오직 Temu에서만 제공됩니다 지금 쇼핑하고 큰 할인을 받으세요  당신을 위한 또 다른 놀라움 저와 함께 수익을 얻으시려면 httpstemutokg7a19moq5z4 을 클릭하세요 감사합니다 ,"['다이소', '추천', '쿠팡', '인기', '제품', '팔리', '다이소', '추천', '포스팅', '쿠팡', '파트너스', '활동', '일환', '따르', '일정액', '수수료', '제공', '종근당', '건강', '프로', '메가', '오메가', '트리플', '가격', '링크', '트리', '데이', '프리미엄', '밀크', '골드', '가격', '링크', '트리', '데이', '프리미엄', '비타민', '가격', '링크', '건강', '밀크', '가격', '링크', '락토핏', '코어', '유산균', '가격', '링크', '중성', '지방', '다이어트', '오메가', '지방산', '가격', '링크', '트리', '데이', '프리미엄', '밀크', '골드', '가격', '링크', '트리', '하루', '밀크', '추출물', '밀크', '아르기닌', '플러스', '관문', '가격', '링크', '일양약품', '프라임', '칼슘', '마그네슘', '비타민', '아연', '가격', '링크', '홀리데이', '프리미엄', '콜라겐', '가격', '링크', '특별', '혜택', '링크', '최고', '품질', '상품', '저가', '만나', '이렇', '파격', '혜택', '제공', '쇼핑', '할인', '당신', '위하', '놀랍', '수익', '클릭', '감사']"
2,2,다이소 건기식 판매 쿠팡 무조건 만족템 TOP10 - 편하고 유용해서 자주 써요,"가장 많이팔린 다이소 건기식 판매 이 포스팅은 쿠팡파트너스 활동의 일환으로, 이에 따른 일정액의 수수료를 제공받습니다. https://link.coupang.com/a/cXJSv7 1위 : [국민건강 프로젝트] 대웅제약 마그네슘 에너지케어 가격 : 19,900원 링크 : https://link.coupang.com/a/cXJSv7 2위 : [국민건강 프로젝트] 대웅제약 바나바잎추출물 가격 : 20,000원 링크 : https://link.coupang.com/a/cXJSv9 3위 : [국민건강 프로젝트] 대웅제약 프로바이오틱스 유산균 가격 : 19,900원 링크 : https://link.coupang.com/a/cXJSwa 4위 : 유니스 고급형 다용도 접이식 생선 건조망, 1개, 3단, 화이트 가격 : 12,100원 링크 : https://link.coupang.com/a/cXJSwb 5위 : [세계필터] 미니 건조기필터 19매, 1개 가격 : 14,900원 링크 : https://link.coupang.com/a/cXJSwc 6위 : [국민건강 프로젝트] 대웅제약 바나바잎추출물 가격 : 10,000원 링크 : https://link.coupang.com/a/cXJSwd 7위 : [국민건강 프로젝트] 대웅제약 프로바이오틱스 유산균 가격 : 10,000원 링크 : https://link.coupang.com/a/cXJSwe 8위 : GNM 건강한 간 밀크씨슬 가격 : 20,520원 링크 : https://link.coupang.com/a/cXJSwf 9위 : 다용도 고추건조기 대용량건조트레이 진공 과일 야채 식건조기 열풍건조, 4)16층 가격 : 585,670원 링크 : https://link.coupang.com/a/cXJSwg 10위 : 그린몬스터 맥스 밀크씨슬 10 3개월분 가격 : 6,900원 링크 : https://link.coupang.com/a/cXJSwi ⭐️ 특별 혜택 링크 https://temu.to/k/glb5f443d8e 을(를) 탭하고 최고 품질의 상품을 초저가로 만나보세요. 🛍️ 이렇게 파격적인 혜택은 오직 Temu에서만 제공됩니다. 지금 쇼핑하고 큰 할인을 받으세요! ⭐️ 당신을 위한 또 다른 놀라움! 저와 함께 수익을 얻으시려면 https://temu.to/k/g7a19moq5z4 을 클릭하세요! 감사합니다.",,0,0,1,2025-10-20 02:09:13,https://www.youtube.com/watch?v=MiSQT0ThZVg,다이소 건기식 판매 쿠팡 무조건 만족템 TOP10  편하고 유용해서 자주 써요 가장 많이팔린 다이소 건기식 판매 이 포스팅은 쿠팡파트너스 활동의 일환으로 이에 따른 일정액의 수수료를 제공받습니다 httpslinkcoupangcomacXJSv7 1위  국민건강 프로젝트 대웅제약 마그네슘 에너지케어 가격  19900원 링크  httpslinkcoupangcomacXJSv7 2위  국민건강 프로젝트 대웅제약 바나바잎추출물 가격  20000원 링크  httpslinkcoupangcomacXJSv9 3위  국민건강 프로젝트 대웅제약 프로바이오틱스 유산균 가격  19900원 링크  httpslinkcoupangcomacXJSwa 4위  유니스 고급형 다용도 접이식 생선 건조망 1개 3단 화이트 가격  12100원 링크  httpslinkcoupangcomacXJSwb 5위  세계필터 미니 건조기필터 19매 1개 가격  14900원 링크  httpslinkcoupangcomacXJSwc 6위  국민건강 프로젝트 대웅제약 바나바잎추출물 가격  10000원 링크  httpslinkcoupangcomacXJSwd 7위  국민건강 프로젝트 대웅제약 프로바이오틱스 유산균 가격  10000원 링크  httpslinkcoupangcomacXJSwe 8위  GNM 건강한 간 밀크씨슬 가격  20520원 링크  httpslinkcoupangcomacXJSwf 9위  다용도 고추건조기 대용량건조트레이 진공 과일 야채 식건조기 열풍건조 416층 가격  585670원 링크  httpslinkcoupangcomacXJSwg 10위  그린몬스터 맥스 밀크씨슬 10 3개월분 가격  6900원 링크  httpslinkcoupangcomacXJSwi  특별 혜택 링크 httpstemutokglb5f443d8e 을를 탭하고 최고 품질의 상품을 초저가로 만나보세요  이렇게 파격적인 혜택은 오직 Temu에서만 제공됩니다 지금 쇼핑하고 큰 할인을 받으세요  당신을 위한 또 다른 놀라움 저와 함께 수익을 얻으시려면 httpstemutokg7a19moq5z4 을 클릭하세요 감사합니다 ,"['다이소', '판매', '쿠팡', '만족', '편하', '유용', '팔리', '다이소', '판매', '포스팅', '쿠팡', '파트너스', '활동', '일환', '따르', '일정액', '수수료', '제공', '국민', '건강', '프로젝트', '대웅제약', '마그네슘', '에너지', '케어', '가격', '링크', '국민', '건강', '프로젝트', '대웅제약', '추출물', '가격', '링크', '국민', '건강', '프로젝트', '대웅제약', '프로바이오틱스', '유산균', '가격', '링크', '유니스', '고급', '다용도', '접이식', '생선', '건조', '화이트', '가격', '링크', '세계', '필터', '미니', '건조기', '필터', '가격', '링크', '국민', '건강', '프로젝트', '대웅제약', '추출물', '가격', '링크', '국민', '건강', '프로젝트', '대웅제약', '프로바이오틱스', '유산균', '가격', '링크', '건강', '밀크', '가격', '링크', '다용도', '고추', '건조기', '용량', '건조', '트레이', '진공', '과일', '야채', '건조기', '열풍', '건조', '가격', '링크', '그린', '몬스터', '맥스', '밀크', '개월', '가격', '링크', '특별', '혜택', '링크', '최고', '품질', '상품', '저가', '만나', '이렇', '파격', '혜택', '제공', '쇼핑', '할인', '당신', '위하', '놀랍', '수익', '클릭', '감사']"
2,2,다이소 건기식 추천 쿠팡에서 인기 많은 제품들 - 사길 정말 잘했어요,"가장 많이팔린 다이소 건기식 추천 이 포스팅은 쿠팡파트너스 활동의 일환으로, 이에 따른 일정액의 수수료를 제공받습니다. https://link.coupang.com/a/dduhm6 1위 : 경남제약 결콜라겐 플러스 가격 : 16,470원 링크 : https://link.coupang.com/a/dduhm6 2위 : 유니스 고급형 다용도 접이식 생선 건조망, 1개, 3단, 화이트 가격 : 12,100원 링크 : https://link.coupang.com/a/dduhm9 3위 : 종근당건강 프로메가 오메가3 트리플 가격 : 10,450원 링크 : https://link.coupang.com/a/dduhnb 4위 : 쏘블랑 신발 변형방지 건조기 건조망, 화이트, 2개 가격 : 8,350원 링크 : https://link.coupang.com/a/dduhnc 5위 : 뉴트리디데이 프리미엄 비타민D 5000IU 27g 가격 : 22,900원 링크 : https://link.coupang.com/a/dduhnd 6위 : 뉴트리디데이 프리미엄 밀크씨슬 골드 가격 : 12,900원 링크 : https://link.coupang.com/a/dduhne 7위 : 자연의품격 건강한 간 밀크씨슬 75g 가격 : 20,410원 링크 : https://link.coupang.com/a/dduhng 8위 : 뉴트립 간건강 밀크씨슬 600 mg 가격 : 11,500원 링크 : https://link.coupang.com/a/dduhni 9위 : [녹차카테킨 다이어트] 대웅제약 녹차 추출물 카테킨 체지방컷 비타민C 판토텐산 가격 : 10,000원 링크 : https://link.coupang.com/a/dduhnk 10위 : 지속형 마그네슘 250mg | 칼륨 99mg 함유, 심혈관 건강, 근육 기능 지원, 혈압 조절, 에너지 대사 촉진, 6시간 서방형, 비건 캡슐, 무글루텐, NON-GMO 가격 : 17,010원 링크 : https://link.coupang.com/a/dduhnm ⭐️ 특별 혜택 링크 https://temu.to/k/glb5f443d8e 을(를) 탭하고 최고 품질의 상품을 초저가로 만나보세요. 🛍️ 이렇게 파격적인 혜택은 오직 Temu에서만 제공됩니다. 지금 쇼핑하고 큰 할인을 받으세요! ⭐️ 당신을 위한 또 다른 놀라움! 저와 함께 수익을 얻으시려면 https://temu.to/k/g7a19moq5z4 을 클릭하세요! 감사합니다.",,0,7,1,2025-12-12 02:28:01,https://www.youtube.com/watch?v=j1oSE59f-dA,다이소 건기식 추천 쿠팡에서 인기 많은 제품들  사길 정말 잘했어요 가장 많이팔린 다이소 건기식 추천 이 포스팅은 쿠팡파트너스 활동의 일환으로 이에 따른 일정액의 수수료를 제공받습니다 httpslinkcoupangcomadduhm6 1위  경남제약 결콜라겐 플러스 가격  16470원 링크  httpslinkcoupangcomadduhm6 2위  유니스 고급형 다용도 접이식 생선 건조망 1개 3단 화이트 가격  12100원 링크  httpslinkcoupangcomadduhm9 3위  종근당건강 프로메가 오메가3 트리플 가격  10450원 링크  httpslinkcoupangcomadduhnb 4위  쏘블랑 신발 변형방지 건조기 건조망 화이트 2개 가격  8350원 링크  httpslinkcoupangcomadduhnc 5위  뉴트리디데이 프리미엄 비타민D 5000IU 27g 가격  22900원 링크  httpslinkcoupangcomadduhnd 6위  뉴트리디데이 프리미엄 밀크씨슬 골드 가격  12900원 링크  httpslinkcoupangcomadduhne 7위  자연의품격 건강한 간 밀크씨슬 75g 가격  20410원 링크  httpslinkcoupangcomadduhng 8위  뉴트립 간건강 밀크씨슬 600 mg 가격  11500원 링크  httpslinkcoupangcomadduhni 9위  녹차카테킨 다이어트 대웅제약 녹차 추출물 카테킨 체지방컷 비타민C 판토텐산 가격  10000원 링크  httpslinkcoupangcomadduhnk 10위  지속형 마그네슘 250mg  칼륨 99mg 함유 심혈관 건강 근육 기능 지원 혈압 조절 에너지 대사 촉진 6시간 서방형 비건 캡슐 무글루텐 NONGMO 가격  17010원 링크  httpslinkcoupangcomadduhnm  특별 혜택 링크 httpstemutokglb5f443d8e 을를 탭하고 최고 품질의 상품을 초저가로 만나보세요  이렇게 파격적인 혜택은 오직 Temu에서만 제공됩니다 지금 쇼핑하고 큰 할인을 받으세요  당신을 위한 또 다른 놀라움 저와 함께 수익을 얻으시려면 httpstemutokg7a19moq5z4 을 클릭하세요 감사합니다 ,"['다이소', '추천', '쿠팡', '인기', '제품', '팔리', '다이소', '추천', '포스팅', '쿠팡', '파트너스', '활동', '일환', '따르', '일정액', '수수료', '제공', '경남', '제약', '콜라겐', '플러스', '가격', '링크', '유니스', '고급', '다용도', '접이식', '생선', '건조', '화이트', '가격', '링크', '종근당', '건강', '프로', '메가', '오메가', '트리플', '가격', '링크', '쏘블랑', '신발', '변형', '방지', '건조기', '건조', '화이트', '가격', '링크', '트리', '데이', '프리미엄', '비타민', '가격', '링크', '트리', '데이', '프리미엄', '밀크', '골드', '가격', '링크', '자연', '품격', '건강', '밀크', '가격', '링크', '건강', '밀크', '가격', '링크', '녹차', '카테킨', '다이어트', '대웅제약', '녹차', '추출물', '카테킨', '체지방', '비타민', '판토텐산', '가격', '링크', '지속', '마그네슘', '칼륨', '함유', '심혈관', '건강', '근육', '기능', '지원', '혈압', '조절', '에너지', '대사', '촉진', '시간', '서방', '캡슐', '글루텐', '가격', '링크', '특별', '혜택', '링크', '최고', '품질', '상품', '저가', '만나', '이렇', '파격', '혜택', '제공', '쇼핑', '할인', '당신', '위하', '놀랍', '수익', '클릭', '감사']"
2,2,다이소 건기식 매출 놓치면 후회하는 쿠팡 베스트템 BEST 10,"가장 많이팔린 다이소 건기식 매출 이 포스팅은 쿠팡파트너스 활동의 일환으로, 이에 따른 일정액의 수수료를 제공받습니다. https://link.coupang.com/a/cUF6hw 1위 : 나우푸드 글루타티온 500mg 베지 캡슐 가격 : 44,260원 링크 : https://link.coupang.com/a/cUF6hw 2위 : 스탠리 퀜처 H2.0 플루티드 텀블러 가격 : 76,000원 링크 : https://link.coupang.com/a/cUF6hx 3위 : 하이피러브 입시 공부 독서 수납 선번형 컴퓨터 책상 가격 : 68,900원 링크 : https://link.coupang.com/a/cUF6hy 4위 : 헬시오리진스 내추럴 프로바이오틱 유산균 300억 CFU 브이캡 가격 : 76,160원 링크 : https://link.coupang.com/a/cUF6hA 5위 : 락앤락 하드앤라이트 프라이팬 가격 : 22,300원 링크 : https://link.coupang.com/a/cUF6hB 6위 : 오트리 고메넛츠 가격 : 43,900원 링크 : https://link.coupang.com/a/cUF6hE 7위 : 비에스엔 신타-6 프로틴 파우더 드링크 믹스 단백질 보충제 가격 : 69,820원 링크 : https://link.coupang.com/a/cUF6hF 8위 : 닥터조이 강아지 명태슬라이스 간식 가격 : 9,800원 링크 : https://link.coupang.com/a/cUF6hI 9위 : 유니레버 썬 식기세척기용 타블렛 세제 베이킹소다 앤 소금 50개입 가격 : 12,540원 링크 : https://link.coupang.com/a/cUF6hL 10위 : 스카트 잘 닦이는 살균 소독 티슈 가격 : 10,100원 링크 : https://link.coupang.com/a/cUF6hN ⭐️ 특별 혜택 링크 https://temu.to/k/glb5f443d8e 을(를) 탭하고 최고 품질의 상품을 초저가로 만나보세요. 🛍️ 이렇게 파격적인 혜택은 오직 Temu에서만 제공됩니다. 지금 쇼핑하고 큰 할인을 받으세요! ⭐️ 당신을 위한 또 다른 놀라움! 저와 함께 수익을 얻으시려면 https://temu.to/k/g7a19moq5z4 을 클릭하세요! 감사합니다.",,0,14,1,2025-10-04 02:47:13,https://www.youtube.com/watch?v=3oPP7yrC1QI,다이소 건기식 매출 놓치면 후회하는 쿠팡 베스트템 BEST 10 가장 많이팔린 다이소 건기식 매출 이 포스팅은 쿠팡파트너스 활동의 일환으로 이에 따른 일정액의 수수료를 제공받습니다 httpslinkcoupangcomacUF6hw 1위  나우푸드 글루타티온 500mg 베지 캡슐 가격  44260원 링크  httpslinkcoupangcomacUF6hw 2위  스탠리 퀜처 H20 플루티드 텀블러 가격  76000원 링크  httpslinkcoupangcomacUF6hx 3위  하이피러브 입시 공부 독서 수납 선번형 컴퓨터 책상 가격  68900원 링크  httpslinkcoupangcomacUF6hy 4위  헬시오리진스 내추럴 프로바이오틱 유산균 300억 CFU 브이캡 가격  76160원 링크  httpslinkcoupangcomacUF6hA 5위  락앤락 하드앤라이트 프라이팬 가격  22300원 링크  httpslinkcoupangcomacUF6hB 6위  오트리 고메넛츠 가격  43900원 링크  httpslinkcoupangcomacUF6hE 7위  비에스엔 신타6 프로틴 파우더 드링크 믹스 단백질 보충제 가격  69820원 링크  httpslinkcoupangcomacUF6hF 8위  닥터조이 강아지 명태슬라이스 간식 가격  9800원 링크  httpslinkcoupangcomacUF6hI 9위  유니레버 썬 식기세척기용 타블렛 세제 베이킹소다 앤 소금 50개입 가격  12540원 링크  httpslinkcoupangcomacUF6hL 10위  스카트 잘 닦이는 살균 소독 티슈 가격  10100원 링크  httpslinkcoupangcomacUF6hN  특별 혜택 링크 httpstemutokglb5f443d8e 을를 탭하고 최고 품질의 상품을 초저가로 만나보세요  이렇게 파격적인 혜택은 오직 Temu에서만 제공됩니다 지금 쇼핑하고 큰 할인을 받으세요  당신을 위한 또 다른 놀라움 저와 함께 수익을 얻으시려면 httpstemutokg7a19moq5z4 을 클릭하세요 감사합니다 ,"['다이소', '매출', '놓치', '후회', '쿠팡', '베스트', '팔리', '다이소', '매출', '포스팅', '쿠팡', '파트너스', '활동', '일환', '따르', '일정액', '수수료', '제공', '나우', '푸드', '베지', '캡슐', '가격', '링크', '스탠리', '퀜처', '플루', '텀블러', '가격', '링크', '하이', '러브', '입시', '공부', '독서', '수납', '컴퓨터', '책상', '가격', '링크', '헬시오리진스', '내추럴', '프로바이오틱', '유산균', '브이', '가격', '링크', '락앤락', '하드', '라이트', '프라이팬', '가격', '링크', '오트리', '고메넛츠', '가격', '링크', '에스', '프로', '파우더', '드링크', '믹스', '단백질', '보충', '가격', '링크', '닥터', '강아지', '명태', '슬라이스', '간식', '가격', '링크', '유니레버', '식기', '세척기', '세제', '베이킹', '소다', '소금', '개입', '가격', '링크', '스카트', '닦이', '살균', '소독', '티슈', '가격', '링크', '특별', '혜택', '링크', '최고', '품질', '상품', '저가', '만나', '이렇', '파격', '혜택', '제공', '쇼핑', '할인', '당신', '위하', '놀랍', '수익', '클릭', '감사']"
2,2,다이소 건기식 추천 쿠팡에서 인기 많은 제품들 - 직접 써보니 정말 좋더라고요,"가장 많이팔린 다이소 건기식 추천 이 포스팅은 쿠팡파트너스 활동의 일환으로, 이에 따른 일정액의 수수료를 제공받습니다. https://link.coupang.com/a/c0z4fd 1위 : 종근당건강 프로메가 오메가3 트리플 가격 : 9,800원 링크 : https://link.coupang.com/a/c0z4fd 2위 : GNM 건강한 간 밀크씨슬 가격 : 20,410원 링크 : https://link.coupang.com/a/c0z4fg 3위 : 뉴트리디데이 프리미엄 밀크씨슬 골드 가격 : 12,900원 링크 : https://link.coupang.com/a/c0z4fj 4위 : 락토핏 코어 유산균 60p 가격 : 32,200원 링크 : https://link.coupang.com/a/c0z4fl 5위 : 뉴트리디데이 프리미엄 비타민D 5000IU 27g 가격 : 22,900원 링크 : https://link.coupang.com/a/c0z4fm 6위 : 판클 EPA DPA 중성지방 다이어트 오메가3 지방산 30일분 가격 : 16,300원 링크 : https://link.coupang.com/a/c0z4fo 7위 : 뉴트리디데이 프리미엄 밀크씨슬 골드 가격 : 24,900원 링크 : https://link.coupang.com/a/c0z4fq 8위 : 뉴트리하루 실리마린 밀크 시슬 추출물 밀크씨슬 아르기닌 플러스 야관문 글루타치온 가격 : 28,200원 링크 : https://link.coupang.com/a/c0z4fr 9위 : 일양약품 프라임 칼슘 마그네슘 비타민D 아연 가격 : 10,970원 링크 : https://link.coupang.com/a/c0z4fu 10위 : 홀리데이즈 프리미엄 콜라겐 타블렛 가격 : 9,900원 링크 : https://link.coupang.com/a/c0z4fy ⭐️ 특별 혜택 링크 https://temu.to/k/glb5f443d8e 을(를) 탭하고 최고 품질의 상품을 초저가로 만나보세요. 🛍️ 이렇게 파격적인 혜택은 오직 Temu에서만 제공됩니다. 지금 쇼핑하고 큰 할인을 받으세요! ⭐️ 당신을 위한 또 다른 놀라움! 저와 함께 수익을 얻으시려면 https://temu.to/k/g7a19moq5z4 을 클릭하세요! 감사합니다.",,0,5,1,2025-11-02 02:39:00,https://www.youtube.com/watch?v=CMnsGYoqNls,다이소 건기식 추천 쿠팡에서 인기 많은 제품들  직접 써보니 정말 좋더라고요 가장 많이팔린 다이소 건기식 추천 이 포스팅은 쿠팡파트너스 활동의 일환으로 이에 따른 일정액의 수수료를 제공받습니다 httpslinkcoupangcomac0z4fd 1위  종근당건강 프로메가 오메가3 트리플 가격  9800원 링크  httpslinkcoupangcomac0z4fd 2위  GNM 건강한 간 밀크씨슬 가격  20410원 링크  httpslinkcoupangcomac0z4fg 3위  뉴트리디데이 프리미엄 밀크씨슬 골드 가격  12900원 링크  httpslinkcoupangcomac0z4fj 4위  락토핏 코어 유산균 60p 가격  32200원 링크  httpslinkcoupangcomac0z4fl 5위  뉴트리디데이 프리미엄 비타민D 5000IU 27g 가격  22900원 링크  httpslinkcoupangcomac0z4fm 6위  판클 EPA DPA 중성지방 다이어트 오메가3 지방산 30일분 가격  16300원 링크  httpslinkcoupangcomac0z4fo 7위  뉴트리디데이 프리미엄 밀크씨슬 골드 가격  24900원 링크  httpslinkcoupangcomac0z4fq 8위  뉴트리하루 실리마린 밀크 시슬 추출물 밀크씨슬 아르기닌 플러스 야관문 글루타치온 가격  28200원 링크  httpslinkcoupangcomac0z4fr 9위  일양약품 프라임 칼슘 마그네슘 비타민D 아연 가격  10970원 링크  httpslinkcoupangcomac0z4fu 10위  홀리데이즈 프리미엄 콜라겐 타블렛 가격  9900원 링크  httpslinkcoupangcomac0z4fy  특별 혜택 링크 httpstemutokglb5f443d8e 을를 탭하고 최고 품질의 상품을 초저가로 만나보세요  이렇게 파격적인 혜택은 오직 Temu에서만 제공됩니다 지금 쇼핑하고 큰 할인을 받으세요  당신을 위한 또 다른 놀라움 저와 함께 수익을 얻으시려면 httpstemutokg7a19moq5z4 을 클릭하세요 감사합니다 ,"['다이소', '추천', '쿠팡', '인기', '제품', '팔리', '다이소', '추천', '포스팅', '쿠팡', '파트너스', '활동', '일환', '따르', '일정액', '수수료', '제공', '종근당', '건강', '프로', '메가', '오메가', '트리플', '가격', '링크', '건강', '밀크', '가격', '링크', '트리', '데이', '프리미엄', '밀크', '골드', '가격', '링크', '락토핏', '코어', '유산균', '가격', '링크', '트리', '데이', '프리미엄', '비타민', '가격', '링크', '중성', '지방', '다이어트', '오메가', '지방산', '가격', '링크', '트리', '데이', '프리미엄', '밀크', '골드', '가격', '링크', '트리', '하루', '밀크', '추출물', '밀크', '아르기닌', '플러스', '관문', '가격', '링크', '일양약품', '프라임', '칼슘', '마그네슘', '비타민', '아연', '가격', '링크', '홀리데이', '프리미엄', '콜라겐', '가격', '링크', '특별', '혜택', '링크', '최고', '품질', '상품', '저가', '만나', '이렇', '파격', '혜택', '제공', '쇼핑', '할인', '당신', '위하', '놀랍', '수익', '클릭', '감사']"
2,2,다이소 건기식 추천 약사 후기 좋은 쿠팡 베스트셀러 BEST 10,"가장 많이팔린 다이소 건기식 추천 약사 영상 속 다이소 건기식 추천 약사 구매링크: https://link.coupang.com/a/cYiEi9 이 포스팅은 쿠팡파트너스 활동의 일환으로, 이에 따른 일정액의 수수료를 제공받습니다. 1위 : 테팔 인덕션 티타늄 1X 데일리 컴포트 프라이팬, 28cm, 1개 가격 : 25,980원 링크 : https://link.coupang.com/a/cYiEi9 2위 : 더미식 귀리쌀밥, 180g, 24개 가격 : 21,990원 링크 : https://link.coupang.com/a/cYiEjb 3위 : 리큐 진한겔 하이브리드 드럼용 액상세제 리필, 2.1L, 4개 가격 : 12,850원 링크 : https://link.coupang.com/a/cYiEjd 4위 : 듀라셀 알카라인 AA 건전지, 20개입, 1개 가격 : 11,130원 링크 : https://link.coupang.com/a/cYiEjf 5위 : 스탠리 아이스플로우 에어로라이트 패스트플로우 텀블러, 애쉬, 473ml, 1개 가격 : 29,920원 링크 : https://link.coupang.com/a/cYiEjg 6위 : 루아베 부드러운 워싱 차렵이불 세트 가격 : 34,910원 링크 : https://link.coupang.com/a/cYiEjh 7위 : 그래이불 국내산 순수 오가닉 코튼 호텔 침구세트 가격 : 85,530원 링크 : https://link.coupang.com/a/cYiEji 8위 : 광동제약 진 쌍화, 100ml, 20개 가격 : 9,480원 링크 : https://link.coupang.com/a/cYiEjk 9위 : 세브란스에이투 전용목장 단백우유, 180ml, 24개 가격 : 15,330원 링크 : https://link.coupang.com/a/cYiEjl 10위 : 브랜든 2세대 부피순삭 의류 이불 다용도 대형 압축 파우치 2매세트 가격 : 60,000원 링크 : https://link.coupang.com/a/cYiEjn 감사합니다.",,0,1,1,2025-10-22 06:00:50,https://www.youtube.com/watch?v=kK8OnQfkZ0w,다이소 건기식 추천 약사 후기 좋은 쿠팡 베스트셀러 BEST 10 가장 많이팔린 다이소 건기식 추천 약사 영상 속 다이소 건기식 추천 약사 구매링크 httpslinkcoupangcomacYiEi9 이 포스팅은 쿠팡파트너스 활동의 일환으로 이에 따른 일정액의 수수료를 제공받습니다 1위  테팔 인덕션 티타늄 1X 데일리 컴포트 프라이팬 28cm 1개 가격  25980원 링크  httpslinkcoupangcomacYiEi9 2위  더미식 귀리쌀밥 180g 24개 가격  21990원 링크  httpslinkcoupangcomacYiEjb 3위  리큐 진한겔 하이브리드 드럼용 액상세제 리필 21L 4개 가격  12850원 링크  httpslinkcoupangcomacYiEjd 4위  듀라셀 알카라인 AA 건전지 20개입 1개 가격  11130원 링크  httpslinkcoupangcomacYiEjf 5위  스탠리 아이스플로우 에어로라이트 패스트플로우 텀블러 애쉬 473ml 1개 가격  29920원 링크  httpslinkcoupangcomacYiEjg 6위  루아베 부드러운 워싱 차렵이불 세트 가격  34910원 링크  httpslinkcoupangcomacYiEjh 7위  그래이불 국내산 순수 오가닉 코튼 호텔 침구세트 가격  85530원 링크  httpslinkcoupangcomacYiEji 8위  광동제약 진 쌍화 100ml 20개 가격  9480원 링크  httpslinkcoupangcomacYiEjk 9위  세브란스에이투 전용목장 단백우유 180ml 24개 가격  15330원 링크  httpslinkcoupangcomacYiEjl 10위  브랜든 2세대 부피순삭 의류 이불 다용도 대형 압축 파우치 2매세트 가격  60000원 링크  httpslinkcoupangcomacYiEjn 감사합니다 ,"['다이소', '추천', '약사', '후기', '쿠팡', '베스트', '셀러', '팔리', '다이소', '추천', '약사', '영상', '다이소', '추천', '약사', '구매', '링크', '포스팅', '쿠팡', '파트너스', '활동', '일환', '따르', '일정액', '수수료', '제공', '테팔', '인덕션', '티타늄', '데일리', '포트', '프라이팬', '가격', '링크', '더미', '귀리', '쌀밥', '가격', '링크', '리큐', '진하', '하이브리드', '드럼', '액상', '세제', '리필', '가격', '링크', '듀라셀', '라인', '건전지', '개입', '가격', '링크', '스탠리', '아이스', '플로우', '에어로', '라이트', '패스트', '플로우', '텀블러', '애쉬', '가격', '링크', '루아베', '부드럽', '워싱', '차렵이불', '세트', '가격', '링크', '이불', '국내', '순수', '오가', '코튼', '호텔', '침구', '세트', '가격', '링크', '광동제약', '가격', '링크', '세브란스', '에이', '전용', '목장', '단백', '우유', '가격', '링크', '브랜든', '세대', '부피', '의류', '이불', '다용도', '압축', '파우치', '세트', '가격', '링크', '감사']"
2,2,다이소 건기식 추천 쿠팡에서 제일 많이 팔린 인기템 BEST 10,"가장 많이팔린 다이소 건기식 추천 이 포스팅은 쿠팡파트너스 활동의 일환으로, 이에 따른 일정액의 수수료를 제공받습니다. https://link.coupang.com/a/cXsRiT 1위 : [국민건강 프로젝트] 대웅제약 마그네슘 에너지케어 가격 : 19,900원 링크 : https://link.coupang.com/a/cXsRiT 2위 : [국민건강 프로젝트] 대웅제약 바나바잎추출물 가격 : 20,000원 링크 : https://link.coupang.com/a/cXsRiU 3위 : BH코리아 다용도 접이식 식품 건조망 (생선건조,야채건조,나물건조,고추건조) BH KOREA, 1개, 3단, 화이트 가격 : 11,500원 링크 : https://link.coupang.com/a/cXsRiV 4위 : [국민건강 프로젝트] 대웅제약 프로바이오틱스 유산균 가격 : 19,900원 링크 : https://link.coupang.com/a/cXsRiW 5위 : BH코리아 다용도 접이식 식품 건조망 (생선건조,야채건조,나물건조,고추건조) BH KOREA, 1개, 2단, 화이트 가격 : 10,500원 링크 : https://link.coupang.com/a/cXsRiX 6위 : 종근당건강 프로메가 오메가3 트리플 장용성 가격 : 10,470원 링크 : https://link.coupang.com/a/cXsRiY 7위 : [국민건강 프로젝트] 대웅제약 프로바이오틱스 유산균 가격 : 10,000원 링크 : https://link.coupang.com/a/cXsRiZ 8위 : 종근당 칼슘 앤 마그네슘 비타민D 아연 가격 : 25,080원 링크 : https://link.coupang.com/a/cXsRi0 9위 : 다용도 고추건조기 대용량건조트레이 야채건조기 과일건조기 식건조기 열풍건조, 1)6레이어 가격 : 199,990원 링크 : https://link.coupang.com/a/cXsRi1 10위 : [국민건강 프로젝트] 대웅제약 바나바잎추출물 가격 : 10,000원 링크 : https://link.coupang.com/a/cXsRi2 ⭐️ 특별 혜택 링크 https://temu.to/k/glb5f443d8e 을(를) 탭하고 최고 품질의 상품을 초저가로 만나보세요. 🛍️ 이렇게 파격적인 혜택은 오직 Temu에서만 제공됩니다. 지금 쇼핑하고 큰 할인을 받으세요! ⭐️ 당신을 위한 또 다른 놀라움! 저와 함께 수익을 얻으시려면 https://temu.to/k/g7a19moq5z4 을 클릭하세요! 감사합니다.",,0,1,1,2025-10-18 17:30:07,https://www.youtube.com/watch?v=d1BR7gtSszM,다이소 건기식 추천 쿠팡에서 제일 많이 팔린 인기템 BEST 10 가장 많이팔린 다이소 건기식 추천 이 포스팅은 쿠팡파트너스 활동의 일환으로 이에 따른 일정액의 수수료를 제공받습니다 httpslinkcoupangcomacXsRiT 1위  국민건강 프로젝트 대웅제약 마그네슘 에너지케어 가격  19900원 링크  httpslinkcoupangcomacXsRiT 2위  국민건강 프로젝트 대웅제약 바나바잎추출물 가격  20000원 링크  httpslinkcoupangcomacXsRiU 3위  BH코리아 다용도 접이식 식품 건조망 생선건조야채건조나물건조고추건조 BH KOREA 1개 3단 화이트 가격  11500원 링크  httpslinkcoupangcomacXsRiV 4위  국민건강 프로젝트 대웅제약 프로바이오틱스 유산균 가격  19900원 링크  httpslinkcoupangcomacXsRiW 5위  BH코리아 다용도 접이식 식품 건조망 생선건조야채건조나물건조고추건조 BH KOREA 1개 2단 화이트 가격  10500원 링크  httpslinkcoupangcomacXsRiX 6위  종근당건강 프로메가 오메가3 트리플 장용성 가격  10470원 링크  httpslinkcoupangcomacXsRiY 7위  국민건강 프로젝트 대웅제약 프로바이오틱스 유산균 가격  10000원 링크  httpslinkcoupangcomacXsRiZ 8위  종근당 칼슘 앤 마그네슘 비타민D 아연 가격  25080원 링크  httpslinkcoupangcomacXsRi0 9위  다용도 고추건조기 대용량건조트레이 야채건조기 과일건조기 식건조기 열풍건조 16레이어 가격  199990원 링크  httpslinkcoupangcomacXsRi1 10위  국민건강 프로젝트 대웅제약 바나바잎추출물 가격  10000원 링크  httpslinkcoupangcomacXsRi2  특별 혜택 링크 httpstemutokglb5f443d8e 을를 탭하고 최고 품질의 상품을 초저가로 만나보세요  이렇게 파격적인 혜택은 오직 Temu에서만 제공됩니다 지금 쇼핑하고 큰 할인을 받으세요  당신을 위한 또 다른 놀라움 저와 함께 수익을 얻으시려면 httpstemutokg7a19moq5z4 을 클릭하세요 감사합니다 ,"['다이소', '추천', '쿠팡', '팔리', '인기', '팔리', '다이소', '추천', '포스팅', '쿠팡', '파트너스', '활동', '일환', '따르', '일정액', '수수료', '제공', '국민', '건강', '프로젝트', '대웅제약', '마그네슘', '에너지', '케어', '가격', '링크', '국민', '건강', '프로젝트', '대웅제약', '추출물', '가격', '링크', '코리아', '다용도', '접이식', '식품', '건조', '생선', '건조', '야채', '건조', '나물', '건조', '고추', '건조', '화이트', '가격', '링크', '국민', '건강', '프로젝트', '대웅제약', '프로바이오틱스', '유산균', '가격', '링크', '코리아', '다용도', '접이식', '식품', '건조', '생선', '건조', '야채', '건조', '나물', '건조', '고추', '건조', '화이트', '가격', '링크', '종근당', '건강', '프로', '메가', '오메가', '트리플', '장용', '가격', '링크', '국민', '건강', '프로젝트', '대웅제약', '프로바이오틱스', '유산균', '가격', '링크', '종근당', '칼슘', '마그네슘', '비타민', '아연', '가격', '링크', '다용도', '고추', '건조기', '용량', '건조', '트레이', '야채', '건조기', '과일', '건조기', '건조기', '열풍', '건조', '레이어', '가격', '링크', '국민', '건강', '프로젝트', '대웅제약', '추출물', '가격', '링크', '특별', '혜택', '링크', '최고', '품질', '상품', '저가', '만나', '이렇', '파격', '혜택', '제공', '쇼핑', '할인', '당신', '위하', '놀랍', '수익', '클릭', '감사']"
2,2,다이소 건기식 판매 쿠팡에서 인기 많은 제품들 - 알게 되면 꼭 사고 싶어져요,"가장 많이팔린 다이소 건기식 판매 이 포스팅은 쿠팡파트너스 활동의 일환으로, 이에 따른 일정액의 수수료를 제공받습니다. https://link.coupang.com/a/de4fnt 1위 : 경남제약 결콜라겐 플러스 가격 : 16,470원 링크 : https://link.coupang.com/a/de4fnt 2위 : 종근당건강 프로메가 오메가3 트리플 가격 : 10,520원 링크 : https://link.coupang.com/a/de4fnu 3위 : 뉴트리디데이 프리미엄 비타민D 5000IU 27g 가격 : 22,900원 링크 : https://link.coupang.com/a/de4fnw 4위 : 뉴트리디데이 프리미엄 밀크씨슬 골드 가격 : 12,900원 링크 : https://link.coupang.com/a/de4fnx 5위 : [코큐텐 혈압건강] 대웅제약 코엔자임 Q10 가격 : 16,240원 링크 : https://link.coupang.com/a/de4fny 6위 : 자연의품격 건강한 간 밀크씨슬 75g 가격 : 21,490원 링크 : https://link.coupang.com/a/de4fnz 7위 : 일양약품 프라임 칼슘 마그네슘 비타민D 아연 가격 : 11,230원 링크 : https://link.coupang.com/a/de4fnA 8위 : 뉴트립 간건강 밀크씨슬 600 mg 가격 : 11,500원 링크 : https://link.coupang.com/a/de4fnB 9위 : 락토핏 코어 유산균 60p 가격 : 32,200원 링크 : https://link.coupang.com/a/de4fnC 10위 : 지속형 마그네슘 250mg | 칼륨 99mg 함유, 심혈관 건강, 근육 기능 지원, 혈압 조절, 에너지 대사 촉진, 6시간 서방형, 비건 캡슐, 무글루텐, NON-GMO 가격 : 17,010원 링크 : https://link.coupang.com/a/de4fnE ⭐️ 특별 혜택 링크 https://temu.to/k/glb5f443d8e 을(를) 탭하고 최고 품질의 상품을 초저가로 만나보세요. 🛍️ 이렇게 파격적인 혜택은 오직 Temu에서만 제공됩니다. 지금 쇼핑하고 큰 할인을 받으세요! ⭐️ 당신을 위한 또 다른 놀라움! 저와 함께 수익을 얻으시려면 https://temu.to/k/g7a19moq5z4 을 클릭하세요! 감사합니다.",,0,0,1,2025-12-16 20:16:49,https://www.youtube.com/watch?v=00oKLgqq_Qk,다이소 건기식 판매 쿠팡에서 인기 많은 제품들  알게 되면 꼭 사고 싶어져요 가장 많이팔린 다이소 건기식 판매 이 포스팅은 쿠팡파트너스 활동의 일환으로 이에 따른 일정액의 수수료를 제공받습니다 httpslinkcoupangcomade4fnt 1위  경남제약 결콜라겐 플러스 가격  16470원 링크  httpslinkcoupangcomade4fnt 2위  종근당건강 프로메가 오메가3 트리플 가격  10520원 링크  httpslinkcoupangcomade4fnu 3위  뉴트리디데이 프리미엄 비타민D 5000IU 27g 가격  22900원 링크  httpslinkcoupangcomade4fnw 4위  뉴트리디데이 프리미엄 밀크씨슬 골드 가격  12900원 링크  httpslinkcoupangcomade4fnx 5위  코큐텐 혈압건강 대웅제약 코엔자임 Q10 가격  16240원 링크  httpslinkcoupangcomade4fny 6위  자연의품격 건강한 간 밀크씨슬 75g 가격  21490원 링크  httpslinkcoupangcomade4fnz 7위  일양약품 프라임 칼슘 마그네슘 비타민D 아연 가격  11230원 링크  httpslinkcoupangcomade4fnA 8위  뉴트립 간건강 밀크씨슬 600 mg 가격  11500원 링크  httpslinkcoupangcomade4fnB 9위  락토핏 코어 유산균 60p 가격  32200원 링크  httpslinkcoupangcomade4fnC 10위  지속형 마그네슘 250mg  칼륨 99mg 함유 심혈관 건강 근육 기능 지원 혈압 조절 에너지 대사 촉진 6시간 서방형 비건 캡슐 무글루텐 NONGMO 가격  17010원 링크  httpslinkcoupangcomade4fnE  특별 혜택 링크 httpstemutokglb5f443d8e 을를 탭하고 최고 품질의 상품을 초저가로 만나보세요  이렇게 파격적인 혜택은 오직 Temu에서만 제공됩니다 지금 쇼핑하고 큰 할인을 받으세요  당신을 위한 또 다른 놀라움 저와 함께 수익을 얻으시려면 httpstemutokg7a19moq5z4 을 클릭하세요 감사합니다 ,"['다이소', '판매', '쿠팡', '인기', '제품', '팔리', '다이소', '판매', '포스팅', '쿠팡', '파트너스', '활동', '일환', '따르', '일정액', '수수료', '제공', '경남', '제약', '콜라겐', '플러스', '가격', '링크', '종근당', '건강', '프로', '메가', '오메가', '트리플', '가격', '링크', '트리', '데이', '프리미엄', '비타민', '가격', '링크', '트리', '데이', '프리미엄', '밀크', '골드', '가격', '링크', '코큐텐', '혈압', '건강', '대웅제약', '코엔자임', '가격', '링크', '자연', '품격', '건강', '밀크', '가격', '링크', '일양약품', '프라임', '칼슘', '마그네슘', '비타민', '아연', '가격', '링크', '건강', '밀크', '가격', '링크', '락토핏', '코어', '유산균', '가격', '링크', '지속', '마그네슘', '칼륨', '함유', '심혈관', '건강', '근육', '기능', '지원', '혈압', '조절', '에너지', '대사', '촉진', '시간', '서방', '캡슐', '글루텐', '가격', '링크', '특별', '혜택', '링크', '최고', '품질', '상품', '저가', '만나', '이렇', '파격', '혜택', '제공', '쇼핑', '할인', '당신', '위하', '놀랍', '수익', '클릭', '감사']"
2,2,다이소 건기식 종류 쿠팡에서 제일 많이 팔린 인기템 BEST 10,"가장 많이팔린 다이소 건기식 종류 이 포스팅은 쿠팡파트너스 활동의 일환으로, 이에 따른 일정액의 수수료를 제공받습니다. https://link.coupang.com/a/cZqa2J 1위 : BH코리아 다용도 접이식 식품 건조망 (생선건조,야채건조,나물건조,고추건조) BH KOREA, 1개, 3단, 화이트 가격 : 11,500원 링크 : https://link.coupang.com/a/cZqa2J 2위 : 판클 EPA DPA 중성지방 다이어트 오메가3 지방산 30일분 가격 : 16,300원 링크 : https://link.coupang.com/a/cZqa2K 3위 : 뉴트리디데이 프리미엄 밀크씨슬 골드 가격 : 12,900원 링크 : https://link.coupang.com/a/cZqa2L 4위 : GNM 건강한 간 밀크씨슬 가격 : 21,490원 링크 : https://link.coupang.com/a/cZqa2M 5위 : 종근당건강 프로메가 오메가3 트리플 장용성 가격 : 10,590원 링크 : https://link.coupang.com/a/cZqa2N 6위 : BH코리아 다용도 접이식 식품 건조망 (생선건조,야채건조,나물건조,고추건조) BH KOREA, 1개, 2단, 화이트 가격 : 10,500원 링크 : https://link.coupang.com/a/cZqa2P 7위 : 일양약품 프라임 칼슘 마그네슘 비타민D 아연 가격 : 10,840원 링크 : https://link.coupang.com/a/cZqa2R 8위 : 뉴트리디데이 프리미엄 비타민D 5000IU 27g 가격 : 22,900원 링크 : https://link.coupang.com/a/cZqa2S 9위 : 홈프로 매쉬 다용도 야채 보관망 양파 마늘 건조망 장바구니 1 | 1, 2개, 그린 가격 : 7,960원 링크 : https://link.coupang.com/a/cZqa2T 10위 : 홀리데이즈 프리미엄 콜라겐 타블렛 가격 : 9,900원 링크 : https://link.coupang.com/a/cZqa2U ⭐️ 특별 혜택 링크 https://temu.to/k/glb5f443d8e 을(를) 탭하고 최고 품질의 상품을 초저가로 만나보세요. 🛍️ 이렇게 파격적인 혜택은 오직 Temu에서만 제공됩니다. 지금 쇼핑하고 큰 할인을 받으세요! ⭐️ 당신을 위한 또 다른 놀라움! 저와 함께 수익을 얻으시려면 https://temu.to/k/g7a19moq5z4 을 클릭하세요! 감사합니다.",,0,4,1,2025-10-27 19:17:16,https://www.youtube.com/watch?v=9QfO4xgiCMY,다이소 건기식 종류 쿠팡에서 제일 많이 팔린 인기템 BEST 10 가장 많이팔린 다이소 건기식 종류 이 포스팅은 쿠팡파트너스 활동의 일환으로 이에 따른 일정액의 수수료를 제공받습니다 httpslinkcoupangcomacZqa2J 1위  BH코리아 다용도 접이식 식품 건조망 생선건조야채건조나물건조고추건조 BH KOREA 1개 3단 화이트 가격  11500원 링크  httpslinkcoupangcomacZqa2J 2위  판클 EPA DPA 중성지방 다이어트 오메가3 지방산 30일분 가격  16300원 링크  httpslinkcoupangcomacZqa2K 3위  뉴트리디데이 프리미엄 밀크씨슬 골드 가격  12900원 링크  httpslinkcoupangcomacZqa2L 4위  GNM 건강한 간 밀크씨슬 가격  21490원 링크  httpslinkcoupangcomacZqa2M 5위  종근당건강 프로메가 오메가3 트리플 장용성 가격  10590원 링크  httpslinkcoupangcomacZqa2N 6위  BH코리아 다용도 접이식 식품 건조망 생선건조야채건조나물건조고추건조 BH KOREA 1개 2단 화이트 가격  10500원 링크  httpslinkcoupangcomacZqa2P 7위  일양약품 프라임 칼슘 마그네슘 비타민D 아연 가격  10840원 링크  httpslinkcoupangcomacZqa2R 8위  뉴트리디데이 프리미엄 비타민D 5000IU 27g 가격  22900원 링크  httpslinkcoupangcomacZqa2S 9위  홈프로 매쉬 다용도 야채 보관망 양파 마늘 건조망 장바구니 1  1 2개 그린 가격  7960원 링크  httpslinkcoupangcomacZqa2T 10위  홀리데이즈 프리미엄 콜라겐 타블렛 가격  9900원 링크  httpslinkcoupangcomacZqa2U  특별 혜택 링크 httpstemutokglb5f443d8e 을를 탭하고 최고 품질의 상품을 초저가로 만나보세요  이렇게 파격적인 혜택은 오직 Temu에서만 제공됩니다 지금 쇼핑하고 큰 할인을 받으세요  당신을 위한 또 다른 놀라움 저와 함께 수익을 얻으시려면 httpstemutokg7a19moq5z4 을 클릭하세요 감사합니다 ,"['다이소', '종류', '쿠팡', '팔리', '인기', '팔리', '다이소', '종류', '포스팅', '쿠팡', '파트너스', '활동', '일환', '따르', '일정액', '수수료', '제공', '코리아', '다용도', '접이식', '식품', '건조', '생선', '건조', '야채', '건조', '나물', '건조', '고추', '건조', '화이트', '가격', '링크', '중성', '지방', '다이어트', '오메가', '지방산', '가격', '링크', '트리', '데이', '프리미엄', '밀크', '골드', '가격', '링크', '건강', '밀크', '가격', '링크', '종근당', '건강', '프로', '메가', '오메가', '트리플', '장용', '가격', '링크', '코리아', '다용도', '접이식', '식품', '건조', '생선', '건조', '야채', '건조', '나물', '건조', '고추', '건조', '화이트', '가격', '링크', '일양약품', '프라임', '칼슘', '마그네슘', '비타민', '아연', '가격', '링크', '트리', '데이', '프리미엄', '비타민', '가격', '링크', '프로', '매쉬', '다용도', '야채', '보관', '마늘', '건조', '바구니', '그린', '가격', '링크', '홀리데이', '프리미엄', '콜라겐', '가격', '링크', '특별', '혜택', '링크', '최고', '품질', '상품', '저가', '만나', '이렇', '파격', '혜택', '제공', '쇼핑', '할인', '당신', '위하', '놀랍', '수익', '클릭', '감사']"
2,2,[다이소 건강기능식품 품질리뷰] 오브맘 기억력 그린라이트 / 한국바이오팜 #다이소영양제 #다이소건강기능식품 #기억력그린라이트 #오브맘 #가성비영양제 #영양제추천 #영양제리뷰,"🚨 다이소 영양제 품질리뷰 | '기억력 그린라이트' 품질 분석 (feat. 기분핏) 🛒 다이소 건강기능식품, 믿고 먹어도 될까? 🤔 ""가격이 싸니까 혹시 품질도..."" 다이소 영양제에 대한 궁금증, 드디어 해결해드립니다! 오늘은 다이소에서 직접 판매 중인 오브맘 '기억력 그린라이트' 제품을 샅샅이 파헤쳐봤습니다. 📌 이 영상에서 다룰 내용: 다이소 건강기능식품, 정말 가성비일까? 가격 대비 품질 솔직 분석! '기억력 그린라이트'의 핵심 성분: 은행잎추출물 & 비타민E! 과연 기억력 개선과 혈행 개선에 효과적일까요? 🔥 건강기능식품 분석 앱 '기분핏'으로 품질 점수 대공개! 내 몸에 맞는 영양제, 똑똑하게 고르는 법! 다이소 영양제 구매 전, 이것만은 꼭 확인하세요! 실패 없는 영양제 고르기 꿀팁 대방출! 저렴하다고 아무거나 살 수는 없죠! 여러분의 소중한 돈과 건강을 위해, 기분핏 앱을 활용해 '기억력 그린라이트'의 성분 배합, 함량, 품질까지 투명하게 분석했습니다. 과연 다이소 영양제는 합격점을 받을 수 있을까요? 영상에서 직접 확인해보세요! 💡 건강기능식품 구매 전 필수! 4만 개 이상 제품 비교 & 개인 맞춤 점수 제공! 지금 바로 앱스토어에서 **""기분핏""**을 검색하고 다운로드하세요! [배경음악] Kevin MacLeod의 Barroom Ballet - Silent Film Light에는 크리에이티브 커먼즈 저작자 표시 4.0 라이선스가 적용됩니다. https://creativecommons.org/licenses/by/4.0/ 출처: http://incompetech.com/music/royalty-free/index.html?isrc=USUAN1100310 아티스트: http://incompetech.com/","#다이소,#다이소영양제,#다이소건강기능식품,#기억력그린라이트,#오브맘,#은행잎추출물,#기억력개선,#혈행개선,#가성비영양제,#영양제추천,#건강기능식품,#영양제,#영양제리뷰,#영양제분석,#기분핏,#내돈내산,#솔직리뷰,#건강정보,#건강관리,#스마트컨슈머,#필수영양제,#어떤영양제,#영양제고르는법",2,1114,0,2025-07-30 06:06:20,https://www.youtube.com/watch?v=pexcd7UNtvQ,다이소 건강기능식품 품질리뷰 오브맘 기억력 그린라이트  한국바이오팜 #다이소영양제 #다이소건강기능식품 #기억력그린라이트 #오브맘 #가성비영양제 #영양제추천 #영양제리뷰  다이소 영양제 품질리뷰  기억력 그린라이트 품질 분석 feat 기분핏  다이소 건강기능식품 믿고 먹어도 될까  가격이 싸니까 혹시 품질도 다이소 영양제에 대한 궁금증 드디어 해결해드립니다 오늘은 다이소에서 직접 판매 중인 오브맘 기억력 그린라이트 제품을 샅샅이 파헤쳐봤습니다  이 영상에서 다룰 내용 다이소 건강기능식품 정말 가성비일까 가격 대비 품질 솔직 분석 기억력 그린라이트의 핵심 성분 은행잎추출물  비타민E 과연 기억력 개선과 혈행 개선에 효과적일까요  건강기능식품 분석 앱 기분핏으로 품질 점수 대공개 내 몸에 맞는 영양제 똑똑하게 고르는 법 다이소 영양제 구매 전 이것만은 꼭 확인하세요 실패 없는 영양제 고르기 꿀팁 대방출 저렴하다고 아무거나 살 수는 없죠 여러분의 소중한 돈과 건강을 위해 기분핏 앱을 활용해 기억력 그린라이트의 성분 배합 함량 품질까지 투명하게 분석했습니다 과연 다이소 영양제는 합격점을 받을 수 있을까요 영상에서 직접 확인해보세요  건강기능식품 구매 전 필수 4만 개 이상 제품 비교  개인 맞춤 점수 제공 지금 바로 앱스토어에서 기분핏을 검색하고 다운로드하세요 배경음악 Kevin MacLeod의 Barroom Ballet  Silent Film Light에는 크리에이티브 커먼즈 저작자 표시 40 라이선스가 적용됩니다 httpscreativecommonsorglicensesby40 출처 httpincompetechcommusicroyaltyfreeindexhtmlisrcUSUAN1100310 아티스트 httpincompetechcom #다이소#다이소영양제#다이소건강기능식품#기억력그린라이트#오브맘#은행잎추출물#기억력개선#혈행개선#가성비영양제#영양제추천#건강기능식품#영양제#영양제리뷰#영양제분석#기분핏#내돈내산#솔직리뷰#건강정보#건강관리#스마트컨슈머#필수영양제#어떤영양제#영양제고르는법,"['다이소', '건강', '기능', '식품', '품질', '리뷰', '오브', '기억력', '그린', '라이트', '한국', '바이오', '다이소', '영양제', '품질', '리뷰', '기억', '그린', '라이트', '품질', '분석', '기분핏', '다이소', '건강', '기능', '식품', '가격', '품질', '다이소', '영양제', '대하', '궁금증', '해결', '드리', '오늘', '다이소', '판매', '오브', '기억력', '그린', '라이트', '제품', '파헤치', '영상', '다루', '내용', '다이소', '건강', '기능', '식품', '가성비', '가격', '대비', '품질', '분석', '기억력', '그린', '라이트', '핵심', '성분', '은행잎', '추출물', '비타민', '기억력', '개선', '개선', '효과', '건강', '기능', '식품', '분석', '기분핏', '품질', '점수', '공개', '영양제', '고르', '다이소', '영양제', '구매', '이것', '확인', '실패', '영양제', '고르', '방출', '저렴하', '아무거', '여러분', '건강', '위하', '기분핏', '활용', '기억력', '그린', '라이트', '성분', '배합', '함량', '품질', '투명', '분석', '다이소', '영양제', '합격', '영상', '확인', '건강', '기능', '식품', '구매', '필수', '이상', '제품', '비교', '개인', '맞춤', '점수', '제공', '스토어', '기분', '검색', '다운로드', '배경', '음악', '크리에이티브', '커먼즈', '저작', '표시', '라이선스', '적용', '출처', '아티스트']"
2,2,다이소 건기식 추천 약사 가성비 최고 쿠팡 필수템 BEST 10,"가장 많이팔린 다이소 건기식 추천 약사 이 포스팅은 쿠팡파트너스 활동의 일환으로, 이에 따른 일정액의 수수료를 제공받습니다. https://link.coupang.com/a/cZqceb 1위 : 허브앤리빙 홈 디퓨저 가격 : 19,800원 링크 : https://link.coupang.com/a/cZqceb 2위 : 포트메리온 보타닉가든 라자냐 접시 가격 : 20,200원 링크 : https://link.coupang.com/a/cZqcec 3위 : 셀렉스 프로틴 오리지널 가격 : 24,900원 링크 : https://link.coupang.com/a/cZqced 4위 : 맛있는우유GT 소화 잘되는 배안아픈 우유 진짜 고소한 락토프리 가격 : 18,110원 링크 : https://link.coupang.com/a/cZqcee 5위 : 코멧 다용도 실속 키친타월 가격 : 11,990원 링크 : https://link.coupang.com/a/cZqcef 6위 : 피죤 건조기용 시그니처 시트 섬유유연제 미스틱레인 본품 가격 : 12,240원 링크 : https://link.coupang.com/a/cZqceg 7위 : 뉴발란스 플래시 런닝화 가격 : 68,730원 링크 : https://link.coupang.com/a/cZqceh 8위 : 스너글 실내건조 섬유유연제 멜로우 선샤인 본품 가격 : 11,390원 링크 : https://link.coupang.com/a/cZqcei 9위 : 파르페by알레르망 국내 제조 알러지케어 페이드 다운필 차렵이불 세트 가격 : 116,900원 링크 : https://link.coupang.com/a/cZqcek 10위 : 보노하우스 국내 제조 라탄플러스 우드상판 서랍장 가격 : 76,900원 링크 : https://link.coupang.com/a/cZqcel ⭐️ 특별 혜택 링크 https://temu.to/k/glb5f443d8e 을(를) 탭하고 최고 품질의 상품을 초저가로 만나보세요. 🛍️ 이렇게 파격적인 혜택은 오직 Temu에서만 제공됩니다. 지금 쇼핑하고 큰 할인을 받으세요! ⭐️ 당신을 위한 또 다른 놀라움! 저와 함께 수익을 얻으시려면 https://temu.to/k/g7a19moq5z4 을 클릭하세요! 감사합니다.",,0,1,1,2025-10-27 19:25:33,https://www.youtube.com/watch?v=f3I371Obdb8,다이소 건기식 추천 약사 가성비 최고 쿠팡 필수템 BEST 10 가장 많이팔린 다이소 건기식 추천 약사 이 포스팅은 쿠팡파트너스 활동의 일환으로 이에 따른 일정액의 수수료를 제공받습니다 httpslinkcoupangcomacZqceb 1위  허브앤리빙 홈 디퓨저 가격  19800원 링크  httpslinkcoupangcomacZqceb 2위  포트메리온 보타닉가든 라자냐 접시 가격  20200원 링크  httpslinkcoupangcomacZqcec 3위  셀렉스 프로틴 오리지널 가격  24900원 링크  httpslinkcoupangcomacZqced 4위  맛있는우유GT 소화 잘되는 배안아픈 우유 진짜 고소한 락토프리 가격  18110원 링크  httpslinkcoupangcomacZqcee 5위  코멧 다용도 실속 키친타월 가격  11990원 링크  httpslinkcoupangcomacZqcef 6위  피죤 건조기용 시그니처 시트 섬유유연제 미스틱레인 본품 가격  12240원 링크  httpslinkcoupangcomacZqceg 7위  뉴발란스 플래시 런닝화 가격  68730원 링크  httpslinkcoupangcomacZqceh 8위  스너글 실내건조 섬유유연제 멜로우 선샤인 본품 가격  11390원 링크  httpslinkcoupangcomacZqcei 9위  파르페by알레르망 국내 제조 알러지케어 페이드 다운필 차렵이불 세트 가격  116900원 링크  httpslinkcoupangcomacZqcek 10위  보노하우스 국내 제조 라탄플러스 우드상판 서랍장 가격  76900원 링크  httpslinkcoupangcomacZqcel  특별 혜택 링크 httpstemutokglb5f443d8e 을를 탭하고 최고 품질의 상품을 초저가로 만나보세요  이렇게 파격적인 혜택은 오직 Temu에서만 제공됩니다 지금 쇼핑하고 큰 할인을 받으세요  당신을 위한 또 다른 놀라움 저와 함께 수익을 얻으시려면 httpstemutokg7a19moq5z4 을 클릭하세요 감사합니다 ,"['다이소', '추천', '약사', '가성비', '최고', '쿠팡', '필수', '팔리', '다이소', '추천', '약사', '포스팅', '쿠팡', '파트너스', '활동', '일환', '따르', '일정액', '수수료', '제공', '허브', '리빙', '디퓨저', '가격', '링크', '포트', '메리', '보타닉', '라자냐', '접시', '가격', '링크', '렉스', '프로', '오리지널', '가격', '링크', '맛있', '우유', '소화', '아프', '우유', '고소하', '프리', '가격', '링크', '코멧', '다용도', '키친타월', '가격', '링크', '피죤', '건조기', '시그니처', '시트', '섬유', '유연제', '미스틱', '가격', '링크', '뉴발란스', '플래시', '런닝', '가격', '링크', '스너글', '실내', '건조', '섬유', '유연제', '로우', '샤인', '가격', '링크', '파르페', '국내', '제조', '알러지', '케어', '페이드', '다운', '차렵이불', '세트', '가격', '링크', '보노', '하우스', '국내', '제조', '플러스', '우드', '상판', '서랍', '가격', '링크', '특별', '혜택', '링크', '최고', '품질', '상품', '저가', '만나', '이렇', '파격', '혜택', '제공', '쇼핑', '할인', '당신', '위하', '놀랍', '수익', '클릭', '감사']"
2,2,다이소 건기식 콜라겐 쿠팡 무조건 만족템 TOP10 - 직접 써보니 정말 좋더라고요,"가장 많이팔린 다이소 건기식 콜라겐 이 포스팅은 쿠팡파트너스 활동의 일환으로, 이에 따른 일정액의 수수료를 제공받습니다. https://link.coupang.com/a/cUoGXg 1위 : 네추럴라이즈 콜라겐에 쏙빠지다 가격 : 12,600원 링크 : https://link.coupang.com/a/cUoGXg 2위 : 경남제약 결콜라겐 플러스 가격 : 13,950원 링크 : https://link.coupang.com/a/cUoGXh 3위 : 결콜라겐 경남제약 가격 : 14,740원 링크 : https://link.coupang.com/a/cUoGXi 4위 : 미즈온 이너스빗 프리미엄 식물성 비건 먹는 콜라겐 젤리스틱 3300mg 14포, 2박스, 280g 가격 : 49,400원 링크 : https://link.coupang.com/a/cUoGXk 5위 : 경남제약 결콜라겐 플러스 가격 : 25,680원 링크 : https://link.coupang.com/a/cUoGXl 6위 : 인생한방 콜라겐 4000 프랑스산 저분자 어린 피쉬콜라겐 비오틴 플러스, 140g, 1개 가격 : 29,900원 링크 : https://link.coupang.com/a/cUoGXn 7위 : 경남제약 결콜라겐 플러스 가격 : 14,250원 링크 : https://link.coupang.com/a/cUoGXq 8위 : 결콜라겐 경남제약 가격 : 15,890원 링크 : https://link.coupang.com/a/cUoGXr 9위 : 결콜라겐 경남제약 가격 : 28,800원 링크 : https://link.coupang.com/a/cUoGXt 10위 : 하나마이 본사직영 저분자 피쉬 콜라겐 100% 대용량 3세트(인도네시아산 원료사용), 100g, 3개 가격 : 56,600원 링크 : https://link.coupang.com/a/cUoGXv ⭐️ 특별 혜택 링크 https://temu.to/k/glb5f443d8e 을(를) 탭하고 최고 품질의 상품을 초저가로 만나보세요. 🛍️ 이렇게 파격적인 혜택은 오직 Temu에서만 제공됩니다. 지금 쇼핑하고 큰 할인을 받으세요! ⭐️ 당신을 위한 또 다른 놀라움! 저와 함께 수익을 얻으시려면 https://temu.to/k/g7a19moq5z4 을 클릭하세요! 감사합니다.",,0,11,1,2025-10-02 08:53:37,https://www.youtube.com/watch?v=Xos1kb4FoKM,다이소 건기식 콜라겐 쿠팡 무조건 만족템 TOP10  직접 써보니 정말 좋더라고요 가장 많이팔린 다이소 건기식 콜라겐 이 포스팅은 쿠팡파트너스 활동의 일환으로 이에 따른 일정액의 수수료를 제공받습니다 httpslinkcoupangcomacUoGXg 1위  네추럴라이즈 콜라겐에 쏙빠지다 가격  12600원 링크  httpslinkcoupangcomacUoGXg 2위  경남제약 결콜라겐 플러스 가격  13950원 링크  httpslinkcoupangcomacUoGXh 3위  결콜라겐 경남제약 가격  14740원 링크  httpslinkcoupangcomacUoGXi 4위  미즈온 이너스빗 프리미엄 식물성 비건 먹는 콜라겐 젤리스틱 3300mg 14포 2박스 280g 가격  49400원 링크  httpslinkcoupangcomacUoGXk 5위  경남제약 결콜라겐 플러스 가격  25680원 링크  httpslinkcoupangcomacUoGXl 6위  인생한방 콜라겐 4000 프랑스산 저분자 어린 피쉬콜라겐 비오틴 플러스 140g 1개 가격  29900원 링크  httpslinkcoupangcomacUoGXn 7위  경남제약 결콜라겐 플러스 가격  14250원 링크  httpslinkcoupangcomacUoGXq 8위  결콜라겐 경남제약 가격  15890원 링크  httpslinkcoupangcomacUoGXr 9위  결콜라겐 경남제약 가격  28800원 링크  httpslinkcoupangcomacUoGXt 10위  하나마이 본사직영 저분자 피쉬 콜라겐 100 대용량 3세트인도네시아산 원료사용 100g 3개 가격  56600원 링크  httpslinkcoupangcomacUoGXv  특별 혜택 링크 httpstemutokglb5f443d8e 을를 탭하고 최고 품질의 상품을 초저가로 만나보세요  이렇게 파격적인 혜택은 오직 Temu에서만 제공됩니다 지금 쇼핑하고 큰 할인을 받으세요  당신을 위한 또 다른 놀라움 저와 함께 수익을 얻으시려면 httpstemutokg7a19moq5z4 을 클릭하세요 감사합니다 ,"['다이소', '콜라겐', '쿠팡', '만족', '팔리', '다이소', '콜라겐', '포스팅', '쿠팡', '파트너스', '활동', '일환', '따르', '일정액', '수수료', '제공', '네추럴라이즈', '콜라겐', '빠지', '가격', '링크', '경남', '제약', '콜라겐', '플러스', '가격', '링크', '콜라겐', '경남', '제약', '가격', '링크', '미즈온', '이너스빗', '프리미엄', '식물', '콜라겐', '젤리', '스틱', '박스', '가격', '링크', '경남', '제약', '콜라겐', '플러스', '가격', '링크', '인생', '콜라겐', '프랑스', '저분자', '어리', '피쉬', '콜라겐', '비오티', '플러스', '가격', '링크', '경남', '제약', '콜라겐', '플러스', '가격', '링크', '콜라겐', '경남', '제약', '가격', '링크', '콜라겐', '경남', '제약', '가격', '링크', '본사', '직영', '저분자', '피쉬', '콜라겐', '용량', '세트', '인도네시아', '원료', '사용', '가격', '링크', '특별', '혜택', '링크', '최고', '품질', '상품', '저가', '만나', '이렇', '파격', '혜택', '제공', '쇼핑', '할인', '당신', '위하', '놀랍', '수익', '클릭', '감사']"
2,2,다이소 3천원으로 일주일만에 변비 탈출 가능,"다이소에 변비에 특화 된 영양제가 있어서 여러분들께 추천드리고자 합니다. 변비는 정말 빨리 해결해야 하는 문제입니다. 변비가 운동, 식단조절, 유산균 등 무엇을 해도 해결이 잘 안되셨던 분들께 다이소에서 3천원 투자로 쉽게 해결 보는 방법. 오늘 이 영상이 변비를 가지고 있는 여러분들 건강에 도움되시길 바라겠습니다. 00:00 변비 해결하는 다이소 3천원 마그네슘 01:26 산화 마그네슘이 변비에 효과적인 이유 01:50 변비약과 산화 마그네슘의 차이 02:58 다이소 마그네슘 추천 복용법 03:29 고용량 마그네슘 추천 제품 04:05 장 건강, 피로, 피부에 변비가 미치는 영향 04:52 면역, 염증에 변비가 미치는 영향 05:17 소화, 식욕, 속쓰림에 변비가 미치는 영향","#다이소,#영양제,#변비",3546,190311,281,2025-10-01 08:01:06,https://www.youtube.com/watch?v=rnadJCoOgyA,다이소 3천원으로 일주일만에 변비 탈출 가능 다이소에 변비에 특화 된 영양제가 있어서 여러분들께 추천드리고자 합니다 변비는 정말 빨리 해결해야 하는 문제입니다 변비가 운동 식단조절 유산균 등 무엇을 해도 해결이 잘 안되셨던 분들께 다이소에서 3천원 투자로 쉽게 해결 보는 방법 오늘 이 영상이 변비를 가지고 있는 여러분들 건강에 도움되시길 바라겠습니다 0000 변비 해결하는 다이소 3천원 마그네슘 0126 산화 마그네슘이 변비에 효과적인 이유 0150 변비약과 산화 마그네슘의 차이 0258 다이소 마그네슘 추천 복용법 0329 고용량 마그네슘 추천 제품 0405 장 건강 피로 피부에 변비가 미치는 영향 0452 면역 염증에 변비가 미치는 영향 0517 소화 식욕 속쓰림에 변비가 미치는 영향 #다이소#영양제#변비,"['다이소', '일주일', '변비', '탈출', '가능', '다이소', '변비', '특화', '영양제', '여러분', '추천', '드리', '변비', '해결', '문제', '변비', '운동', '식단', '조절', '유산균', '무엇', '해결', '다이소', '투자', '해결', '방법', '영상', '변비', '가지', '여러분', '건강', '도움', '바라', '변비', '해결', '다이소', '마그네슘', '산화 마그네슘', '변비', '효과', '이유', '변비', '산화 마그네슘', '차이', '다이소', '마그네슘', '추천', '복용', '용량', '마그네슘', '추천', '제품', '건강', '피로', '피부', '변비', '미치', '영향', '면역', '염증', '변비', '미치', '영향', '소화', '식욕', '쓰리', '변비', '미치', '영향']"
2,2,다이소 건기식 매출 늦으면 없다는 쿠팡추천템 BEST 10,"가장 많이팔린 다이소 건기식 매출 이 포스팅은 쿠팡파트너스 활동의 일환으로, 이에 따른 일정액의 수수료를 제공받습니다. https://link.coupang.com/a/cVCZy8 1위 : 2080 진지발리스 허벌민트 잇몸치약, 150g, 10개 가격 : 10,670원 링크 : https://link.coupang.com/a/cVCZy8 2위 : 더자리 에코항균 마이크로 이불 겸 패드 스프레드, 믹스핑크라떼 가격 : 13,650원 링크 : https://link.coupang.com/a/cVCZza 3위 : 사운드 차트: 과일 채소, 블루래빗 가격 : 15,500원 링크 : https://link.coupang.com/a/cVCZzb 4위 : 하이피러브 사무용 메쉬 컴퓨터 의자, 베이지 가격 : 43,100원 링크 : https://link.coupang.com/a/cVCZzd 5위 : 락토필듀오 덴마크 유산균 2개월분 60캡슐 국내 최초 여성 질유산균, 60정, 1개 가격 : 36,500원 링크 : https://link.coupang.com/a/cVCZze 6위 : 홈플래닛 E-Marker IC 칩셋 C to C PD 100W 초고속충전 케이블, 2m, 블랙, 2개 가격 : 7,790원 링크 : https://link.coupang.com/a/cVCZzf 7위 : 젠와이즈 어드밴스드 스트렝스 조인트 서포트 타블렛, 90정, 1개 가격 : 18,860원 링크 : https://link.coupang.com/a/cVCZzg 8위 : 게스 여성용 뉴 와이드 스판 팬츠 사계절용 YO3D0175 가격 : 79,060원 링크 : https://link.coupang.com/a/cVCZzi 9위 : 삼익가구 노블레스 프리미엄 유로탑 9존 독립스프링 매트리스 방문설치, 270mm, 미디엄소프트 가격 : 189,000원 링크 : https://link.coupang.com/a/cVCZzk 10위 : [2025년형]프리티케어 무선 청소기 핸디 청소기 W400 하얀색, White 가격 : 94,130원 링크 : https://link.coupang.com/a/cVCZzl ⭐️ 특별 혜택 링크 https://temu.to/k/glb5f443d8e 을(를) 탭하고 최고 품질의 상품을 초저가로 만나보세요. 🛍️ 이렇게 파격적인 혜택은 오직 Temu에서만 제공됩니다. 지금 쇼핑하고 큰 할인을 받으세요! ⭐️ 당신을 위한 또 다른 놀라움! 저와 함께 수익을 얻으시려면 https://temu.to/k/g7a19moq5z4 을 클릭하세요! 감사합니다.",,0,2,1,2025-10-10 03:47:59,https://www.youtube.com/watch?v=bb8B0gxMJvE,다이소 건기식 매출 늦으면 없다는 쿠팡추천템 BEST 10 가장 많이팔린 다이소 건기식 매출 이 포스팅은 쿠팡파트너스 활동의 일환으로 이에 따른 일정액의 수수료를 제공받습니다 httpslinkcoupangcomacVCZy8 1위  2080 진지발리스 허벌민트 잇몸치약 150g 10개 가격  10670원 링크  httpslinkcoupangcomacVCZy8 2위  더자리 에코항균 마이크로 이불 겸 패드 스프레드 믹스핑크라떼 가격  13650원 링크  httpslinkcoupangcomacVCZza 3위  사운드 차트 과일 채소 블루래빗 가격  15500원 링크  httpslinkcoupangcomacVCZzb 4위  하이피러브 사무용 메쉬 컴퓨터 의자 베이지 가격  43100원 링크  httpslinkcoupangcomacVCZzd 5위  락토필듀오 덴마크 유산균 2개월분 60캡슐 국내 최초 여성 질유산균 60정 1개 가격  36500원 링크  httpslinkcoupangcomacVCZze 6위  홈플래닛 EMarker IC 칩셋 C to C PD 100W 초고속충전 케이블 2m 블랙 2개 가격  7790원 링크  httpslinkcoupangcomacVCZzf 7위  젠와이즈 어드밴스드 스트렝스 조인트 서포트 타블렛 90정 1개 가격  18860원 링크  httpslinkcoupangcomacVCZzg 8위  게스 여성용 뉴 와이드 스판 팬츠 사계절용 YO3D0175 가격  79060원 링크  httpslinkcoupangcomacVCZzi 9위  삼익가구 노블레스 프리미엄 유로탑 9존 독립스프링 매트리스 방문설치 270mm 미디엄소프트 가격  189000원 링크  httpslinkcoupangcomacVCZzk 10위  2025년형프리티케어 무선 청소기 핸디 청소기 W400 하얀색 White 가격  94130원 링크  httpslinkcoupangcomacVCZzl  특별 혜택 링크 httpstemutokglb5f443d8e 을를 탭하고 최고 품질의 상품을 초저가로 만나보세요  이렇게 파격적인 혜택은 오직 Temu에서만 제공됩니다 지금 쇼핑하고 큰 할인을 받으세요  당신을 위한 또 다른 놀라움 저와 함께 수익을 얻으시려면 httpstemutokg7a19moq5z4 을 클릭하세요 감사합니다 ,"['다이소', '매출', '쿠팡', '추천', '팔리', '다이소', '매출', '포스팅', '쿠팡', '파트너스', '활동', '일환', '따르', '일정액', '수수료', '제공', '진지', '발리스', '민트', '잇몸', '치약', '가격', '링크', '자리', '에코', '항균', '마이크로', '이불', '패드', '스프레드', '믹스', '핑크', '라떼', '가격', '링크', '사운드', '차트', '과일', '채소', '블루', '래빗', '가격', '링크', '하이', '러브', '사무', '메쉬', '컴퓨터', '의자', '베이지', '가격', '링크', '락토필듀오', '덴마크', '유산균', '개월', '캡슐', '국내', '최초', '여성', '유산균', '가격', '링크', '홈플래닛', '칩셋', '고속', '충전', '케이블', '블랙', '가격', '링크', '이즈', '어드밴스드', '스트렝스', '조인트', '서포트', '가격', '링크', '게스', '여성', '와이드', '스파', '팬츠', '사계절', '가격', '링크', '삼익가구', '노블레스', '프리미엄', '유로', '독립', '스프링', '매트리스', '방문', '설치', '미디엄', '소프트', '가격', '링크', '프리', '케어', '무선', '청소기', '핸디', '청소기', '하얀색', '가격', '링크', '특별', '혜택', '링크', '최고', '품질', '상품', '저가', '만나', '이렇', '파격', '혜택', '제공', '쇼핑', '할인', '당신', '위하', '놀랍', '수익', '클릭', '감사']"
2,2,다이소에서 관절영양제까지 나온 거 실화..? 5천 원짜리 MSM 먹어봄🔥,"다이소에서 5,000원짜리 관절영양제를 발견해서 바로 사봤어요. 가성비 영양제, 진짜 괜찮을까?! ✔ 실사용 1주일 후기 : 무릎이 다쳤는데 꾸준히 먹으니 낫는 것 같아요! ✔ 먹는 방법, 성분, 느낌 솔직 리뷰 영상이 도움 됐다면 구독/좋아요/팔로우 부탁드려요 🙌 비슷한 제품 보러가기👇 👉 https://link.coupang.com/a/czABwQ ※ 위 링크를 통해 구매 시, 저에게 소정의 수수료가 지급됩니다. 당신의 클릭은 콘텐츠에 큰 힘이 됩니다! 💛 조금 더 좋은 제품이 궁금하다면?!","#다이소,#다이소템,#다이소영양제,#다이소추천,#다이소칼슘제,#영양제리뷰,#가성비템,#내돈내산,#찐리뷰,#리얼후기,#건강템,#관절영양보충,#건강보조제,#모야랩,#moya_lab,#템연구소,#생활템,#실사용리뷰,#쇼츠리뷰,#1분리뷰",12,3066,2,2025-06-16 09:15:32,https://www.youtube.com/watch?v=Yy8H0rwIsk4,다이소에서 관절영양제까지 나온 거 실화 5천 원짜리 MSM 먹어봄 다이소에서 5000원짜리 관절영양제를 발견해서 바로 사봤어요 가성비 영양제 진짜 괜찮을까  실사용 1주일 후기  무릎이 다쳤는데 꾸준히 먹으니 낫는 것 같아요  먹는 방법 성분 느낌 솔직 리뷰 영상이 도움 됐다면 구독좋아요팔로우 부탁드려요  비슷한 제품 보러가기  httpslinkcoupangcomaczABwQ  위 링크를 통해 구매 시 저에게 소정의 수수료가 지급됩니다 당신의 클릭은 콘텐츠에 큰 힘이 됩니다  조금 더 좋은 제품이 궁금하다면 #다이소#다이소템#다이소영양제#다이소추천#다이소칼슘제#영양제리뷰#가성비템#내돈내산#찐리뷰#리얼후기#건강템#관절영양보충#건강보조제#모야랩#moyalab#템연구소#생활템#실사용리뷰#쇼츠리뷰#1분리뷰,"['다이소', '관절', '영양제', '나오', '실화', '다이소', '관절', '영양제', '발견', '가성비', '영양제', '괜찮', '사용', '주일', '후기', '무릎', '다치', '방법', '성분', '느낌', '리뷰', '영상', '도움', '구독', '팔로우', '부탁드리', '비슷하', '제품', '링크', '통하', '구매', '소정', '수수료', '지급', '당신', '클릭', '콘텐츠', '제품']"
2,2,다이소 건기식 추천 쿠팡에서 인기 많은 제품들 - 가족들도 만족했어요,"가장 많이팔린 다이소 건기식 추천 이 포스팅은 쿠팡파트너스 활동의 일환으로, 이에 따른 일정액의 수수료를 제공받습니다. https://link.coupang.com/a/daDrvp 1위 : 종근당건강 프로메가 오메가3 트리플 가격 : 10,390원 링크 : https://link.coupang.com/a/daDrvp 2위 : 건일 식품 야채 과일 소형 고추 건조기 가격 : 1,350,000원 링크 : https://link.coupang.com/a/daDrvq 3위 : 뉴트리디데이 프리미엄 비타민D 5000IU 27g 가격 : 22,900원 링크 : https://link.coupang.com/a/daDrvr 4위 : 코알라이프 4kg 미니건조기 소형 빨래건조기 원룸 1인 가전 세탁건조기 가격 : 259,000원 링크 : https://link.coupang.com/a/daDrvs 5위 : 뉴트리디데이 프리미엄 밀크씨슬 골드 가격 : 12,900원 링크 : https://link.coupang.com/a/daDrvt 6위 : 대우 7단 프리미엄 후면건조방식 식품 건조기 DEQ-D340E, DEQ-D340E 가격 : 149,900원 링크 : https://link.coupang.com/a/daDrvu 7위 : 경남제약 결콜라겐 플러스 가격 : 20,000원 링크 : https://link.coupang.com/a/daDrvv 8위 : ON US 식품 건조기 고추 야채 소형 과일 가정용 업소용 가격 : 129,000원 링크 : https://link.coupang.com/a/daDrvw 9위 : [녹차카테킨 다이어트] 대웅제약 녹차 추출물 카테킨 체지방컷 비타민C 판토텐산 가격 : 10,000원 링크 : https://link.coupang.com/a/daDrvx 10위 : 휴대용 의류 건조기 여행용 건조기 소형 건조기 의류 건조기 이동식 건조기 원룸 건조기, 베이지 가격 : 49,900원 링크 : https://link.coupang.com/a/daDrvy ⭐️ 특별 혜택 링크 https://temu.to/k/glb5f443d8e 을(를) 탭하고 최고 품질의 상품을 초저가로 만나보세요. 🛍️ 이렇게 파격적인 혜택은 오직 Temu에서만 제공됩니다. 지금 쇼핑하고 큰 할인을 받으세요! ⭐️ 당신을 위한 또 다른 놀라움! 저와 함께 수익을 얻으시려면 https://temu.to/k/g7a19moq5z4 을 클릭하세요! 감사합니다.",,0,0,1,2025-12-03 18:59:28,https://www.youtube.com/watch?v=8vEhIQyK2Sg,다이소 건기식 추천 쿠팡에서 인기 많은 제품들  가족들도 만족했어요 가장 많이팔린 다이소 건기식 추천 이 포스팅은 쿠팡파트너스 활동의 일환으로 이에 따른 일정액의 수수료를 제공받습니다 httpslinkcoupangcomadaDrvp 1위  종근당건강 프로메가 오메가3 트리플 가격  10390원 링크  httpslinkcoupangcomadaDrvp 2위  건일 식품 야채 과일 소형 고추 건조기 가격  1350000원 링크  httpslinkcoupangcomadaDrvq 3위  뉴트리디데이 프리미엄 비타민D 5000IU 27g 가격  22900원 링크  httpslinkcoupangcomadaDrvr 4위  코알라이프 4kg 미니건조기 소형 빨래건조기 원룸 1인 가전 세탁건조기 가격  259000원 링크  httpslinkcoupangcomadaDrvs 5위  뉴트리디데이 프리미엄 밀크씨슬 골드 가격  12900원 링크  httpslinkcoupangcomadaDrvt 6위  대우 7단 프리미엄 후면건조방식 식품 건조기 DEQD340E DEQD340E 가격  149900원 링크  httpslinkcoupangcomadaDrvu 7위  경남제약 결콜라겐 플러스 가격  20000원 링크  httpslinkcoupangcomadaDrvv 8위  ON US 식품 건조기 고추 야채 소형 과일 가정용 업소용 가격  129000원 링크  httpslinkcoupangcomadaDrvw 9위  녹차카테킨 다이어트 대웅제약 녹차 추출물 카테킨 체지방컷 비타민C 판토텐산 가격  10000원 링크  httpslinkcoupangcomadaDrvx 10위  휴대용 의류 건조기 여행용 건조기 소형 건조기 의류 건조기 이동식 건조기 원룸 건조기 베이지 가격  49900원 링크  httpslinkcoupangcomadaDrvy  특별 혜택 링크 httpstemutokglb5f443d8e 을를 탭하고 최고 품질의 상품을 초저가로 만나보세요  이렇게 파격적인 혜택은 오직 Temu에서만 제공됩니다 지금 쇼핑하고 큰 할인을 받으세요  당신을 위한 또 다른 놀라움 저와 함께 수익을 얻으시려면 httpstemutokg7a19moq5z4 을 클릭하세요 감사합니다 ,"['다이소', '추천', '쿠팡', '인기', '제품', '가족', '만족', '팔리', '다이소', '추천', '포스팅', '쿠팡', '파트너스', '활동', '일환', '따르', '일정액', '수수료', '제공', '종근당', '건강', '프로', '메가', '오메가', '트리플', '가격', '링크', '건일', '식품', '야채', '과일', '소형', '고추', '건조기', '가격', '링크', '트리', '데이', '프리미엄', '비타민', '가격', '링크', '라이프', '미니', '건조기', '소형', '빨래', '건조기', '원룸', '가전', '세탁', '건조기', '가격', '링크', '트리', '데이', '프리미엄', '밀크', '골드', '가격', '링크', '대우', '프리미엄', '후면', '건조', '방식', '식품', '건조기', '가격', '링크', '경남', '제약', '콜라겐', '플러스', '가격', '링크', '식품', '건조기', '고추', '야채', '소형', '과일', '가정', '업소', '가격', '링크', '녹차', '카테킨', '다이어트', '대웅제약', '녹차', '추출물', '카테킨', '체지방', '비타민', '판토텐산', '가격', '링크', '휴대', '의류', '건조기', '여행', '건조기', '소형', '건조기', '의류', '건조기', '이동식', '건조기', '원룸', '건조기', '베이지', '가격', '링크', '특별', '혜택', '링크', '최고', '품질', '상품', '저가', '만나', '이렇', '파격', '혜택', '제공', '쇼핑', '할인', '당신', '위하', '놀랍', '수익', '클릭', '감사']"
2,2,다이소 건기식 추천 쿠팡에서 인기 많은 제품들 - 직접 써보니 정말 좋더라고요,"가장 많이팔린 다이소 건기식 추천 이 포스팅은 쿠팡파트너스 활동의 일환으로, 이에 따른 일정액의 수수료를 제공받습니다. https://link.coupang.com/a/cZAzLw 1위 : [세계필터] 미니 건조기필터 19매, 1개 가격 : 14,900원 링크 : https://link.coupang.com/a/cZAzLw 2위 : 판클 EPA DPA 중성지방 다이어트 오메가3 지방산 30일분 가격 : 16,300원 링크 : https://link.coupang.com/a/cZAzLz 3위 : 뉴트리디데이 프리미엄 밀크씨슬 골드 가격 : 12,900원 링크 : https://link.coupang.com/a/cZAzLC 4위 : BH코리아 다용도 접이식 식품 건조망 (생선건조,야채건조,나물건조,고추건조) BH KOREA, 1개, 3단, 화이트 가격 : 11,500원 링크 : https://link.coupang.com/a/cZAzLF 5위 : 일양약품 프라임 칼슘 마그네슘 비타민D 아연 가격 : 10,920원 링크 : https://link.coupang.com/a/cZAzLK 6위 : 종근당건강 프로메가 오메가3 트리플 장용성 가격 : 10,590원 링크 : https://link.coupang.com/a/cZAzLM 7위 : BH코리아 다용도 접이식 식품 건조망 (생선건조,야채건조,나물건조,고추건조) BH KOREA, 1개, 2단, 화이트 가격 : 10,500원 링크 : https://link.coupang.com/a/cZAzLQ 8위 : 홀리데이즈 프리미엄 콜라겐 타블렛 가격 : 9,900원 링크 : https://link.coupang.com/a/cZAzLV 9위 : GNM 건강한 간 밀크씨슬 가격 : 21,490원 링크 : https://link.coupang.com/a/cZAzLW 10위 : 뉴트리디데이 프리미엄 비타민D 5000IU 27g 가격 : 22,900원 링크 : https://link.coupang.com/a/cZAzLX ⭐️ 특별 혜택 링크 https://temu.to/k/glb5f443d8e 을(를) 탭하고 최고 품질의 상품을 초저가로 만나보세요. 🛍️ 이렇게 파격적인 혜택은 오직 Temu에서만 제공됩니다. 지금 쇼핑하고 큰 할인을 받으세요! ⭐️ 당신을 위한 또 다른 놀라움! 저와 함께 수익을 얻으시려면 https://temu.to/k/g7a19moq5z4 을 클릭하세요! 감사합니다.",,0,3,1,2025-10-28 13:07:22,https://www.youtube.com/watch?v=NyjAkIrGsTc,다이소 건기식 추천 쿠팡에서 인기 많은 제품들  직접 써보니 정말 좋더라고요 가장 많이팔린 다이소 건기식 추천 이 포스팅은 쿠팡파트너스 활동의 일환으로 이에 따른 일정액의 수수료를 제공받습니다 httpslinkcoupangcomacZAzLw 1위  세계필터 미니 건조기필터 19매 1개 가격  14900원 링크  httpslinkcoupangcomacZAzLw 2위  판클 EPA DPA 중성지방 다이어트 오메가3 지방산 30일분 가격  16300원 링크  httpslinkcoupangcomacZAzLz 3위  뉴트리디데이 프리미엄 밀크씨슬 골드 가격  12900원 링크  httpslinkcoupangcomacZAzLC 4위  BH코리아 다용도 접이식 식품 건조망 생선건조야채건조나물건조고추건조 BH KOREA 1개 3단 화이트 가격  11500원 링크  httpslinkcoupangcomacZAzLF 5위  일양약품 프라임 칼슘 마그네슘 비타민D 아연 가격  10920원 링크  httpslinkcoupangcomacZAzLK 6위  종근당건강 프로메가 오메가3 트리플 장용성 가격  10590원 링크  httpslinkcoupangcomacZAzLM 7위  BH코리아 다용도 접이식 식품 건조망 생선건조야채건조나물건조고추건조 BH KOREA 1개 2단 화이트 가격  10500원 링크  httpslinkcoupangcomacZAzLQ 8위  홀리데이즈 프리미엄 콜라겐 타블렛 가격  9900원 링크  httpslinkcoupangcomacZAzLV 9위  GNM 건강한 간 밀크씨슬 가격  21490원 링크  httpslinkcoupangcomacZAzLW 10위  뉴트리디데이 프리미엄 비타민D 5000IU 27g 가격  22900원 링크  httpslinkcoupangcomacZAzLX  특별 혜택 링크 httpstemutokglb5f443d8e 을를 탭하고 최고 품질의 상품을 초저가로 만나보세요  이렇게 파격적인 혜택은 오직 Temu에서만 제공됩니다 지금 쇼핑하고 큰 할인을 받으세요  당신을 위한 또 다른 놀라움 저와 함께 수익을 얻으시려면 httpstemutokg7a19moq5z4 을 클릭하세요 감사합니다 ,"['다이소', '추천', '쿠팡', '인기', '제품', '팔리', '다이소', '추천', '포스팅', '쿠팡', '파트너스', '활동', '일환', '따르', '일정액', '수수료', '제공', '세계', '필터', '미니', '건조기', '필터', '가격', '링크', '판클', '중성', '지방', '다이어트', '오메가', '지방산', '가격', '링크', '트리', '데이', '프리미엄', '밀크', '골드', '가격', '링크', '코리아', '다용도', '접이식', '식품', '건조', '생선', '건조', '야채', '건조', '나물', '건조', '고추', '건조', '화이트', '가격', '링크', '일양약품', '프라임', '칼슘', '마그네슘', '비타민', '아연', '가격', '링크', '종근당', '건강', '프로', '메가', '오메가', '트리플', '장용', '가격', '링크', '코리아', '다용도', '접이식', '식품', '건조', '생선', '건조', '야채', '건조', '나물', '건조', '고추', '건조', '화이트', '가격', '링크', '홀리데이', '프리미엄', '콜라겐', '가격', '링크', '건강', '밀크', '가격', '링크', '트리', '데이', '프리미엄', '비타민', '가격', '링크', '특별', '혜택', '링크', '최고', '품질', '상품', '저가', '만나', '이렇', '파격', '혜택', '제공', '쇼핑', '할인', '당신', '위하', '놀랍', '수익', '클릭', '감사']"
2,2,다이소 건기식 판매 쿠팡 무조건 만족템 TOP10 - 직접 써보니 정말 좋더라고요,"가장 많이팔린 다이소 건기식 판매 이 포스팅은 쿠팡파트너스 활동의 일환으로, 이에 따른 일정액의 수수료를 제공받습니다. https://link.coupang.com/a/cWOAZT 1위 : [국민건강 프로젝트] 대웅제약 마그네슘 에너지케어 가격 : 19,900원 링크 : https://link.coupang.com/a/cWOAZT 2위 : [세계필터] 미니 건조기필터 19매, 1개 가격 : 14,900원 링크 : https://link.coupang.com/a/cWOAZU 3위 : [국민건강 프로젝트] 대웅제약 프로바이오틱스 유산균 가격 : 19,900원 링크 : https://link.coupang.com/a/cWOAZV 4위 : [국민건강 프로젝트] 대웅제약 바나바잎추출물 가격 : 20,000원 링크 : https://link.coupang.com/a/cWOAZW 5위 : 종근당건강 프로메가 오메가3 트리플 장용성 가격 : 10,470원 링크 : https://link.coupang.com/a/cWOAZX 6위 : 그린몬스터 맥스 밀크씨슬 10 3개월분 가격 : 6,900원 링크 : https://link.coupang.com/a/cWOAZY 7위 : [국민건강 프로젝트] 대웅제약 프로바이오틱스 유산균 가격 : 10,000원 링크 : https://link.coupang.com/a/cWOAZ0 8위 : 락토핏 코어 유산균 60p 가격 : 32,200원 링크 : https://link.coupang.com/a/cWOAZ1 9위 : [국민건강 프로젝트] 대웅제약 바나바잎추출물 가격 : 10,000원 링크 : https://link.coupang.com/a/cWOAZ2 10위 : [국민건강 프로젝트] 대웅제약 마그네슘 에너지케어 가격 : 10,000원 링크 : https://link.coupang.com/a/cWOAZ3 ⭐️ 특별 혜택 링크 https://temu.to/k/glb5f443d8e 을(를) 탭하고 최고 품질의 상품을 초저가로 만나보세요. 🛍️ 이렇게 파격적인 혜택은 오직 Temu에서만 제공됩니다. 지금 쇼핑하고 큰 할인을 받으세요! ⭐️ 당신을 위한 또 다른 놀라움! 저와 함께 수익을 얻으시려면 https://temu.to/k/g7a19moq5z4 을 클릭하세요! 감사합니다.",,0,1,1,2025-10-15 23:09:38,https://www.youtube.com/watch?v=gcbaFURExXg,다이소 건기식 판매 쿠팡 무조건 만족템 TOP10  직접 써보니 정말 좋더라고요 가장 많이팔린 다이소 건기식 판매 이 포스팅은 쿠팡파트너스 활동의 일환으로 이에 따른 일정액의 수수료를 제공받습니다 httpslinkcoupangcomacWOAZT 1위  국민건강 프로젝트 대웅제약 마그네슘 에너지케어 가격  19900원 링크  httpslinkcoupangcomacWOAZT 2위  세계필터 미니 건조기필터 19매 1개 가격  14900원 링크  httpslinkcoupangcomacWOAZU 3위  국민건강 프로젝트 대웅제약 프로바이오틱스 유산균 가격  19900원 링크  httpslinkcoupangcomacWOAZV 4위  국민건강 프로젝트 대웅제약 바나바잎추출물 가격  20000원 링크  httpslinkcoupangcomacWOAZW 5위  종근당건강 프로메가 오메가3 트리플 장용성 가격  10470원 링크  httpslinkcoupangcomacWOAZX 6위  그린몬스터 맥스 밀크씨슬 10 3개월분 가격  6900원 링크  httpslinkcoupangcomacWOAZY 7위  국민건강 프로젝트 대웅제약 프로바이오틱스 유산균 가격  10000원 링크  httpslinkcoupangcomacWOAZ0 8위  락토핏 코어 유산균 60p 가격  32200원 링크  httpslinkcoupangcomacWOAZ1 9위  국민건강 프로젝트 대웅제약 바나바잎추출물 가격  10000원 링크  httpslinkcoupangcomacWOAZ2 10위  국민건강 프로젝트 대웅제약 마그네슘 에너지케어 가격  10000원 링크  httpslinkcoupangcomacWOAZ3  특별 혜택 링크 httpstemutokglb5f443d8e 을를 탭하고 최고 품질의 상품을 초저가로 만나보세요  이렇게 파격적인 혜택은 오직 Temu에서만 제공됩니다 지금 쇼핑하고 큰 할인을 받으세요  당신을 위한 또 다른 놀라움 저와 함께 수익을 얻으시려면 httpstemutokg7a19moq5z4 을 클릭하세요 감사합니다 ,"['다이소', '판매', '쿠팡', '만족', '팔리', '다이소', '판매', '포스팅', '쿠팡', '파트너스', '활동', '일환', '따르', '일정액', '수수료', '제공', '국민', '건강', '프로젝트', '대웅제약', '마그네슘', '에너지', '케어', '가격', '링크', '세계', '필터', '미니', '건조기', '필터', '가격', '링크', '국민', '건강', '프로젝트', '대웅제약', '프로바이오틱스', '유산균', '가격', '링크', '국민', '건강', '프로젝트', '대웅제약', '추출물', '가격', '링크', '종근당', '건강', '프로', '메가', '오메가', '트리플', '장용', '가격', '링크', '그린', '몬스터', '맥스', '밀크', '개월', '가격', '링크', '국민', '건강', '프로젝트', '대웅제약', '프로바이오틱스', '유산균', '가격', '링크', '락토핏', '코어', '유산균', '가격', '링크', '국민', '건강', '프로젝트', '대웅제약', '추출물', '가격', '링크', '국민', '건강', '프로젝트', '대웅제약', '마그네슘', '에너지', '케어', '가격', '링크', '특별', '혜택', '링크', '최고', '품질', '상품', '저가', '만나', '이렇', '파격', '혜택', '제공', '쇼핑', '할인', '당신', '위하', '놀랍', '수익', '클릭', '감사']"
2,2,다이소 건기식 콜라겐 가성비 최고 쿠팡 필수템 BEST 10,"가장 많이팔린 다이소 건기식 콜라겐 영상 속 다이소 건기식 콜라겐 구매링크: https://link.coupang.com/a/cUaHdN 이 포스팅은 쿠팡파트너스 활동의 일환으로, 이에 따른 일정액의 수수료를 제공받습니다. 1위 : 경남제약 결콜라겐 플러스 가격 : 25,680원 링크 : https://link.coupang.com/a/cUaHdN 2위 : 결콜라겐 경남제약 가격 : 14,740원 링크 : https://link.coupang.com/a/cUaHdP 3위 : 네추럴라이즈 콜라겐에 쏙빠지다 가격 : 12,600원 링크 : https://link.coupang.com/a/cUaHdS 4위 : 경남제약 결콜라겐 플러스 가격 : 13,950원 링크 : https://link.coupang.com/a/cUaHdT 5위 : 결콜라겐 경남제약 가격 : 15,890원 링크 : https://link.coupang.com/a/cUaHdU 6위 : 결콜라겐 경남제약 가격 : 28,800원 링크 : https://link.coupang.com/a/cUaHdW 7위 : 니아르 퓨어콜라겐 마이크로 베리솔 콜라겐 1,700 X, 2박스, 28정 가격 : 49,800원 링크 : https://link.coupang.com/a/cUaHdY 8위 : 경남제약 결콜라겐 플러스 가격 : 14,250원 링크 : https://link.coupang.com/a/cUaHdZ 9위 : 니아르 퓨어콜라겐 마이크로 베리솔 콜라겐 1,700 X, 3박스, 28정 가격 : 69,900원 링크 : https://link.coupang.com/a/cUaHd1 10위 : 경남제약 결콜라겐 플러스 가격 : 37,170원 링크 : https://link.coupang.com/a/cUaHd3 감사합니다.",,0,4,1,2025-10-01 04:46:32,https://www.youtube.com/watch?v=Gek3cSoRR8E,다이소 건기식 콜라겐 가성비 최고 쿠팡 필수템 BEST 10 가장 많이팔린 다이소 건기식 콜라겐 영상 속 다이소 건기식 콜라겐 구매링크 httpslinkcoupangcomacUaHdN 이 포스팅은 쿠팡파트너스 활동의 일환으로 이에 따른 일정액의 수수료를 제공받습니다 1위  경남제약 결콜라겐 플러스 가격  25680원 링크  httpslinkcoupangcomacUaHdN 2위  결콜라겐 경남제약 가격  14740원 링크  httpslinkcoupangcomacUaHdP 3위  네추럴라이즈 콜라겐에 쏙빠지다 가격  12600원 링크  httpslinkcoupangcomacUaHdS 4위  경남제약 결콜라겐 플러스 가격  13950원 링크  httpslinkcoupangcomacUaHdT 5위  결콜라겐 경남제약 가격  15890원 링크  httpslinkcoupangcomacUaHdU 6위  결콜라겐 경남제약 가격  28800원 링크  httpslinkcoupangcomacUaHdW 7위  니아르 퓨어콜라겐 마이크로 베리솔 콜라겐 1700 X 2박스 28정 가격  49800원 링크  httpslinkcoupangcomacUaHdY 8위  경남제약 결콜라겐 플러스 가격  14250원 링크  httpslinkcoupangcomacUaHdZ 9위  니아르 퓨어콜라겐 마이크로 베리솔 콜라겐 1700 X 3박스 28정 가격  69900원 링크  httpslinkcoupangcomacUaHd1 10위  경남제약 결콜라겐 플러스 가격  37170원 링크  httpslinkcoupangcomacUaHd3 감사합니다 ,"['다이소', '콜라겐', '가성비', '최고', '쿠팡', '필수', '팔리', '다이소', '콜라겐', '영상', '다이소', '콜라겐', '구매', '링크', '포스팅', '쿠팡', '파트너스', '활동', '일환', '따르', '일정액', '수수료', '제공', '경남', '제약', '콜라겐', '플러스', '가격', '링크', '콜라겐', '경남', '제약', '가격', '링크', '네추럴라이즈', '콜라겐', '빠지', '가격', '링크', '경남', '제약', '콜라겐', '플러스', '가격', '링크', '콜라겐', '경남', '제약', '가격', '링크', '콜라겐', '경남', '제약', '가격', '링크', '니아르', '퓨어', '콜라겐', '마이크로', '베리', '콜라겐', '박스', '가격', '링크', '경남', '제약', '콜라겐', '플러스', '가격', '링크', '니아르', '퓨어', '콜라겐', '마이크로', '베리', '콜라겐', '박스', '가격', '링크', '경남', '제약', '콜라겐', '플러스', '가격', '링크', '감사']"
2,2,"다이소 오메가3, 강아지에게 줘도 될까? 잘못 사면 독! #반려견 #강아지영양제 #건강",다이소에 있는 오메가3 건기식! 우리 강아지 건강을 위해 줘도 될까요? https://www.youtube.com/watch?v=Huqf86tDuZI 궁금한 주제나 질문은 댓글 달아주시면 감사합니다. 구독과 좋아요는 영상제작에 큰 힘이 됩니다. 늘 짧고 간결하게 전달하도록 노력하겠습니다 :),,3,256,0,2026-02-03 10:30:22,https://www.youtube.com/watch?v=Je0AH1l7GWo,다이소 오메가3 강아지에게 줘도 될까 잘못 사면 독 #반려견 #강아지영양제 #건강 다이소에 있는 오메가3 건기식 우리 강아지 건강을 위해 줘도 될까요 httpswwwyoutubecomwatchvHuqf86tDuZI 궁금한 주제나 질문은 댓글 달아주시면 감사합니다 구독과 좋아요는 영상제작에 큰 힘이 됩니다 늘 짧고 간결하게 전달하도록 노력하겠습니다  ,"['다이소', '오메가', '강아지', '다이소', '오메가', '건기', '우리', '강아지', '건강', '위하', '주제', '질문', '댓글', '감사', '구독', '영상', '제작', '전달', '노력']"
2,2,다이소 건기식 콜라겐 쿠팡에서 제일 많이 팔린 인기템 BEST 10,"가장 많이팔린 다이소 건기식 콜라겐 영상 속 다이소 건기식 콜라겐 구매링크: https://link.coupang.com/a/cU7cJr 이 포스팅은 쿠팡파트너스 활동의 일환으로, 이에 따른 일정액의 수수료를 제공받습니다. 1위 : 니아르 퓨어콜라겐 마이크로 베리솔 콜라겐 1,700 X, 1박스, 28정 가격 : 25,900원 링크 : https://link.coupang.com/a/cU7cJr 2위 : 경남제약 결콜라겐 플러스 가격 : 25,680원 링크 : https://link.coupang.com/a/cU7cJs 3위 : 결콜라겐 경남제약 가격 : 14,740원 링크 : https://link.coupang.com/a/cU7cJt 4위 : 경남제약 결콜라겐 플러스 가격 : 13,950원 링크 : https://link.coupang.com/a/cU7cJu 5위 : 결콜라겐 경남제약 가격 : 15,890원 링크 : https://link.coupang.com/a/cU7cJv 6위 : 경남제약 결콜라겐 플러스 가격 : 14,250원 링크 : https://link.coupang.com/a/cU7cJy 7위 : 결콜라겐 경남제약 가격 : 28,800원 링크 : https://link.coupang.com/a/cU7cJz 8위 : 일양약품 데일리 히알루콜라겐 1500, 6개, 14회분 가격 : 43,740원 링크 : https://link.coupang.com/a/cU7cJE 9위 : 니아르 퓨어콜라겐 마이크로 베리솔 콜라겐 1,700 X, 5박스, 28정 가격 : 109,000원 링크 : https://link.coupang.com/a/cU7cJG 10위 : 경남제약 결콜라겐 플러스 가격 : 37,160원 링크 : https://link.coupang.com/a/cU7cJJ 감사합니다.",,0,22,1,2025-10-07 03:24:25,https://www.youtube.com/watch?v=mZfA4L0QxFo,다이소 건기식 콜라겐 쿠팡에서 제일 많이 팔린 인기템 BEST 10 가장 많이팔린 다이소 건기식 콜라겐 영상 속 다이소 건기식 콜라겐 구매링크 httpslinkcoupangcomacU7cJr 이 포스팅은 쿠팡파트너스 활동의 일환으로 이에 따른 일정액의 수수료를 제공받습니다 1위  니아르 퓨어콜라겐 마이크로 베리솔 콜라겐 1700 X 1박스 28정 가격  25900원 링크  httpslinkcoupangcomacU7cJr 2위  경남제약 결콜라겐 플러스 가격  25680원 링크  httpslinkcoupangcomacU7cJs 3위  결콜라겐 경남제약 가격  14740원 링크  httpslinkcoupangcomacU7cJt 4위  경남제약 결콜라겐 플러스 가격  13950원 링크  httpslinkcoupangcomacU7cJu 5위  결콜라겐 경남제약 가격  15890원 링크  httpslinkcoupangcomacU7cJv 6위  경남제약 결콜라겐 플러스 가격  14250원 링크  httpslinkcoupangcomacU7cJy 7위  결콜라겐 경남제약 가격  28800원 링크  httpslinkcoupangcomacU7cJz 8위  일양약품 데일리 히알루콜라겐 1500 6개 14회분 가격  43740원 링크  httpslinkcoupangcomacU7cJE 9위  니아르 퓨어콜라겐 마이크로 베리솔 콜라겐 1700 X 5박스 28정 가격  109000원 링크  httpslinkcoupangcomacU7cJG 10위  경남제약 결콜라겐 플러스 가격  37160원 링크  httpslinkcoupangcomacU7cJJ 감사합니다 ,"['다이소', '콜라겐', '쿠팡', '팔리', '인기', '팔리', '다이소', '콜라겐', '영상', '다이소', '콜라겐', '구매', '링크', '포스팅', '쿠팡', '파트너스', '활동', '일환', '따르', '일정액', '수수료', '제공', '니아르', '퓨어', '콜라겐', '마이크로', '베리', '콜라겐', '박스', '가격', '링크', '경남', '제약', '콜라겐', '플러스', '가격', '링크', '콜라겐', '경남', '제약', '가격', '링크', '경남', '제약', '콜라겐', '플러스', '가격', '링크', '콜라겐', '경남', '제약', '가격', '링크', '경남', '제약', '콜라겐', '플러스', '가격', '링크', '콜라겐', '경남', '제약', '가격', '링크', '일양약품', '데일리', '히알루', '콜라겐', '가격', '링크', '니아르', '퓨어', '콜라겐', '마이크로', '베리', '콜라겐', '박스', '가격', '링크', '경남', '제약', '콜라겐', '플러스', '가격', '링크', '감사']"
2,2,다이소 건기식 종류 쿠팡에서 제일 많이 팔린 인기템 BEST 10,"가장 많이팔린 다이소 건기식 종류 이 포스팅은 쿠팡파트너스 활동의 일환으로, 이에 따른 일정액의 수수료를 제공받습니다. https://link.coupang.com/a/cZ8TsW 1위 : GNM 건강한 간 밀크씨슬 가격 : 21,490원 링크 : https://link.coupang.com/a/cZ8TsW 2위 : 종근당건강 프로메가 오메가3 트리플 가격 : 10,590원 링크 : https://link.coupang.com/a/cZ8TsY 3위 : 락토핏 코어 유산균 60p 가격 : 32,200원 링크 : https://link.coupang.com/a/cZ8TsZ 4위 : 뉴트리디데이 프리미엄 밀크씨슬 골드 가격 : 12,900원 링크 : https://link.coupang.com/a/cZ8Ts0 5위 : 판클 EPA DPA 중성지방 다이어트 오메가3 지방산 30일분 가격 : 16,300원 링크 : https://link.coupang.com/a/cZ8Ts2 6위 : 뉴트리디데이 프리미엄 비타민D 5000IU 27g 가격 : 22,900원 링크 : https://link.coupang.com/a/cZ8Ts5 7위 : 뉴트리디데이 프리미엄 밀크씨슬 골드 가격 : 24,900원 링크 : https://link.coupang.com/a/cZ8Ts7 8위 : 뉴트리하루 실리마린 밀크 시슬 추출물 밀크씨슬 아르기닌 플러스 야관문 글루타치온 가격 : 28,200원 링크 : https://link.coupang.com/a/cZ8Ts8 9위 : 일양약품 프라임 칼슘 마그네슘 비타민D 아연 가격 : 11,100원 링크 : https://link.coupang.com/a/cZ8Ttb 10위 : 홀리데이즈 프리미엄 콜라겐 타블렛 가격 : 9,900원 링크 : https://link.coupang.com/a/cZ8Ttd ⭐️ 특별 혜택 링크 https://temu.to/k/glb5f443d8e 을(를) 탭하고 최고 품질의 상품을 초저가로 만나보세요. 🛍️ 이렇게 파격적인 혜택은 오직 Temu에서만 제공됩니다. 지금 쇼핑하고 큰 할인을 받으세요! ⭐️ 당신을 위한 또 다른 놀라움! 저와 함께 수익을 얻으시려면 https://temu.to/k/g7a19moq5z4 을 클릭하세요! 감사합니다.",,0,4,1,2025-10-31 05:53:39,https://www.youtube.com/watch?v=uCerw8TwGbs,다이소 건기식 종류 쿠팡에서 제일 많이 팔린 인기템 BEST 10 가장 많이팔린 다이소 건기식 종류 이 포스팅은 쿠팡파트너스 활동의 일환으로 이에 따른 일정액의 수수료를 제공받습니다 httpslinkcoupangcomacZ8TsW 1위  GNM 건강한 간 밀크씨슬 가격  21490원 링크  httpslinkcoupangcomacZ8TsW 2위  종근당건강 프로메가 오메가3 트리플 가격  10590원 링크  httpslinkcoupangcomacZ8TsY 3위  락토핏 코어 유산균 60p 가격  32200원 링크  httpslinkcoupangcomacZ8TsZ 4위  뉴트리디데이 프리미엄 밀크씨슬 골드 가격  12900원 링크  httpslinkcoupangcomacZ8Ts0 5위  판클 EPA DPA 중성지방 다이어트 오메가3 지방산 30일분 가격  16300원 링크  httpslinkcoupangcomacZ8Ts2 6위  뉴트리디데이 프리미엄 비타민D 5000IU 27g 가격  22900원 링크  httpslinkcoupangcomacZ8Ts5 7위  뉴트리디데이 프리미엄 밀크씨슬 골드 가격  24900원 링크  httpslinkcoupangcomacZ8Ts7 8위  뉴트리하루 실리마린 밀크 시슬 추출물 밀크씨슬 아르기닌 플러스 야관문 글루타치온 가격  28200원 링크  httpslinkcoupangcomacZ8Ts8 9위  일양약품 프라임 칼슘 마그네슘 비타민D 아연 가격  11100원 링크  httpslinkcoupangcomacZ8Ttb 10위  홀리데이즈 프리미엄 콜라겐 타블렛 가격  9900원 링크  httpslinkcoupangcomacZ8Ttd  특별 혜택 링크 httpstemutokglb5f443d8e 을를 탭하고 최고 품질의 상품을 초저가로 만나보세요  이렇게 파격적인 혜택은 오직 Temu에서만 제공됩니다 지금 쇼핑하고 큰 할인을 받으세요  당신을 위한 또 다른 놀라움 저와 함께 수익을 얻으시려면 httpstemutokg7a19moq5z4 을 클릭하세요 감사합니다 ,"['다이소', '종류', '쿠팡', '팔리', '인기', '팔리', '다이소', '종류', '포스팅', '쿠팡', '파트너스', '활동', '일환', '따르', '일정액', '수수료', '제공', '건강', '밀크', '가격', '링크', '종근당', '건강', '프로', '메가', '오메가', '트리플', '가격', '링크', '락토핏', '코어', '유산균', '가격', '링크', '트리', '데이', '프리미엄', '밀크', '골드', '가격', '링크', '판클', '중성', '지방', '다이어트', '오메가', '지방산', '가격', '링크', '트리', '데이', '프리미엄', '비타민', '가격', '링크', '트리', '데이', '프리미엄', '밀크', '골드', '가격', '링크', '트리', '하루', '밀크', '추출물', '밀크', '아르기닌', '플러스', '관문', '가격', '링크', '일양약품', '프라임', '칼슘', '마그네슘', '비타민', '아연', '가격', '링크', '홀리데이', '프리미엄', '콜라겐', '가격', '링크', '특별', '혜택', '링크', '최고', '품질', '상품', '저가', '만나', '이렇', '파격', '혜택', '제공', '쇼핑', '할인', '당신', '위하', '놀랍', '수익', '클릭', '감사']"
2,2,다이소 건기식 콜라겐 늦으면 없다는 쿠팡추천템 BEST 10,"가장 많이팔린 다이소 건기식 콜라겐 이 포스팅은 쿠팡파트너스 활동의 일환으로, 이에 따른 일정액의 수수료를 제공받습니다. https://link.coupang.com/a/cWgJZu 1위 : 홀리데이즈 프리미엄 콜라겐 타블렛 가격 : 9,900원 링크 : https://link.coupang.com/a/cWgJZu 2위 : 캐나다 연어콜라겐 800mg X 60정 김소형원방, 6박스, 360정 가격 : 48,600원 링크 : https://link.coupang.com/a/cWgJZx 3위 : 경남제약 결콜라겐 플러스 가격 : 13,950원 링크 : https://link.coupang.com/a/cWgJZy 4위 : 콜라겐 복합체 - 2500 mg, 노화 방지, 주름 방지, 피부, 모발 및 손톱 건강을 지원하고 면역 건강을 향상시킵니다., 3개, 120정 가격 : 62,700원 링크 : https://link.coupang.com/a/cWgJZz 5위 : 결콜라겐 경남제약 가격 : 14,740원 링크 : https://link.coupang.com/a/cWgJZB 6위 : [웰리너스] 망고찬콜라겐 젤리 피쉬콜라겐 스틱 500Da 저분자, 625g, 2개 가격 : 79,400원 링크 : https://link.coupang.com/a/cWgJZD 7위 : 경남제약 결콜라겐 플러스 가격 : 25,700원 링크 : https://link.coupang.com/a/cWgJZE 8위 : 저분자 콜라겐 석류 젤리 스틱 500달톤, 300g, 4개 가격 : 34,270원 링크 : https://link.coupang.com/a/cWgJZF 9위 : 경남제약 결콜라겐 플러스 가격 : 14,250원 링크 : https://link.coupang.com/a/cWgJZG 10위 : 미즈온 이너스빗 프리미엄 식물성 비건 먹는 콜라겐 젤리스틱 3300mg 14포, 2박스, 280g 가격 : 49,400원 링크 : https://link.coupang.com/a/cWgJZH ⭐️ 특별 혜택 링크 https://temu.to/k/glb5f443d8e 을(를) 탭하고 최고 품질의 상품을 초저가로 만나보세요. 🛍️ 이렇게 파격적인 혜택은 오직 Temu에서만 제공됩니다. 지금 쇼핑하고 큰 할인을 받으세요! ⭐️ 당신을 위한 또 다른 놀라움! 저와 함께 수익을 얻으시려면 https://temu.to/k/g7a19moq5z4 을 클릭하세요! 감사합니다.",,0,23,1,2025-10-13 10:41:35,https://www.youtube.com/watch?v=g02NNxe4-l4,다이소 건기식 콜라겐 늦으면 없다는 쿠팡추천템 BEST 10 가장 많이팔린 다이소 건기식 콜라겐 이 포스팅은 쿠팡파트너스 활동의 일환으로 이에 따른 일정액의 수수료를 제공받습니다 httpslinkcoupangcomacWgJZu 1위  홀리데이즈 프리미엄 콜라겐 타블렛 가격  9900원 링크  httpslinkcoupangcomacWgJZu 2위  캐나다 연어콜라겐 800mg X 60정 김소형원방 6박스 360정 가격  48600원 링크  httpslinkcoupangcomacWgJZx 3위  경남제약 결콜라겐 플러스 가격  13950원 링크  httpslinkcoupangcomacWgJZy 4위  콜라겐 복합체  2500 mg 노화 방지 주름 방지 피부 모발 및 손톱 건강을 지원하고 면역 건강을 향상시킵니다 3개 120정 가격  62700원 링크  httpslinkcoupangcomacWgJZz 5위  결콜라겐 경남제약 가격  14740원 링크  httpslinkcoupangcomacWgJZB 6위  웰리너스 망고찬콜라겐 젤리 피쉬콜라겐 스틱 500Da 저분자 625g 2개 가격  79400원 링크  httpslinkcoupangcomacWgJZD 7위  경남제약 결콜라겐 플러스 가격  25700원 링크  httpslinkcoupangcomacWgJZE 8위  저분자 콜라겐 석류 젤리 스틱 500달톤 300g 4개 가격  34270원 링크  httpslinkcoupangcomacWgJZF 9위  경남제약 결콜라겐 플러스 가격  14250원 링크  httpslinkcoupangcomacWgJZG 10위  미즈온 이너스빗 프리미엄 식물성 비건 먹는 콜라겐 젤리스틱 3300mg 14포 2박스 280g 가격  49400원 링크  httpslinkcoupangcomacWgJZH  특별 혜택 링크 httpstemutokglb5f443d8e 을를 탭하고 최고 품질의 상품을 초저가로 만나보세요  이렇게 파격적인 혜택은 오직 Temu에서만 제공됩니다 지금 쇼핑하고 큰 할인을 받으세요  당신을 위한 또 다른 놀라움 저와 함께 수익을 얻으시려면 httpstemutokg7a19moq5z4 을 클릭하세요 감사합니다 ,"['다이소', '콜라겐', '쿠팡', '추천', '팔리', '다이소', '콜라겐', '포스팅', '쿠팡', '파트너스', '활동', '일환', '따르', '일정액', '수수료', '제공', '홀리데이', '프리미엄', '콜라겐', '가격', '링크', '캐나다', '연어', '콜라겐', '김소형', '박스', '가격', '링크', '경남', '제약', '콜라겐', '플러스', '가격', '링크', '콜라겐', '복합체', '노화', '방지', '주름', '방지', '피부', '모발', '손톱', '건강', '지원', '면역', '건강', '향상', '가격', '링크', '콜라겐', '경남', '제약', '가격', '링크', '웰리너스', '망고', '콜라겐', '젤리', '피쉬', '콜라겐', '스틱', '저분자', '가격', '링크', '경남', '제약', '콜라겐', '플러스', '가격', '링크', '저분자', '콜라겐', '석류', '젤리', '스틱', '가격', '링크', '경남', '제약', '콜라겐', '플러스', '가격', '링크', '미즈온', '이너스빗', '프리미엄', '식물', '콜라겐', '젤리', '스틱', '박스', '가격', '링크', '특별', '혜택', '링크', '최고', '품질', '상품', '저가', '만나', '이렇', '파격', '혜택', '제공', '쇼핑', '할인', '당신', '위하', '놀랍', '수익', '클릭', '감사']"
2,2,다이소 건기식 콜라겐 놓치면 후회하는 쿠팡 베스트템 BEST 10,"가장 많이팔린 다이소 건기식 콜라겐 이 포스팅은 쿠팡파트너스 활동의 일환으로, 이에 따른 일정액의 수수료를 제공받습니다. https://link.coupang.com/a/cVC4PA 1위 : 홀리데이즈 프리미엄 콜라겐 타블렛 가격 : 9,900원 링크 : https://link.coupang.com/a/cVC4PA 2위 : 순수 해양 콜라겐 100% 해양 콜라겐 1형 1470mg - 가수분해 콜라겐 Pe, 1개, 60정 가격 : 17,560원 링크 : https://link.coupang.com/a/cVC4PB 3위 : 경남제약 결콜라겐 플러스 가격 : 13,950원 링크 : https://link.coupang.com/a/cVC4PC 4위 : 콜라겐 복합체 - 2500 mg, 노화 방지, 주름 방지, 피부, 모발 및 손톱 건강을 지원하고 면역 건강을 향상시킵니다., 3개, 120정 가격 : 62,700원 링크 : https://link.coupang.com/a/cVC4PD 5위 : 결콜라겐 경남제약 가격 : 14,740원 링크 : https://link.coupang.com/a/cVC4PF 6위 : 인생한방 콜라겐 4000 프랑스산 저분자 어린 피쉬콜라겐 비오틴 플러스, 140g, 1개 가격 : 29,900원 링크 : https://link.coupang.com/a/cVC4PH 7위 : 경남제약 결콜라겐 플러스 가격 : 25,680원 링크 : https://link.coupang.com/a/cVC4PJ 8위 : 건강세상 일본 하나마이 피쉬콜라겐(대용량) 100g 피부미용 식품 미용 피부 보, 100g, 1개 가격 : 20,800원 링크 : https://link.coupang.com/a/cVC4PL 9위 : 경남제약 결콜라겐 플러스 가격 : 14,250원 링크 : https://link.coupang.com/a/cVC4PN 10위 : 하나마이 본사직영 저분자 피쉬 콜라겐 100% 대용량 3세트(인도네시아산 원료사용), 100g, 3개 가격 : 56,600원 링크 : https://link.coupang.com/a/cVC4PO ⭐️ 특별 혜택 링크 https://temu.to/k/glb5f443d8e 을(를) 탭하고 최고 품질의 상품을 초저가로 만나보세요. 🛍️ 이렇게 파격적인 혜택은 오직 Temu에서만 제공됩니다. 지금 쇼핑하고 큰 할인을 받으세요! ⭐️ 당신을 위한 또 다른 놀라움! 저와 함께 수익을 얻으시려면 https://temu.to/k/g7a19moq5z4 을 클릭하세요! 감사합니다.",,0,33,1,2025-10-10 03:50:10,https://www.youtube.com/watch?v=8tmPCKJlMyI,다이소 건기식 콜라겐 놓치면 후회하는 쿠팡 베스트템 BEST 10 가장 많이팔린 다이소 건기식 콜라겐 이 포스팅은 쿠팡파트너스 활동의 일환으로 이에 따른 일정액의 수수료를 제공받습니다 httpslinkcoupangcomacVC4PA 1위  홀리데이즈 프리미엄 콜라겐 타블렛 가격  9900원 링크  httpslinkcoupangcomacVC4PA 2위  순수 해양 콜라겐 100 해양 콜라겐 1형 1470mg  가수분해 콜라겐 Pe 1개 60정 가격  17560원 링크  httpslinkcoupangcomacVC4PB 3위  경남제약 결콜라겐 플러스 가격  13950원 링크  httpslinkcoupangcomacVC4PC 4위  콜라겐 복합체  2500 mg 노화 방지 주름 방지 피부 모발 및 손톱 건강을 지원하고 면역 건강을 향상시킵니다 3개 120정 가격  62700원 링크  httpslinkcoupangcomacVC4PD 5위  결콜라겐 경남제약 가격  14740원 링크  httpslinkcoupangcomacVC4PF 6위  인생한방 콜라겐 4000 프랑스산 저분자 어린 피쉬콜라겐 비오틴 플러스 140g 1개 가격  29900원 링크  httpslinkcoupangcomacVC4PH 7위  경남제약 결콜라겐 플러스 가격  25680원 링크  httpslinkcoupangcomacVC4PJ 8위  건강세상 일본 하나마이 피쉬콜라겐대용량 100g 피부미용 식품 미용 피부 보 100g 1개 가격  20800원 링크  httpslinkcoupangcomacVC4PL 9위  경남제약 결콜라겐 플러스 가격  14250원 링크  httpslinkcoupangcomacVC4PN 10위  하나마이 본사직영 저분자 피쉬 콜라겐 100 대용량 3세트인도네시아산 원료사용 100g 3개 가격  56600원 링크  httpslinkcoupangcomacVC4PO  특별 혜택 링크 httpstemutokglb5f443d8e 을를 탭하고 최고 품질의 상품을 초저가로 만나보세요  이렇게 파격적인 혜택은 오직 Temu에서만 제공됩니다 지금 쇼핑하고 큰 할인을 받으세요  당신을 위한 또 다른 놀라움 저와 함께 수익을 얻으시려면 httpstemutokg7a19moq5z4 을 클릭하세요 감사합니다 ,"['다이소', '콜라겐', '놓치', '후회', '쿠팡', '베스트', '팔리', '다이소', '콜라겐', '포스팅', '쿠팡', '파트너스', '활동', '일환', '따르', '일정액', '수수료', '제공', '홀리데이', '프리미엄', '콜라겐', '가격', '링크', '순수', '해양', '콜라겐', '해양', '콜라겐', '가수', '분해', '콜라겐', '가격', '링크', '경남', '제약', '콜라겐', '플러스', '가격', '링크', '콜라겐', '복합체', '노화', '방지', '주름', '방지', '피부', '모발', '손톱', '건강', '지원', '면역', '건강', '향상', '가격', '링크', '콜라겐', '경남', '제약', '가격', '링크', '인생', '콜라겐', '프랑스', '저분자', '어리', '피쉬', '콜라겐', '비오티', '플러스', '가격', '링크', '경남', '제약', '콜라겐', '플러스', '가격', '링크', '건강', '세상', '일본', '피쉬', '콜라겐', '용량', '피부', '미용', '식품', '미용', '피부', '가격', '링크', '경남', '제약', '콜라겐', '플러스', '가격', '링크', '본사', '직영', '저분자', '피쉬', '콜라겐', '용량', '세트', '인도네시아', '원료', '사용', '가격', '링크', '특별', '혜택', '링크', '최고', '품질', '상품', '저가', '만나', '이렇', '파격', '혜택', '제공', '쇼핑', '할인', '당신', '위하', '놀랍', '수익', '클릭', '감사']"
2,2,다이소 건기식 추천 쿠팡에서 인기 많은 제품들 - 가격도 착하고 품질도 좋아요,"가장 많이팔린 다이소 건기식 추천 이 포스팅은 쿠팡파트너스 활동의 일환으로, 이에 따른 일정액의 수수료를 제공받습니다. https://link.coupang.com/a/c5TdD2 1위 : 뉴트리디데이 프리미엄 비타민D 5000IU 27g 가격 : 22,900원 링크 : https://link.coupang.com/a/c5TdD2 2위 : [소연골 콘드로이친] 대웅제약 프리미엄 콘드로이친 가격 : 18,000원 링크 : https://link.coupang.com/a/c5TdD3 3위 : [바나바잎 혈당관리] 대웅제약 바나바잎추출물 가격 : 10,000원 링크 : https://link.coupang.com/a/c5TdD4 4위 : 종근당건강 프로메가 오메가3 트리플 가격 : 10,590원 링크 : https://link.coupang.com/a/c5TdD5 5위 : [유산균 장건강] 대웅제약 프로바이오틱스 유산균 가격 : 17,910원 링크 : https://link.coupang.com/a/c5TdD7 6위 : [유산균 장건강] 대웅제약 프로바이오틱스 유산균 가격 : 10,000원 링크 : https://link.coupang.com/a/c5TdD8 7위 : 뉴트리디데이 프리미엄 밀크씨슬 골드 가격 : 12,900원 링크 : https://link.coupang.com/a/c5TdD9 8위 : 자연의품격 GNM 건강한 간 밀크씨슬 75g 가격 : 21,900원 링크 : https://link.coupang.com/a/c5TdEe 9위 : [바나바잎 혈당관리] 대웅제약 바나바잎추출물 가격 : 18,000원 링크 : https://link.coupang.com/a/c5TdEh 10위 : [마그네슘 에너지충전] 대웅제약 마그네슘 에너지케어 가격 : 17,910원 링크 : https://link.coupang.com/a/c5TdEj ⭐️ 특별 혜택 링크 https://temu.to/k/glb5f443d8e 을(를) 탭하고 최고 품질의 상품을 초저가로 만나보세요. 🛍️ 이렇게 파격적인 혜택은 오직 Temu에서만 제공됩니다. 지금 쇼핑하고 큰 할인을 받으세요! ⭐️ 당신을 위한 또 다른 놀라움! 저와 함께 수익을 얻으시려면 https://temu.to/k/g7a19moq5z4 을 클릭하세요! 감사합니다.",,0,0,1,2025-11-19 10:22:53,https://www.youtube.com/watch?v=0pMgNjWsYxs,다이소 건기식 추천 쿠팡에서 인기 많은 제품들  가격도 착하고 품질도 좋아요 가장 많이팔린 다이소 건기식 추천 이 포스팅은 쿠팡파트너스 활동의 일환으로 이에 따른 일정액의 수수료를 제공받습니다 httpslinkcoupangcomac5TdD2 1위  뉴트리디데이 프리미엄 비타민D 5000IU 27g 가격  22900원 링크  httpslinkcoupangcomac5TdD2 2위  소연골 콘드로이친 대웅제약 프리미엄 콘드로이친 가격  18000원 링크  httpslinkcoupangcomac5TdD3 3위  바나바잎 혈당관리 대웅제약 바나바잎추출물 가격  10000원 링크  httpslinkcoupangcomac5TdD4 4위  종근당건강 프로메가 오메가3 트리플 가격  10590원 링크  httpslinkcoupangcomac5TdD5 5위  유산균 장건강 대웅제약 프로바이오틱스 유산균 가격  17910원 링크  httpslinkcoupangcomac5TdD7 6위  유산균 장건강 대웅제약 프로바이오틱스 유산균 가격  10000원 링크  httpslinkcoupangcomac5TdD8 7위  뉴트리디데이 프리미엄 밀크씨슬 골드 가격  12900원 링크  httpslinkcoupangcomac5TdD9 8위  자연의품격 GNM 건강한 간 밀크씨슬 75g 가격  21900원 링크  httpslinkcoupangcomac5TdEe 9위  바나바잎 혈당관리 대웅제약 바나바잎추출물 가격  18000원 링크  httpslinkcoupangcomac5TdEh 10위  마그네슘 에너지충전 대웅제약 마그네슘 에너지케어 가격  17910원 링크  httpslinkcoupangcomac5TdEj  특별 혜택 링크 httpstemutokglb5f443d8e 을를 탭하고 최고 품질의 상품을 초저가로 만나보세요  이렇게 파격적인 혜택은 오직 Temu에서만 제공됩니다 지금 쇼핑하고 큰 할인을 받으세요  당신을 위한 또 다른 놀라움 저와 함께 수익을 얻으시려면 httpstemutokg7a19moq5z4 을 클릭하세요 감사합니다 ,"['다이소', '추천', '쿠팡', '인기', '제품', '가격', '착하', '품질', '팔리', '다이소', '추천', '포스팅', '쿠팡', '파트너스', '활동', '일환', '따르', '일정액', '수수료', '제공', '트리', '데이', '프리미엄', '비타민', '가격', '링크', '연골', '대웅제약', '프리미엄', '가격', '링크', '혈당', '관리', '대웅제약', '추출물', '가격', '링크', '종근당', '건강', '프로', '메가', '오메가', '트리플', '가격', '링크', '유산균', '건강', '대웅제약', '프로바이오틱스', '유산균', '가격', '링크', '유산균', '건강', '대웅제약', '프로바이오틱스', '유산균', '가격', '링크', '트리', '데이', '프리미엄', '밀크', '골드', '가격', '링크', '자연', '품격', '건강', '밀크', '가격', '링크', '혈당', '관리', '대웅제약', '추출물', '가격', '링크', '마그네슘', '에너지', '충전', '대웅제약', '마그네슘', '에너지', '케어', '가격', '링크', '특별', '혜택', '링크', '최고', '품질', '상품', '저가', '만나', '이렇', '파격', '혜택', '제공', '쇼핑', '할인', '당신', '위하', '놀랍', '수익', '클릭', '감사']"
2,2,다이소 건기식 종류 쿠팡에서 인기 많은 제품들 - 추천받고 샀는데 대만족!,"가장 많이팔린 다이소 건기식 종류 이 포스팅은 쿠팡파트너스 활동의 일환으로, 이에 따른 일정액의 수수료를 제공받습니다. https://link.coupang.com/a/daDvck 1위 : 종근당건강 프로메가 오메가3 트리플 가격 : 10,390원 링크 : https://link.coupang.com/a/daDvck 2위 : 건일 식품 야채 과일 소형 고추 건조기 가격 : 1,350,000원 링크 : https://link.coupang.com/a/daDvcl 3위 : 뉴트리디데이 프리미엄 비타민D 5000IU 27g 가격 : 22,900원 링크 : https://link.coupang.com/a/daDvcm 4위 : 자연그대로 식품 건조기 행잉 후크 회전식 육포 건조기 육포건조 과일건조 동시에 가능 업소용 가격 : 371,000원 링크 : https://link.coupang.com/a/daDvcn 5위 : 뉴트리디데이 프리미엄 밀크씨슬 골드 가격 : 12,900원 링크 : https://link.coupang.com/a/daDvcp 6위 : 자연그대로 식품 건조기 행잉 후크 회전식 육포 건조기 육포건조 과일건조 동시에 가능 업소용 가격 : 245,000원 링크 : https://link.coupang.com/a/daDvcq 7위 : 경남제약 결콜라겐 플러스 가격 : 20,000원 링크 : https://link.coupang.com/a/daDvcu 8위 : ON US 식품 건조기 고추 야채 소형 과일 가정용 업소용 가격 : 179,000원 링크 : https://link.coupang.com/a/daDvcv 9위 : [녹차카테킨 다이어트] 대웅제약 녹차 추출물 카테킨 체지방컷 비타민C 판토텐산 가격 : 10,000원 링크 : https://link.coupang.com/a/daDvcy 10위 : ON US 식품 건조기 고추 야채 소형 과일 가정용 업소용 가격 : 129,000원 링크 : https://link.coupang.com/a/daDvcz ⭐️ 특별 혜택 링크 https://temu.to/k/glb5f443d8e 을(를) 탭하고 최고 품질의 상품을 초저가로 만나보세요. 🛍️ 이렇게 파격적인 혜택은 오직 Temu에서만 제공됩니다. 지금 쇼핑하고 큰 할인을 받으세요! ⭐️ 당신을 위한 또 다른 놀라움! 저와 함께 수익을 얻으시려면 https://temu.to/k/g7a19moq5z4 을 클릭하세요! 감사합니다.",,0,0,1,2025-12-03 19:12:59,https://www.youtube.com/watch?v=MP3VhNu9l2c,다이소 건기식 종류 쿠팡에서 인기 많은 제품들  추천받고 샀는데 대만족 가장 많이팔린 다이소 건기식 종류 이 포스팅은 쿠팡파트너스 활동의 일환으로 이에 따른 일정액의 수수료를 제공받습니다 httpslinkcoupangcomadaDvck 1위  종근당건강 프로메가 오메가3 트리플 가격  10390원 링크  httpslinkcoupangcomadaDvck 2위  건일 식품 야채 과일 소형 고추 건조기 가격  1350000원 링크  httpslinkcoupangcomadaDvcl 3위  뉴트리디데이 프리미엄 비타민D 5000IU 27g 가격  22900원 링크  httpslinkcoupangcomadaDvcm 4위  자연그대로 식품 건조기 행잉 후크 회전식 육포 건조기 육포건조 과일건조 동시에 가능 업소용 가격  371000원 링크  httpslinkcoupangcomadaDvcn 5위  뉴트리디데이 프리미엄 밀크씨슬 골드 가격  12900원 링크  httpslinkcoupangcomadaDvcp 6위  자연그대로 식품 건조기 행잉 후크 회전식 육포 건조기 육포건조 과일건조 동시에 가능 업소용 가격  245000원 링크  httpslinkcoupangcomadaDvcq 7위  경남제약 결콜라겐 플러스 가격  20000원 링크  httpslinkcoupangcomadaDvcu 8위  ON US 식품 건조기 고추 야채 소형 과일 가정용 업소용 가격  179000원 링크  httpslinkcoupangcomadaDvcv 9위  녹차카테킨 다이어트 대웅제약 녹차 추출물 카테킨 체지방컷 비타민C 판토텐산 가격  10000원 링크  httpslinkcoupangcomadaDvcy 10위  ON US 식품 건조기 고추 야채 소형 과일 가정용 업소용 가격  129000원 링크  httpslinkcoupangcomadaDvcz  특별 혜택 링크 httpstemutokglb5f443d8e 을를 탭하고 최고 품질의 상품을 초저가로 만나보세요  이렇게 파격적인 혜택은 오직 Temu에서만 제공됩니다 지금 쇼핑하고 큰 할인을 받으세요  당신을 위한 또 다른 놀라움 저와 함께 수익을 얻으시려면 httpstemutokg7a19moq5z4 을 클릭하세요 감사합니다 ,"['다이소', '종류', '쿠팡', '인기', '제품', '추천', '만족', '팔리', '다이소', '종류', '포스팅', '쿠팡', '파트너스', '활동', '일환', '따르', '일정액', '수수료', '제공', '종근당', '건강', '프로', '메가', '오메가', '트리플', '가격', '링크', '건일', '식품', '야채', '과일', '소형', '고추', '건조기', '가격', '링크', '트리', '데이', '프리미엄', '비타민', '가격', '링크', '자연', '식품', '건조기', '후크', '회전식', '육포', '건조기', '육포', '건조', '과일', '건조', '동시', '가능', '업소', '가격', '링크', '트리', '데이', '프리미엄', '밀크', '골드', '가격', '링크', '자연', '식품', '건조기', '후크', '회전식', '육포', '건조기', '육포', '건조', '과일', '건조', '동시', '가능', '업소', '가격', '링크', '경남', '제약', '콜라겐', '플러스', '가격', '링크', '식품', '건조기', '고추', '야채', '소형', '과일', '가정', '업소', '가격', '링크', '녹차', '카테킨', '다이어트', '대웅제약', '녹차', '추출물', '카테킨', '체지방', '비타민', '판토텐산', '가격', '링크', '식품', '건조기', '고추', '야채', '소형', '과일', '가정', '업소', '가격', '링크', '특별', '혜택', '링크', '최고', '품질', '상품', '저가', '만나', '이렇', '파격', '혜택', '제공', '쇼핑', '할인', '당신', '위하', '놀랍', '수익', '클릭', '감사']"
2,2,힐링선택_다이소 저가 비타민 판매? 실화! #건강 #다이소 #비타민 #건강정보 #제약사 #저가,"다이소의 ‘3,000원 비타민 건기식’ 논란에 대해 핵심 쟁점! @https://youtube.com/shorts/eY6Zs6iQ2JE",,0,308,0,2025-08-29 01:31:42,https://www.youtube.com/watch?v=XJsr5Ybytns,힐링선택다이소 저가 비타민 판매 실화 #건강 #다이소 #비타민 #건강정보 #제약사 #저가 다이소의 3000원 비타민 건기식 논란에 대해 핵심 쟁점 httpsyoutubecomshortseY6Zs6iQ2JE ,"['힐링', '선택', '다이', '저가', '비타민', '판매', '실화', '다이소', '비타민', '건기', '논란', '대하', '핵심', '쟁점']"
2,2,다이소 건기식 종류 쿠팡 무조건 만족템 TOP10 - 매일 쓰고 있는 제품이에요,"가장 많이팔린 다이소 건기식 종류 이 포스팅은 쿠팡파트너스 활동의 일환으로, 이에 따른 일정액의 수수료를 제공받습니다. https://link.coupang.com/a/cXJngS 1위 : [국민건강 프로젝트] 대웅제약 마그네슘 에너지케어 가격 : 19,900원 링크 : https://link.coupang.com/a/cXJngS 2위 : ON US 식품 건조기 고추 야채 소형 과일 가정용 업소용 가격 : 139,000원 링크 : https://link.coupang.com/a/cXJngT 3위 : [국민건강 프로젝트] 대웅제약 바나바잎추출물 가격 : 20,000원 링크 : https://link.coupang.com/a/cXJngV 4위 : BH코리아 다용도 접이식 식품 건조망 (생선건조,야채건조,나물건조,고추건조) BH KOREA, 1개, 1단, 화이트 가격 : 9,500원 링크 : https://link.coupang.com/a/cXJngW 5위 : [국민건강 프로젝트] 대웅제약 프로바이오틱스 유산균 가격 : 19,900원 링크 : https://link.coupang.com/a/cXJngX 6위 : BH코리아 다용도 접이식 식품 건조망 (생선건조,야채건조,나물건조,고추건조) BH KOREA, 1개, 3단, 화이트 가격 : 11,500원 링크 : https://link.coupang.com/a/cXJngZ 7위 : [국민건강 프로젝트] 대웅제약 바나바잎추출물 가격 : 10,000원 링크 : https://link.coupang.com/a/cXJng1 8위 : 유니스 고급형 다용도 접이식 생선 건조망, 1개, 3단, 화이트 가격 : 12,100원 링크 : https://link.coupang.com/a/cXJng4 9위 : [국민건강 프로젝트] 대웅제약 프로바이오틱스 유산균 가격 : 10,000원 링크 : https://link.coupang.com/a/cXJng6 10위 : 그린몬스터 맥스 밀크씨슬 10 3개월분 가격 : 6,900원 링크 : https://link.coupang.com/a/cXJng7 ⭐️ 특별 혜택 링크 https://temu.to/k/glb5f443d8e 을(를) 탭하고 최고 품질의 상품을 초저가로 만나보세요. 🛍️ 이렇게 파격적인 혜택은 오직 Temu에서만 제공됩니다. 지금 쇼핑하고 큰 할인을 받으세요! ⭐️ 당신을 위한 또 다른 놀라움! 저와 함께 수익을 얻으시려면 https://temu.to/k/g7a19moq5z4 을 클릭하세요! 감사합니다.",,0,4,1,2025-10-20 01:25:07,https://www.youtube.com/watch?v=s7R1INj-3fY,다이소 건기식 종류 쿠팡 무조건 만족템 TOP10  매일 쓰고 있는 제품이에요 가장 많이팔린 다이소 건기식 종류 이 포스팅은 쿠팡파트너스 활동의 일환으로 이에 따른 일정액의 수수료를 제공받습니다 httpslinkcoupangcomacXJngS 1위  국민건강 프로젝트 대웅제약 마그네슘 에너지케어 가격  19900원 링크  httpslinkcoupangcomacXJngS 2위  ON US 식품 건조기 고추 야채 소형 과일 가정용 업소용 가격  139000원 링크  httpslinkcoupangcomacXJngT 3위  국민건강 프로젝트 대웅제약 바나바잎추출물 가격  20000원 링크  httpslinkcoupangcomacXJngV 4위  BH코리아 다용도 접이식 식품 건조망 생선건조야채건조나물건조고추건조 BH KOREA 1개 1단 화이트 가격  9500원 링크  httpslinkcoupangcomacXJngW 5위  국민건강 프로젝트 대웅제약 프로바이오틱스 유산균 가격  19900원 링크  httpslinkcoupangcomacXJngX 6위  BH코리아 다용도 접이식 식품 건조망 생선건조야채건조나물건조고추건조 BH KOREA 1개 3단 화이트 가격  11500원 링크  httpslinkcoupangcomacXJngZ 7위  국민건강 프로젝트 대웅제약 바나바잎추출물 가격  10000원 링크  httpslinkcoupangcomacXJng1 8위  유니스 고급형 다용도 접이식 생선 건조망 1개 3단 화이트 가격  12100원 링크  httpslinkcoupangcomacXJng4 9위  국민건강 프로젝트 대웅제약 프로바이오틱스 유산균 가격  10000원 링크  httpslinkcoupangcomacXJng6 10위  그린몬스터 맥스 밀크씨슬 10 3개월분 가격  6900원 링크  httpslinkcoupangcomacXJng7  특별 혜택 링크 httpstemutokglb5f443d8e 을를 탭하고 최고 품질의 상품을 초저가로 만나보세요  이렇게 파격적인 혜택은 오직 Temu에서만 제공됩니다 지금 쇼핑하고 큰 할인을 받으세요  당신을 위한 또 다른 놀라움 저와 함께 수익을 얻으시려면 httpstemutokg7a19moq5z4 을 클릭하세요 감사합니다 ,"['다이소', '종류', '쿠팡', '만족', '제품', '팔리', '다이소', '종류', '포스팅', '쿠팡', '파트너스', '활동', '일환', '따르', '일정액', '수수료', '제공', '국민', '건강', '프로젝트', '대웅제약', '마그네슘', '에너지', '케어', '가격', '링크', '식품', '건조기', '고추', '야채', '소형', '과일', '가정', '업소', '가격', '링크', '국민', '건강', '프로젝트', '대웅제약', '추출물', '가격', '링크', '코리아', '다용도', '접이식', '식품', '건조', '생선', '건조', '야채', '건조', '나물', '건조', '고추', '건조', '화이트', '가격', '링크', '국민', '건강', '프로젝트', '대웅제약', '프로바이오틱스', '유산균', '가격', '링크', '코리아', '다용도', '접이식', '식품', '건조', '생선', '건조', '야채', '건조', '나물', '건조', '고추', '건조', '화이트', '가격', '링크', '국민', '건강', '프로젝트', '대웅제약', '추출물', '가격', '링크', '유니스', '고급', '다용도', '접이식', '생선', '건조', '화이트', '가격', '링크', '국민', '건강', '프로젝트', '대웅제약', '프로바이오틱스', '유산균', '가격', '링크', '그린', '몬스터', '맥스', '밀크', '개월', '가격', '링크', '특별', '혜택', '링크', '최고', '품질', '상품', '저가', '만나', '이렇', '파격', '혜택', '제공', '쇼핑', '할인', '당신', '위하', '놀랍', '수익', '클릭', '감사']"
2,2,[눈 건강] 의사가 추천하는 다이소 눈 영양제 4종 #영양제,👁 동탄퍼스트안과의원 공식 채널 안내 눈 건강에 대한 더 많은 정보와 소식은 아래 채널에서 확인하세요! 홈페이지 http://www.firsteye.co.kr/ 인스타그램 https://www.instagram.com/firsteye_dongtan 네이버 블로그 https://blog.naver.com/jamcebak 카카오톡 채널 https://pf.kakao.com/_xgyxjNd 대표전화 031-372-7591,,55,5854,1,2025-09-10 23:00:44,https://www.youtube.com/watch?v=b-AJRURqiuE,눈 건강 의사가 추천하는 다이소 눈 영양제 4종 #영양제  동탄퍼스트안과의원 공식 채널 안내 눈 건강에 대한 더 많은 정보와 소식은 아래 채널에서 확인하세요 홈페이지 httpwwwfirsteyecokr 인스타그램 httpswwwinstagramcomfirsteyedongtan 네이버 블로그 httpsblognavercomjamcebak 카카오톡 채널 httpspfkakaocomxgyxjNd 대표전화 0313727591 ,"['건강', '의사', '추천', '다이소', '영양제', '동탄', '퍼스트', '안과', '의원', '공식', '채널', '안내', '건강', '대하', '정보', '소식', '아래', '채널', '확인', '홈페이지', '인스타그램', '네이버 블로그', '카카오톡', '채널', '대표', '전화']"
2,2,다이소 건기식 매장 위치 가성비 최고 쿠팡 필수템 BEST 10,"가장 많이팔린 다이소 건기식 매장 위치 영상 속 다이소 건기식 매장 위치 구매링크: https://link.coupang.com/a/cUGfwm 이 포스팅은 쿠팡파트너스 활동의 일환으로, 이에 따른 일정액의 수수료를 제공받습니다. 1위 : 스탠리 퀜처 H2.0 플루티드 텀블러, 건메탈 샤인, 1.18L, 1개 가격 : 49,400원 링크 : https://link.coupang.com/a/cUGfwm 2위 : 헬시오리진스 내추럴 프로바이오틱 유산균 300억 CFU 브이캡, 60정, 4개 가격 : 62,870원 링크 : https://link.coupang.com/a/cUGfwn 3위 : 닥터조이 강아지 명태슬라이스 간식, 유산균, 80g, 2개 가격 : 6,370원 링크 : https://link.coupang.com/a/cUGfwo 4위 : 나우푸드 글루타티온 500mg 베지 캡슐, 1개, 120정 가격 : 36,900원 링크 : https://link.coupang.com/a/cUGfwp 5위 : 하이피러브 입시 공부 독서 수납 선번형 컴퓨터 책상, 화이트1200 가격 : 65,400원 링크 : https://link.coupang.com/a/cUGfwq 6위 : 비에스엔 신타-6 프로틴 파우더 드링크 믹스 단백질 보충제, 2.27kg, 1개 가격 : 65,790원 링크 : https://link.coupang.com/a/cUGfwr 7위 : 락앤락 하드앤라이트 프라이팬, 28cm, 1개 가격 : 16,290원 링크 : https://link.coupang.com/a/cUGfws 8위 : 오트리 고메넛츠, 750g, 1개 가격 : 33,900원 링크 : https://link.coupang.com/a/cUGfwu 9위 : 유니레버 썬 식기세척기용 타블렛 세제 베이킹소다 앤 소금 50개입, 500g, 1개 가격 : 6,990원 링크 : https://link.coupang.com/a/cUGfwv 10위 : 스카트 잘 닦이는 살균 소독 티슈, 4개 가격 : 7,670원 링크 : https://link.coupang.com/a/cUGfww 감사합니다.",,0,2,1,2025-10-04 03:11:07,https://www.youtube.com/watch?v=LJ9rjcRfI6Y,다이소 건기식 매장 위치 가성비 최고 쿠팡 필수템 BEST 10 가장 많이팔린 다이소 건기식 매장 위치 영상 속 다이소 건기식 매장 위치 구매링크 httpslinkcoupangcomacUGfwm 이 포스팅은 쿠팡파트너스 활동의 일환으로 이에 따른 일정액의 수수료를 제공받습니다 1위  스탠리 퀜처 H20 플루티드 텀블러 건메탈 샤인 118L 1개 가격  49400원 링크  httpslinkcoupangcomacUGfwm 2위  헬시오리진스 내추럴 프로바이오틱 유산균 300억 CFU 브이캡 60정 4개 가격  62870원 링크  httpslinkcoupangcomacUGfwn 3위  닥터조이 강아지 명태슬라이스 간식 유산균 80g 2개 가격  6370원 링크  httpslinkcoupangcomacUGfwo 4위  나우푸드 글루타티온 500mg 베지 캡슐 1개 120정 가격  36900원 링크  httpslinkcoupangcomacUGfwp 5위  하이피러브 입시 공부 독서 수납 선번형 컴퓨터 책상 화이트1200 가격  65400원 링크  httpslinkcoupangcomacUGfwq 6위  비에스엔 신타6 프로틴 파우더 드링크 믹스 단백질 보충제 227kg 1개 가격  65790원 링크  httpslinkcoupangcomacUGfwr 7위  락앤락 하드앤라이트 프라이팬 28cm 1개 가격  16290원 링크  httpslinkcoupangcomacUGfws 8위  오트리 고메넛츠 750g 1개 가격  33900원 링크  httpslinkcoupangcomacUGfwu 9위  유니레버 썬 식기세척기용 타블렛 세제 베이킹소다 앤 소금 50개입 500g 1개 가격  6990원 링크  httpslinkcoupangcomacUGfwv 10위  스카트 잘 닦이는 살균 소독 티슈 4개 가격  7670원 링크  httpslinkcoupangcomacUGfww 감사합니다 ,"['다이소', '매장', '위치', '가성비', '최고', '쿠팡', '필수', '팔리', '다이소', '매장', '위치', '영상', '다이소', '매장', '위치', '구매', '링크', '포스팅', '쿠팡', '파트너스', '활동', '일환', '따르', '일정액', '수수료', '제공', '스탠리', '퀜처', '플루', '텀블러', '메탈', '샤인', '가격', '링크', '헬시오리진스', '내추럴', '프로바이오틱', '유산균', '브이', '가격', '링크', '닥터', '강아지', '명태', '슬라이스', '간식', '유산균', '가격', '링크', '나우', '푸드', '베지', '캡슐', '가격', '링크', '하이', '러브', '입시', '공부', '독서', '수납', '컴퓨터', '책상', '화이트', '가격', '링크', '에스', '프로', '파우더', '드링크', '믹스', '단백질', '보충', '가격', '링크', '락앤락', '하드', '라이트', '프라이', '가격', '링크', '오트리', '고메넛츠', '가격', '링크', '유니레버', '식기', '세척기', '세제', '베이킹', '소다', '소금', '개입', '가격', '링크', '스카트', '닦이', '살균', '소독', '티슈', '가격', '링크', '감사']"
2,2,다이소 건기식 다이어트 쿠팡에서 인기 많은 제품들 - 직접 써보니 정말 좋더라고요,"가장 많이팔린 다이소 건기식 다이어트 이 포스팅은 쿠팡파트너스 활동의 일환으로, 이에 따른 일정액의 수수료를 제공받습니다. https://link.coupang.com/a/c8ZGlm 1위 : [녹차카테킨 다이어트] 대웅제약 녹차 추출물 카테킨 체지방컷 비타민C 판토텐산 가격 : 20,000원 링크 : https://link.coupang.com/a/c8ZGlm 2위 : 굿프렌즈 다용도 건조기(고추건조기,농수산품, 식품건조기) 가격 : 2,300,000원 링크 : https://link.coupang.com/a/c8ZGlp 3위 : [바나바잎 혈당관리] 대웅제약 바나바잎추출물 가격 : 10,000원 링크 : https://link.coupang.com/a/c8ZGlr 4위 : 건일 식품 야채 과일 소형 고추 건조기 가격 : 2,150,000원 링크 : https://link.coupang.com/a/c8ZGlv 5위 : [녹차카테킨 다이어트] 대웅제약 녹차 추출물 카테킨 체지방컷 비타민C 판토텐산 가격 : 10,000원 링크 : https://link.coupang.com/a/c8ZGlx 6위 : 자연그대로 식품 건조기 최대 200도까지 고온식품건조 회전형 다목적 농산물 건조 고효율 가격 : 1,507,000원 링크 : https://link.coupang.com/a/c8ZGly 7위 : [바나바잎 혈당관리] 대웅제약 바나바잎추출물 가격 : 20,000원 링크 : https://link.coupang.com/a/c8ZGlB 8위 : BINEL 식품건조기고추말리기 야채 음식 농산물 과일, 40층 약 60.0kg A 가격 : 1,187,800원 링크 : https://link.coupang.com/a/c8ZGlE 9위 : FANCL 판클 3종 등푸른생선 DHA×EPA×DPA 30일분 가격 : 21,100원 링크 : https://link.coupang.com/a/c8ZGlF 10위 : 농업,가정용 농산물 식품 고추건조기 KE-010 10채반, 건조량 약40Kg 소형 가격 : 745,000원 링크 : https://link.coupang.com/a/c8ZGlH ⭐️ 특별 혜택 링크 https://temu.to/k/glb5f443d8e 을(를) 탭하고 최고 품질의 상품을 초저가로 만나보세요. 🛍️ 이렇게 파격적인 혜택은 오직 Temu에서만 제공됩니다. 지금 쇼핑하고 큰 할인을 받으세요! ⭐️ 당신을 위한 또 다른 놀라움! 저와 함께 수익을 얻으시려면 https://temu.to/k/g7a19moq5z4 을 클릭하세요! 감사합니다.",,0,2,1,2025-11-29 09:48:21,https://www.youtube.com/watch?v=RDWt1PBD8Do,다이소 건기식 다이어트 쿠팡에서 인기 많은 제품들  직접 써보니 정말 좋더라고요 가장 많이팔린 다이소 건기식 다이어트 이 포스팅은 쿠팡파트너스 활동의 일환으로 이에 따른 일정액의 수수료를 제공받습니다 httpslinkcoupangcomac8ZGlm 1위  녹차카테킨 다이어트 대웅제약 녹차 추출물 카테킨 체지방컷 비타민C 판토텐산 가격  20000원 링크  httpslinkcoupangcomac8ZGlm 2위  굿프렌즈 다용도 건조기고추건조기농수산품 식품건조기 가격  2300000원 링크  httpslinkcoupangcomac8ZGlp 3위  바나바잎 혈당관리 대웅제약 바나바잎추출물 가격  10000원 링크  httpslinkcoupangcomac8ZGlr 4위  건일 식품 야채 과일 소형 고추 건조기 가격  2150000원 링크  httpslinkcoupangcomac8ZGlv 5위  녹차카테킨 다이어트 대웅제약 녹차 추출물 카테킨 체지방컷 비타민C 판토텐산 가격  10000원 링크  httpslinkcoupangcomac8ZGlx 6위  자연그대로 식품 건조기 최대 200도까지 고온식품건조 회전형 다목적 농산물 건조 고효율 가격  1507000원 링크  httpslinkcoupangcomac8ZGly 7위  바나바잎 혈당관리 대웅제약 바나바잎추출물 가격  20000원 링크  httpslinkcoupangcomac8ZGlB 8위  BINEL 식품건조기고추말리기 야채 음식 농산물 과일 40층 약 600kg A 가격  1187800원 링크  httpslinkcoupangcomac8ZGlE 9위  FANCL 판클 3종 등푸른생선 DHAEPADPA 30일분 가격  21100원 링크  httpslinkcoupangcomac8ZGlF 10위  농업가정용 농산물 식품 고추건조기 KE010 10채반 건조량 약40Kg 소형 가격  745000원 링크  httpslinkcoupangcomac8ZGlH  특별 혜택 링크 httpstemutokglb5f443d8e 을를 탭하고 최고 품질의 상품을 초저가로 만나보세요  이렇게 파격적인 혜택은 오직 Temu에서만 제공됩니다 지금 쇼핑하고 큰 할인을 받으세요  당신을 위한 또 다른 놀라움 저와 함께 수익을 얻으시려면 httpstemutokg7a19moq5z4 을 클릭하세요 감사합니다 ,"['다이소', '다이어트', '쿠팡', '인기', '제품', '팔리', '다이소', '다이어트', '포스팅', '쿠팡', '파트너스', '활동', '일환', '따르', '일정액', '수수료', '제공', '녹차', '카테킨', '다이어트', '대웅제약', '녹차', '추출물', '카테킨', '체지방', '비타민', '판토텐산', '가격', '링크', '프렌즈', '다용도', '건조기', '고추', '건조기', '농수산', '식품', '건조기', '가격', '링크', '혈당', '관리', '대웅제약', '추출물', '가격', '링크', '건일', '식품', '야채', '과일', '소형', '고추', '건조기', '가격', '링크', '녹차', '카테킨', '다이어트', '대웅제약', '녹차', '추출물', '카테킨', '체지방', '비타민', '판토텐산', '가격', '링크', '자연', '식품', '건조기', '최대', '고온', '식품', '건조', '회전', '다목적', '농산물', '건조', '효율', '가격', '링크', '혈당', '관리', '대웅제약', '추출물', '가격', '링크', '식품', '건조기', '고추', '말리', '야채', '음식', '농산물', '과일', '가격', '링크', '푸르', '생선', '가격', '링크', '농업', '가정', '농산물', '식품', '고추', '건조기', '건조', '소형', '가격', '링크', '특별', '혜택', '링크', '최고', '품질', '상품', '저가', '만나', '이렇', '파격', '혜택', '제공', '쇼핑', '할인', '당신', '위하', '놀랍', '수익', '클릭', '감사']"
2,2,다이소 건기식 판매 늦으면 없다는 쿠팡추천템 BEST 10,"가장 많이팔린 다이소 건기식 판매 이 포스팅은 쿠팡파트너스 활동의 일환으로, 이에 따른 일정액의 수수료를 제공받습니다. https://link.coupang.com/a/cYiWd5 1위 : [국민건강 프로젝트] 대웅제약 마그네슘 에너지케어 가격 : 19,900원 링크 : https://link.coupang.com/a/cYiWd5 2위 : [국민건강 프로젝트] 대웅제약 바나바잎추출물 가격 : 20,000원 링크 : https://link.coupang.com/a/cYiWd7 3위 : [국민건강 프로젝트] 대웅제약 프로바이오틱스 유산균 가격 : 19,900원 링크 : https://link.coupang.com/a/cYiWd9 4위 : [국민건강 프로젝트] 대웅제약 바나바잎추출물 가격 : 10,000원 링크 : https://link.coupang.com/a/cYiWea 5위 : 휴대용 빨래건조기 UV살균 접이식 미니 건조기 스타일러 소형 빨래건조기 접이식 휴대용 원룸건조기, 화이트 가격 : 31,990원 링크 : https://link.coupang.com/a/cYiWec 6위 : 미니건조기필터 구번 역대급 공장가격판매 한정수량 가격 : 10,990원 링크 : https://link.coupang.com/a/cYiWed 7위 : 종근당건강 프로메가 오메가3 트리플 장용성 가격 : 10,590원 링크 : https://link.coupang.com/a/cYiWef 8위 : 미니건조기필터 구번 역대급 공장가격판매 한정수량 가격 : 45,200원 링크 : https://link.coupang.com/a/cYiWeh 9위 : 홈프로 매쉬 다용도 야채 보관망 양파 마늘 건조망 장바구니 1 | 1, 2개, 그린 가격 : 7,960원 링크 : https://link.coupang.com/a/cYiWek 10위 : 판클 EPA DPA 중성지방 다이어트 오메가3 지방산 30일분 가격 : 16,300원 링크 : https://link.coupang.com/a/cYiWen ⭐️ 특별 혜택 링크 https://temu.to/k/glb5f443d8e 을(를) 탭하고 최고 품질의 상품을 초저가로 만나보세요. 🛍️ 이렇게 파격적인 혜택은 오직 Temu에서만 제공됩니다. 지금 쇼핑하고 큰 할인을 받으세요! ⭐️ 당신을 위한 또 다른 놀라움! 저와 함께 수익을 얻으시려면 https://temu.to/k/g7a19moq5z4 을 클릭하세요! 감사합니다.",,0,0,1,2025-10-22 06:24:12,https://www.youtube.com/watch?v=nmisAluAeQI,다이소 건기식 판매 늦으면 없다는 쿠팡추천템 BEST 10 가장 많이팔린 다이소 건기식 판매 이 포스팅은 쿠팡파트너스 활동의 일환으로 이에 따른 일정액의 수수료를 제공받습니다 httpslinkcoupangcomacYiWd5 1위  국민건강 프로젝트 대웅제약 마그네슘 에너지케어 가격  19900원 링크  httpslinkcoupangcomacYiWd5 2위  국민건강 프로젝트 대웅제약 바나바잎추출물 가격  20000원 링크  httpslinkcoupangcomacYiWd7 3위  국민건강 프로젝트 대웅제약 프로바이오틱스 유산균 가격  19900원 링크  httpslinkcoupangcomacYiWd9 4위  국민건강 프로젝트 대웅제약 바나바잎추출물 가격  10000원 링크  httpslinkcoupangcomacYiWea 5위  휴대용 빨래건조기 UV살균 접이식 미니 건조기 스타일러 소형 빨래건조기 접이식 휴대용 원룸건조기 화이트 가격  31990원 링크  httpslinkcoupangcomacYiWec 6위  미니건조기필터 구번 역대급 공장가격판매 한정수량 가격  10990원 링크  httpslinkcoupangcomacYiWed 7위  종근당건강 프로메가 오메가3 트리플 장용성 가격  10590원 링크  httpslinkcoupangcomacYiWef 8위  미니건조기필터 구번 역대급 공장가격판매 한정수량 가격  45200원 링크  httpslinkcoupangcomacYiWeh 9위  홈프로 매쉬 다용도 야채 보관망 양파 마늘 건조망 장바구니 1  1 2개 그린 가격  7960원 링크  httpslinkcoupangcomacYiWek 10위  판클 EPA DPA 중성지방 다이어트 오메가3 지방산 30일분 가격  16300원 링크  httpslinkcoupangcomacYiWen  특별 혜택 링크 httpstemutokglb5f443d8e 을를 탭하고 최고 품질의 상품을 초저가로 만나보세요  이렇게 파격적인 혜택은 오직 Temu에서만 제공됩니다 지금 쇼핑하고 큰 할인을 받으세요  당신을 위한 또 다른 놀라움 저와 함께 수익을 얻으시려면 httpstemutokg7a19moq5z4 을 클릭하세요 감사합니다 ,"['다이소', '판매', '쿠팡', '추천', '팔리', '다이소', '판매', '포스팅', '쿠팡', '파트너스', '활동', '일환', '따르', '일정액', '수수료', '제공', '국민', '건강', '프로젝트', '대웅제약', '마그네슘', '에너지', '케어', '가격', '링크', '국민', '건강', '프로젝트', '대웅제약', '추출물', '가격', '링크', '국민', '건강', '프로젝트', '대웅제약', '프로바이오틱스', '유산균', '가격', '링크', '국민', '건강', '프로젝트', '대웅제약', '추출물', '가격', '링크', '휴대', '빨래', '건조기', '살균', '접이식', '미니', '건조기', '스타일', '소형', '빨래', '건조기', '접이식', '휴대', '원룸', '건조기', '화이트', '가격', '링크', '미니', '건조기', '필터', '역대', '공장', '가격', '판매', '한정', '수량', '가격', '링크', '종근당', '건강', '프로', '메가', '오메가', '트리플', '장용', '가격', '링크', '미니', '건조기', '필터', '역대', '공장', '가격', '판매', '한정', '수량', '가격', '링크', '프로', '매쉬', '다용도', '야채', '보관', '마늘', '건조', '바구니', '그린', '가격', '링크', '판클', '중성', '지방', '다이어트', '오메가', '지방산', '가격', '링크', '특별', '혜택', '링크', '최고', '품질', '상품', '저가', '만나', '이렇', '파격', '혜택', '제공', '쇼핑', '할인', '당신', '위하', '놀랍', '수익', '클릭', '감사']"
2,2,다이소 건기식 추천 약사 쿠팡에서 인기 많은 제품들 - 직접 써보니 정말 좋더라고요,"가장 많이팔린 다이소 건기식 추천 약사 이 포스팅은 쿠팡파트너스 활동의 일환으로, 이에 따른 일정액의 수수료를 제공받습니다. https://link.coupang.com/a/c7nlEn 1위 : 코카콜라 오리지널 가격 : 16,950원 링크 : https://link.coupang.com/a/c7nlEn 2위 : 코멧 순백 3겹 라벤더 바닐라 롤화장지 가격 : 11,990원 링크 : https://link.coupang.com/a/c7nlEq 3위 : 키움정 가격 : 53,000원 링크 : https://link.coupang.com/a/c7nlEs 4위 : 다우니 미스티크 초고농축 섬유유연제 본품 가격 : 18,060원 링크 : https://link.coupang.com/a/c7nlEv 5위 : 뉴트리포유 듀얼 이뮨 멀티 비타민 미네랄 가격 : 53,880원 링크 : https://link.coupang.com/a/c7nlEz 6위 : 재로우 자로-도필러스 EPS 다이제스티브 프로바이오틱 유산균 100억 베지캡 가격 : 81,570원 링크 : https://link.coupang.com/a/c7nlEE 7위 : 아몬드브리즈 오리지널 가격 : 15,400원 링크 : https://link.coupang.com/a/c7nlEH 8위 : 밀바랩 제주 대나무 모공 타이트닝 앰플 에센스 가격 : 15,900원 링크 : https://link.coupang.com/a/c7nlEL 9위 : IQ베이비: 손감각 발달토이 가격 : 16,120원 링크 : https://link.coupang.com/a/c7nlEP 10위 : 듀라셀 알카라인 보관박스팩 AA 건전지 가격 : 10,000원 링크 : https://link.coupang.com/a/c7nlEV ⭐️ 특별 혜택 링크 https://temu.to/k/glb5f443d8e 을(를) 탭하고 최고 품질의 상품을 초저가로 만나보세요. 🛍️ 이렇게 파격적인 혜택은 오직 Temu에서만 제공됩니다. 지금 쇼핑하고 큰 할인을 받으세요! ⭐️ 당신을 위한 또 다른 놀라움! 저와 함께 수익을 얻으시려면 https://temu.to/k/g7a19moq5z4 을 클릭하세요! 감사합니다.",,0,0,1,2025-11-24 12:00:48,https://www.youtube.com/watch?v=chYOoMsjuQc,다이소 건기식 추천 약사 쿠팡에서 인기 많은 제품들  직접 써보니 정말 좋더라고요 가장 많이팔린 다이소 건기식 추천 약사 이 포스팅은 쿠팡파트너스 활동의 일환으로 이에 따른 일정액의 수수료를 제공받습니다 httpslinkcoupangcomac7nlEn 1위  코카콜라 오리지널 가격  16950원 링크  httpslinkcoupangcomac7nlEn 2위  코멧 순백 3겹 라벤더 바닐라 롤화장지 가격  11990원 링크  httpslinkcoupangcomac7nlEq 3위  키움정 가격  53000원 링크  httpslinkcoupangcomac7nlEs 4위  다우니 미스티크 초고농축 섬유유연제 본품 가격  18060원 링크  httpslinkcoupangcomac7nlEv 5위  뉴트리포유 듀얼 이뮨 멀티 비타민 미네랄 가격  53880원 링크  httpslinkcoupangcomac7nlEz 6위  재로우 자로도필러스 EPS 다이제스티브 프로바이오틱 유산균 100억 베지캡 가격  81570원 링크  httpslinkcoupangcomac7nlEE 7위  아몬드브리즈 오리지널 가격  15400원 링크  httpslinkcoupangcomac7nlEH 8위  밀바랩 제주 대나무 모공 타이트닝 앰플 에센스 가격  15900원 링크  httpslinkcoupangcomac7nlEL 9위  IQ베이비 손감각 발달토이 가격  16120원 링크  httpslinkcoupangcomac7nlEP 10위  듀라셀 알카라인 보관박스팩 AA 건전지 가격  10000원 링크  httpslinkcoupangcomac7nlEV  특별 혜택 링크 httpstemutokglb5f443d8e 을를 탭하고 최고 품질의 상품을 초저가로 만나보세요  이렇게 파격적인 혜택은 오직 Temu에서만 제공됩니다 지금 쇼핑하고 큰 할인을 받으세요  당신을 위한 또 다른 놀라움 저와 함께 수익을 얻으시려면 httpstemutokg7a19moq5z4 을 클릭하세요 감사합니다 ,"['다이소', '추천', '약사', '쿠팡', '인기', '제품', '팔리', '다이소', '추천', '약사', '포스팅', '쿠팡', '파트너스', '활동', '일환', '따르', '일정액', '수수료', '제공', '코카콜라', '오리지널', '가격', '링크', '코멧', '순백', '라벤더', '바닐라', '화장지', '가격', '링크', '키우', '가격', '링크', '미스티', '농축', '섬유', '유연제', '가격', '링크', '뉴트리포유', '듀얼', '이뮨', '멀티', '비타민', '미네랄', '가격', '링크', '재로우', '자로도필러스', '스티브', '프로바이오틱', '유산균', '가격', '링크', '아몬드브리즈', '오리지널', '가격', '링크', '밀바', '제주', '대나무', '모공', '타이트', '앰플', '에센스', '가격', '링크', '베이비', '감각', '발달', '가격', '링크', '듀라셀', '라인', '보관', '박스', '건전지', '가격', '링크', '특별', '혜택', '링크', '최고', '품질', '상품', '저가', '만나', '이렇', '파격', '혜택', '제공', '쇼핑', '할인', '당신', '위하', '놀랍', '수익', '클릭', '감사']"
2,2,다이소 건기식 추천 약사 쿠팡 무조건 만족템 TOP10 - 매일 쓰고 있는 제품이에요,"가장 많이팔린 다이소 건기식 추천 약사 이 포스팅은 쿠팡파트너스 활동의 일환으로, 이에 따른 일정액의 수수료를 제공받습니다. https://link.coupang.com/a/c16vlA 1위 : 듀라셀 알카라인 AA 건전지, 20개입, 1개 가격 : 11,130원 링크 : https://link.coupang.com/a/c16vlA 2위 : 가그린 제로 구강청결제, 1.2L, 2개 가격 : 8,900원 링크 : https://link.coupang.com/a/c16vlB 3위 : 코멧 홈 프리미엄 소프트 고중량 호텔 수건 200g 40수, 토프그레이, 10개 가격 : 29,150원 링크 : https://link.coupang.com/a/c16vlC 4위 : 필립스 SkinIQ 5000 시리즈 전기면도기, S5887/29, 카본 그레이 가격 : 99,000원 링크 : https://link.coupang.com/a/c16vlD 5위 : 미다미 스포티 태그 챙이 긴 볼캡 2종 세트 1557 가격 : 7,920원 링크 : https://link.coupang.com/a/c16vlE 6위 : 피죤 건조기용 시트 섬유유연제 옐로미모사 본품, 120매입, 1개 가격 : 8,820원 링크 : https://link.coupang.com/a/c16vlF 7위 : 옵티멈뉴트리션 플래티넘 하이드로 웨이 프로틴 아이솔레이트 터보 초콜릿, 820g, 1개 가격 : 56,900원 링크 : https://link.coupang.com/a/c16vlG 8위 : 피크닉 제로 사과, 200ml, 24개 가격 : 8,900원 링크 : https://link.coupang.com/a/c16vlH 9위 : 소프트터치 라인보더 수건 150g 30수 면사, 그레이, 10개 가격 : 24,210원 링크 : https://link.coupang.com/a/c16vlI 10위 : 살림백서 피톤치드 편백수 실내탈취제 본품, 500ml, 1개 가격 : 8,110원 링크 : https://link.coupang.com/a/c16vlJ ⭐️ 특별 혜택 링크 https://temu.to/k/glb5f443d8e 을(를) 탭하고 최고 품질의 상품을 초저가로 만나보세요. 🛍️ 이렇게 파격적인 혜택은 오직 Temu에서만 제공됩니다. 지금 쇼핑하고 큰 할인을 받으세요! ⭐️ 당신을 위한 또 다른 놀라움! 저와 함께 수익을 얻으시려면 https://temu.to/k/g7a19moq5z4 을 클릭하세요! 감사합니다.",,0,3,1,2025-11-06 20:31:55,https://www.youtube.com/watch?v=_99zWPh3Z5w,다이소 건기식 추천 약사 쿠팡 무조건 만족템 TOP10  매일 쓰고 있는 제품이에요 가장 많이팔린 다이소 건기식 추천 약사 이 포스팅은 쿠팡파트너스 활동의 일환으로 이에 따른 일정액의 수수료를 제공받습니다 httpslinkcoupangcomac16vlA 1위  듀라셀 알카라인 AA 건전지 20개입 1개 가격  11130원 링크  httpslinkcoupangcomac16vlA 2위  가그린 제로 구강청결제 12L 2개 가격  8900원 링크  httpslinkcoupangcomac16vlB 3위  코멧 홈 프리미엄 소프트 고중량 호텔 수건 200g 40수 토프그레이 10개 가격  29150원 링크  httpslinkcoupangcomac16vlC 4위  필립스 SkinIQ 5000 시리즈 전기면도기 S588729 카본 그레이 가격  99000원 링크  httpslinkcoupangcomac16vlD 5위  미다미 스포티 태그 챙이 긴 볼캡 2종 세트 1557 가격  7920원 링크  httpslinkcoupangcomac16vlE 6위  피죤 건조기용 시트 섬유유연제 옐로미모사 본품 120매입 1개 가격  8820원 링크  httpslinkcoupangcomac16vlF 7위  옵티멈뉴트리션 플래티넘 하이드로 웨이 프로틴 아이솔레이트 터보 초콜릿 820g 1개 가격  56900원 링크  httpslinkcoupangcomac16vlG 8위  피크닉 제로 사과 200ml 24개 가격  8900원 링크  httpslinkcoupangcomac16vlH 9위  소프트터치 라인보더 수건 150g 30수 면사 그레이 10개 가격  24210원 링크  httpslinkcoupangcomac16vlI 10위  살림백서 피톤치드 편백수 실내탈취제 본품 500ml 1개 가격  8110원 링크  httpslinkcoupangcomac16vlJ  특별 혜택 링크 httpstemutokglb5f443d8e 을를 탭하고 최고 품질의 상품을 초저가로 만나보세요  이렇게 파격적인 혜택은 오직 Temu에서만 제공됩니다 지금 쇼핑하고 큰 할인을 받으세요  당신을 위한 또 다른 놀라움 저와 함께 수익을 얻으시려면 httpstemutokg7a19moq5z4 을 클릭하세요 감사합니다 ,"['다이소', '추천', '약사', '쿠팡', '만족', '제품', '팔리', '다이소', '추천', '약사', '포스팅', '쿠팡', '파트너스', '활동', '일환', '따르', '일정액', '수수료', '제공', '듀라셀', '라인', '건전지', '개입', '가격', '링크', '그린', '제로', '구강', '청결', '가격', '링크', '코멧', '프리미엄', '소프트', '중량', '호텔', '수건', '토프그레이', '가격', '링크', '필립스', '시리즈', '전기', '면도기', '카본', '그레이', '가격', '링크', '미다미', '스포티', '태그', '세트', '가격', '링크', '피죤', '건조기', '시트', '섬유', '유연제', '옐로', '미모', '매입', '가격', '링크', '옵티멈뉴트리션', '플래티넘', '하이드', '웨이', '프로', '아이', '레이', '터보', '초콜릿', '가격', '링크', '피크닉', '제로', '사과', '가격', '링크', '소프트', '터치', '라인', '보더', '수건', '면사', '그레이', '가격', '링크', '살림', '백서', '피톤치드', '백수', '실내', '탈취제', '가격', '링크', '특별', '혜택', '링크', '최고', '품질', '상품', '저가', '만나', '이렇', '파격', '혜택', '제공', '쇼핑', '할인', '당신', '위하', '놀랍', '수익', '클릭', '감사']"
2,2,부산 다이소 건기식 쿠팡 무조건 만족템 TOP10 - 직접 써보니 정말 좋더라고요,"가장 많이팔린 부산 다이소 건기식 이 포스팅은 쿠팡파트너스 활동의 일환으로, 이에 따른 일정액의 수수료를 제공받습니다. https://link.coupang.com/a/c16KcR 1위 : 듀라셀 알카라인 AA 건전지, 20개입, 1개 가격 : 11,130원 링크 : https://link.coupang.com/a/c16KcR 2위 : 가그린 제로 구강청결제, 1.2L, 2개 가격 : 8,900원 링크 : https://link.coupang.com/a/c16KcS 3위 : 코멧 홈 프리미엄 소프트 고중량 호텔 수건 200g 40수, 토프그레이, 10개 가격 : 35,150원 링크 : https://link.coupang.com/a/c16KcT 4위 : 필립스 SkinIQ 5000 시리즈 전기면도기, S5887/29, 카본 그레이 가격 : 99,000원 링크 : https://link.coupang.com/a/c16KcU 5위 : 미다미 스포티 태그 챙이 긴 볼캡 2종 세트 1557 가격 : 7,920원 링크 : https://link.coupang.com/a/c16KcW 6위 : 피죤 건조기용 시트 섬유유연제 옐로미모사 본품, 120매입, 1개 가격 : 8,820원 링크 : https://link.coupang.com/a/c16KcY 7위 : 옵티멈뉴트리션 플래티넘 하이드로 웨이 프로틴 아이솔레이트 터보 초콜릿, 820g, 1개 가격 : 56,900원 링크 : https://link.coupang.com/a/c16Kc1 8위 : 피크닉 제로 사과, 200ml, 24개 가격 : 8,900원 링크 : https://link.coupang.com/a/c16Kc2 9위 : 소프트터치 라인보더 수건 150g 30수 면사, 그레이, 10개 가격 : 24,210원 링크 : https://link.coupang.com/a/c16Kc3 10위 : 살림백서 피톤치드 편백수 실내탈취제 본품, 500ml, 1개 가격 : 8,110원 링크 : https://link.coupang.com/a/c16Kc4 ⭐️ 특별 혜택 링크 https://temu.to/k/glb5f443d8e 을(를) 탭하고 최고 품질의 상품을 초저가로 만나보세요. 🛍️ 이렇게 파격적인 혜택은 오직 Temu에서만 제공됩니다. 지금 쇼핑하고 큰 할인을 받으세요! ⭐️ 당신을 위한 또 다른 놀라움! 저와 함께 수익을 얻으시려면 https://temu.to/k/g7a19moq5z4 을 클릭하세요! 감사합니다.",,0,2,1,2025-11-06 21:18:25,https://www.youtube.com/watch?v=hSf4G49crtE,부산 다이소 건기식 쿠팡 무조건 만족템 TOP10  직접 써보니 정말 좋더라고요 가장 많이팔린 부산 다이소 건기식 이 포스팅은 쿠팡파트너스 활동의 일환으로 이에 따른 일정액의 수수료를 제공받습니다 httpslinkcoupangcomac16KcR 1위  듀라셀 알카라인 AA 건전지 20개입 1개 가격  11130원 링크  httpslinkcoupangcomac16KcR 2위  가그린 제로 구강청결제 12L 2개 가격  8900원 링크  httpslinkcoupangcomac16KcS 3위  코멧 홈 프리미엄 소프트 고중량 호텔 수건 200g 40수 토프그레이 10개 가격  35150원 링크  httpslinkcoupangcomac16KcT 4위  필립스 SkinIQ 5000 시리즈 전기면도기 S588729 카본 그레이 가격  99000원 링크  httpslinkcoupangcomac16KcU 5위  미다미 스포티 태그 챙이 긴 볼캡 2종 세트 1557 가격  7920원 링크  httpslinkcoupangcomac16KcW 6위  피죤 건조기용 시트 섬유유연제 옐로미모사 본품 120매입 1개 가격  8820원 링크  httpslinkcoupangcomac16KcY 7위  옵티멈뉴트리션 플래티넘 하이드로 웨이 프로틴 아이솔레이트 터보 초콜릿 820g 1개 가격  56900원 링크  httpslinkcoupangcomac16Kc1 8위  피크닉 제로 사과 200ml 24개 가격  8900원 링크  httpslinkcoupangcomac16Kc2 9위  소프트터치 라인보더 수건 150g 30수 면사 그레이 10개 가격  24210원 링크  httpslinkcoupangcomac16Kc3 10위  살림백서 피톤치드 편백수 실내탈취제 본품 500ml 1개 가격  8110원 링크  httpslinkcoupangcomac16Kc4  특별 혜택 링크 httpstemutokglb5f443d8e 을를 탭하고 최고 품질의 상품을 초저가로 만나보세요  이렇게 파격적인 혜택은 오직 Temu에서만 제공됩니다 지금 쇼핑하고 큰 할인을 받으세요  당신을 위한 또 다른 놀라움 저와 함께 수익을 얻으시려면 httpstemutokg7a19moq5z4 을 클릭하세요 감사합니다 ,"['부산', '다이소', '쿠팡', '만족', '팔리', '부산', '다이소', '포스팅', '쿠팡', '파트너스', '활동', '일환', '따르', '일정액', '수수료', '제공', '듀라셀', '라인', '건전지', '개입', '가격', '링크', '그린', '제로', '구강', '청결', '가격', '링크', '코멧', '프리미엄', '소프트', '중량', '호텔', '수건', '토프그레이', '가격', '링크', '필립스', '시리즈', '전기', '면도기', '카본', '그레이', '가격', '링크', '미다미', '스포티', '태그', '세트', '가격', '링크', '피죤', '건조기', '시트', '섬유', '유연제', '옐로', '미모', '매입', '가격', '링크', '옵티멈뉴트리션', '플래티넘', '하이드', '웨이', '프로', '아이', '레이', '터보', '초콜릿', '가격', '링크', '피크닉', '제로', '사과', '가격', '링크', '소프트', '터치', '라인', '보더', '수건', '면사', '그레이', '가격', '링크', '살림', '백서', '피톤치드', '백수', '실내', '탈취제', '가격', '링크', '특별', '혜택', '링크', '최고', '품질', '상품', '저가', '만나', '이렇', '파격', '혜택', '제공', '쇼핑', '할인', '당신', '위하', '놀랍', '수익', '클릭', '감사']"
2,2,다이소 건기식 추천 약사 쿠팡에서 인기 많은 제품들 - 알게 되면 꼭 사고 싶어져요,"가장 많이팔린 다이소 건기식 추천 약사 이 포스팅은 쿠팡파트너스 활동의 일환으로, 이에 따른 일정액의 수수료를 제공받습니다. https://link.coupang.com/a/c4xr3M 1위 : 다향오리 엄선된 원료육으로 만든 다향훈제오리 가격 : 11,370원 링크 : https://link.coupang.com/a/c4xr3M 2위 : 마이비데 클린케어 화장실용 물티슈 캡형 가격 : 23,970원 링크 : https://link.coupang.com/a/c4xr3O 3위 : 에버콜라겐 타임 비오틴 가격 : 79,900원 링크 : https://link.coupang.com/a/c4xr3Q 4위 : 록신 명품 호텔수건 코마사 부드러운 고퀄리티 수건 540GSM 40수 10종세트 가격 : 23,460원 링크 : https://link.coupang.com/a/c4xr3S 5위 : Kipnos 높이조절 이동식 2단 사이드테이블 쇼파테이블 보조테이블 쇼파사이드테이블 소파테이블 미니테이블 티테이블 커피테이블 이동식침대테이블 간이테이블 가격 : 19,390원 링크 : https://link.coupang.com/a/c4xr3V 6위 : 샤워메이트 산양유 비누 버베나 가격 : 9,730원 링크 : https://link.coupang.com/a/c4xr3Y 7위 : 유니레버 썬 식기세척기용 타블렛 세제 베이킹소다 앤 소금 50개입 가격 : 12,540원 링크 : https://link.coupang.com/a/c4xr33 8위 : 주리에떼 14K/18K 여성용 더블링 베니스 금 목걸이 | 사은품 반지 | 쇼핑백 가격 : 179,000원 링크 : https://link.coupang.com/a/c4xr36 9위 : 이지마인드 알로에베라 수딩젤 가격 : 9,000원 링크 : https://link.coupang.com/a/c4xr39 10위 : 아이리버 무선 블루투스 감열식 라벨프린터 ILP-100 가격 : 34,800원 링크 : https://link.coupang.com/a/c4xr4c ⭐️ 특별 혜택 링크 https://temu.to/k/glb5f443d8e 을(를) 탭하고 최고 품질의 상품을 초저가로 만나보세요. 🛍️ 이렇게 파격적인 혜택은 오직 Temu에서만 제공됩니다. 지금 쇼핑하고 큰 할인을 받으세요! ⭐️ 당신을 위한 또 다른 놀라움! 저와 함께 수익을 얻으시려면 https://temu.to/k/g7a19moq5z4 을 클릭하세요! 감사합니다.",,0,7,0,2025-11-15 00:54:46,https://www.youtube.com/watch?v=kMd5hTKJM_Q,다이소 건기식 추천 약사 쿠팡에서 인기 많은 제품들  알게 되면 꼭 사고 싶어져요 가장 많이팔린 다이소 건기식 추천 약사 이 포스팅은 쿠팡파트너스 활동의 일환으로 이에 따른 일정액의 수수료를 제공받습니다 httpslinkcoupangcomac4xr3M 1위  다향오리 엄선된 원료육으로 만든 다향훈제오리 가격  11370원 링크  httpslinkcoupangcomac4xr3M 2위  마이비데 클린케어 화장실용 물티슈 캡형 가격  23970원 링크  httpslinkcoupangcomac4xr3O 3위  에버콜라겐 타임 비오틴 가격  79900원 링크  httpslinkcoupangcomac4xr3Q 4위  록신 명품 호텔수건 코마사 부드러운 고퀄리티 수건 540GSM 40수 10종세트 가격  23460원 링크  httpslinkcoupangcomac4xr3S 5위  Kipnos 높이조절 이동식 2단 사이드테이블 쇼파테이블 보조테이블 쇼파사이드테이블 소파테이블 미니테이블 티테이블 커피테이블 이동식침대테이블 간이테이블 가격  19390원 링크  httpslinkcoupangcomac4xr3V 6위  샤워메이트 산양유 비누 버베나 가격  9730원 링크  httpslinkcoupangcomac4xr3Y 7위  유니레버 썬 식기세척기용 타블렛 세제 베이킹소다 앤 소금 50개입 가격  12540원 링크  httpslinkcoupangcomac4xr33 8위  주리에떼 14K18K 여성용 더블링 베니스 금 목걸이  사은품 반지  쇼핑백 가격  179000원 링크  httpslinkcoupangcomac4xr36 9위  이지마인드 알로에베라 수딩젤 가격  9000원 링크  httpslinkcoupangcomac4xr39 10위  아이리버 무선 블루투스 감열식 라벨프린터 ILP100 가격  34800원 링크  httpslinkcoupangcomac4xr4c  특별 혜택 링크 httpstemutokglb5f443d8e 을를 탭하고 최고 품질의 상품을 초저가로 만나보세요  이렇게 파격적인 혜택은 오직 Temu에서만 제공됩니다 지금 쇼핑하고 큰 할인을 받으세요  당신을 위한 또 다른 놀라움 저와 함께 수익을 얻으시려면 httpstemutokg7a19moq5z4 을 클릭하세요 감사합니다 ,"['다이소', '추천', '약사', '쿠팡', '인기', '제품', '팔리', '다이소', '추천', '약사', '포스팅', '쿠팡', '파트너스', '활동', '일환', '따르', '일정액', '수수료', '제공', '오리', '엄선', '원료', '만들', '훈제', '오리', '가격', '링크', '마이', '비데', '클린', '케어', '화장실', '물티슈', '가격', '링크', '에버', '콜라겐', '타임', '비오티', '가격', '링크', '명품', '호텔', '수건', '코마사', '부드럽', '퀄리티', '수건', '세트', '가격', '링크', '높이', '조절', '이동식', '사이드', '테이블', '쇼파', '테이블', '보조', '테이블', '쇼파', '사이드', '테이블', '소파', '테이블', '미니', '테이블', '테이블', '커피', '테이블', '이동식', '침대', '테이블', '간이', '테이블', '가격', '링크', '샤워', '메이트', '산양유', '비누', '버베나', '가격', '링크', '유니레버', '식기', '세척기', '세제', '베이킹', '소다', '소금', '개입', '가격', '링크', '주리에떼', '여성', '더블', '베니스', '목걸이', '사은품', '반지', '쇼핑백', '가격', '링크', '이지', '마인드', '알로에 베라', '가격', '링크', '아이리버', '무선', '블루투스', '라벨', '프린터', '가격', '링크', '특별', '혜택', '링크', '최고', '품질', '상품', '저가', '만나', '이렇', '파격', '혜택', '제공', '쇼핑', '할인', '당신', '위하', '놀랍', '수익', '클릭', '감사']"
2,2,다이소 건기식 매출 쿠팡에서 인기 많은 제품들 - 추천받고 샀는데 대만족!,"가장 많이팔린 다이소 건기식 매출 이 포스팅은 쿠팡파트너스 활동의 일환으로, 이에 따른 일정액의 수수료를 제공받습니다. https://link.coupang.com/a/de4aO4 1위 : 홈플래닛 핸디형 전동 우유거품기, KC인증 AA건전지 포함 가격 : 6,170원 링크 : https://link.coupang.com/a/de4aO4 2위 : 마켓비 FROTHER 우유거품기 블랙 가격 : 3,900원 링크 : https://link.coupang.com/a/de4aO5 3위 : 마켓비 FROTHER 우유거품기 실버 가격 : 2,260원 링크 : https://link.coupang.com/a/de4aO6 4위 : THE압구정언니 버블메이커 세안 거품기 가격 : 4,150원 링크 : https://link.coupang.com/a/de4aO7 5위 : 플루밍 무선 전동 휘핑기 가격 : 16,500원 링크 : https://link.coupang.com/a/de4aO9 6위 : 우유거품기 전동휘핑기 계란풀기도구 가격 : 15,480원 링크 : https://link.coupang.com/a/de4aPa 7위 : 하루생활 폼 클렌징 버블메이커 세안 거품기 1 | 1 가격 : 4,900원 링크 : https://link.coupang.com/a/de4aPb 8위 : 세안용 버블메이커 세안 바디 폼클렌징 페이스 거품기 가격 : 2,890원 링크 : https://link.coupang.com/a/de4aPc 9위 : 클렌징 버블 세안기 버블 메이커 가격 : 4,370원 링크 : https://link.coupang.com/a/de4aPd 10위 : 에버굿즈 버블메이커 폼클렌징 거품기 가격 : 6,600원 링크 : https://link.coupang.com/a/de4aPe ⭐️ 특별 혜택 링크 https://temu.to/k/glb5f443d8e 을(를) 탭하고 최고 품질의 상품을 초저가로 만나보세요. 🛍️ 이렇게 파격적인 혜택은 오직 Temu에서만 제공됩니다. 지금 쇼핑하고 큰 할인을 받으세요! ⭐️ 당신을 위한 또 다른 놀라움! 저와 함께 수익을 얻으시려면 https://temu.to/k/g7a19moq5z4 을 클릭하세요! 감사합니다.",,0,0,1,2025-12-16 19:58:24,https://www.youtube.com/watch?v=E7C9LDta-MY,다이소 건기식 매출 쿠팡에서 인기 많은 제품들  추천받고 샀는데 대만족 가장 많이팔린 다이소 건기식 매출 이 포스팅은 쿠팡파트너스 활동의 일환으로 이에 따른 일정액의 수수료를 제공받습니다 httpslinkcoupangcomade4aO4 1위  홈플래닛 핸디형 전동 우유거품기 KC인증 AA건전지 포함 가격  6170원 링크  httpslinkcoupangcomade4aO4 2위  마켓비 FROTHER 우유거품기 블랙 가격  3900원 링크  httpslinkcoupangcomade4aO5 3위  마켓비 FROTHER 우유거품기 실버 가격  2260원 링크  httpslinkcoupangcomade4aO6 4위  THE압구정언니 버블메이커 세안 거품기 가격  4150원 링크  httpslinkcoupangcomade4aO7 5위  플루밍 무선 전동 휘핑기 가격  16500원 링크  httpslinkcoupangcomade4aO9 6위  우유거품기 전동휘핑기 계란풀기도구 가격  15480원 링크  httpslinkcoupangcomade4aPa 7위  하루생활 폼 클렌징 버블메이커 세안 거품기 1  1 가격  4900원 링크  httpslinkcoupangcomade4aPb 8위  세안용 버블메이커 세안 바디 폼클렌징 페이스 거품기 가격  2890원 링크  httpslinkcoupangcomade4aPc 9위  클렌징 버블 세안기 버블 메이커 가격  4370원 링크  httpslinkcoupangcomade4aPd 10위  에버굿즈 버블메이커 폼클렌징 거품기 가격  6600원 링크  httpslinkcoupangcomade4aPe  특별 혜택 링크 httpstemutokglb5f443d8e 을를 탭하고 최고 품질의 상품을 초저가로 만나보세요  이렇게 파격적인 혜택은 오직 Temu에서만 제공됩니다 지금 쇼핑하고 큰 할인을 받으세요  당신을 위한 또 다른 놀라움 저와 함께 수익을 얻으시려면 httpstemutokg7a19moq5z4 을 클릭하세요 감사합니다 ,"['다이소', '매출', '쿠팡', '인기', '제품', '추천', '만족', '팔리', '다이소', '매출', '포스팅', '쿠팡', '파트너스', '활동', '일환', '따르', '일정액', '수수료', '제공', '홈플래닛', '핸디', '전동', '우유', '거품', '인증', '건전지', '포함', '가격', '링크', '마켓', '우유', '거품', '블랙', '가격', '링크', '마켓', '우유', '거품', '실버', '가격', '링크', '압구정', '언니', '버블', '메이커', '세안', '거품기', '가격', '링크', '플루밍', '무선', '전동', '가격', '링크', '우유', '거품기', '전동', '계란', '도구', '가격', '링크', '하루', '생활', '클렌징', '버블', '메이커', '세안', '거품', '가격', '링크', '세안', '버블', '메이커', '세안', '바디', '클렌징', '페이스', '거품기', '가격', '링크', '클렌징', '버블', '세안', '버블', '메이커', '가격', '링크', '에버', '굿즈', '버블', '메이커', '클렌징', '거품기', '가격', '링크', '특별', '혜택', '링크', '최고', '품질', '상품', '저가', '만나', '이렇', '파격', '혜택', '제공', '쇼핑', '할인', '당신', '위하', '놀랍', '수익', '클릭', '감사']"
2,2,가성비 끝판왕👍 다이소 사기템💖 누가 먹어야 💰돈 값 제대로 하는지 약사가 딱 알려줌! | 01.코큐텐  #가성비갑 #다이소영양제 #약사추천 #koreanpharmacy #다이소템,,,16,2551,0,2025-09-20 12:15:19,https://www.youtube.com/watch?v=vJfr3APKI_0,가성비 끝판왕 다이소 사기템 누가 먹어야 돈 값 제대로 하는지 약사가 딱 알려줌  01코큐텐  #가성비갑 #다이소영양제 #약사추천 #koreanpharmacy #다이소템  ,"['가성비', '끝판왕', '다이소', '사기', '누구', '약사', '알리']"
2,2,다이소 건기식 판매 매장 쿠팡 무조건 만족템 TOP10 - 매일 쓰고 있는 제품이에요,"가장 많이팔린 다이소 건기식 판매 매장 이 포스팅은 쿠팡파트너스 활동의 일환으로, 이에 따른 일정액의 수수료를 제공받습니다. https://link.coupang.com/a/cWOa7T 1위 : 체리닷컴 빨래 약초 만능 공간활용 벽접이식 건조대 망, 소형 화이트 가격 : 21,900원 링크 : https://link.coupang.com/a/cWOa7T 2위 : 락토핏 코어 유산균 60p 가격 : 32,200원 링크 : https://link.coupang.com/a/cWOa7V 3위 : 뉴트리디데이 메가렉스 마그네슘 400 가격 : 19,900원 링크 : https://link.coupang.com/a/cWOa7W 4위 : 뉴트리디데이 프리미엄 밀크씨슬 골드 가격 : 24,150원 링크 : https://link.coupang.com/a/cWOa7X 5위 : 뉴트리디데이 프리미엄 밀크씨슬 골드 가격 : 12,900원 링크 : https://link.coupang.com/a/cWOa7Z 6위 : JW중외제약 리얼메디 간에좋은 밀크씨슬9 실리마린 마스터 가격 : 22,610원 링크 : https://link.coupang.com/a/cWOa70 7위 : 휴대용 미니 건조기,접이식 미니 건조기 ,UV 미니 의류관리기 가격 : 42,000원 링크 : https://link.coupang.com/a/cWOa72 8위 : 락토핏 슬림 유산균 가격 : 14,980원 링크 : https://link.coupang.com/a/cWOa73 9위 : JW중외제약 리얼메디 간에좋은 밀크씨슬9 실리마린 마스터 가격 : 14,500원 링크 : https://link.coupang.com/a/cWOa74 10위 : ON US 식품 건조기 고추 야채 소형 과일 가정용 업소용 가격 : 129,000원 링크 : https://link.coupang.com/a/cWOa75 ⭐️ 특별 혜택 링크 https://temu.to/k/glb5f443d8e 을(를) 탭하고 최고 품질의 상품을 초저가로 만나보세요. 🛍️ 이렇게 파격적인 혜택은 오직 Temu에서만 제공됩니다. 지금 쇼핑하고 큰 할인을 받으세요! ⭐️ 당신을 위한 또 다른 놀라움! 저와 함께 수익을 얻으시려면 https://temu.to/k/g7a19moq5z4 을 클릭하세요! 감사합니다.",,0,0,1,2025-10-15 22:15:49,https://www.youtube.com/watch?v=5Y0pTK5LDg8,다이소 건기식 판매 매장 쿠팡 무조건 만족템 TOP10  매일 쓰고 있는 제품이에요 가장 많이팔린 다이소 건기식 판매 매장 이 포스팅은 쿠팡파트너스 활동의 일환으로 이에 따른 일정액의 수수료를 제공받습니다 httpslinkcoupangcomacWOa7T 1위  체리닷컴 빨래 약초 만능 공간활용 벽접이식 건조대 망 소형 화이트 가격  21900원 링크  httpslinkcoupangcomacWOa7T 2위  락토핏 코어 유산균 60p 가격  32200원 링크  httpslinkcoupangcomacWOa7V 3위  뉴트리디데이 메가렉스 마그네슘 400 가격  19900원 링크  httpslinkcoupangcomacWOa7W 4위  뉴트리디데이 프리미엄 밀크씨슬 골드 가격  24150원 링크  httpslinkcoupangcomacWOa7X 5위  뉴트리디데이 프리미엄 밀크씨슬 골드 가격  12900원 링크  httpslinkcoupangcomacWOa7Z 6위  JW중외제약 리얼메디 간에좋은 밀크씨슬9 실리마린 마스터 가격  22610원 링크  httpslinkcoupangcomacWOa70 7위  휴대용 미니 건조기접이식 미니 건조기 UV 미니 의류관리기 가격  42000원 링크  httpslinkcoupangcomacWOa72 8위  락토핏 슬림 유산균 가격  14980원 링크  httpslinkcoupangcomacWOa73 9위  JW중외제약 리얼메디 간에좋은 밀크씨슬9 실리마린 마스터 가격  14500원 링크  httpslinkcoupangcomacWOa74 10위  ON US 식품 건조기 고추 야채 소형 과일 가정용 업소용 가격  129000원 링크  httpslinkcoupangcomacWOa75  특별 혜택 링크 httpstemutokglb5f443d8e 을를 탭하고 최고 품질의 상품을 초저가로 만나보세요  이렇게 파격적인 혜택은 오직 Temu에서만 제공됩니다 지금 쇼핑하고 큰 할인을 받으세요  당신을 위한 또 다른 놀라움 저와 함께 수익을 얻으시려면 httpstemutokg7a19moq5z4 을 클릭하세요 감사합니다 ,"['다이소', '판매', '매장', '쿠팡', '만족', '제품', '팔리', '다이소', '판매', '매장', '포스팅', '쿠팡', '파트너스', '활동', '일환', '따르', '일정액', '수수료', '제공', '체리', '닷컴', '빨래', '약초', '만능', '공간', '활용', '접이식', '건조대', '소형', '화이트', '가격', '링크', '락토핏', '코어', '유산균', '가격', '링크', '트리', '데이', '메가', '렉스', '마그네슘', '가격', '링크', '트리', '데이', '프리미엄', '밀크', '골드', '가격', '링크', '트리', '데이', '프리미엄', '밀크', '골드', '가격', '링크', '중외', '제약', '리얼', '메디', '밀크', '실리', '마스터', '가격', '링크', '휴대', '미니', '건조기', '접이식', '미니', '건조기', '미니', '의류', '관리', '가격', '링크', '락토핏', '슬림', '유산균', '가격', '링크', '중외', '제약', '리얼', '메디', '밀크', '실리', '마스터', '가격', '링크', '식품', '건조기', '고추', '야채', '소형', '과일', '가정', '업소', '가격', '링크', '특별', '혜택', '링크', '최고', '품질', '상품', '저가', '만나', '이렇', '파격', '혜택', '제공', '쇼핑', '할인', '당신', '위하', '놀랍', '수익', '클릭', '감사']"
2,2,다이소 영양제 약국협회 난리 약사들 멘붕 진짜 미친템 #다이소 #다이소영양제 #다이소꿀템 #꿀템,"다이소 영양제 약국협회 난리 약사들 멘붕 진짜 미친템 매일의 살림, 더 똑똑하고 감성 있게 – 데일리살림📦 ‘데일리살림’은 일상 속에서 느낀 살림템, 생활가전, 비교 리뷰를 쉽고 짧게, 솔직하게 전하는 채널입니다. 살림이 쉬워지는 순간, 지금 바로 시작해보세요.✨ 👉 [구독] 버튼 누르면, 매일 새로운 꿀템이 찾아옵니다! ✨영상 속 제품 보러가기👇 지금 클릭! https://link.inpock.co.kr/dailysalim ✨다이소 방문이 어려우신 분들은 프로필 하단 링크에서 비슷한 제품을 만나보세요!✨","#다이소꿀템,#다이소,#다이소영양제",17,3604,2,2025-07-04 11:29:23,https://www.youtube.com/watch?v=XBq-V5dHLYA,다이소 영양제 약국협회 난리 약사들 멘붕 진짜 미친템 #다이소 #다이소영양제 #다이소꿀템 #꿀템 다이소 영양제 약국협회 난리 약사들 멘붕 진짜 미친템 매일의 살림 더 똑똑하고 감성 있게  데일리살림 데일리살림은 일상 속에서 느낀 살림템 생활가전 비교 리뷰를 쉽고 짧게 솔직하게 전하는 채널입니다 살림이 쉬워지는 순간 지금 바로 시작해보세요  구독 버튼 누르면 매일 새로운 꿀템이 찾아옵니다 영상 속 제품 보러가기 지금 클릭 httpslinkinpockcokrdailysalim 다이소 방문이 어려우신 분들은 프로필 하단 링크에서 비슷한 제품을 만나보세요 #다이소꿀템#다이소#다이소영양제,"['다이소', '영양제', '약국', '협회', '난리', '약사', '멘붕', '미치', '다이소', '영양제', '약국', '협회', '난리', '약사', '멘붕', '미치', '매일', '살림', '감성', '데일리', '살림', '데일리', '살림', '일상', '느끼', '살림', '생활', '가전', '비교', '리뷰', '전하', '채널', '살림', '순간', '시작', '구독', '버튼', '누르', '새롭', '꿀템', '찾아오', '영상', '제품', '클릭', '다이소', '방문', '어렵', '프로필', '하단', '링크', '제품', '만나']"
2,2,다이소 루테인 생각보다 괜찮은데요? #루테인 #눈영양제,"다이소 루테인, 이것 모르고 사면 돈만 버릴 수도 있습니다. 📌 **다이소 루테인 성분 분석 결과** 다이소 영양제라고 해서 성분이 부족할 줄 알았는데, 분석 결과 루테인 20mg과 비타민 A가 하루 권장량에 맞춰 꽉 차 있었습니다. 가성비만큼은 정말 인정할 만하네요! ⚠️ **하지만 이런 분들은 주의하세요!** 단순 예방 차원이 아니라 눈의 노화가 이미 진행 중인 분들에게는 다이소 제품만으로는 부족할 수 있습니다. 눈 건강의 핵심인 '지아잔틴'과 '아스타잔틴' 성분이 빠져있기 때문인데요. ✅ **에디터의 추천 가이드** 1. **가성비 입문자**: 다이소 루테인 (5,000원) - 단순 예방 및 비타민 보충용 2. **가성비 업그레이드**: 안국건강 루테인 지아잔틴 미니 (한 달 약 5,500원) - 지아잔틴 성분까지 챙기고 싶은 분 3. **이미 눈이 침침하신 분**: 단순 단일제보다는 복합제를 권장합니다. 현명한 소비로 소중한 눈 건강 꼭 지키세요! 이 영상이 도움 되셨다면 **'저장'**하고 부모님께도 **'공유'**해 보세요!","#다이소영양제,#루테인추천,#가성비영양제,#눈건강,#다이소꿀템",215,26080,18,2026-01-19 06:49:34,https://www.youtube.com/watch?v=rNJiMznvFbk,다이소 루테인 생각보다 괜찮은데요 #루테인 #눈영양제 다이소 루테인 이것 모르고 사면 돈만 버릴 수도 있습니다  다이소 루테인 성분 분석 결과 다이소 영양제라고 해서 성분이 부족할 줄 알았는데 분석 결과 루테인 20mg과 비타민 A가 하루 권장량에 맞춰 꽉 차 있었습니다 가성비만큼은 정말 인정할 만하네요  하지만 이런 분들은 주의하세요 단순 예방 차원이 아니라 눈의 노화가 이미 진행 중인 분들에게는 다이소 제품만으로는 부족할 수 있습니다 눈 건강의 핵심인 지아잔틴과 아스타잔틴 성분이 빠져있기 때문인데요  에디터의 추천 가이드 1 가성비 입문자 다이소 루테인 5000원  단순 예방 및 비타민 보충용 2 가성비 업그레이드 안국건강 루테인 지아잔틴 미니 한 달 약 5500원  지아잔틴 성분까지 챙기고 싶은 분 3 이미 눈이 침침하신 분 단순 단일제보다는 복합제를 권장합니다 현명한 소비로 소중한 눈 건강 꼭 지키세요 이 영상이 도움 되셨다면 저장하고 부모님께도 공유해 보세요 #다이소영양제#루테인추천#가성비영양제#눈건강#다이소꿀템,"['다이소', '루테인', '생각', '괜찮', '다이소', '루테인', '이것', '모르', '버리', '다이소', '루테인', '성분', '분석', '결과', '다이소', '영양제', '성분', '부족', '분석', '결과', '루테', '비타민', '하루', '권장', '맞추', '가성비', '인정', '주의', '단순', '예방', '차원', '아니', '노화', '진행', '다이소', '제품', '부족', '건강', '핵심', '지아', '잔틴', '아스', '타잔', '성분', '빠지', '때문', '에디터', '추천', '가이드', '가성비', '입문자', '루테', '단순', '예방', '비타민', '보충', '가성비', '업그레이드', '건강', '루테', '지아', '미니', '성분', '챙기', '단순', '단일', '복합', '권장', '현명', '소비', '건강', '지키', '영상', '도움', '저장', '부모', '공유']"
2,2,다이소 건기식 추천 쿠팡에서 인기 많은 제품들 - 가격도 착하고 품질도 좋아요,"가장 많이팔린 다이소 건기식 추천 이 포스팅은 쿠팡파트너스 활동의 일환으로, 이에 따른 일정액의 수수료를 제공받습니다. https://link.coupang.com/a/c7m1aA 1위 : 뉴트리디데이 프리미엄 비타민D 5000IU 27g 가격 : 22,900원 링크 : https://link.coupang.com/a/c7m1aA 2위 : [소연골 콘드로이친] 대웅제약 프리미엄 콘드로이친 가격 : 18,000원 링크 : https://link.coupang.com/a/c7m1aE 3위 : 종근당건강 프로메가 오메가3 트리플 가격 : 10,590원 링크 : https://link.coupang.com/a/c7m1aG 4위 : 뉴트리디데이 프리미엄 밀크씨슬 골드 가격 : 12,900원 링크 : https://link.coupang.com/a/c7m1aK 5위 : [바나바잎 혈당관리] 대웅제약 바나바잎추출물 가격 : 10,000원 링크 : https://link.coupang.com/a/c7m1aO 6위 : [녹차카테킨 다이어트] 대웅제약 녹차 추출물 카테킨 체지방컷 비타민C 판토텐산 가격 : 18,000원 링크 : https://link.coupang.com/a/c7m1aT 7위 : 자연의품격 건강한 간 밀크씨슬 75g 가격 : 21,490원 링크 : https://link.coupang.com/a/c7m1aU 8위 : [녹차카테킨 다이어트] 대웅제약 녹차 추출물 카테킨 체지방컷 비타민C 판토텐산 가격 : 10,000원 링크 : https://link.coupang.com/a/c7m1aW 9위 : [마그네슘 에너지충전] 대웅제약 마그네슘 에너지케어 가격 : 17,910원 링크 : https://link.coupang.com/a/c7m1aX 10위 : [유산균 장건강] 대웅제약 프로바이오틱스 유산균 가격 : 17,910원 링크 : https://link.coupang.com/a/c7m1a0 ⭐️ 특별 혜택 링크 https://temu.to/k/glb5f443d8e 을(를) 탭하고 최고 품질의 상품을 초저가로 만나보세요. 🛍️ 이렇게 파격적인 혜택은 오직 Temu에서만 제공됩니다. 지금 쇼핑하고 큰 할인을 받으세요! ⭐️ 당신을 위한 또 다른 놀라움! 저와 함께 수익을 얻으시려면 https://temu.to/k/g7a19moq5z4 을 클릭하세요! 감사합니다.",,0,1,1,2025-11-24 11:18:46,https://www.youtube.com/watch?v=wXgLrI9cYac,다이소 건기식 추천 쿠팡에서 인기 많은 제품들  가격도 착하고 품질도 좋아요 가장 많이팔린 다이소 건기식 추천 이 포스팅은 쿠팡파트너스 활동의 일환으로 이에 따른 일정액의 수수료를 제공받습니다 httpslinkcoupangcomac7m1aA 1위  뉴트리디데이 프리미엄 비타민D 5000IU 27g 가격  22900원 링크  httpslinkcoupangcomac7m1aA 2위  소연골 콘드로이친 대웅제약 프리미엄 콘드로이친 가격  18000원 링크  httpslinkcoupangcomac7m1aE 3위  종근당건강 프로메가 오메가3 트리플 가격  10590원 링크  httpslinkcoupangcomac7m1aG 4위  뉴트리디데이 프리미엄 밀크씨슬 골드 가격  12900원 링크  httpslinkcoupangcomac7m1aK 5위  바나바잎 혈당관리 대웅제약 바나바잎추출물 가격  10000원 링크  httpslinkcoupangcomac7m1aO 6위  녹차카테킨 다이어트 대웅제약 녹차 추출물 카테킨 체지방컷 비타민C 판토텐산 가격  18000원 링크  httpslinkcoupangcomac7m1aT 7위  자연의품격 건강한 간 밀크씨슬 75g 가격  21490원 링크  httpslinkcoupangcomac7m1aU 8위  녹차카테킨 다이어트 대웅제약 녹차 추출물 카테킨 체지방컷 비타민C 판토텐산 가격  10000원 링크  httpslinkcoupangcomac7m1aW 9위  마그네슘 에너지충전 대웅제약 마그네슘 에너지케어 가격  17910원 링크  httpslinkcoupangcomac7m1aX 10위  유산균 장건강 대웅제약 프로바이오틱스 유산균 가격  17910원 링크  httpslinkcoupangcomac7m1a0  특별 혜택 링크 httpstemutokglb5f443d8e 을를 탭하고 최고 품질의 상품을 초저가로 만나보세요  이렇게 파격적인 혜택은 오직 Temu에서만 제공됩니다 지금 쇼핑하고 큰 할인을 받으세요  당신을 위한 또 다른 놀라움 저와 함께 수익을 얻으시려면 httpstemutokg7a19moq5z4 을 클릭하세요 감사합니다 ,"['다이소', '추천', '쿠팡', '인기', '제품', '가격', '착하', '품질', '팔리', '다이소', '추천', '포스팅', '쿠팡', '파트너스', '활동', '일환', '따르', '일정액', '수수료', '제공', '트리', '데이', '프리미엄', '비타민', '가격', '링크', '연골', '대웅제약', '프리미엄', '가격', '링크', '종근당', '건강', '프로', '메가', '오메가', '트리플', '가격', '링크', '트리', '데이', '프리미엄', '밀크', '골드', '가격', '링크', '혈당', '관리', '대웅제약', '추출물', '가격', '링크', '녹차', '카테킨', '다이어트', '대웅제약', '녹차', '추출물', '카테킨', '체지방', '비타민', '판토텐산', '가격', '링크', '자연', '품격', '건강', '밀크', '가격', '링크', '녹차', '카테킨', '다이어트', '대웅제약', '녹차', '추출물', '카테킨', '체지방', '비타민', '판토텐산', '가격', '링크', '마그네슘', '에너지', '충전', '대웅제약', '마그네슘', '에너지', '케어', '가격', '링크', '유산균', '건강', '대웅제약', '프로바이오틱스', '유산균', '가격', '링크', '특별', '혜택', '링크', '최고', '품질', '상품', '저가', '만나', '이렇', '파격', '혜택', '제공', '쇼핑', '할인', '당신', '위하', '놀랍', '수익', '클릭', '감사']"
2,2,"다이소 필수템, #브이퍼센트 5천원짜리 멀티비타민 영양제추천템","다이소는 저희 가족에게는 없어선 안될 곳인데요. 생필품부터 캠핑용품까지 다양한 카테고리의 제품들을 판매하고 있어서 자주 애용한답니다. 오늘은 다이소 가면 5천원에 구입 가능한 합리적인 가격의 멀티비타민 소개해 드리려고 해요. 이번에 일상 속 필요한 비타민을 정확한 비율로 제공하는 종근당건강 브이퍼센트 멀티비타민 제품이 다이소에 출시되어 5월 15일(목)부터 다이소 및 다이소몰에서 만날 수 있는데요. 1일 권장 섭취량에 맞춘 고품질 비타민을 제공해 영양성분 기준을 충족하고 100% 유럽산 멀티 비타민 8종, 아연 100% 함유로 일상에서 챙기기에 너무 좋아요. 다이소 건기식이 오프라인 가면 금방 동난다고해 급하게 달려갔는데 다행히 제품이 있어 데리고 왔는데요. 브이퍼센트 멀티비타민은 콜라겐샷, 타우린샷 두 종류가 있고 마시는 비타민으로 함량이 좋은데 가격은 5천원이라 합리적이에요. 정제와 액상 스틱으로 한번에 이용할 수 있는 이중제형 비타민이라 휴대 및 섭취도 간편하고 맛도 과일맛으로 부담이 없답니다. 그럼, 평소 멀티 비타민을 고민하셨다면 가까운 다이소에 가서 브이퍼센트 멀티비타민을 만나 보세요!","#광고,#브이퍼센트,#멀티비타민,#다이소영양제,#근처다이소,#다이소몰,#다이소재고조회,#다이소몰재고조회,#다이소비타민추천,#다이소추천템,#다이소필수템,#영양제,#영양제추천,#비타민,#비타민추천,#액상비타민,#브이퍼센트",21,2792,6,2025-05-27 06:49:17,https://www.youtube.com/watch?v=N80Pi-eezCM,다이소 필수템 #브이퍼센트 5천원짜리 멀티비타민 영양제추천템 다이소는 저희 가족에게는 없어선 안될 곳인데요 생필품부터 캠핑용품까지 다양한 카테고리의 제품들을 판매하고 있어서 자주 애용한답니다 오늘은 다이소 가면 5천원에 구입 가능한 합리적인 가격의 멀티비타민 소개해 드리려고 해요 이번에 일상 속 필요한 비타민을 정확한 비율로 제공하는 종근당건강 브이퍼센트 멀티비타민 제품이 다이소에 출시되어 5월 15일목부터 다이소 및 다이소몰에서 만날 수 있는데요 1일 권장 섭취량에 맞춘 고품질 비타민을 제공해 영양성분 기준을 충족하고 100 유럽산 멀티 비타민 8종 아연 100 함유로 일상에서 챙기기에 너무 좋아요 다이소 건기식이 오프라인 가면 금방 동난다고해 급하게 달려갔는데 다행히 제품이 있어 데리고 왔는데요 브이퍼센트 멀티비타민은 콜라겐샷 타우린샷 두 종류가 있고 마시는 비타민으로 함량이 좋은데 가격은 5천원이라 합리적이에요 정제와 액상 스틱으로 한번에 이용할 수 있는 이중제형 비타민이라 휴대 및 섭취도 간편하고 맛도 과일맛으로 부담이 없답니다 그럼 평소 멀티 비타민을 고민하셨다면 가까운 다이소에 가서 브이퍼센트 멀티비타민을 만나 보세요 #광고#브이퍼센트#멀티비타민#다이소영양제#근처다이소#다이소몰#다이소재고조회#다이소몰재고조회#다이소비타민추천#다이소추천템#다이소필수템#영양제#영양제추천#비타민#비타민추천#액상비타민#브이퍼센트,"['다이소', '필수', '멀티', '비타민', '영양제', '추천', '다이소', '저희', '가족', '생필품', '캠핑', '용품', '다양', '카테고리', '제품', '판매', '애용', '오늘', '다이소', '구입', '가능', '합리', '가격', '멀티', '비타민', '소개', '드리', '이번', '일상', '필요', '비타민', '정확', '비율', '제공', '종근당', '건강', '브이', '퍼센트', '멀티', '비타민', '제품', '다이소', '출시', '다이소', '다이소', '만나', '권장', '섭취량', '맞추', '품질', '비타민', '제공', '영양', '성분', '기준', '충족', '유럽', '멀티', '비타민', '아연', '함유', '일상', '챙기', '다이소', '식이', '오프라인', '동나', '급하', '달려가', '제품', '데리', '브이', '퍼센트', '멀티', '비타민', '콜라겐', '타우린', '종류', '마시', '비타민', '함량', '가격', '합리', '정제', '액상', '스틱', '이용', '이중', '제형', '비타민', '휴대', '섭취', '과일', '부담', '평소', '멀티', '비타민', '고민', '가깝', '다이소', '브이', '퍼센트', '멀티', '비타민', '만나']"
2,2,부산 다이소 건기식 쿠팡 무조건 만족템 TOP10 - 생활이 편해졌어요,"가장 많이팔린 부산 다이소 건기식 이 포스팅은 쿠팡파트너스 활동의 일환으로, 이에 따른 일정액의 수수료를 제공받습니다. https://link.coupang.com/a/db5xPi 1위 : 코텍스 고급스텐 대야 걸이 가격 : 2,100원 링크 : https://link.coupang.com/a/db5xPi 2위 : 유니스 고급형 다용도 접이식 생선 건조망, 1개, 3단, 화이트 가격 : 12,100원 링크 : https://link.coupang.com/a/db5xPj 3위 : 와이로리 파티션 선반 걸이 철재 책상 정리 45mm 가격 : 5,900원 링크 : https://link.coupang.com/a/db5xPl 4위 : 유티 무타공 부착식 다용도 키친타올걸이 가격 : 8,220원 링크 : https://link.coupang.com/a/db5xPn 5위 : 틸하우스 모던 2구 규조토 물빠짐 수저통 가격 : 16,400원 링크 : https://link.coupang.com/a/db5xPp 6위 : 바른리빙 스텐 스텐드형 키친타올 거치대 가격 : 7,900원 링크 : https://link.coupang.com/a/db5xPs 7위 : 스파이더락 자바라 샤워기 행거 10 가격 : 8,180원 링크 : https://link.coupang.com/a/db5xPt 8위 : 마켓플랜 냉장고 자석 와이드 다용도 수납 선반 가격 : 9,900원 링크 : https://link.coupang.com/a/db5xPw 9위 : 리빙홈디테일 무타공 벽걸이 밀대 걸이 LHD-044 가격 : 4,200원 링크 : https://link.coupang.com/a/db5xPz 10위 : 리본제이 창틀 선반 가격 : 10,900원 링크 : https://link.coupang.com/a/db5xPC ⭐️ 특별 혜택 링크 https://temu.to/k/glb5f443d8e 을(를) 탭하고 최고 품질의 상품을 초저가로 만나보세요. 🛍️ 이렇게 파격적인 혜택은 오직 Temu에서만 제공됩니다. 지금 쇼핑하고 큰 할인을 받으세요! ⭐️ 당신을 위한 또 다른 놀라움! 저와 함께 수익을 얻으시려면 https://temu.to/k/g7a19moq5z4 을 클릭하세요! 감사합니다.",,0,0,1,2025-12-08 01:51:17,https://www.youtube.com/watch?v=KECim7QS8YM,부산 다이소 건기식 쿠팡 무조건 만족템 TOP10  생활이 편해졌어요 가장 많이팔린 부산 다이소 건기식 이 포스팅은 쿠팡파트너스 활동의 일환으로 이에 따른 일정액의 수수료를 제공받습니다 httpslinkcoupangcomadb5xPi 1위  코텍스 고급스텐 대야 걸이 가격  2100원 링크  httpslinkcoupangcomadb5xPi 2위  유니스 고급형 다용도 접이식 생선 건조망 1개 3단 화이트 가격  12100원 링크  httpslinkcoupangcomadb5xPj 3위  와이로리 파티션 선반 걸이 철재 책상 정리 45mm 가격  5900원 링크  httpslinkcoupangcomadb5xPl 4위  유티 무타공 부착식 다용도 키친타올걸이 가격  8220원 링크  httpslinkcoupangcomadb5xPn 5위  틸하우스 모던 2구 규조토 물빠짐 수저통 가격  16400원 링크  httpslinkcoupangcomadb5xPp 6위  바른리빙 스텐 스텐드형 키친타올 거치대 가격  7900원 링크  httpslinkcoupangcomadb5xPs 7위  스파이더락 자바라 샤워기 행거 10 가격  8180원 링크  httpslinkcoupangcomadb5xPt 8위  마켓플랜 냉장고 자석 와이드 다용도 수납 선반 가격  9900원 링크  httpslinkcoupangcomadb5xPw 9위  리빙홈디테일 무타공 벽걸이 밀대 걸이 LHD044 가격  4200원 링크  httpslinkcoupangcomadb5xPz 10위  리본제이 창틀 선반 가격  10900원 링크  httpslinkcoupangcomadb5xPC  특별 혜택 링크 httpstemutokglb5f443d8e 을를 탭하고 최고 품질의 상품을 초저가로 만나보세요  이렇게 파격적인 혜택은 오직 Temu에서만 제공됩니다 지금 쇼핑하고 큰 할인을 받으세요  당신을 위한 또 다른 놀라움 저와 함께 수익을 얻으시려면 httpstemutokg7a19moq5z4 을 클릭하세요 감사합니다 ,"['부산', '다이소', '쿠팡', '만족', '생활', '편하', '팔리', '부산', '다이소', '포스팅', '쿠팡', '파트너스', '활동', '일환', '따르', '일정액', '수수료', '제공', '텍스', '고급', '스텐', '대야', '걸이', '가격', '링크', '유니스', '고급', '다용도', '접이식', '생선', '건조', '화이트', '가격', '링크', '와이로리', '파티션', '선반', '걸이', '철재', '책상', '정리', '가격', '링크', '유티', '무타', '부착', '다용도', '키친타올', '걸이', '가격', '링크', '하우스', '모던', '규조토', '빠지', '수저', '가격', '링크', '바르', '리빙', '스텐', '스텐', '키친타올', '거치대', '가격', '링크', '스파이더', '자바라', '샤워기', '행거', '가격', '링크', '마켓', '플랜', '냉장고', '자석', '와이드', '다용도', '수납', '선반', '가격', '링크', '리빙', '디테일', '무타', '벽걸이', '밀대', '걸이', '가격', '링크', '리본', '창틀', '선반', '가격', '링크', '특별', '혜택', '링크', '최고', '품질', '상품', '저가', '만나', '이렇', '파격', '혜택', '제공', '쇼핑', '할인', '당신', '위하', '놀랍', '수익', '클릭', '감사']"
2,2,[50대브이로그] 갱년기증상 폭발ㅣ다이소건기식 구입ㅣ나의만족템 두유제조기 계란찜기,"최근 들어 갱년기 증상이 폭발중이에요 몸이 너무 힘드니까 뭐든 해야겠는데 우선은 건강기능식품을 추가했구요 식단을 대대적으로 개선했습니다 뭐 단시간에 좋아지는 건 아니겠지만 이렇게라도 노력해야 건강하게 갱년기를 잘 극복할 수 있을 것 같에요 ✨ 채널 ""레베카: 행복한 싱글라이프""는? 50대 싱글 여성의 소소한 행복과 라이프스타일을 담은 공간입니다. '구독'과 '좋아요'로 응원해주세요! 😊 🎵Music provided by 브금대통령 🎵Track : 산뜻하게 - • [Happy Music] 산뜻하게 | 깨끗하게, 맑게, 자신있게 😊 🎵Track : Pink Ride - • [행복하고 밝은음악] Pink Ride | 기분 좋은 포근한 공기 🎵Track : 공주의 하루 2 - • [귀엽고 신나는 음악] 공주의 하루 2 | 행복해🥰",,10,814,1,2025-08-24 11:30:25,https://www.youtube.com/watch?v=_XwTJY8k4Q8,50대브이로그 갱년기증상 폭발다이소건기식 구입나의만족템 두유제조기 계란찜기 최근 들어 갱년기 증상이 폭발중이에요 몸이 너무 힘드니까 뭐든 해야겠는데 우선은 건강기능식품을 추가했구요 식단을 대대적으로 개선했습니다 뭐 단시간에 좋아지는 건 아니겠지만 이렇게라도 노력해야 건강하게 갱년기를 잘 극복할 수 있을 것 같에요  채널 레베카 행복한 싱글라이프는 50대 싱글 여성의 소소한 행복과 라이프스타일을 담은 공간입니다 구독과 좋아요로 응원해주세요  Music provided by 브금대통령 Track  산뜻하게   Happy Music 산뜻하게  깨끗하게 맑게 자신있게  Track  Pink Ride   행복하고 밝은음악 Pink Ride  기분 좋은 포근한 공기 Track  공주의 하루 2   귀엽고 신나는 음악 공주의 하루 2  행복해 ,"['브이', '로그', '갱년기', '증상', '폭발', '건기', '구입', '만족', '두유', '제조기', '계란찜', '최근', '갱년기', '증상', '폭발', '힘들', '우선', '건강', '기능', '식품', '추가', '식단', '대대적', '개선', '단시간', '아니', '이렇', '노력', '건강', '갱년기', '극복', '채널', '레베카', '행복', '싱글', '라이프', '싱글', '여성', '소소하', '행복', '라이프', '스타일', '공간', '구독', '응원', '브금', '대통령', '자신', '행복', '음악', '기분', '공기', '공주', '하루', '귀엽', '신나', '음악', '공주', '하루', '행복']"
2,2,"헉, 이게 3천원? 다이소 건강템 리뷰!","다이소 철분제, 3000원짜리인데 진짜 먹어도 될까? 약국 철분제랑 비교해봤습니다! 💊 철분이 필요한 사람은 누구? 다이소 제품 성분은 어떤가? 복용 시 주의할 점까지! ⚠️ ✔️ 내 몸 상태에 맞게 선택하세요 🙌","#다이소철분제,#건강보조제,#빈혈예방,#철분부족,#약국철분제,#영양제리뷰,#다이소건강템,#헴철,#철분효과,#쇼츠",7,2215,0,2025-06-11 11:00:46,https://www.youtube.com/watch?v=P1b5TkRe7HM,헉 이게 3천원 다이소 건강템 리뷰 다이소 철분제 3000원짜리인데 진짜 먹어도 될까 약국 철분제랑 비교해봤습니다  철분이 필요한 사람은 누구 다이소 제품 성분은 어떤가 복용 시 주의할 점까지   내 몸 상태에 맞게 선택하세요  #다이소철분제#건강보조제#빈혈예방#철분부족#약국철분제#영양제리뷰#다이소건강템#헴철#철분효과#쇼츠,"['이것', '다이소', '건강', '리뷰', '다이소', '철분', '약국', '철분', '비교', '철분', '필요', '사람', '누구', '다이소', '제품', '성분', '어떻', '복용', '주의', '상태', '선택']"
2,2,다이소 건기식 매출 쿠팡 무조건 만족템 TOP10 - 매일 쓰고 있는 제품이에요,"가장 많이팔린 다이소 건기식 매출 이 포스팅은 쿠팡파트너스 활동의 일환으로, 이에 따른 일정액의 수수료를 제공받습니다. https://link.coupang.com/a/c4xUhB 1위 : 다향오리 엄선된 원료육으로 만든 다향훈제오리, 540g, 1개 가격 : 9,440원 링크 : https://link.coupang.com/a/c4xUhB 2위 : 마이비데 클린케어 화장실용 물티슈 캡형, 80매, 8개 가격 : 17,010원 링크 : https://link.coupang.com/a/c4xUhC 3위 : 에버콜라겐 타임 비오틴, 150g, 2개 가격 : 66,310원 링크 : https://link.coupang.com/a/c4xUhF 4위 : 록신 명품 호텔수건 코마사 부드러운 고퀄리티 수건 540GSM 40수 10종세트, 10개, 파우더블루 가격 : 22,230원 링크 : https://link.coupang.com/a/c4xUhH 5위 : 샤워메이트 산양유 비누 버베나, 90g, 12개입 가격 : 6,900원 링크 : https://link.coupang.com/a/c4xUhK 6위 : 유니레버 썬 식기세척기용 타블렛 세제 베이킹소다 앤 소금 50개입, 500g, 1개 가격 : 6,990원 링크 : https://link.coupang.com/a/c4xUhM 7위 : Kipnos 높이조절 이동식 2단 사이드테이블 쇼파테이블 보조테이블 쇼파사이드테이블 소파테이블 미니테이블 티테이블 커피테이블 이동식침대테이블 간이테이블, 화이트 가격 : 18,990원 링크 : https://link.coupang.com/a/c4xUhN 8위 : 이지마인드 알로에베라 수딩젤, 300g, 3개 가격 : 6,900원 링크 : https://link.coupang.com/a/c4xUhO 9위 : 주리에떼 14K/18K 여성용 더블링 베니스 금 목걸이 | 사은품 반지 | 쇼핑백 가격 : 189,900원 링크 : https://link.coupang.com/a/c4xUhP 10위 : 아이리버 무선 블루투스 감열식 라벨프린터 ILP-100, 1개, 라벨프린터 | 라벨지, 화이트 가격 : 27,840원 링크 : https://link.coupang.com/a/c4xUhQ ⭐️ 특별 혜택 링크 https://temu.to/k/glb5f443d8e 을(를) 탭하고 최고 품질의 상품을 초저가로 만나보세요. 🛍️ 이렇게 파격적인 혜택은 오직 Temu에서만 제공됩니다. 지금 쇼핑하고 큰 할인을 받으세요! ⭐️ 당신을 위한 또 다른 놀라움! 저와 함께 수익을 얻으시려면 https://temu.to/k/g7a19moq5z4 을 클릭하세요! 감사합니다.",,0,13,1,2025-11-15 01:31:39,https://www.youtube.com/watch?v=c_am4t44A7o,다이소 건기식 매출 쿠팡 무조건 만족템 TOP10  매일 쓰고 있는 제품이에요 가장 많이팔린 다이소 건기식 매출 이 포스팅은 쿠팡파트너스 활동의 일환으로 이에 따른 일정액의 수수료를 제공받습니다 httpslinkcoupangcomac4xUhB 1위  다향오리 엄선된 원료육으로 만든 다향훈제오리 540g 1개 가격  9440원 링크  httpslinkcoupangcomac4xUhB 2위  마이비데 클린케어 화장실용 물티슈 캡형 80매 8개 가격  17010원 링크  httpslinkcoupangcomac4xUhC 3위  에버콜라겐 타임 비오틴 150g 2개 가격  66310원 링크  httpslinkcoupangcomac4xUhF 4위  록신 명품 호텔수건 코마사 부드러운 고퀄리티 수건 540GSM 40수 10종세트 10개 파우더블루 가격  22230원 링크  httpslinkcoupangcomac4xUhH 5위  샤워메이트 산양유 비누 버베나 90g 12개입 가격  6900원 링크  httpslinkcoupangcomac4xUhK 6위  유니레버 썬 식기세척기용 타블렛 세제 베이킹소다 앤 소금 50개입 500g 1개 가격  6990원 링크  httpslinkcoupangcomac4xUhM 7위  Kipnos 높이조절 이동식 2단 사이드테이블 쇼파테이블 보조테이블 쇼파사이드테이블 소파테이블 미니테이블 티테이블 커피테이블 이동식침대테이블 간이테이블 화이트 가격  18990원 링크  httpslinkcoupangcomac4xUhN 8위  이지마인드 알로에베라 수딩젤 300g 3개 가격  6900원 링크  httpslinkcoupangcomac4xUhO 9위  주리에떼 14K18K 여성용 더블링 베니스 금 목걸이  사은품 반지  쇼핑백 가격  189900원 링크  httpslinkcoupangcomac4xUhP 10위  아이리버 무선 블루투스 감열식 라벨프린터 ILP100 1개 라벨프린터  라벨지 화이트 가격  27840원 링크  httpslinkcoupangcomac4xUhQ  특별 혜택 링크 httpstemutokglb5f443d8e 을를 탭하고 최고 품질의 상품을 초저가로 만나보세요  이렇게 파격적인 혜택은 오직 Temu에서만 제공됩니다 지금 쇼핑하고 큰 할인을 받으세요  당신을 위한 또 다른 놀라움 저와 함께 수익을 얻으시려면 httpstemutokg7a19moq5z4 을 클릭하세요 감사합니다 ,"['다이소', '매출', '쿠팡', '만족', '제품', '팔리', '다이소', '매출', '포스팅', '쿠팡', '파트너스', '활동', '일환', '따르', '일정액', '수수료', '제공', '오리', '엄선', '원료', '만들', '훈제', '오리', '가격', '링크', '마이', '비데', '클린', '케어', '화장실', '물티슈', '가격', '링크', '에버', '콜라겐', '타임', '비오티', '가격', '링크', '명품', '호텔', '수건', '코마사', '부드럽', '퀄리티', '수건', '세트', '파우더 블루', '가격', '링크', '샤워', '메이트', '산양유', '비누', '버베나', '개입', '가격', '링크', '유니레버', '식기', '세척기', '세제', '베이킹', '소다', '소금', '개입', '가격', '링크', '높이', '조절', '이동식', '사이드', '테이블', '쇼파', '테이블', '보조', '테이블', '쇼파', '사이드', '테이블', '소파', '테이블', '미니', '테이블', '테이블', '커피', '테이블', '이동식', '침대', '테이블', '간이', '테이블', '화이트', '가격', '링크', '이지', '마인드', '알로에 베라', '가격', '링크', '주리에떼', '여성', '더블', '베니스', '목걸이', '사은품', '반지', '쇼핑백', '가격', '링크', '아이리버', '무선', '블루투스', '라벨', '프린터', '라벨', '프린터', '라벨', '화이트', '가격', '링크', '특별', '혜택', '링크', '최고', '품질', '상품', '저가', '만나', '이렇', '파격', '혜택', '제공', '쇼핑', '할인', '당신', '위하', '놀랍', '수익', '클릭', '감사']"
2,2,다이소 전용 건기식 브랜드?!,,,0,244,0,2025-07-04 01:21:02,https://www.youtube.com/watch?v=EvFIGUfUXAw,다이소 전용 건기식 브랜드  ,"['다이소', '전용', '건기', '브랜드']"
2,2,다이소 건기식 종류 쿠팡에서 인기 많은 제품들 - 직접 써보니 정말 좋더라고요,"가장 많이팔린 다이소 건기식 종류 이 포스팅은 쿠팡파트너스 활동의 일환으로, 이에 따른 일정액의 수수료를 제공받습니다. https://link.coupang.com/a/c4xi1h 1위 : 다향오리 엄선된 원료육으로 만든 다향훈제오리 가격 : 11,370원 링크 : https://link.coupang.com/a/c4xi1h 2위 : 마이비데 클린케어 화장실용 물티슈 캡형 가격 : 23,970원 링크 : https://link.coupang.com/a/c4xi1j 3위 : 에버콜라겐 타임 비오틴 가격 : 79,900원 링크 : https://link.coupang.com/a/c4xi1k 4위 : 록신 명품 호텔수건 코마사 부드러운 고퀄리티 수건 540GSM 40수 10종세트 가격 : 23,460원 링크 : https://link.coupang.com/a/c4xi1m 5위 : Kipnos 높이조절 이동식 2단 사이드테이블 쇼파테이블 보조테이블 쇼파사이드테이블 소파테이블 미니테이블 티테이블 커피테이블 이동식침대테이블 간이테이블 가격 : 20,950원 링크 : https://link.coupang.com/a/c4xi1o 6위 : 샤워메이트 산양유 비누 버베나 가격 : 9,730원 링크 : https://link.coupang.com/a/c4xi1q 7위 : 유니레버 썬 식기세척기용 타블렛 세제 베이킹소다 앤 소금 50개입 가격 : 12,540원 링크 : https://link.coupang.com/a/c4xi1s 8위 : 이지마인드 알로에베라 수딩젤 가격 : 9,000원 링크 : https://link.coupang.com/a/c4xi1t 9위 : 컴포럽 프리미엄 암막 수면안대 가격 : 19,900원 링크 : https://link.coupang.com/a/c4xi1v 10위 : 실바트 인덕션 까리노 IH 프라이팬 가격 : 29,800원 링크 : https://link.coupang.com/a/c4xi1x ⭐️ 특별 혜택 링크 https://temu.to/k/glb5f443d8e 을(를) 탭하고 최고 품질의 상품을 초저가로 만나보세요. 🛍️ 이렇게 파격적인 혜택은 오직 Temu에서만 제공됩니다. 지금 쇼핑하고 큰 할인을 받으세요! ⭐️ 당신을 위한 또 다른 놀라움! 저와 함께 수익을 얻으시려면 https://temu.to/k/g7a19moq5z4 을 클릭하세요! 감사합니다.",,0,7,1,2025-11-15 00:37:39,https://www.youtube.com/watch?v=Nj1totqbeHg,다이소 건기식 종류 쿠팡에서 인기 많은 제품들  직접 써보니 정말 좋더라고요 가장 많이팔린 다이소 건기식 종류 이 포스팅은 쿠팡파트너스 활동의 일환으로 이에 따른 일정액의 수수료를 제공받습니다 httpslinkcoupangcomac4xi1h 1위  다향오리 엄선된 원료육으로 만든 다향훈제오리 가격  11370원 링크  httpslinkcoupangcomac4xi1h 2위  마이비데 클린케어 화장실용 물티슈 캡형 가격  23970원 링크  httpslinkcoupangcomac4xi1j 3위  에버콜라겐 타임 비오틴 가격  79900원 링크  httpslinkcoupangcomac4xi1k 4위  록신 명품 호텔수건 코마사 부드러운 고퀄리티 수건 540GSM 40수 10종세트 가격  23460원 링크  httpslinkcoupangcomac4xi1m 5위  Kipnos 높이조절 이동식 2단 사이드테이블 쇼파테이블 보조테이블 쇼파사이드테이블 소파테이블 미니테이블 티테이블 커피테이블 이동식침대테이블 간이테이블 가격  20950원 링크  httpslinkcoupangcomac4xi1o 6위  샤워메이트 산양유 비누 버베나 가격  9730원 링크  httpslinkcoupangcomac4xi1q 7위  유니레버 썬 식기세척기용 타블렛 세제 베이킹소다 앤 소금 50개입 가격  12540원 링크  httpslinkcoupangcomac4xi1s 8위  이지마인드 알로에베라 수딩젤 가격  9000원 링크  httpslinkcoupangcomac4xi1t 9위  컴포럽 프리미엄 암막 수면안대 가격  19900원 링크  httpslinkcoupangcomac4xi1v 10위  실바트 인덕션 까리노 IH 프라이팬 가격  29800원 링크  httpslinkcoupangcomac4xi1x  특별 혜택 링크 httpstemutokglb5f443d8e 을를 탭하고 최고 품질의 상품을 초저가로 만나보세요  이렇게 파격적인 혜택은 오직 Temu에서만 제공됩니다 지금 쇼핑하고 큰 할인을 받으세요  당신을 위한 또 다른 놀라움 저와 함께 수익을 얻으시려면 httpstemutokg7a19moq5z4 을 클릭하세요 감사합니다 ,"['다이소', '종류', '쿠팡', '인기', '제품', '팔리', '다이소', '종류', '포스팅', '쿠팡', '파트너스', '활동', '일환', '따르', '일정액', '수수료', '제공', '오리', '엄선', '원료', '만들', '훈제', '오리', '가격', '링크', '마이', '비데', '클린', '케어', '화장실', '물티슈', '가격', '링크', '에버', '콜라겐', '타임', '비오티', '가격', '링크', '명품', '호텔', '수건', '코마사', '부드럽', '퀄리티', '수건', '세트', '가격', '링크', '높이', '조절', '이동식', '사이드', '테이블', '쇼파', '테이블', '보조', '테이블', '쇼파', '사이드', '테이블', '소파', '테이블', '미니', '테이블', '테이블', '커피', '테이블', '이동식', '침대', '테이블', '간이', '테이블', '가격', '링크', '샤워', '메이트', '산양유', '비누', '버베나', '가격', '링크', '유니레버', '식기', '세척기', '세제', '베이킹', '소다', '소금', '개입', '가격', '링크', '이지', '마인드', '알로에 베라', '가격', '링크', '컴포럽', '프리미엄', '수면', '안대', '가격', '링크', '실바', '인덕션', '까리노', '프라이팬', '가격', '링크', '특별', '혜택', '링크', '최고', '품질', '상품', '저가', '만나', '이렇', '파격', '혜택', '제공', '쇼핑', '할인', '당신', '위하', '놀랍', '수익', '클릭', '감사']"
2,2,편의점에서 간식처럼 사먹는 영양제… 이건 꼭 봐야 합니다 건강기능식품 #편의점비타민 #다이소건기식   #건강한중년,"요즘은 편의점에서 콜라겐, 비타민을 간식처럼 고릅니다 하지만 ‘건강기능식품’이라고 무조건 안전할까요?",,6,1185,1,2025-05-23 05:20:01,https://www.youtube.com/watch?v=LbfvMO1BSzs,편의점에서 간식처럼 사먹는 영양제 이건 꼭 봐야 합니다 건강기능식품 #편의점비타민 #다이소건기식   #건강한중년 요즘은 편의점에서 콜라겐 비타민을 간식처럼 고릅니다 하지만 건강기능식품이라고 무조건 안전할까요 ,"['편의점', '간식', '영양제', '이거', '건강', '기능', '식품', '요즘', '편의점', '콜라겐', '비타민', '간식', '고르', '건강', '기능', '식품', '안전']"
2,2,건기식 파는 다이소 쿠팡 무조건 만족템 TOP10 - 편하고 유용해서 자주 써요,"가장 많이팔린 건기식 파는 다이소 이 포스팅은 쿠팡파트너스 활동의 일환으로, 이에 따른 일정액의 수수료를 제공받습니다. https://link.coupang.com/a/c16FjF 1위 : 듀라셀 알카라인 AA 건전지, 20개입, 1개 가격 : 11,130원 링크 : https://link.coupang.com/a/c16FjF 2위 : 가그린 제로 구강청결제, 1.2L, 2개 가격 : 8,900원 링크 : https://link.coupang.com/a/c16FjG 3위 : 코멧 홈 프리미엄 소프트 고중량 호텔 수건 200g 40수, 토프그레이, 10개 가격 : 29,150원 링크 : https://link.coupang.com/a/c16FjH 4위 : 필립스 SkinIQ 5000 시리즈 전기면도기, S5887/29, 카본 그레이 가격 : 99,000원 링크 : https://link.coupang.com/a/c16FjI 5위 : 미다미 스포티 태그 챙이 긴 볼캡 2종 세트 1557 가격 : 7,920원 링크 : https://link.coupang.com/a/c16FjJ 6위 : 피죤 건조기용 시트 섬유유연제 옐로미모사 본품, 120매입, 1개 가격 : 8,820원 링크 : https://link.coupang.com/a/c16FjK 7위 : 옵티멈뉴트리션 플래티넘 하이드로 웨이 프로틴 아이솔레이트 터보 초콜릿, 820g, 1개 가격 : 56,900원 링크 : https://link.coupang.com/a/c16FjM 8위 : 피크닉 제로 사과, 200ml, 24개 가격 : 8,900원 링크 : https://link.coupang.com/a/c16FjO 9위 : 소프트터치 라인보더 수건 150g 30수 면사, 그레이, 10개 가격 : 24,210원 링크 : https://link.coupang.com/a/c16FjP 10위 : 살림백서 피톤치드 편백수 실내탈취제 본품, 500ml, 1개 가격 : 8,110원 링크 : https://link.coupang.com/a/c16FjQ ⭐️ 특별 혜택 링크 https://temu.to/k/glb5f443d8e 을(를) 탭하고 최고 품질의 상품을 초저가로 만나보세요. 🛍️ 이렇게 파격적인 혜택은 오직 Temu에서만 제공됩니다. 지금 쇼핑하고 큰 할인을 받으세요! ⭐️ 당신을 위한 또 다른 놀라움! 저와 함께 수익을 얻으시려면 https://temu.to/k/g7a19moq5z4 을 클릭하세요! 감사합니다.",,0,0,1,2025-11-06 21:08:32,https://www.youtube.com/watch?v=gjHFQx_tHqY,건기식 파는 다이소 쿠팡 무조건 만족템 TOP10  편하고 유용해서 자주 써요 가장 많이팔린 건기식 파는 다이소 이 포스팅은 쿠팡파트너스 활동의 일환으로 이에 따른 일정액의 수수료를 제공받습니다 httpslinkcoupangcomac16FjF 1위  듀라셀 알카라인 AA 건전지 20개입 1개 가격  11130원 링크  httpslinkcoupangcomac16FjF 2위  가그린 제로 구강청결제 12L 2개 가격  8900원 링크  httpslinkcoupangcomac16FjG 3위  코멧 홈 프리미엄 소프트 고중량 호텔 수건 200g 40수 토프그레이 10개 가격  29150원 링크  httpslinkcoupangcomac16FjH 4위  필립스 SkinIQ 5000 시리즈 전기면도기 S588729 카본 그레이 가격  99000원 링크  httpslinkcoupangcomac16FjI 5위  미다미 스포티 태그 챙이 긴 볼캡 2종 세트 1557 가격  7920원 링크  httpslinkcoupangcomac16FjJ 6위  피죤 건조기용 시트 섬유유연제 옐로미모사 본품 120매입 1개 가격  8820원 링크  httpslinkcoupangcomac16FjK 7위  옵티멈뉴트리션 플래티넘 하이드로 웨이 프로틴 아이솔레이트 터보 초콜릿 820g 1개 가격  56900원 링크  httpslinkcoupangcomac16FjM 8위  피크닉 제로 사과 200ml 24개 가격  8900원 링크  httpslinkcoupangcomac16FjO 9위  소프트터치 라인보더 수건 150g 30수 면사 그레이 10개 가격  24210원 링크  httpslinkcoupangcomac16FjP 10위  살림백서 피톤치드 편백수 실내탈취제 본품 500ml 1개 가격  8110원 링크  httpslinkcoupangcomac16FjQ  특별 혜택 링크 httpstemutokglb5f443d8e 을를 탭하고 최고 품질의 상품을 초저가로 만나보세요  이렇게 파격적인 혜택은 오직 Temu에서만 제공됩니다 지금 쇼핑하고 큰 할인을 받으세요  당신을 위한 또 다른 놀라움 저와 함께 수익을 얻으시려면 httpstemutokg7a19moq5z4 을 클릭하세요 감사합니다 ,"['건기', '다이소', '쿠팡', '만족', '편하', '유용', '팔리', '건기', '다이소', '포스팅', '쿠팡', '파트너스', '활동', '일환', '따르', '일정액', '수수료', '제공', '듀라셀', '라인', '건전지', '개입', '가격', '링크', '그린', '제로', '구강', '청결', '가격', '링크', '코멧', '프리미엄', '소프트', '중량', '호텔', '수건', '토프그레이', '가격', '링크', '필립스', '시리즈', '전기', '면도기', '카본', '그레이', '가격', '링크', '미다미', '스포티', '태그', '세트', '가격', '링크', '피죤', '건조기', '시트', '섬유', '유연제', '옐로', '미모', '매입', '가격', '링크', '옵티멈뉴트리션', '플래티넘', '하이드', '웨이', '프로', '아이', '레이', '터보', '초콜릿', '가격', '링크', '피크닉', '제로', '사과', '가격', '링크', '소프트', '터치', '라인', '보더', '수건', '면사', '그레이', '가격', '링크', '살림', '백서', '피톤치드', '백수', '실내', '탈취제', '가격', '링크', '특별', '혜택', '링크', '최고', '품질', '상품', '저가', '만나', '이렇', '파격', '혜택', '제공', '쇼핑', '할인', '당신', '위하', '놀랍', '수익', '클릭', '감사']"
2,2,다이소 건기식 추천 약사 쿠팡에서 인기 많은 제품들 - 가격도 착하고 품질도 좋아요,"가장 많이팔린 다이소 건기식 추천 약사 이 포스팅은 쿠팡파트너스 활동의 일환으로, 이에 따른 일정액의 수수료를 제공받습니다. https://link.coupang.com/a/dduLAb 1위 : 다이소 본셉 비타씨 동결 건조 더블샷 앰플 키트 마켓스토리 압축 코인티슈 추가 구성 가격 : 8,700원 링크 : https://link.coupang.com/a/dduLAb 2위 : 다이소 VT 리들샷 페이셜 부스트 퍼스트 엠플 100샷 가격 : 21,850원 링크 : https://link.coupang.com/a/dduLAc 3위 : 다이소 VT 리들샷 300 브이티 페이셜 부스팅 저자극 앰플 개별포장 가격 : 15,880원 링크 : https://link.coupang.com/a/dduLAe 4위 : 다이소 VT 리들샷 100 브이티 페이셜 부스팅 저자극 앰플 개별포장 가격 : 11,500원 링크 : https://link.coupang.com/a/dduLAi 5위 : 다이소 VT 리들샷 100 브이티 페이셜 부스팅 저자극 앰플 개별포장 가격 : 18,520원 링크 : https://link.coupang.com/a/dduLAk 6위 : 다이소- VT PDRN 광채 에센스 개별포장 가격 : 18,900원 링크 : https://link.coupang.com/a/dduLAl 7위 : 다이소 VT 리들샷 300 브이티 페이셜 부스팅 저자극 앰플 개별포장 가격 : 17,000원 링크 : https://link.coupang.com/a/dduLAm 8위 : 아브카 트루 모이스춰 저분자 히알루론산 앰플 가격 : 8,400원 링크 : https://link.coupang.com/a/dduLAn 9위 : 웰라쥬 리얼 히알루로닉 블루 앰플 가격 : 16,600원 링크 : https://link.coupang.com/a/dduLAq 10위 : 앰플엔 펩타이드샷 앰플 가격 : 15,800원 링크 : https://link.coupang.com/a/dduLAs ⭐️ 특별 혜택 링크 https://temu.to/k/glb5f443d8e 을(를) 탭하고 최고 품질의 상품을 초저가로 만나보세요. 🛍️ 이렇게 파격적인 혜택은 오직 Temu에서만 제공됩니다. 지금 쇼핑하고 큰 할인을 받으세요! ⭐️ 당신을 위한 또 다른 놀라움! 저와 함께 수익을 얻으시려면 https://temu.to/k/g7a19moq5z4 을 클릭하세요! 감사합니다.",,0,4,1,2025-12-12 02:56:21,https://www.youtube.com/watch?v=4AyBb_xzkh0,다이소 건기식 추천 약사 쿠팡에서 인기 많은 제품들  가격도 착하고 품질도 좋아요 가장 많이팔린 다이소 건기식 추천 약사 이 포스팅은 쿠팡파트너스 활동의 일환으로 이에 따른 일정액의 수수료를 제공받습니다 httpslinkcoupangcomadduLAb 1위  다이소 본셉 비타씨 동결 건조 더블샷 앰플 키트 마켓스토리 압축 코인티슈 추가 구성 가격  8700원 링크  httpslinkcoupangcomadduLAb 2위  다이소 VT 리들샷 페이셜 부스트 퍼스트 엠플 100샷 가격  21850원 링크  httpslinkcoupangcomadduLAc 3위  다이소 VT 리들샷 300 브이티 페이셜 부스팅 저자극 앰플 개별포장 가격  15880원 링크  httpslinkcoupangcomadduLAe 4위  다이소 VT 리들샷 100 브이티 페이셜 부스팅 저자극 앰플 개별포장 가격  11500원 링크  httpslinkcoupangcomadduLAi 5위  다이소 VT 리들샷 100 브이티 페이셜 부스팅 저자극 앰플 개별포장 가격  18520원 링크  httpslinkcoupangcomadduLAk 6위  다이소 VT PDRN 광채 에센스 개별포장 가격  18900원 링크  httpslinkcoupangcomadduLAl 7위  다이소 VT 리들샷 300 브이티 페이셜 부스팅 저자극 앰플 개별포장 가격  17000원 링크  httpslinkcoupangcomadduLAm 8위  아브카 트루 모이스춰 저분자 히알루론산 앰플 가격  8400원 링크  httpslinkcoupangcomadduLAn 9위  웰라쥬 리얼 히알루로닉 블루 앰플 가격  16600원 링크  httpslinkcoupangcomadduLAq 10위  앰플엔 펩타이드샷 앰플 가격  15800원 링크  httpslinkcoupangcomadduLAs  특별 혜택 링크 httpstemutokglb5f443d8e 을를 탭하고 최고 품질의 상품을 초저가로 만나보세요  이렇게 파격적인 혜택은 오직 Temu에서만 제공됩니다 지금 쇼핑하고 큰 할인을 받으세요  당신을 위한 또 다른 놀라움 저와 함께 수익을 얻으시려면 httpstemutokg7a19moq5z4 을 클릭하세요 감사합니다 ,"['다이소', '추천', '약사', '쿠팡', '인기', '제품', '가격', '착하', '품질', '팔리', '다이소', '추천', '약사', '포스팅', '쿠팡', '파트너스', '활동', '일환', '따르', '일정액', '수수료', '제공', '다이소', '본셉', '비타', '동결', '건조', '더블', '앰플', '키트', '마켓', '스토리', '압축', '코인', '티슈', '추가', '구성', '가격', '링크', '다이소', '페이셜', '부스트', '퍼스트', '엠플', '가격', '링크', '다이소', '브이', '페이', '부스', '자극', '앰플', '개별', '포장', '가격', '링크', '다이소', '브이', '페이', '부스', '자극', '앰플', '개별', '포장', '가격', '링크', '다이소', '브이', '페이', '부스', '자극', '앰플', '개별', '포장', '가격', '링크', '다이소', '광채', '에센스', '개별', '포장', '가격', '링크', '다이소', '브이', '페이', '부스', '자극', '앰플', '개별', '포장', '가격', '링크', '아브카', '트루', '모이스춰', '저분자', '히알루론산', '앰플', '가격', '링크', '웰라쥬', '리얼', '히알루로닉', '블루', '앰플', '가격', '링크', '앰프', '펩타이드', '앰플', '가격', '링크', '특별', '혜택', '링크', '최고', '품질', '상품', '저가', '만나', '이렇', '파격', '혜택', '제공', '쇼핑', '할인', '당신', '위하', '놀랍', '수익', '클릭', '감사']"
2,2,건기식 파는 다이소 쿠팡 무조건 만족템 TOP10 - 가족들도 만족했어요,"가장 많이팔린 건기식 파는 다이소 이 포스팅은 쿠팡파트너스 활동의 일환으로, 이에 따른 일정액의 수수료를 제공받습니다. https://link.coupang.com/a/c7o1hQ 1위 : 코카콜라 오리지널, 190ml, 30개 가격 : 13,720원 링크 : https://link.coupang.com/a/c7o1hQ 2위 : 코멧 순백 3겹 라벤더 바닐라 롤화장지, 30m, 30개입, 1개 가격 : 10,990원 링크 : https://link.coupang.com/a/c7o1hR 3위 : 키움정, 240정, 1개 가격 : 43,990원 링크 : https://link.coupang.com/a/c7o1hS 4위 : 다우니 미스티크 초고농축 섬유유연제 본품, 1.05L, 3개 가격 : 15,990원 링크 : https://link.coupang.com/a/c7o1hT 5위 : 뉴트리포유 듀얼 이뮨 멀티 비타민 미네랄, 30회분, 1개 가격 : 42,020원 링크 : https://link.coupang.com/a/c7o1hW 6위 : 코멧 묶기 편한 끈있는 분리배출 봉투, 50L, 60개 가격 : 6,860원 링크 : https://link.coupang.com/a/c7o1hY 7위 : 마이카페라떼 원데이 로어슈거 클래식라떼, 210ml, 10개 가격 : 8,840원 링크 : https://link.coupang.com/a/c7o1h0 8위 : 키플링 여성용 리리 크로스백 가격 : 74,000원 링크 : https://link.coupang.com/a/c7o1h2 9위 : 리스트 여성용 핸드메이드 싱글원 버튼 코트 TWHCTO82010 가격 : 89,500원 링크 : https://link.coupang.com/a/c7o1h4 10위 : 한방선생 볶은 돼지감자, 500g, 1개 가격 : 8,990원 링크 : https://link.coupang.com/a/c7o1h6 ⭐️ 특별 혜택 링크 https://temu.to/k/glb5f443d8e 을(를) 탭하고 최고 품질의 상품을 초저가로 만나보세요. 🛍️ 이렇게 파격적인 혜택은 오직 Temu에서만 제공됩니다. 지금 쇼핑하고 큰 할인을 받으세요! ⭐️ 당신을 위한 또 다른 놀라움! 저와 함께 수익을 얻으시려면 https://temu.to/k/g7a19moq5z4 을 클릭하세요! 감사합니다.",,0,1,1,2025-11-24 12:59:06,https://www.youtube.com/watch?v=MxSVWX37fWQ,건기식 파는 다이소 쿠팡 무조건 만족템 TOP10  가족들도 만족했어요 가장 많이팔린 건기식 파는 다이소 이 포스팅은 쿠팡파트너스 활동의 일환으로 이에 따른 일정액의 수수료를 제공받습니다 httpslinkcoupangcomac7o1hQ 1위  코카콜라 오리지널 190ml 30개 가격  13720원 링크  httpslinkcoupangcomac7o1hQ 2위  코멧 순백 3겹 라벤더 바닐라 롤화장지 30m 30개입 1개 가격  10990원 링크  httpslinkcoupangcomac7o1hR 3위  키움정 240정 1개 가격  43990원 링크  httpslinkcoupangcomac7o1hS 4위  다우니 미스티크 초고농축 섬유유연제 본품 105L 3개 가격  15990원 링크  httpslinkcoupangcomac7o1hT 5위  뉴트리포유 듀얼 이뮨 멀티 비타민 미네랄 30회분 1개 가격  42020원 링크  httpslinkcoupangcomac7o1hW 6위  코멧 묶기 편한 끈있는 분리배출 봉투 50L 60개 가격  6860원 링크  httpslinkcoupangcomac7o1hY 7위  마이카페라떼 원데이 로어슈거 클래식라떼 210ml 10개 가격  8840원 링크  httpslinkcoupangcomac7o1h0 8위  키플링 여성용 리리 크로스백 가격  74000원 링크  httpslinkcoupangcomac7o1h2 9위  리스트 여성용 핸드메이드 싱글원 버튼 코트 TWHCTO82010 가격  89500원 링크  httpslinkcoupangcomac7o1h4 10위  한방선생 볶은 돼지감자 500g 1개 가격  8990원 링크  httpslinkcoupangcomac7o1h6  특별 혜택 링크 httpstemutokglb5f443d8e 을를 탭하고 최고 품질의 상품을 초저가로 만나보세요  이렇게 파격적인 혜택은 오직 Temu에서만 제공됩니다 지금 쇼핑하고 큰 할인을 받으세요  당신을 위한 또 다른 놀라움 저와 함께 수익을 얻으시려면 httpstemutokg7a19moq5z4 을 클릭하세요 감사합니다 ,"['건기', '다이소', '쿠팡', '만족', '가족', '만족', '팔리', '건기', '다이소', '포스팅', '쿠팡', '파트너스', '활동', '일환', '따르', '일정액', '수수료', '제공', '코카콜라', '오리지널', '가격', '링크', '코멧', '순백', '라벤더', '바닐라', '화장지', '개입', '가격', '링크', '키우', '가격', '링크', '미스티', '농축', '섬유', '유연제', '가격', '링크', '뉴트리포유', '듀얼', '이뮨', '멀티', '비타민', '미네랄', '가격', '링크', '코멧', '편하', '분리', '배출', '봉투', '가격', '링크', '마이', '카페라떼', '데이', '로어슈거', '클래식', '라떼', '가격', '링크', '키플링', '여성', '크로스', '가격', '링크', '리스트', '여성', '핸드', '메이드', '싱글', '버튼', '코트', '가격', '링크', '한방', '선생', '돼지', '감자', '가격', '링크', '특별', '혜택', '링크', '최고', '품질', '상품', '저가', '만나', '이렇', '파격', '혜택', '제공', '쇼핑', '할인', '당신', '위하', '놀랍', '수익', '클릭', '감사']"
2,2,3개월치 말고 7일치만? 편의점서 난리 난 신상#MZ트렌드 #편의점꿀템 #건강관리 #건기식 #소용량패키지,"건강기능식품, 이제는 대용량 말고 소용량 시대! 편의점·다이소에서 난리 난 이유가 있다…💊🔥",,1,258,0,2025-09-29 01:42:22,https://www.youtube.com/watch?v=6faCMLpLOVU,3개월치 말고 7일치만 편의점서 난리 난 신상#MZ트렌드 #편의점꿀템 #건강관리 #건기식 #소용량패키지 건강기능식품 이제는 대용량 말고 소용량 시대 편의점다이소에서 난리 난 이유가 있다 ,"['개월', '편의점', '난리', '신상', '건강', '기능', '식품', '이제', '용량', '용량', '시대', '편의점', '다이소', '난리', '이유']"
2,2,[다이소영양제] 혈당관리2편 #다이소 #가성비 #영양식 #영양제 #건강기능식품 #바나바 #락토핏 #혈당관리 #혈당스파이크 #베르베린,,,29,3823,2,2026-01-14 00:43:35,https://www.youtube.com/watch?v=dHb-cy9g_1U,다이소영양제 혈당관리2편 #다이소 #가성비 #영양식 #영양제 #건강기능식품 #바나바 #락토핏 #혈당관리 #혈당스파이크 #베르베린  ,"['다이소', '영양제', '혈당', '관리']"
2,2,부산 다이소 건기식 쿠팡 무조건 만족템 TOP10 - 매일 쓰고 있는 제품이에요,"가장 많이팔린 부산 다이소 건기식 이 포스팅은 쿠팡파트너스 활동의 일환으로, 이에 따른 일정액의 수수료를 제공받습니다. https://link.coupang.com/a/de4pJv 1위 : 그란츠 만능 스핀 야채 다지기 가격 : 4,200원 링크 : https://link.coupang.com/a/de4pJv 2위 : 유니스 고급형 다용도 접이식 생선 건조망, 1개, 3단, 화이트 가격 : 12,100원 링크 : https://link.coupang.com/a/de4pJw 3위 : GOMDORI 곰돌이 국산 마늘 야채 고추 다지기 가격 : 12,000원 링크 : https://link.coupang.com/a/de4pJx 4위 : 생선건조망 특대형2단 나물야채 과일고추말리기 녹차찻잎 다용도 무말랭이 캠핑 메쉬망 반건조오징어덕장, 1개, 2단, 특대형 (green) 가격 : 10,990원 링크 : https://link.coupang.com/a/de4pJz 5위 : [키친아트] 만능 야채다지기 가격 : 9,500원 링크 : https://link.coupang.com/a/de4pJA 6위 : 생선건조망대형2단 나물야채 과일고추말리기 녹차찻잎 다용도 무말랭이 캠핑 메쉬망 반건조오징어덕장, 대형 (green), 1개, 2단 가격 : 11,370원 링크 : https://link.coupang.com/a/de4pJB 7위 : 로이홈 김장 무채 채썰기 와이드 스텐 채칼 슬라이서 가격 : 4,500원 링크 : https://link.coupang.com/a/de4pJD 8위 : 들꽃 절구 공이 가격 : 4,900원 링크 : https://link.coupang.com/a/de4pJF 9위 : [왓위셀] 미니 깨갈이 마늘 절구 도자기 | 방망이세트 가격 : 5,500원 링크 : https://link.coupang.com/a/de4pJG 10위 : 계란 분할 절단기 가격 : 3,320원 링크 : https://link.coupang.com/a/de4pJH ⭐️ 특별 혜택 링크 https://temu.to/k/glb5f443d8e 을(를) 탭하고 최고 품질의 상품을 초저가로 만나보세요. 🛍️ 이렇게 파격적인 혜택은 오직 Temu에서만 제공됩니다. 지금 쇼핑하고 큰 할인을 받으세요! ⭐️ 당신을 위한 또 다른 놀라움! 저와 함께 수익을 얻으시려면 https://temu.to/k/g7a19moq5z4 을 클릭하세요! 감사합니다.",,0,10,1,2025-12-16 20:50:30,https://www.youtube.com/watch?v=ldn2ZXt1MzQ,부산 다이소 건기식 쿠팡 무조건 만족템 TOP10  매일 쓰고 있는 제품이에요 가장 많이팔린 부산 다이소 건기식 이 포스팅은 쿠팡파트너스 활동의 일환으로 이에 따른 일정액의 수수료를 제공받습니다 httpslinkcoupangcomade4pJv 1위  그란츠 만능 스핀 야채 다지기 가격  4200원 링크  httpslinkcoupangcomade4pJv 2위  유니스 고급형 다용도 접이식 생선 건조망 1개 3단 화이트 가격  12100원 링크  httpslinkcoupangcomade4pJw 3위  GOMDORI 곰돌이 국산 마늘 야채 고추 다지기 가격  12000원 링크  httpslinkcoupangcomade4pJx 4위  생선건조망 특대형2단 나물야채 과일고추말리기 녹차찻잎 다용도 무말랭이 캠핑 메쉬망 반건조오징어덕장 1개 2단 특대형 green 가격  10990원 링크  httpslinkcoupangcomade4pJz 5위  키친아트 만능 야채다지기 가격  9500원 링크  httpslinkcoupangcomade4pJA 6위  생선건조망대형2단 나물야채 과일고추말리기 녹차찻잎 다용도 무말랭이 캠핑 메쉬망 반건조오징어덕장 대형 green 1개 2단 가격  11370원 링크  httpslinkcoupangcomade4pJB 7위  로이홈 김장 무채 채썰기 와이드 스텐 채칼 슬라이서 가격  4500원 링크  httpslinkcoupangcomade4pJD 8위  들꽃 절구 공이 가격  4900원 링크  httpslinkcoupangcomade4pJF 9위  왓위셀 미니 깨갈이 마늘 절구 도자기  방망이세트 가격  5500원 링크  httpslinkcoupangcomade4pJG 10위  계란 분할 절단기 가격  3320원 링크  httpslinkcoupangcomade4pJH  특별 혜택 링크 httpstemutokglb5f443d8e 을를 탭하고 최고 품질의 상품을 초저가로 만나보세요  이렇게 파격적인 혜택은 오직 Temu에서만 제공됩니다 지금 쇼핑하고 큰 할인을 받으세요  당신을 위한 또 다른 놀라움 저와 함께 수익을 얻으시려면 httpstemutokg7a19moq5z4 을 클릭하세요 감사합니다 ,"['부산', '다이소', '쿠팡', '만족', '제품', '팔리', '부산', '다이소', '포스팅', '쿠팡', '파트너스', '활동', '일환', '따르', '일정액', '수수료', '제공', '그란츠', '만능', '스핀', '야채', '다지', '가격', '링크', '유니스', '고급', '다용도', '접이식', '생선', '건조', '화이트', '가격', '링크', '곰돌이', '국산', '마늘', '야채', '고추', '다지', '가격', '링크', '생선', '건조', '나물', '야채', '과일', '고추', '말리', '녹차', '찻잎', '다용도', '무말랭이', '캠핑', '메쉬', '반건조', '오징어', '가격', '링크', '키친', '아트', '만능', '야채', '다지', '가격', '링크', '생선', '건조', '나물', '야채', '과일', '고추', '말리', '녹차', '찻잎', '다용도', '무말랭이', '캠핑', '메쉬', '반건조', '오징어', '가격', '링크', '로이', '김장', '와이드', '스텐', '가격', '링크', '절구', '공이', '가격', '링크', '왓위', '미니', '갈이', '마늘', '절구', '도자기', '방망이', '세트', '가격', '링크', '계란', '분할', '절단', '가격', '링크', '특별', '혜택', '링크', '최고', '품질', '상품', '저가', '만나', '이렇', '파격', '혜택', '제공', '쇼핑', '할인', '당신', '위하', '놀랍', '수익', '클릭', '감사']"
2,2,다이소 건기식 추천 쿠팡에서 인기 많은 제품들 - 알게 되면 꼭 사고 싶어져요,"가장 많이팔린 다이소 건기식 추천 이 포스팅은 쿠팡파트너스 활동의 일환으로, 이에 따른 일정액의 수수료를 제공받습니다. https://link.coupang.com/a/cYNC3q 1위 : 종근당건강 프로메가 오메가3 트리플 장용성 가격 : 10,590원 링크 : https://link.coupang.com/a/cYNC3q 2위 : BH코리아 다용도 접이식 식품 건조망 (생선건조,야채건조,나물건조,고추건조) BH KOREA, 1개, 2단, 화이트 가격 : 10,500원 링크 : https://link.coupang.com/a/cYNC3r 3위 : BH코리아 다용도 접이식 식품 건조망 (생선건조,야채건조,나물건조,고추건조) BH KOREA, 1개, 3단, 화이트 가격 : 11,500원 링크 : https://link.coupang.com/a/cYNC3s 4위 : 유니스 고급형 다용도 접이식 생선 건조망, 1개, 3단, 화이트 가격 : 12,100원 링크 : https://link.coupang.com/a/cYNC3t 5위 : 판클 EPA DPA 중성지방 다이어트 오메가3 지방산 30일분 가격 : 16,300원 링크 : https://link.coupang.com/a/cYNC3u 6위 : 락토핏 코어 유산균 60p 가격 : 32,200원 링크 : https://link.coupang.com/a/cYNC3x 7위 : 뉴트리디데이 프리미엄 밀크씨슬 골드 가격 : 12,900원 링크 : https://link.coupang.com/a/cYNC3y 8위 : GNM 건강한 간 밀크씨슬 가격 : 20,420원 링크 : https://link.coupang.com/a/cYNC3A 9위 : 에버하우스 다용도 신발 건조기 세탁 건조망 40 x 40 cm, 화이트, 2개 가격 : 5,370원 링크 : https://link.coupang.com/a/cYNC3E 10위 : 홈프로 매쉬 다용도 야채 보관망 양파 마늘 건조망 장바구니 1 | 1, 2개, 그린 가격 : 7,960원 링크 : https://link.coupang.com/a/cYNC3H ⭐️ 특별 혜택 링크 https://temu.to/k/glb5f443d8e 을(를) 탭하고 최고 품질의 상품을 초저가로 만나보세요. 🛍️ 이렇게 파격적인 혜택은 오직 Temu에서만 제공됩니다. 지금 쇼핑하고 큰 할인을 받으세요! ⭐️ 당신을 위한 또 다른 놀라움! 저와 함께 수익을 얻으시려면 https://temu.to/k/g7a19moq5z4 을 클릭하세요! 감사합니다.",,1,66,1,2025-10-24 11:16:26,https://www.youtube.com/watch?v=0RLmN_9eZos,다이소 건기식 추천 쿠팡에서 인기 많은 제품들  알게 되면 꼭 사고 싶어져요 가장 많이팔린 다이소 건기식 추천 이 포스팅은 쿠팡파트너스 활동의 일환으로 이에 따른 일정액의 수수료를 제공받습니다 httpslinkcoupangcomacYNC3q 1위  종근당건강 프로메가 오메가3 트리플 장용성 가격  10590원 링크  httpslinkcoupangcomacYNC3q 2위  BH코리아 다용도 접이식 식품 건조망 생선건조야채건조나물건조고추건조 BH KOREA 1개 2단 화이트 가격  10500원 링크  httpslinkcoupangcomacYNC3r 3위  BH코리아 다용도 접이식 식품 건조망 생선건조야채건조나물건조고추건조 BH KOREA 1개 3단 화이트 가격  11500원 링크  httpslinkcoupangcomacYNC3s 4위  유니스 고급형 다용도 접이식 생선 건조망 1개 3단 화이트 가격  12100원 링크  httpslinkcoupangcomacYNC3t 5위  판클 EPA DPA 중성지방 다이어트 오메가3 지방산 30일분 가격  16300원 링크  httpslinkcoupangcomacYNC3u 6위  락토핏 코어 유산균 60p 가격  32200원 링크  httpslinkcoupangcomacYNC3x 7위  뉴트리디데이 프리미엄 밀크씨슬 골드 가격  12900원 링크  httpslinkcoupangcomacYNC3y 8위  GNM 건강한 간 밀크씨슬 가격  20420원 링크  httpslinkcoupangcomacYNC3A 9위  에버하우스 다용도 신발 건조기 세탁 건조망 40 x 40 cm 화이트 2개 가격  5370원 링크  httpslinkcoupangcomacYNC3E 10위  홈프로 매쉬 다용도 야채 보관망 양파 마늘 건조망 장바구니 1  1 2개 그린 가격  7960원 링크  httpslinkcoupangcomacYNC3H  특별 혜택 링크 httpstemutokglb5f443d8e 을를 탭하고 최고 품질의 상품을 초저가로 만나보세요  이렇게 파격적인 혜택은 오직 Temu에서만 제공됩니다 지금 쇼핑하고 큰 할인을 받으세요  당신을 위한 또 다른 놀라움 저와 함께 수익을 얻으시려면 httpstemutokg7a19moq5z4 을 클릭하세요 감사합니다 ,"['다이소', '추천', '쿠팡', '인기', '제품', '팔리', '다이소', '추천', '포스팅', '쿠팡', '파트너스', '활동', '일환', '따르', '일정액', '수수료', '제공', '종근당', '건강', '프로', '메가', '오메가', '트리플', '장용', '가격', '링크', '코리아', '다용도', '접이식', '식품', '건조', '생선', '건조', '야채', '건조', '나물', '건조', '고추', '건조', '화이트', '가격', '링크', '코리아', '다용도', '접이식', '식품', '건조', '생선', '건조', '야채', '건조', '나물', '건조', '고추', '건조', '화이트', '가격', '링크', '유니스', '고급', '다용도', '접이식', '생선', '건조', '화이트', '가격', '링크', '중성', '지방', '다이어트', '오메가', '지방산', '가격', '링크', '락토핏', '코어', '유산균', '가격', '링크', '트리', '데이', '프리미엄', '밀크', '골드', '가격', '링크', '건강', '밀크', '가격', '링크', '에버', '하우스', '다용도', '신발', '건조기', '세탁', '건조', '화이트', '가격', '링크', '프로', '매쉬', '다용도', '야채', '보관', '마늘', '건조', '바구니', '그린', '가격', '링크', '특별', '혜택', '링크', '최고', '품질', '상품', '저가', '만나', '이렇', '파격', '혜택', '제공', '쇼핑', '할인', '당신', '위하', '놀랍', '수익', '클릭', '감사']"
2,2,다잇쏘~혁명!!!#25년2월24일부터#건기식천국#약국갈필요가없네#착한가격#강추#브랜드말고 성분 보고 삽시다#아껴야잘살지,"다이소에서 판매 중인 **건강기능식품(건기식)**에 대해 정리해드릴게요. 현재 다이소는 일부 매장에서 건강기능식품 판매를 시작했으며, 접근성과 가격 면에서 주목받고 있어요. --- 다이소 건기식 현황 판매 시작 시기 다이소는 2025년 2월 24일부터 전국 약 200개 매장에서 건강기능식품 판매를 시작했습니다. 제공 브랜드 및 제품군 대웅제약, 종근당건강, 동국제약, DXVX 등 제약사와 협업해 다양한 제품을 내놓고 있습니다. 가격대 대부분의 건기식 제품은 ₩3,000 ~ ₩5,000 사이로, 가격 경쟁력이 매우 높습니다. 판매 품목 예시 루테인, 오메가-3, 비타민D 등의 눈 건강 및 항산화 제품 멀티비타민, 비타민C 츄어블, 철분, 칼슘·마그네슘 등 기본 영양제 간 건강 (예: 밀크씨슬), 유산균 등 특정 상품 사례 ‘닥터베어 글루타치온’은 대웅제약 제품으로, 글루타치온 70mg과 비타민C 100mg이 함유된 캔디형 제형입니다. 항산화, 피부 미백, 간 해독, 면역 강화에 도움을 줄 수 있어요. --- 구매 팁 & 확인 방법 재고 확인 다이소몰 앱 또는 웹에서 ‘매장 상품 찾기’ 기능을 통해 해당 제품의 재고를 일부 확인할 수 있습니다. 다만, 실시간 반영이 어려울 수 있으므로 방문 전 고객센터(1522-4400)나 매장에 직접 문의하는 것이 좋습니다. 품절 이슈 주의 인기 품목은 빠르게 품절될 수 있으므로, 방문 전에 꼭 확인하는 것이 효율적이에요. --- 한눈에 보는 정리 항목 내용 판매 시작 2025년 2월 24일, 약 200개 매장 가격대 ₩3,000 ~ ₩5,000 주요 제품군 루테인, 오메가-3, 비타민C/D, 멀티비타민, 밀크씨슬, 글루타치온 등 구매 팁 다이소몰 재고 확인 → 방문 전 고객센터 문의 → 매장 구매",,1,622,2,2025-08-10 22:11:06,https://www.youtube.com/watch?v=Bq_QgyS50xs,다잇쏘혁명#25년2월24일부터#건기식천국#약국갈필요가없네#착한가격#강추#브랜드말고 성분 보고 삽시다#아껴야잘살지 다이소에서 판매 중인 건강기능식품건기식에 대해 정리해드릴게요 현재 다이소는 일부 매장에서 건강기능식품 판매를 시작했으며 접근성과 가격 면에서 주목받고 있어요  다이소 건기식 현황 판매 시작 시기 다이소는 2025년 2월 24일부터 전국 약 200개 매장에서 건강기능식품 판매를 시작했습니다 제공 브랜드 및 제품군 대웅제약 종근당건강 동국제약 DXVX 등 제약사와 협업해 다양한 제품을 내놓고 있습니다 가격대 대부분의 건기식 제품은 3000  5000 사이로 가격 경쟁력이 매우 높습니다 판매 품목 예시 루테인 오메가3 비타민D 등의 눈 건강 및 항산화 제품 멀티비타민 비타민C 츄어블 철분 칼슘마그네슘 등 기본 영양제 간 건강 예 밀크씨슬 유산균 등 특정 상품 사례 닥터베어 글루타치온은 대웅제약 제품으로 글루타치온 70mg과 비타민C 100mg이 함유된 캔디형 제형입니다 항산화 피부 미백 간 해독 면역 강화에 도움을 줄 수 있어요  구매 팁  확인 방법 재고 확인 다이소몰 앱 또는 웹에서 매장 상품 찾기 기능을 통해 해당 제품의 재고를 일부 확인할 수 있습니다 다만 실시간 반영이 어려울 수 있으므로 방문 전 고객센터15224400나 매장에 직접 문의하는 것이 좋습니다 품절 이슈 주의 인기 품목은 빠르게 품절될 수 있으므로 방문 전에 꼭 확인하는 것이 효율적이에요  한눈에 보는 정리 항목 내용 판매 시작 2025년 2월 24일 약 200개 매장 가격대 3000  5000 주요 제품군 루테인 오메가3 비타민CD 멀티비타민 밀크씨슬 글루타치온 등 구매 팁 다이소몰 재고 확인  방문 전 고객센터 문의  매장 구매 ,"['다잇쏘', '혁명', '성분', '다이소', '판매', '건강', '기능', '식품', '건기', '대하', '정리', '드리', '다이소', '일부', '매장', '건강', '기능', '식품', '판매', '시작', '접근', '가격', '주목', '다이소', '현황', '판매', '시작', '시기', '다이소', '전국', '매장', '건강', '기능', '식품', '판매', '시작', '제공', '브랜드', '제품군', '대웅제약', '종근당', '건강', '동국', '제약', '제약사', '협업', '다양', '제품', '내놓', '가격대', '대부분', '건기', '제품', '사이', '가격', '경쟁력', '판매', '품목', '예시', '루테', '오메가', '비타민', '건강', '항산화', '제품', '멀티', '비타민', '비타민', '츄어블', '철분', '칼슘', '마그네슘', '기본', '영양제', '건강', '밀크', '유산균', '특정', '상품', '사례', '닥터', '베어', '대웅제약', '제품', '비타민', '함유', '캔디', '제형', '항산화', '피부', '미백', '해독', '면역', '강화', '도움', '구매', '확인', '방법', '재고', '확인', '다이소', '매장', '상품', '기능', '통하', '해당', '제품', '재고', '일부', '확인', '실시간', '반영', '어렵', '방문', '고객', '센터', '매장', '문의', '품절', '이슈', '인기', '품목', '빠르', '품절', '방문', '확인', '효율', '한눈', '정리', '항목', '내용', '판매', '시작', '매장', '가격대', '주요', '제품군', '루테', '오메가', '비타민', '멀티', '비타민', '밀크', '글루타치온', '구매', '다이소', '재고', '확인', '방문', '고객', '센터', '매장', '구매']"
2,2,직원들도 챙겨가는 다이소 영양제템 15 #다이소영양제 #다이소건강템,"👉리빙템 추천, 생활꿀템 추천 🔥다이소에서 찾은 건강 필수템들을 소개합니다! 저렴한 가격에 만나볼 수 있는 다양한 영양제와 건강보조상품으로, 온 가족의 건강을 챙겨보세요. 쿠팡 파트너스 활동으로 수수료를 받습니다. ✔️필요하신 분은 저장해두세요 ✔️댓글에 ""정보"" 남기면 링크 보내드립니다","#다이소영양제,#다이소건강템,#건강관리템,#다이소추천템",4,71,1,2026-05-01 10:30:22,https://www.youtube.com/watch?v=IP6-wpcEMYc,직원들도 챙겨가는 다이소 영양제템 15 #다이소영양제 #다이소건강템 리빙템 추천 생활꿀템 추천 다이소에서 찾은 건강 필수템들을 소개합니다 저렴한 가격에 만나볼 수 있는 다양한 영양제와 건강보조상품으로 온 가족의 건강을 챙겨보세요 쿠팡 파트너스 활동으로 수수료를 받습니다 필요하신 분은 저장해두세요 댓글에 정보 남기면 링크 보내드립니다 #다이소영양제#다이소건강템#건강관리템#다이소추천템,"['직원', '챙기', '다이소', '영양제', '리빙템', '추천', '생활', '추천', '다이소', '건강', '필수', '소개', '저렴하', '가격', '만나', '다양', '영양제', '건강', '보조', '상품', '가족', '건강', '챙기', '쿠팡', '파트너스', '활동', '수수료', '필요', '저장', '댓글', '정보', '남기', '링크', '보내', '드리']"
2,2,다이소 식물 영양제가 효과 없었던 이유 #식물영양제 #다이소 #식물초보,,,40,9579,2,2025-07-27 15:01:04,https://www.youtube.com/watch?v=dU5FuaE-4U4,다이소 식물 영양제가 효과 없었던 이유 #식물영양제 #다이소 #식물초보  ,"['다이소', '식물', '영양제', '효과', '이유']"
2,2,💊 약사도 놀란 가성비! 다이소 영양제 비교 리뷰 💊 Even Pharmacists Are Shocked! Daiso Supplement Price Match,"약사가 “사기캐”라고 했던 영양제들, 다이소에서 진짜 싸게 팔고 있더라구요?! 근데… 다 싼 건 아니었습니다😮 비교해봤어요! 👉 다이소 vs 약국 영양제, 가격 & 성분 비교 👉 어떤 건 가성비 갑, 어떤 건 낭비…? Supplements praised by pharmacists… Selling for shockingly low prices at Daiso?! But not everything was a bargain 😮 We compared! 👉 Daiso vs Pharmacy supplements — price & ingredients 👉 Some are total steals, others not worth it...",,0,5221,2,2025-07-08 01:12:17,https://www.youtube.com/watch?v=N0hMHrFXow4, 약사도 놀란 가성비 다이소 영양제 비교 리뷰  Even Pharmacists Are Shocked Daiso Supplement Price Match 약사가 사기캐라고 했던 영양제들 다이소에서 진짜 싸게 팔고 있더라구요 근데 다 싼 건 아니었습니다 비교해봤어요  다이소 vs 약국 영양제 가격  성분 비교  어떤 건 가성비 갑 어떤 건 낭비 Supplements praised by pharmacists Selling for shockingly low prices at Daiso But not everything was a bargain  We compared  Daiso vs Pharmacy supplements  price  ingredients  Some are total steals others not worth it ,"['약사', '놀라', '가성비', '다이소', '영양제', '비교', '리뷰', '약사', '사기캐', '영양제', '다이소', '아니', '비교', '다이소', '약국', '영양제', '가격', '성분', '비교', '가성비', '낭비']"
2,2,다이소 어린이 영앙제 내돈내산 아이 영양제 2가지 꿀템 추천 상품 추천템   Daiso recommended items.,"다이소 어린이 영앙제 내돈내산 아이 영양제 2가지 리뷰. 성분표 확인 필수! 하루 2알 츄어블이라서 간편. 가격만큼 영양성분이 약하다고 하지만 소식, 편식하는 아이들에게는 과하지 않은 영양제라 오히려 좋았던 영양제. 멀티비타민미네랄은 딸기맛 맛있고 칼슘비타민D는 요커트맛 맛없어서 두개 동시에 입에 넣어 먹으면 먹을만 함. Daiso recommended items. Daiso recommendations. Daiso recommended items for kids. Daiso multi vitamin mineral and calcium.",,8,1486,1,2025-05-23 07:29:50,https://www.youtube.com/watch?v=Zj-gUPS3I7U,다이소 어린이 영앙제 내돈내산 아이 영양제 2가지 꿀템 추천 상품 추천템   Daiso recommended items 다이소 어린이 영앙제 내돈내산 아이 영양제 2가지 리뷰 성분표 확인 필수 하루 2알 츄어블이라서 간편 가격만큼 영양성분이 약하다고 하지만 소식 편식하는 아이들에게는 과하지 않은 영양제라 오히려 좋았던 영양제 멀티비타민미네랄은 딸기맛 맛있고 칼슘비타민D는 요커트맛 맛없어서 두개 동시에 입에 넣어 먹으면 먹을만 함 Daiso recommended items Daiso recommendations Daiso recommended items for kids Daiso multi vitamin mineral and calcium ,"['다이소', '어린이', '아이', '영양제', '가지', '꿀템', '추천', '상품', '추천', '다이소', '어린이', '아이', '영양제', '가지', '리뷰', '성분', '확인', '필수', '하루', '츄어블', '가격', '영양', '성분', '약하', '소식', '편식', '아이', '과하', '영양제', '영양제', '멀티', '비타민', '미네랄', '딸기', '맛있', '칼슘', '비타민', '요커트', '동시']"
2,2,건기식 파는 다이소 쿠팡 무조건 만족템 TOP10 - 매일 쓰고 있는 제품이에요,"가장 많이팔린 건기식 파는 다이소 이 포스팅은 쿠팡파트너스 활동의 일환으로, 이에 따른 일정액의 수수료를 제공받습니다. https://link.coupang.com/a/ddvAEf 1위 : THE압구정언니 버블메이커 세안 거품기 가격 : 4,150원 링크 : https://link.coupang.com/a/ddvAEf 2위 : 유니스 고급형 다용도 접이식 생선 건조망, 1개, 3단, 화이트 가격 : 12,100원 링크 : https://link.coupang.com/a/ddvAEg 3위 : THE압구정언니 버블메이커 세안 거품기 가격 : 4,150원 링크 : https://link.coupang.com/a/ddvAEi 4위 : 생선건조망 특대형2단 나물야채 과일고추말리기 녹차찻잎 다용도 무말랭이 캠핑 메쉬망 반건조오징어덕장, 1개, 2단, 특대형 (green) 가격 : 10,990원 링크 : https://link.coupang.com/a/ddvAEn 5위 : 세안용 버블메이커 세안 바디 폼클렌징 페이스 거품기 가격 : 2,890원 링크 : https://link.coupang.com/a/ddvAEq 6위 : zipkick 고추 생선 말리는망 식품 생선 건조망 3단 생선 말리는 그물망, 1개 가격 : 12,670원 링크 : https://link.coupang.com/a/ddvAEs 7위 : Ditwo 미니 무선 전동 휘핑기 우유 거품기 스프링 헤드 | 거품 헤드 | 거치대 가격 : 16,800원 링크 : https://link.coupang.com/a/ddvAEu 8위 : 수프링 접이식 대형 3단 다용도 건조망, 화이트, 1개 가격 : 17,900원 링크 : https://link.coupang.com/a/ddvAEy 9위 : 플루밍 무선 전동 휘핑기 가격 : 16,500원 링크 : https://link.coupang.com/a/ddvAEA 10위 : 마켓비 FROTHER 우유거품기 실버 가격 : 2,260원 링크 : https://link.coupang.com/a/ddvAEB ⭐️ 특별 혜택 링크 https://temu.to/k/glb5f443d8e 을(를) 탭하고 최고 품질의 상품을 초저가로 만나보세요. 🛍️ 이렇게 파격적인 혜택은 오직 Temu에서만 제공됩니다. 지금 쇼핑하고 큰 할인을 받으세요! ⭐️ 당신을 위한 또 다른 놀라움! 저와 함께 수익을 얻으시려면 https://temu.to/k/g7a19moq5z4 을 클릭하세요! 감사합니다.",,0,24,1,2025-12-12 03:50:54,https://www.youtube.com/watch?v=EhC7eB3ZIJQ,건기식 파는 다이소 쿠팡 무조건 만족템 TOP10  매일 쓰고 있는 제품이에요 가장 많이팔린 건기식 파는 다이소 이 포스팅은 쿠팡파트너스 활동의 일환으로 이에 따른 일정액의 수수료를 제공받습니다 httpslinkcoupangcomaddvAEf 1위  THE압구정언니 버블메이커 세안 거품기 가격  4150원 링크  httpslinkcoupangcomaddvAEf 2위  유니스 고급형 다용도 접이식 생선 건조망 1개 3단 화이트 가격  12100원 링크  httpslinkcoupangcomaddvAEg 3위  THE압구정언니 버블메이커 세안 거품기 가격  4150원 링크  httpslinkcoupangcomaddvAEi 4위  생선건조망 특대형2단 나물야채 과일고추말리기 녹차찻잎 다용도 무말랭이 캠핑 메쉬망 반건조오징어덕장 1개 2단 특대형 green 가격  10990원 링크  httpslinkcoupangcomaddvAEn 5위  세안용 버블메이커 세안 바디 폼클렌징 페이스 거품기 가격  2890원 링크  httpslinkcoupangcomaddvAEq 6위  zipkick 고추 생선 말리는망 식품 생선 건조망 3단 생선 말리는 그물망 1개 가격  12670원 링크  httpslinkcoupangcomaddvAEs 7위  Ditwo 미니 무선 전동 휘핑기 우유 거품기 스프링 헤드  거품 헤드  거치대 가격  16800원 링크  httpslinkcoupangcomaddvAEu 8위  수프링 접이식 대형 3단 다용도 건조망 화이트 1개 가격  17900원 링크  httpslinkcoupangcomaddvAEy 9위  플루밍 무선 전동 휘핑기 가격  16500원 링크  httpslinkcoupangcomaddvAEA 10위  마켓비 FROTHER 우유거품기 실버 가격  2260원 링크  httpslinkcoupangcomaddvAEB  특별 혜택 링크 httpstemutokglb5f443d8e 을를 탭하고 최고 품질의 상품을 초저가로 만나보세요  이렇게 파격적인 혜택은 오직 Temu에서만 제공됩니다 지금 쇼핑하고 큰 할인을 받으세요  당신을 위한 또 다른 놀라움 저와 함께 수익을 얻으시려면 httpstemutokg7a19moq5z4 을 클릭하세요 감사합니다 ,"['건기', '다이소', '쿠팡', '만족', '제품', '팔리', '건기', '다이소', '포스팅', '쿠팡', '파트너스', '활동', '일환', '따르', '일정액', '수수료', '제공', '압구정', '언니', '버블', '메이커', '세안', '거품기', '가격', '링크', '유니스', '고급', '다용도', '접이식', '생선', '건조', '화이트', '가격', '링크', '압구정', '언니', '버블', '메이커', '세안', '거품기', '가격', '링크', '생선', '건조', '나물', '야채', '과일', '고추', '말리', '녹차', '찻잎', '다용도', '무말랭이', '캠핑', '메쉬', '반건조', '오징어', '가격', '링크', '세안', '버블', '메이커', '세안', '바디', '클렌징', '페이스', '거품기', '가격', '링크', '고추', '생선', '말리', '식품', '생선', '건조', '생선', '말리', '그물망', '가격', '링크', '미니', '무선', '전동', '우유', '거품기', '스프링', '헤드', '거품', '헤드', '거치대', '가격', '링크', '수프', '접이식', '다용도', '건조', '화이트', '가격', '링크', '플루밍', '무선', '전동', '가격', '링크', '마켓', '우유', '거품', '실버', '가격', '링크', '특별', '혜택', '링크', '최고', '품질', '상품', '저가', '만나', '이렇', '파격', '혜택', '제공', '쇼핑', '할인', '당신', '위하', '놀랍', '수익', '클릭', '감사']"
2,2,다이소 건기식 추천 쿠팡에서 인기 많은 제품들 - 알게 되면 꼭 사고 싶어져요,"가장 많이팔린 다이소 건기식 추천 이 포스팅은 쿠팡파트너스 활동의 일환으로, 이에 따른 일정액의 수수료를 제공받습니다. https://link.coupang.com/a/cXIZMs 1위 : [국민건강 프로젝트] 대웅제약 마그네슘 에너지케어 가격 : 19,900원 링크 : https://link.coupang.com/a/cXIZMs 2위 : ON US 식품 건조기 고추 야채 소형 과일 가정용 업소용 가격 : 139,000원 링크 : https://link.coupang.com/a/cXIZMt 3위 : [국민건강 프로젝트] 대웅제약 바나바잎추출물 가격 : 20,000원 링크 : https://link.coupang.com/a/cXIZMu 4위 : 다용도 위생 건조망 ( 캠핌 ,생선 , 야채 식기 고추 건조망), 1개, 위생 건조망(중형) 가격 : 4,500원 링크 : https://link.coupang.com/a/cXIZMv 5위 : [국민건강 프로젝트] 대웅제약 프로바이오틱스 유산균 가격 : 19,900원 링크 : https://link.coupang.com/a/cXIZMw 6위 : BH코리아 다용도 접이식 식품 건조망 (생선건조,야채건조,나물건조,고추건조) BH KOREA, 1개, 3단, 화이트 가격 : 11,500원 링크 : https://link.coupang.com/a/cXIZMy 7위 : [국민건강 프로젝트] 대웅제약 바나바잎추출물 가격 : 10,000원 링크 : https://link.coupang.com/a/cXIZMz 8위 : BH코리아 다용도 접이식 식품 건조망 (생선건조,야채건조,나물건조,고추건조) BH KOREA, 1개, 2단, 화이트 가격 : 10,500원 링크 : https://link.coupang.com/a/cXIZMA 9위 : [국민건강 프로젝트] 대웅제약 프로바이오틱스 유산균 가격 : 10,000원 링크 : https://link.coupang.com/a/cXIZMB 10위 : [세계필터] 미니 건조기필터 19매, 1개 가격 : 14,900원 링크 : https://link.coupang.com/a/cXIZMC ⭐️ 특별 혜택 링크 https://temu.to/k/glb5f443d8e 을(를) 탭하고 최고 품질의 상품을 초저가로 만나보세요. 🛍️ 이렇게 파격적인 혜택은 오직 Temu에서만 제공됩니다. 지금 쇼핑하고 큰 할인을 받으세요! ⭐️ 당신을 위한 또 다른 놀라움! 저와 함께 수익을 얻으시려면 https://temu.to/k/g7a19moq5z4 을 클릭하세요! 감사합니다.",,0,1,1,2025-10-20 00:50:17,https://www.youtube.com/watch?v=icNY6XWICgU,다이소 건기식 추천 쿠팡에서 인기 많은 제품들  알게 되면 꼭 사고 싶어져요 가장 많이팔린 다이소 건기식 추천 이 포스팅은 쿠팡파트너스 활동의 일환으로 이에 따른 일정액의 수수료를 제공받습니다 httpslinkcoupangcomacXIZMs 1위  국민건강 프로젝트 대웅제약 마그네슘 에너지케어 가격  19900원 링크  httpslinkcoupangcomacXIZMs 2위  ON US 식품 건조기 고추 야채 소형 과일 가정용 업소용 가격  139000원 링크  httpslinkcoupangcomacXIZMt 3위  국민건강 프로젝트 대웅제약 바나바잎추출물 가격  20000원 링크  httpslinkcoupangcomacXIZMu 4위  다용도 위생 건조망  캠핌 생선  야채 식기 고추 건조망 1개 위생 건조망중형 가격  4500원 링크  httpslinkcoupangcomacXIZMv 5위  국민건강 프로젝트 대웅제약 프로바이오틱스 유산균 가격  19900원 링크  httpslinkcoupangcomacXIZMw 6위  BH코리아 다용도 접이식 식품 건조망 생선건조야채건조나물건조고추건조 BH KOREA 1개 3단 화이트 가격  11500원 링크  httpslinkcoupangcomacXIZMy 7위  국민건강 프로젝트 대웅제약 바나바잎추출물 가격  10000원 링크  httpslinkcoupangcomacXIZMz 8위  BH코리아 다용도 접이식 식품 건조망 생선건조야채건조나물건조고추건조 BH KOREA 1개 2단 화이트 가격  10500원 링크  httpslinkcoupangcomacXIZMA 9위  국민건강 프로젝트 대웅제약 프로바이오틱스 유산균 가격  10000원 링크  httpslinkcoupangcomacXIZMB 10위  세계필터 미니 건조기필터 19매 1개 가격  14900원 링크  httpslinkcoupangcomacXIZMC  특별 혜택 링크 httpstemutokglb5f443d8e 을를 탭하고 최고 품질의 상품을 초저가로 만나보세요  이렇게 파격적인 혜택은 오직 Temu에서만 제공됩니다 지금 쇼핑하고 큰 할인을 받으세요  당신을 위한 또 다른 놀라움 저와 함께 수익을 얻으시려면 httpstemutokg7a19moq5z4 을 클릭하세요 감사합니다 ,"['다이소', '추천', '쿠팡', '인기', '제품', '팔리', '다이소', '추천', '포스팅', '쿠팡', '파트너스', '활동', '일환', '따르', '일정액', '수수료', '제공', '국민', '건강', '프로젝트', '대웅제약', '마그네슘', '에너지', '케어', '가격', '링크', '식품', '건조기', '고추', '야채', '소형', '과일', '가정', '업소', '가격', '링크', '국민', '건강', '프로젝트', '대웅제약', '추출물', '가격', '링크', '다용도', '위생', '건조', '캠핌', '생선', '야채', '식기', '고추', '건조', '위생', '건조', '중형', '가격', '링크', '국민', '건강', '프로젝트', '대웅제약', '프로바이오틱스', '유산균', '가격', '링크', '코리아', '다용도', '접이식', '식품', '건조', '생선', '건조', '야채', '건조', '나물', '건조', '고추', '건조', '화이트', '가격', '링크', '국민', '건강', '프로젝트', '대웅제약', '추출물', '가격', '링크', '코리아', '다용도', '접이식', '식품', '건조', '생선', '건조', '야채', '건조', '나물', '건조', '고추', '건조', '화이트', '가격', '링크', '국민', '건강', '프로젝트', '대웅제약', '프로바이오틱스', '유산균', '가격', '링크', '세계', '필터', '미니', '건조기', '필터', '가격', '링크', '특별', '혜택', '링크', '최고', '품질', '상품', '저가', '만나', '이렇', '파격', '혜택', '제공', '쇼핑', '할인', '당신', '위하', '놀랍', '수익', '클릭', '감사']"
2,2,"다이소에 뜬 티니핑 영양젤리, 7종 한눈에 보기!","락피도티니핑젤리스틱 가격 5,000 1. 비타스틱 품번 : 951817119 포도맛 2. 면역스틱 품번 : 951817117 오렌지망고맛 3. 칼슘스틱 품번 : 951817118 복숭아맛 4. 철분스틱 품번 : 951817120 패션후르츠맛 5. 쾌변스틱 품번 : 951817121 딸기맛 6. 아르기닌스틱 품번 :951817122 자두맛 7. 빌베릭스틱 품번 : 95181712 빌베리맛",,0,8623,3,2025-09-19 12:15:01,https://www.youtube.com/watch?v=4trkr9CGI5I,다이소에 뜬 티니핑 영양젤리 7종 한눈에 보기 락피도티니핑젤리스틱 가격 5000 1 비타스틱 품번  951817119 포도맛 2 면역스틱 품번  951817117 오렌지망고맛 3 칼슘스틱 품번  951817118 복숭아맛 4 철분스틱 품번  951817120 패션후르츠맛 5 쾌변스틱 품번  951817121 딸기맛 6 아르기닌스틱 품번 951817122 자두맛 7 빌베릭스틱 품번  95181712 빌베리맛 ,"['다이소', '영양', '젤리', '락피도티니', '젤리', '스틱', '가격', '비타', '스틱', '포도', '면역', '스틱', '오렌지', '망고', '칼슘', '스틱', '복숭아', '철분', '스틱', '패션후르츠맛', '쾌변', '스틱', '딸기', '아르기닌', '스틱', '자두', '빌베릭', '스틱', '빌 베리']"
2,2,다이소의 끝은 어디인가? #국민가게#다이소#건기식#건강식품#영양제#쇼츠#shorts,,,3,468,0,2026-03-22 07:51:20,https://www.youtube.com/watch?v=lX3epCrFdbM,다이소의 끝은 어디인가 #국민가게#다이소#건기식#건강식품#영양제#쇼츠#shorts  ,"['다이소', '어디']"
2,2,다이소 영양제 뭘 사야할까? 🛒 다이소 쇼핑 전 필수 시청!,"종류만 수십 가지인 다이소 영양제 코너, 막상 사려니 뭘 골라야 할지 막막하신가요? 😵 다이소에서 가볍게 챙기기 좋은 단일 성분 가성비템은 무엇인지, 반대로 원료의 퀄리티나 고함량이 중요해 약국·전문 브랜드를 권장하는 성분은 무엇인지! 랜선약사가 성분별 특징을 싹 정리해 드립니다! 영양제도 똑똑한 '선택과 집중'이 필요합니다. 본편 영상에서 알찬 정보 받아 가세요! 👇","#다이소영양제,#건기식쇼핑가이드,#성분분석,#랜선약사,#건강기능식품,#영양제루틴",33,2304,2,2026-04-06 09:00:56,https://www.youtube.com/watch?v=b23CKqj9LAs,다이소 영양제 뭘 사야할까  다이소 쇼핑 전 필수 시청 종류만 수십 가지인 다이소 영양제 코너 막상 사려니 뭘 골라야 할지 막막하신가요  다이소에서 가볍게 챙기기 좋은 단일 성분 가성비템은 무엇인지 반대로 원료의 퀄리티나 고함량이 중요해 약국전문 브랜드를 권장하는 성분은 무엇인지 랜선약사가 성분별 특징을 싹 정리해 드립니다 영양제도 똑똑한 선택과 집중이 필요합니다 본편 영상에서 알찬 정보 받아 가세요  #다이소영양제#건기식쇼핑가이드#성분분석#랜선약사#건강기능식품#영양제루틴,"['다이소', '영양제', '다이소', '쇼핑', '필수', '시청', '종류', '수십', '가지', '다이소', '영양제', '코너', '고르', '다이소', '가볍', '챙기', '단일', '성분', '가성비', '무엇', '반대', '원료', '퀄리티', '함량', '중요', '약국', '전문', '브랜드', '권장', '성분', '무엇', '약사', '성분', '특징', '정리', '드리', '영양제', '선택', '집중', '필요', '영상', '알차', '정보']"
2,2,다이소 건기식 쿠팡에서 산 물건들 - 직접 써보고 충격받음!,"가장 많이팔린 다이소 건기식 이 포스팅은 쿠팡파트너스 활동의 일환으로, 이에 따른 일정액의 수수료를 제공받습니다. https://link.coupang.com/a/cWVH4s 1위 : [국민건강 프로젝트] 대웅제약 마그네슘 에너지케어 가격 : 19,900원 링크 : https://link.coupang.com/a/cWVH4s 2위 : BH코리아 다용도 접이식 식품 건조망 (생선건조,야채건조,나물건조,고추건조) BH KOREA, 1개, 1단, 화이트 가격 : 9,500원 링크 : https://link.coupang.com/a/cWVH4w 3위 : [국민건강 프로젝트] 대웅제약 프로바이오틱스 유산균 가격 : 19,900원 링크 : https://link.coupang.com/a/cWVH4z 4위 : BH코리아 다용도 접이식 식품 건조망 (생선건조,야채건조,나물건조,고추건조) BH KOREA, 1개, 3단, 화이트 가격 : 11,500원 링크 : https://link.coupang.com/a/cWVH4C 5위 : [국민건강 프로젝트] 대웅제약 바나바잎추출물 가격 : 20,000원 링크 : https://link.coupang.com/a/cWVH4D 6위 : [세계필터] 미니 건조기필터 19매, 1개 가격 : 14,900원 링크 : https://link.coupang.com/a/cWVH4F 7위 : 종근당건강 프로메가 오메가3 트리플 장용성 가격 : 10,470원 링크 : https://link.coupang.com/a/cWVH4I 8위 : 유니스 고급형 다용도 접이식 생선 건조망, 1개, 3단, 화이트 가격 : 12,100원 링크 : https://link.coupang.com/a/cWVH4K ⭐️ 특별 혜택 링크 https://temu.to/k/glb5f443d8e 을(를) 탭하고 최고 품질의 상품을 초저가로 만나보세요. 🛍️ 이렇게 파격적인 혜택은 오직 Temu에서만 제공됩니다. 지금 쇼핑하고 큰 할인을 받으세요! ⭐️ 당신을 위한 또 다른 놀라움! 저와 함께 수익을 얻으시려면 https://temu.to/k/g7a19moq5z4 을 클릭하세요! 감사합니다.",,0,2,1,2025-10-16 09:03:21,https://www.youtube.com/watch?v=y4poqnYym-g,다이소 건기식 쿠팡에서 산 물건들  직접 써보고 충격받음 가장 많이팔린 다이소 건기식 이 포스팅은 쿠팡파트너스 활동의 일환으로 이에 따른 일정액의 수수료를 제공받습니다 httpslinkcoupangcomacWVH4s 1위  국민건강 프로젝트 대웅제약 마그네슘 에너지케어 가격  19900원 링크  httpslinkcoupangcomacWVH4s 2위  BH코리아 다용도 접이식 식품 건조망 생선건조야채건조나물건조고추건조 BH KOREA 1개 1단 화이트 가격  9500원 링크  httpslinkcoupangcomacWVH4w 3위  국민건강 프로젝트 대웅제약 프로바이오틱스 유산균 가격  19900원 링크  httpslinkcoupangcomacWVH4z 4위  BH코리아 다용도 접이식 식품 건조망 생선건조야채건조나물건조고추건조 BH KOREA 1개 3단 화이트 가격  11500원 링크  httpslinkcoupangcomacWVH4C 5위  국민건강 프로젝트 대웅제약 바나바잎추출물 가격  20000원 링크  httpslinkcoupangcomacWVH4D 6위  세계필터 미니 건조기필터 19매 1개 가격  14900원 링크  httpslinkcoupangcomacWVH4F 7위  종근당건강 프로메가 오메가3 트리플 장용성 가격  10470원 링크  httpslinkcoupangcomacWVH4I 8위  유니스 고급형 다용도 접이식 생선 건조망 1개 3단 화이트 가격  12100원 링크  httpslinkcoupangcomacWVH4K  특별 혜택 링크 httpstemutokglb5f443d8e 을를 탭하고 최고 품질의 상품을 초저가로 만나보세요  이렇게 파격적인 혜택은 오직 Temu에서만 제공됩니다 지금 쇼핑하고 큰 할인을 받으세요  당신을 위한 또 다른 놀라움 저와 함께 수익을 얻으시려면 httpstemutokg7a19moq5z4 을 클릭하세요 감사합니다 ,"['다이소', '쿠팡', '물건', '충격', '팔리', '다이소', '포스팅', '쿠팡', '파트너스', '활동', '일환', '따르', '일정액', '수수료', '제공', '국민', '건강', '프로젝트', '대웅제약', '마그네슘', '에너지', '케어', '가격', '링크', '코리아', '다용도', '접이식', '식품', '건조', '생선', '건조', '야채', '건조', '나물', '건조', '고추', '건조', '화이트', '가격', '링크', '국민', '건강', '프로젝트', '대웅제약', '프로바이오틱스', '유산균', '가격', '링크', '코리아', '다용도', '접이식', '식품', '건조', '생선', '건조', '야채', '건조', '나물', '건조', '고추', '건조', '화이트', '가격', '링크', '국민', '건강', '프로젝트', '대웅제약', '추출물', '가격', '링크', '세계', '필터', '미니', '건조기', '필터', '가격', '링크', '종근당', '건강', '프로', '메가', '오메가', '트리플', '장용', '가격', '링크', '유니스', '고급', '다용도', '접이식', '생선', '건조', '화이트', '가격', '링크', '특별', '혜택', '링크', '최고', '품질', '상품', '저가', '만나', '이렇', '파격', '혜택', '제공', '쇼핑', '할인', '당신', '위하', '놀랍', '수익', '클릭', '감사']"
2,2,다이소영양제 2천원 실화?🔥데일리와이즈 다이소영양제 리뷰 #종근당 #광고,"다이소에서 종근당 건기식을 만날 수 있다고?💊 요즘 핫한 다이소영양제, 다이소건기식 찾는다면 이거부터 체크! 종근당 다이소 전용 브랜드 데일리와이즈로 총 6종 라인업이 출시됐어요✨ ✔️ 데일리와이즈 리스펙타 유산균 ✔️ 데일리와이즈 멀티비타민 미네랄 ✔️ 데일리와이즈 밀크씨슬 ✔️ 데일리와이즈 초임계 알티지 오메가3 ✔️ 데일리와이즈 코엔자임Q10 ✔️ 데일리와이즈 혈당컷 다이어트 한 번에 한 달치 사기 부담스러웠다면 이건 소포장으로 가볍게 시작하기 좋아요👌 가방에 쏙 들어가는 사이즈라 언제 어디서든 챙기기 편한 것도 장점✨ 다이소 매장에서 직접 보고 고를 수 있고, 온라인몰에서도 구매 가능해요🛒 + 참고로 데일리와이즈 구미 7종도 같이 출시돼서 취향에 맞게 선택 폭 더 넓어진 거 실화🍬 궁금했던 다이소건기식, 부담 없이 찍먹해보기 딱 좋은 타이밍💥 [종근당] 데일리와이즈 ⬇️ https://www.daisomall.co.kr/ds/dsBrand/C212/00199 business💌 e-mail : 59solsol59@gmail.com instagram : @lizzu_uu",,16,38876,0,2026-04-30 12:12:05,https://www.youtube.com/watch?v=hxoK2mD3LNw,다이소영양제 2천원 실화데일리와이즈 다이소영양제 리뷰 #종근당 #광고 다이소에서 종근당 건기식을 만날 수 있다고 요즘 핫한 다이소영양제 다이소건기식 찾는다면 이거부터 체크 종근당 다이소 전용 브랜드 데일리와이즈로 총 6종 라인업이 출시됐어요  데일리와이즈 리스펙타 유산균  데일리와이즈 멀티비타민 미네랄  데일리와이즈 밀크씨슬  데일리와이즈 초임계 알티지 오메가3  데일리와이즈 코엔자임Q10  데일리와이즈 혈당컷 다이어트 한 번에 한 달치 사기 부담스러웠다면 이건 소포장으로 가볍게 시작하기 좋아요 가방에 쏙 들어가는 사이즈라 언제 어디서든 챙기기 편한 것도 장점 다이소 매장에서 직접 보고 고를 수 있고 온라인몰에서도 구매 가능해요  참고로 데일리와이즈 구미 7종도 같이 출시돼서 취향에 맞게 선택 폭 더 넓어진 거 실화 궁금했던 다이소건기식 부담 없이 찍먹해보기 딱 좋은 타이밍 종근당 데일리와이즈  httpswwwdaisomallcokrdsdsBrandC21200199 business email  59solsol59gmailcom instagram  lizzuuu ,"['다이소', '영양제', '실화', '데일리', '와이즈', '다이소', '영양제', '리뷰', '다이소', '종근당', '건기', '만나', '요즘', '핫하', '다이소', '영양제', '다이소', '이거', '체크', '종근당', '다이소', '전용', '브랜드', '데일리', '와이즈', '라인업', '출시', '데일리', '와이즈', '리스펙타', '유산균', '데일리', '이즈', '멀티', '비타민', '미네랄', '데일리', '와이즈', '밀크', '데일리', '이즈', '초임', '알티', '오메가', '데일리', '이즈', '코엔자임', '데일리', '와이즈', '혈당', '다이어트', '부담', '포장', '가볍', '시작', '가방', '들어가', '사이즈', '어디', '챙기', '편하', '장점', '다이소', '매장', '고르', '온라인', '구매', '가능', '참고', '데일리', '와이즈', '구미', '출시', '취향', '선택', '넓어지', '실화', '다이소', '부담', '타이밍', '종근당', '데일리', '와이즈']"
2,2,'다이소 건기식' 효능성 논란 계속돼,자세한 내용은 한국마케팅신문에서 확인 가능합니다. https://www.mknews.kr/?mid=view&no=42880 --------------------------------------------------------------------------------------------------- BGM 🎵Music provided by 브금대통령 🎵Track : BGMP NEWS - https://www.youtube.com/watch?v=vMyGWNEHf24&list=RDvMyGWNEHf24&start_radio=1,,4,1817,0,2025-09-01 05:27:46,https://www.youtube.com/watch?v=9BXnyBNsMGM,다이소 건기식 효능성 논란 계속돼 자세한 내용은 한국마케팅신문에서 확인 가능합니다 httpswwwmknewskrmidviewno42880  BGM Music provided by 브금대통령 Track  BGMP NEWS  httpswwwyoutubecomwatchvvMyGWNEHf24listRDvMyGWNEHf24startradio1 ,"['다이소', '효능', '논란', '계속', '내용', '한국', '마케팅', '신문', '확인', '가능', '브금', '대통령']"
2,2,부산 다이소 건기식 쿠팡 무조건 만족템 TOP10 - 가족들도 만족했어요,"가장 많이팔린 부산 다이소 건기식 이 포스팅은 쿠팡파트너스 활동의 일환으로, 이에 따른 일정액의 수수료를 제공받습니다. https://link.coupang.com/a/daDDHW 1위 : 스파이더락 자바라 샤워기 행거 10 가격 : 8,180원 링크 : https://link.coupang.com/a/daDDHW 2위 : 유티 무타공 부착식 다용도 키친타올걸이 가격 : 8,220원 링크 : https://link.coupang.com/a/daDDHX 3위 : 건일 식품 야채 과일 소형 고추 건조기 가격 : 1,350,000원 링크 : https://link.coupang.com/a/daDDHY 4위 : 베베 킥방지 매트 & 멀티 수납함 가격 : 15,300원 링크 : https://link.coupang.com/a/daDDHZ 5위 : [아빠식당] 꾹꾹 눌러 담은 유부주머니, 2개, 1kg 가격 : 37,900원 링크 : https://link.coupang.com/a/daDDH0 6위 : 리본제이 창틀 선반 가격 : 10,900원 링크 : https://link.coupang.com/a/daDDH2 7위 : BH코리아 다용도 접이식 식품 건조망 (생선건조,야채건조,나물건조,고추건조) BH KOREA, 1개, 3단, 화이트 가격 : 11,500원 링크 : https://link.coupang.com/a/daDDH4 8위 : 코텍스 고급스텐 대야 걸이 가격 : 2,100원 링크 : https://link.coupang.com/a/daDDH6 9위 : 생선건조망 특대형2단 나물야채 과일고추말리기 녹차찻잎 다용도 무말랭이 캠핑 메쉬망 반건조오징어덕장, 1개, 2단, 특대형 (green) 가격 : 10,990원 링크 : https://link.coupang.com/a/daDDH7 10위 : 마이굿즈 튼튼한 방문 무타공 문걸이 도어 행거 14구 가격 : 8,700원 링크 : https://link.coupang.com/a/daDDH8 ⭐️ 특별 혜택 링크 https://temu.to/k/glb5f443d8e 을(를) 탭하고 최고 품질의 상품을 초저가로 만나보세요. 🛍️ 이렇게 파격적인 혜택은 오직 Temu에서만 제공됩니다. 지금 쇼핑하고 큰 할인을 받으세요! ⭐️ 당신을 위한 또 다른 놀라움! 저와 함께 수익을 얻으시려면 https://temu.to/k/g7a19moq5z4 을 클릭하세요! 감사합니다.",,0,1,1,2025-12-03 19:47:39,https://www.youtube.com/watch?v=koHfINm4lPw,부산 다이소 건기식 쿠팡 무조건 만족템 TOP10  가족들도 만족했어요 가장 많이팔린 부산 다이소 건기식 이 포스팅은 쿠팡파트너스 활동의 일환으로 이에 따른 일정액의 수수료를 제공받습니다 httpslinkcoupangcomadaDDHW 1위  스파이더락 자바라 샤워기 행거 10 가격  8180원 링크  httpslinkcoupangcomadaDDHW 2위  유티 무타공 부착식 다용도 키친타올걸이 가격  8220원 링크  httpslinkcoupangcomadaDDHX 3위  건일 식품 야채 과일 소형 고추 건조기 가격  1350000원 링크  httpslinkcoupangcomadaDDHY 4위  베베 킥방지 매트  멀티 수납함 가격  15300원 링크  httpslinkcoupangcomadaDDHZ 5위  아빠식당 꾹꾹 눌러 담은 유부주머니 2개 1kg 가격  37900원 링크  httpslinkcoupangcomadaDDH0 6위  리본제이 창틀 선반 가격  10900원 링크  httpslinkcoupangcomadaDDH2 7위  BH코리아 다용도 접이식 식품 건조망 생선건조야채건조나물건조고추건조 BH KOREA 1개 3단 화이트 가격  11500원 링크  httpslinkcoupangcomadaDDH4 8위  코텍스 고급스텐 대야 걸이 가격  2100원 링크  httpslinkcoupangcomadaDDH6 9위  생선건조망 특대형2단 나물야채 과일고추말리기 녹차찻잎 다용도 무말랭이 캠핑 메쉬망 반건조오징어덕장 1개 2단 특대형 green 가격  10990원 링크  httpslinkcoupangcomadaDDH7 10위  마이굿즈 튼튼한 방문 무타공 문걸이 도어 행거 14구 가격  8700원 링크  httpslinkcoupangcomadaDDH8  특별 혜택 링크 httpstemutokglb5f443d8e 을를 탭하고 최고 품질의 상품을 초저가로 만나보세요  이렇게 파격적인 혜택은 오직 Temu에서만 제공됩니다 지금 쇼핑하고 큰 할인을 받으세요  당신을 위한 또 다른 놀라움 저와 함께 수익을 얻으시려면 httpstemutokg7a19moq5z4 을 클릭하세요 감사합니다 ,"['부산', '다이소', '쿠팡', '만족', '가족', '만족', '팔리', '부산', '다이소', '포스팅', '쿠팡', '파트너스', '활동', '일환', '따르', '일정액', '수수료', '제공', '스파이더', '자바라', '샤워기', '행거', '가격', '링크', '유티', '무타', '부착', '다용도', '키친타올', '걸이', '가격', '링크', '건일', '식품', '야채', '과일', '소형', '고추', '건조기', '가격', '링크', '방지', '매트', '멀티', '수납', '가격', '링크', '아빠', '식당', '누르', '유부', '주머니', '가격', '링크', '리본', '창틀', '선반', '가격', '링크', '코리아', '다용도', '접이식', '식품', '건조', '생선', '건조', '야채', '건조', '나물', '건조', '고추', '건조', '화이트', '가격', '링크', '텍스', '고급', '스텐', '대야', '걸이', '가격', '링크', '생선', '건조', '나물', '야채', '과일', '고추', '말리', '녹차', '찻잎', '다용도', '무말랭이', '캠핑', '메쉬', '반건조', '오징어', '가격', '링크', '마이', '굿즈', '방문', '무타', '걸이', '도어', '행거', '가격', '링크', '특별', '혜택', '링크', '최고', '품질', '상품', '저가', '만나', '이렇', '파격', '혜택', '제공', '쇼핑', '할인', '당신', '위하', '놀랍', '수익', '클릭', '감사']"
2,2,"‼️가성비 끝판왕, 다이소 영양제 BEST 5","🔻영상 및 품번 정보🔻 1️. 바나바잎 추출물 (\3,000) / 600000131 2️. 철분 (\3,000) / 600000133 3️. 코엔자임Q10 (\5,000) / 600000144 4️. 밀크씨슬 (\5,000) / 600000134 5️. 쏘팔메토 옥타코사놀 (\5,000) /600000139 🎪집순이맘👸 ✳️모든 영상 ""내돈내산""","#다이소영양제,#다이소꿀템,#다이소추천템",22,2766,0,2025-09-23 04:30:23,https://www.youtube.com/watch?v=Jz6JaJufazQ,가성비 끝판왕 다이소 영양제 BEST 5 영상 및 품번 정보 1 바나바잎 추출물 3000  600000131 2 철분 3000  600000133 3 코엔자임Q10 5000  600000144 4 밀크씨슬 5000  600000134 5 쏘팔메토 옥타코사놀 5000 600000139 집순이맘 모든 영상 내돈내산 #다이소영양제#다이소꿀템#다이소추천템,"['가성비', '끝판왕', '다이소', '영양제', '영상', '정보', '추출물', '철분', '코엔자임', '밀크', '쏘팔메토', '옥타코사놀', '영상']"
2,2,부담 없이 챙기기 좋은 다이소 건기식 3가지💊,"부담 없이 챙기기 좋은 다이소 건기식 3가지💊 1. 락토핏 골드✨ 다이소에 있어서 솔직히 좀 놀랐던 제품 한 박스 5,000원이라 가성비 부담 적어요 분말 타입이라 물 없이도 간편하게 섭취 가능 2. 푸응 7 Days🌿 이름처럼 딱 7일 분량 소포장 파우치라 가방에 쏙 넣고 다니기 좋아요 단기간 관리용으로 찾는 분들 많고 처음 먹어보는 분들 테스트용으로 가볍게 시작하기 좋아요 3. 카뮤트 효소🌾 유명한 효소인데 소포장이라 부담 없이 시작 가능 식사 후 가볍게 챙기기 좋고 고소한 맛이라 생각보다 먹기 편해요 효소 입문용으로 추천 👍","#다이소,#다이소추천템,#다이소건기식,#락토핏골드,#푸응7days,#카뮤트효소,#건강기능식품,#유산균추천,#효소추천,#가성비템,#생활정보,#shorts,#살림템",43,4654,1,2026-02-17 11:30:22,https://www.youtube.com/watch?v=WqKIs0n1DE8,부담 없이 챙기기 좋은 다이소 건기식 3가지 부담 없이 챙기기 좋은 다이소 건기식 3가지 1 락토핏 골드 다이소에 있어서 솔직히 좀 놀랐던 제품 한 박스 5000원이라 가성비 부담 적어요 분말 타입이라 물 없이도 간편하게 섭취 가능 2 푸응 7 Days 이름처럼 딱 7일 분량 소포장 파우치라 가방에 쏙 넣고 다니기 좋아요 단기간 관리용으로 찾는 분들 많고 처음 먹어보는 분들 테스트용으로 가볍게 시작하기 좋아요 3 카뮤트 효소 유명한 효소인데 소포장이라 부담 없이 시작 가능 식사 후 가볍게 챙기기 좋고 고소한 맛이라 생각보다 먹기 편해요 효소 입문용으로 추천  #다이소#다이소추천템#다이소건기식#락토핏골드#푸응7days#카뮤트효소#건강기능식품#유산균추천#효소추천#가성비템#생활정보#shorts#살림템,"['부담', '챙기', '다이소', '가지', '부담', '챙기', '다이소', '가지', '락토핏', '골드', '다이소', '놀라', '제품', '박스', '가성비', '부담', '분말', '타입', '섭취', '가능', '푸응', '이름', '분량', '포장', '파우치', '가방', '다니', '단기간', '관리', '처음', '테스트', '가볍', '시작', '카뮤트', '효소', '유명', '효소', '포장', '부담', '시작', '가능', '식사', '가볍', '챙기', '고소하', '생각', '편하', '효소', '입문', '추천']"
2,2,다이소영양제💊 종근당 데일리와이즈 입점! 다이소건기식 추천,다이소영양제 다이소건기식 데일리와이즈 ▪︎ 구매링크 https://www.daisomall.co.kr/ds/dsBrand/C212/00199 ▪︎ 화질설정 : 더보기 - 고급 - 1090p ▪︎ Contact : zymeen@naver.com,#유료광고,0,58632,0,2026-04-30 14:13:33,https://www.youtube.com/watch?v=cXYy699Ozo4,다이소영양제 종근당 데일리와이즈 입점 다이소건기식 추천 다이소영양제 다이소건기식 데일리와이즈  구매링크 httpswwwdaisomallcokrdsdsBrandC21200199  화질설정  더보기  고급  1090p  Contact  zymeennavercom #유료광고,"['다이소', '영양제', '종근당', '데일리', '와이즈', '입점', '다이소', '추천', '다이소', '영양제', '다이소', '데일리', '이즈', '구매', '링크', '화질', '설정', '고급']"
2,2,다이소 영양제 순위표 2탄,궁금한 제품은 댓글남겨주세요,,17,2317,0,2026-04-08 01:00:00,https://www.youtube.com/watch?v=IF0wCSXGZWs,다이소 영양제 순위표 2탄 궁금한 제품은 댓글남겨주세요 ,"['다이소', '영양제', '순위', '제품', '댓글', '남기']"
2,2,다이소 건기식 판매 쿠팡 무조건 만족템 TOP10 - 편하고 유용해서 자주 써요,"가장 많이팔린 다이소 건기식 판매 이 포스팅은 쿠팡파트너스 활동의 일환으로, 이에 따른 일정액의 수수료를 제공받습니다. https://link.coupang.com/a/cYOuw8 1위 : 종근당건강 프로메가 오메가3 트리플 장용성 가격 : 10,590원 링크 : https://link.coupang.com/a/cYOuw8 2위 : 에버하우스 다용도 신발 건조기 세탁 건조망 40 x 40 cm, 화이트, 2개 가격 : 5,370원 링크 : https://link.coupang.com/a/cYOuw9 3위 : 락토핏 코어 유산균 60p 가격 : 32,200원 링크 : https://link.coupang.com/a/cYOuxb 4위 : 판클 EPA DPA 중성지방 다이어트 오메가3 지방산 30일분 가격 : 16,300원 링크 : https://link.coupang.com/a/cYOuxe 5위 : GNM 건강한 간 밀크씨슬 가격 : 20,420원 링크 : https://link.coupang.com/a/cYOuxf 6위 : 뉴트리디데이 프리미엄 밀크씨슬 골드 가격 : 12,900원 링크 : https://link.coupang.com/a/cYOuxh 7위 : 뉴트리디데이 프리미엄 비타민D 5000IU 27g 가격 : 22,900원 링크 : https://link.coupang.com/a/cYOuxj 8위 : 뉴트리디데이 프리미엄 밀크씨슬 골드 가격 : 24,900원 링크 : https://link.coupang.com/a/cYOuxk 9위 : 일양약품 프라임 칼슘 마그네슘 비타민D 아연 가격 : 10,840원 링크 : https://link.coupang.com/a/cYOuxl 10위 : 뉴트리하루 실리마린 밀크 시슬 추출물 밀크씨슬 아르기닌 플러스 야관문 글루타치온 가격 : 28,200원 링크 : https://link.coupang.com/a/cYOuxo ⭐️ 특별 혜택 링크 https://temu.to/k/glb5f443d8e 을(를) 탭하고 최고 품질의 상품을 초저가로 만나보세요. 🛍️ 이렇게 파격적인 혜택은 오직 Temu에서만 제공됩니다. 지금 쇼핑하고 큰 할인을 받으세요! ⭐️ 당신을 위한 또 다른 놀라움! 저와 함께 수익을 얻으시려면 https://temu.to/k/g7a19moq5z4 을 클릭하세요! 감사합니다.",,0,5,1,2025-10-24 12:32:22,https://www.youtube.com/watch?v=cWT9qSdb1pg,다이소 건기식 판매 쿠팡 무조건 만족템 TOP10  편하고 유용해서 자주 써요 가장 많이팔린 다이소 건기식 판매 이 포스팅은 쿠팡파트너스 활동의 일환으로 이에 따른 일정액의 수수료를 제공받습니다 httpslinkcoupangcomacYOuw8 1위  종근당건강 프로메가 오메가3 트리플 장용성 가격  10590원 링크  httpslinkcoupangcomacYOuw8 2위  에버하우스 다용도 신발 건조기 세탁 건조망 40 x 40 cm 화이트 2개 가격  5370원 링크  httpslinkcoupangcomacYOuw9 3위  락토핏 코어 유산균 60p 가격  32200원 링크  httpslinkcoupangcomacYOuxb 4위  판클 EPA DPA 중성지방 다이어트 오메가3 지방산 30일분 가격  16300원 링크  httpslinkcoupangcomacYOuxe 5위  GNM 건강한 간 밀크씨슬 가격  20420원 링크  httpslinkcoupangcomacYOuxf 6위  뉴트리디데이 프리미엄 밀크씨슬 골드 가격  12900원 링크  httpslinkcoupangcomacYOuxh 7위  뉴트리디데이 프리미엄 비타민D 5000IU 27g 가격  22900원 링크  httpslinkcoupangcomacYOuxj 8위  뉴트리디데이 프리미엄 밀크씨슬 골드 가격  24900원 링크  httpslinkcoupangcomacYOuxk 9위  일양약품 프라임 칼슘 마그네슘 비타민D 아연 가격  10840원 링크  httpslinkcoupangcomacYOuxl 10위  뉴트리하루 실리마린 밀크 시슬 추출물 밀크씨슬 아르기닌 플러스 야관문 글루타치온 가격  28200원 링크  httpslinkcoupangcomacYOuxo  특별 혜택 링크 httpstemutokglb5f443d8e 을를 탭하고 최고 품질의 상품을 초저가로 만나보세요  이렇게 파격적인 혜택은 오직 Temu에서만 제공됩니다 지금 쇼핑하고 큰 할인을 받으세요  당신을 위한 또 다른 놀라움 저와 함께 수익을 얻으시려면 httpstemutokg7a19moq5z4 을 클릭하세요 감사합니다 ,"['다이소', '판매', '쿠팡', '만족', '편하', '유용', '팔리', '다이소', '판매', '포스팅', '쿠팡', '파트너스', '활동', '일환', '따르', '일정액', '수수료', '제공', '종근당', '건강', '프로', '메가', '오메가', '트리플', '장용', '가격', '링크', '에버', '하우스', '다용도', '신발', '건조기', '세탁', '건조', '화이트', '가격', '링크', '락토핏', '코어', '유산균', '가격', '링크', '판클', '중성', '지방', '다이어트', '오메가', '지방산', '가격', '링크', '건강', '밀크', '가격', '링크', '트리', '데이', '프리미엄', '밀크', '골드', '가격', '링크', '트리', '데이', '프리미엄', '비타민', '가격', '링크', '트리', '데이', '프리미엄', '밀크', '골드', '가격', '링크', '일양약품', '프라임', '칼슘', '마그네슘', '비타민', '아연', '가격', '링크', '트리', '하루', '밀크', '추출물', '밀크', '아르기닌', '플러스', '관문', '가격', '링크', '특별', '혜택', '링크', '최고', '품질', '상품', '저가', '만나', '이렇', '파격', '혜택', '제공', '쇼핑', '할인', '당신', '위하', '놀랍', '수익', '클릭', '감사']"
2,2,장사의신 홍삼 초초특가 #장사의신 #은현장 #김세의 #가세연 #매불쇼,밀키트계의 다이소 장사의신 홍삼 초초특가,"#장사의신,#은현장,#김세의,#가세연,#가로세로연구소,#매불쇼,#홍삼,#건강기능식품,#건기식,#밀키트,#밀키트추천,#멀티비타민,#영양제,#사업가,#자영업자,#인플루언서",0,10652,33,2026-05-13 20:54:00,https://www.youtube.com/watch?v=lNLijsTNsAw,장사의신 홍삼 초초특가 #장사의신 #은현장 #김세의 #가세연 #매불쇼 밀키트계의 다이소 장사의신 홍삼 초초특가 #장사의신#은현장#김세의#가세연#가로세로연구소#매불쇼#홍삼#건강기능식품#건기식#밀키트#밀키트추천#멀티비타민#영양제#사업가#자영업자#인플루언서,"['장사', '홍삼', '특가', '키트', '다이소', '장사', '홍삼', '특가']"
2,2,다이소에서 5천원?!종근당유산균가성비템발견!,"다이소에서 종근당 락토핏 유산균이 5천원에 나온 거 아시나요? 👀 1박스 17포 구성이라 직장인·자취생 가성비 건강템으로 딱이에요. 👉 락토핏 골드는 장 건강 + 면역력 케어, 👉 락토핏 당케어는 바나바잎 추출물로 혈당 관리까지! 솔직히 종근당 공식몰보다 더 저렴한 가격이라 저는 쟁여두고 있어요. 💛 구독·좋아요는 사랑입니다. 좋은 건 같이 나눠요!","#템사녀,#다이소,#다이소추천템,#다이소유산균,#종근당락토핏,#락토핏골드,#락토핏당케어,#유산균추천,#가성비영양제,#직장인영양제,#자취생건강템,#프로바이오틱스,#아연영양제,#혈당관리영양제,#다이소건강템,#유산균가성비,#장건강영양제,#면역력영양제,#다이소꿀템,#생활꿀팁#다이소,#락토핏,#유산균추천,#가성비건강템",18,3863,2,2025-08-24 01:00:27,https://www.youtube.com/watch?v=WfD6QJA5hiI,다이소에서 5천원종근당유산균가성비템발견 다이소에서 종근당 락토핏 유산균이 5천원에 나온 거 아시나요  1박스 17포 구성이라 직장인자취생 가성비 건강템으로 딱이에요  락토핏 골드는 장 건강  면역력 케어  락토핏 당케어는 바나바잎 추출물로 혈당 관리까지 솔직히 종근당 공식몰보다 더 저렴한 가격이라 저는 쟁여두고 있어요  구독좋아요는 사랑입니다 좋은 건 같이 나눠요 #템사녀#다이소#다이소추천템#다이소유산균#종근당락토핏#락토핏골드#락토핏당케어#유산균추천#가성비영양제#직장인영양제#자취생건강템#프로바이오틱스#아연영양제#혈당관리영양제#다이소건강템#유산균가성비#장건강영양제#면역력영양제#다이소꿀템#생활꿀팁#다이소#락토핏#유산균추천#가성비건강템,"['다이소', '유산균', '가성비', '발견', '다이소', '종근당', '락토핏', '유산균', '나오', '박스', '구성', '직장인', '자취', '가성비', '건강', '락토핏', '골드', '건강', '면역력', '케어', '락토핏', '케어', '바나바', '추출물', '혈당', '관리', '종근당', '공식', '가격', '쟁이', '구독', '사랑', '나누']"
2,2,다이소 영양제 솔직 리뷰🔥 진짜 효과 있는 건 따로 있다?! #다이소 #shorts #꿀템,,,1417,92088,22,2025-05-17 02:43:13,https://www.youtube.com/watch?v=F0bltod7Fk4,다이소 영양제 솔직 리뷰 진짜 효과 있는 건 따로 있다 #다이소 #shorts #꿀템  ,"['다이소', '영양제', '리뷰', '효과']"
2,2,다이소 건기식 판매 매장 가성비 최고 쿠팡 필수템 BEST 10,"가장 많이팔린 다이소 건기식 판매 매장 이 포스팅은 쿠팡파트너스 활동의 일환으로, 이에 따른 일정액의 수수료를 제공받습니다. https://link.coupang.com/a/cXsT6d 1위 : 락토핏 코어 유산균 60p 가격 : 32,200원 링크 : https://link.coupang.com/a/cXsT6d 2위 : ON US 식품 건조기 고추 야채 소형 과일 가정용 업소용 가격 : 139,000원 링크 : https://link.coupang.com/a/cXsT6e 3위 : 뉴트리디데이 프리미엄 밀크씨슬 골드 가격 : 12,900원 링크 : https://link.coupang.com/a/cXsT6f 4위 : BH코리아 다용도 접이식 식품 건조망 (생선건조,야채건조,나물건조,고추건조) BH KOREA, 1개, 3단, 화이트 가격 : 11,500원 링크 : https://link.coupang.com/a/cXsT6g 5위 : 뉴트리디데이 메가렉스 마그네슘 400 가격 : 19,900원 링크 : https://link.coupang.com/a/cXsT6h 6위 : BH코리아 다용도 접이식 식품 건조망 (생선건조,야채건조,나물건조,고추건조) BH KOREA, 1개, 2단, 화이트 가격 : 10,500원 링크 : https://link.coupang.com/a/cXsT6i 7위 : 뉴트리디데이 프리미엄 밀크씨슬 골드 가격 : 24,900원 링크 : https://link.coupang.com/a/cXsT6j 8위 : 심플온 행거형 접이식 의류 관리기 건조기 UV 살균 빈대제거, UV스마트형 | 리모컨 가격 : 184,000원 링크 : https://link.coupang.com/a/cXsT6k 9위 : 홀리데이즈 프리미엄 콜라겐 타블렛 가격 : 9,900원 링크 : https://link.coupang.com/a/cXsT6l 10위 : 드라이핏 휴대용 의류 건조기 포터블 옷 빨래 스타일러 여행 출장 미니 접이식 소형 초경량, 1개, 포터블건조기 가격 : 154,000원 링크 : https://link.coupang.com/a/cXsT6m ⭐️ 특별 혜택 링크 https://temu.to/k/glb5f443d8e 을(를) 탭하고 최고 품질의 상품을 초저가로 만나보세요. 🛍️ 이렇게 파격적인 혜택은 오직 Temu에서만 제공됩니다. 지금 쇼핑하고 큰 할인을 받으세요! ⭐️ 당신을 위한 또 다른 놀라움! 저와 함께 수익을 얻으시려면 https://temu.to/k/g7a19moq5z4 을 클릭하세요! 감사합니다.",,0,7,1,2025-10-18 17:38:38,https://www.youtube.com/watch?v=0L1w2MIveTQ,다이소 건기식 판매 매장 가성비 최고 쿠팡 필수템 BEST 10 가장 많이팔린 다이소 건기식 판매 매장 이 포스팅은 쿠팡파트너스 활동의 일환으로 이에 따른 일정액의 수수료를 제공받습니다 httpslinkcoupangcomacXsT6d 1위  락토핏 코어 유산균 60p 가격  32200원 링크  httpslinkcoupangcomacXsT6d 2위  ON US 식품 건조기 고추 야채 소형 과일 가정용 업소용 가격  139000원 링크  httpslinkcoupangcomacXsT6e 3위  뉴트리디데이 프리미엄 밀크씨슬 골드 가격  12900원 링크  httpslinkcoupangcomacXsT6f 4위  BH코리아 다용도 접이식 식품 건조망 생선건조야채건조나물건조고추건조 BH KOREA 1개 3단 화이트 가격  11500원 링크  httpslinkcoupangcomacXsT6g 5위  뉴트리디데이 메가렉스 마그네슘 400 가격  19900원 링크  httpslinkcoupangcomacXsT6h 6위  BH코리아 다용도 접이식 식품 건조망 생선건조야채건조나물건조고추건조 BH KOREA 1개 2단 화이트 가격  10500원 링크  httpslinkcoupangcomacXsT6i 7위  뉴트리디데이 프리미엄 밀크씨슬 골드 가격  24900원 링크  httpslinkcoupangcomacXsT6j 8위  심플온 행거형 접이식 의류 관리기 건조기 UV 살균 빈대제거 UV스마트형  리모컨 가격  184000원 링크  httpslinkcoupangcomacXsT6k 9위  홀리데이즈 프리미엄 콜라겐 타블렛 가격  9900원 링크  httpslinkcoupangcomacXsT6l 10위  드라이핏 휴대용 의류 건조기 포터블 옷 빨래 스타일러 여행 출장 미니 접이식 소형 초경량 1개 포터블건조기 가격  154000원 링크  httpslinkcoupangcomacXsT6m  특별 혜택 링크 httpstemutokglb5f443d8e 을를 탭하고 최고 품질의 상품을 초저가로 만나보세요  이렇게 파격적인 혜택은 오직 Temu에서만 제공됩니다 지금 쇼핑하고 큰 할인을 받으세요  당신을 위한 또 다른 놀라움 저와 함께 수익을 얻으시려면 httpstemutokg7a19moq5z4 을 클릭하세요 감사합니다 ,"['다이소', '판매', '매장', '가성비', '최고', '쿠팡', '필수', '팔리', '다이소', '판매', '매장', '포스팅', '쿠팡', '파트너스', '활동', '일환', '따르', '일정액', '수수료', '제공', '락토핏', '코어', '유산균', '가격', '링크', '식품', '건조기', '고추', '야채', '소형', '과일', '가정', '업소', '가격', '링크', '트리', '데이', '프리미엄', '밀크', '골드', '가격', '링크', '코리아', '다용도', '접이식', '식품', '건조', '생선', '건조', '야채', '건조', '나물', '건조', '고추', '건조', '화이트', '가격', '링크', '트리', '데이', '메가', '렉스', '마그네슘', '가격', '링크', '코리아', '다용도', '접이식', '식품', '건조', '생선', '건조', '야채', '건조', '나물', '건조', '고추', '건조', '화이트', '가격', '링크', '트리', '데이', '프리미엄', '밀크', '골드', '가격', '링크', '심플', '행거', '접이식', '의류', '관리', '건조기', '살균', '빈대', '제거', '스마트', '리모컨', '가격', '링크', '홀리데이', '프리미엄', '콜라겐', '가격', '링크', '드라이핏', '휴대', '의류', '건조기', '포터블', '빨래', '스타일', '여행', '출장', '미니', '접이식', '소형', '경량', '포터블', '건조기', '가격', '링크', '특별', '혜택', '링크', '최고', '품질', '상품', '저가', '만나', '이렇', '파격', '혜택', '제공', '쇼핑', '할인', '당신', '위하', '놀랍', '수익', '클릭', '감사']"
2,2,"다이소 가성비 건강식품 3 🌿 Daiso supplements, 3 budget picks #브린핑 #건강식품 #다이소 #비타민 #가성비 #다이소건강식품 #enhypen #kpop","가볍게 시작해보기 좋은 다이소 가성비 영양제 3가지 정리해봤어요. 가격도 중요하지만, 성분과 함량 확인은 꼭 필요해요. I picked 3 budget-friendly supplements from Daiso. Affordable, but always check the ingredients and dosage. 본 영상은 개인적인 정보 공유 목적이며 특정 효과를 보장하지 않습니다. 구매 전 성분·함량을 꼭 확인하세요. This video is for informational purposes only and does not guarantee specific effects.","#브린핑,#다이소,#다이소건강식품,#다이소영양제,#가성비,#가성비영양제,#영양제추천,#데일리건강,#건강루틴,#면역관리,#혈당관리,#오메가3,#비타민C,#비타민,#바나바잎,#바나바잎추출물,#건강기능식품,#건기식,#영양제정보,#영양제입문,#혈당관리,#비타민추천,#비타민루틴,#데일리영양,#데일리케어,#기초건강,#생활건강,#건강습관,#혈당관리루틴,#다이어트,#혈당케어,#혈당스파이크,#식후관리,#식후루틴,#흑백요리사2,#흑백요리사맛집,#미슐랭,#미슐랭맛집,#코엑스몰,#가성비템,#가성비추천,#다이소추천템,#다이소가성비,#건강정보,#정보공유,#다이소신상,#다이소추천,#건강관리,#건강템,#데일리루틴,#가성비아이템,#영양관리,#헬스정보,#생활정보,#식단관리,#건강정보,#식단관리,#koreanlife,#brinping,#koreanfood,#koreanlanguage,#daiso,#daisokorea,#koreantravel",8,570,1,2026-01-25 10:07:19,https://www.youtube.com/watch?v=x300BEjM58g,다이소 가성비 건강식품 3  Daiso supplements 3 budget picks #브린핑 #건강식품 #다이소 #비타민 #가성비 #다이소건강식품 #enhypen #kpop 가볍게 시작해보기 좋은 다이소 가성비 영양제 3가지 정리해봤어요 가격도 중요하지만 성분과 함량 확인은 꼭 필요해요 I picked 3 budgetfriendly supplements from Daiso Affordable but always check the ingredients and dosage 본 영상은 개인적인 정보 공유 목적이며 특정 효과를 보장하지 않습니다 구매 전 성분함량을 꼭 확인하세요 This video is for informational purposes only and does not guarantee specific effects #브린핑#다이소#다이소건강식품#다이소영양제#가성비#가성비영양제#영양제추천#데일리건강#건강루틴#면역관리#혈당관리#오메가3#비타민C#비타민#바나바잎#바나바잎추출물#건강기능식품#건기식#영양제정보#영양제입문#혈당관리#비타민추천#비타민루틴#데일리영양#데일리케어#기초건강#생활건강#건강습관#혈당관리루틴#다이어트#혈당케어#혈당스파이크#식후관리#식후루틴#흑백요리사2#흑백요리사맛집#미슐랭#미슐랭맛집#코엑스몰#가성비템#가성비추천#다이소추천템#다이소가성비#건강정보#정보공유#다이소신상#다이소추천#건강관리#건강템#데일리루틴#가성비아이템#영양관리#헬스정보#생활정보#식단관리#건강정보#식단관리#koreanlife#brinping#koreanfood#koreanlanguage#daiso#daisokorea#koreantravel,"['다이소', '가성비', '건강식품', '가볍', '시작', '다이소', '가성비', '영양제', '가지', '정리', '가격', '중요', '성분', '함량', '확인', '필요', '영상', '개인', '정보', '공유', '목적', '특정', '효과', '보장', '구매', '성분', '함량', '확인']"
2,2,다이소 건기식 쿠팡에서 산 물건들 - 이 가격 실화인가요?,"가장 많이팔린 다이소 건기식 이 포스팅은 쿠팡파트너스 활동의 일환으로, 이에 따른 일정액의 수수료를 제공받습니다. https://link.coupang.com/a/cWltx4 1위 : 종근당건강 프로메가 오메가3 트리플 장용성 가격 : 10,320원 링크 : https://link.coupang.com/a/cWltx4 2위 : BH코리아 다용도 접이식 식품 건조망 (생선건조,야채건조,나물건조,고추건조) BH KOREA, 1개, 2단, 화이트 가격 : 10,500원 링크 : https://link.coupang.com/a/cWltx5 3위 : 깔끔타 공간활용 이불 빨래건조대 가격 : 10,900원 링크 : https://link.coupang.com/a/cWltx6 4위 : BH코리아 다용도 접이식 식품 건조망 (생선건조,야채건조,나물건조,고추건조) BH KOREA, 1개, 1단, 화이트 가격 : 9,500원 링크 : https://link.coupang.com/a/cWltx7 5위 : [국민건강 프로젝트] 대웅제약 마그네슘 에너지케어 가격 : 19,900원 링크 : https://link.coupang.com/a/cWltx8 6위 : [국민건강 프로젝트] 대웅제약 프로바이오틱스 유산균 가격 : 10,000원 링크 : https://link.coupang.com/a/cWltx9 7위 : [국민건강 프로젝트] 대웅제약 프로바이오틱스 유산균 가격 : 19,900원 링크 : https://link.coupang.com/a/cWltya 8위 : 건조망, 1개, 건조망(400x400) 가격 : 8,900원 링크 : https://link.coupang.com/a/cWltyb ⭐️ 특별 혜택 링크 https://temu.to/k/glb5f443d8e 을(를) 탭하고 최고 품질의 상품을 초저가로 만나보세요. 🛍️ 이렇게 파격적인 혜택은 오직 Temu에서만 제공됩니다. 지금 쇼핑하고 큰 할인을 받으세요! ⭐️ 당신을 위한 또 다른 놀라움! 저와 함께 수익을 얻으시려면 https://temu.to/k/g7a19moq5z4 을 클릭하세요! 감사합니다.",,0,1,1,2025-10-13 17:27:15,https://www.youtube.com/watch?v=rv4jjAgrCQo,다이소 건기식 쿠팡에서 산 물건들  이 가격 실화인가요 가장 많이팔린 다이소 건기식 이 포스팅은 쿠팡파트너스 활동의 일환으로 이에 따른 일정액의 수수료를 제공받습니다 httpslinkcoupangcomacWltx4 1위  종근당건강 프로메가 오메가3 트리플 장용성 가격  10320원 링크  httpslinkcoupangcomacWltx4 2위  BH코리아 다용도 접이식 식품 건조망 생선건조야채건조나물건조고추건조 BH KOREA 1개 2단 화이트 가격  10500원 링크  httpslinkcoupangcomacWltx5 3위  깔끔타 공간활용 이불 빨래건조대 가격  10900원 링크  httpslinkcoupangcomacWltx6 4위  BH코리아 다용도 접이식 식품 건조망 생선건조야채건조나물건조고추건조 BH KOREA 1개 1단 화이트 가격  9500원 링크  httpslinkcoupangcomacWltx7 5위  국민건강 프로젝트 대웅제약 마그네슘 에너지케어 가격  19900원 링크  httpslinkcoupangcomacWltx8 6위  국민건강 프로젝트 대웅제약 프로바이오틱스 유산균 가격  10000원 링크  httpslinkcoupangcomacWltx9 7위  국민건강 프로젝트 대웅제약 프로바이오틱스 유산균 가격  19900원 링크  httpslinkcoupangcomacWltya 8위  건조망 1개 건조망400x400 가격  8900원 링크  httpslinkcoupangcomacWltyb  특별 혜택 링크 httpstemutokglb5f443d8e 을를 탭하고 최고 품질의 상품을 초저가로 만나보세요  이렇게 파격적인 혜택은 오직 Temu에서만 제공됩니다 지금 쇼핑하고 큰 할인을 받으세요  당신을 위한 또 다른 놀라움 저와 함께 수익을 얻으시려면 httpstemutokg7a19moq5z4 을 클릭하세요 감사합니다 ,"['다이소', '쿠팡', '물건', '가격', '실화', '팔리', '다이소', '포스팅', '쿠팡', '파트너스', '활동', '일환', '따르', '일정액', '수수료', '제공', '종근당', '건강', '프로', '메가', '오메가', '트리플', '장용', '가격', '링크', '코리아', '다용도', '접이식', '식품', '건조', '생선', '건조', '야채', '건조', '나물', '건조', '고추', '건조', '화이트', '가격', '링크', '깔끔', '공간', '활용', '이불', '빨래', '건조대', '가격', '링크', '코리아', '다용도', '접이식', '식품', '건조', '생선', '건조', '야채', '건조', '나물', '건조', '고추', '건조', '화이트', '가격', '링크', '국민', '건강', '프로젝트', '대웅제약', '마그네슘', '에너지', '케어', '가격', '링크', '국민', '건강', '프로젝트', '대웅제약', '프로바이오틱스', '유산균', '가격', '링크', '국민', '건강', '프로젝트', '대웅제약', '프로바이오틱스', '유산균', '가격', '링크', '조망', '건조', '가격', '링크', '특별', '혜택', '링크', '최고', '품질', '상품', '저가', '만나', '이렇', '파격', '혜택', '제공', '쇼핑', '할인', '당신', '위하', '놀랍', '수익', '클릭', '감사']"
2,2,[다이소영양제] PMS월경전증후군편 #건강기능식품,,,4,1167,0,2026-02-07 10:42:46,https://www.youtube.com/watch?v=frAjent7FaY,다이소영양제 PMS월경전증후군편 #건강기능식품  ,"['다이소', '영양제', '월경', '증후군']"
2,2,당뇨에?다이어트에? 💰알고 먹어야 돈값하지! 👍가성비갑 다이소영양제 누가먹나 |03. 바나바잎 추출물 바나나잎❌#koreanpharmacy #당뇨 #영양제 #다이어트 #식후혈당,,,96,8995,9,2025-09-28 12:30:17,https://www.youtube.com/watch?v=GsKAb5st2Xs,당뇨에다이어트에 알고 먹어야 돈값하지 가성비갑 다이소영양제 누가먹나 03 바나바잎 추출물 바나나잎#koreanpharmacy #당뇨 #영양제 #다이어트 #식후혈당  ,"['당뇨', '다이어트', '가성비', '다이소', '영양제', '누구', '바나바', '추출물', '바나나']"
2,2,요즘 뜨는 것! 바로 이것 #건기식 #다이소 #씨유,,,0,370,0,2025-08-01 12:01:47,https://www.youtube.com/watch?v=jdILZFLsMU4,요즘 뜨는 것 바로 이것 #건기식 #다이소 #씨유  ,"['요즘', '이것']"
2,2,다이소 건기식 종류 쿠팡에서 핫한 신상템 BEST 10,"가장 많이팔린 다이소 건기식 종류 영상 속 다이소 건기식 종류 구매링크: https://link.coupang.com/a/cYivo5 이 포스팅은 쿠팡파트너스 활동의 일환으로, 이에 따른 일정액의 수수료를 제공받습니다. 1위 : [국민건강 프로젝트] 대웅제약 마그네슘 에너지케어 가격 : 19,900원 링크 : https://link.coupang.com/a/cYivo5 2위 : [국민건강 프로젝트] 대웅제약 바나바잎추출물 가격 : 20,000원 링크 : https://link.coupang.com/a/cYivo8 3위 : [국민건강 프로젝트] 대웅제약 프로바이오틱스 유산균 가격 : 19,900원 링크 : https://link.coupang.com/a/cYivo9 4위 : BH코리아 다용도 접이식 식품 건조망 (생선건조,야채건조,나물건조,고추건조) BH KOREA, 1개, 3단, 화이트 가격 : 11,500원 링크 : https://link.coupang.com/a/cYivpb 5위 : [국민건강 프로젝트] 대웅제약 바나바잎추출물 가격 : 10,000원 링크 : https://link.coupang.com/a/cYivpc 6위 : 휴대용 빨래건조기 UV살균 접이식 미니 건조기 스타일러 소형 빨래건조기 접이식 휴대용 원룸건조기, 화이트 가격 : 31,990원 링크 : https://link.coupang.com/a/cYivpd 7위 : 판클 EPA DPA 중성지방 다이어트 오메가3 지방산 30일분 가격 : 16,300원 링크 : https://link.coupang.com/a/cYivpe 8위 : 유니스 고급형 다용도 접이식 생선 건조망, 1개, 3단, 화이트 가격 : 12,100원 링크 : https://link.coupang.com/a/cYivpg 9위 : 종근당건강 프로메가 오메가3 트리플 장용성 가격 : 10,590원 링크 : https://link.coupang.com/a/cYivpi 10위 : ON US 식품 건조기 고추 야채 소형 과일 가정용 업소용 가격 : 139,000원 링크 : https://link.coupang.com/a/cYivpk 감사합니다.",,0,5,1,2025-10-22 05:51:17,https://www.youtube.com/watch?v=A78kk4bhzak,다이소 건기식 종류 쿠팡에서 핫한 신상템 BEST 10 가장 많이팔린 다이소 건기식 종류 영상 속 다이소 건기식 종류 구매링크 httpslinkcoupangcomacYivo5 이 포스팅은 쿠팡파트너스 활동의 일환으로 이에 따른 일정액의 수수료를 제공받습니다 1위  국민건강 프로젝트 대웅제약 마그네슘 에너지케어 가격  19900원 링크  httpslinkcoupangcomacYivo5 2위  국민건강 프로젝트 대웅제약 바나바잎추출물 가격  20000원 링크  httpslinkcoupangcomacYivo8 3위  국민건강 프로젝트 대웅제약 프로바이오틱스 유산균 가격  19900원 링크  httpslinkcoupangcomacYivo9 4위  BH코리아 다용도 접이식 식품 건조망 생선건조야채건조나물건조고추건조 BH KOREA 1개 3단 화이트 가격  11500원 링크  httpslinkcoupangcomacYivpb 5위  국민건강 프로젝트 대웅제약 바나바잎추출물 가격  10000원 링크  httpslinkcoupangcomacYivpc 6위  휴대용 빨래건조기 UV살균 접이식 미니 건조기 스타일러 소형 빨래건조기 접이식 휴대용 원룸건조기 화이트 가격  31990원 링크  httpslinkcoupangcomacYivpd 7위  판클 EPA DPA 중성지방 다이어트 오메가3 지방산 30일분 가격  16300원 링크  httpslinkcoupangcomacYivpe 8위  유니스 고급형 다용도 접이식 생선 건조망 1개 3단 화이트 가격  12100원 링크  httpslinkcoupangcomacYivpg 9위  종근당건강 프로메가 오메가3 트리플 장용성 가격  10590원 링크  httpslinkcoupangcomacYivpi 10위  ON US 식품 건조기 고추 야채 소형 과일 가정용 업소용 가격  139000원 링크  httpslinkcoupangcomacYivpk 감사합니다 ,"['다이소', '종류', '쿠팡', '핫하', '신상', '팔리', '다이소', '종류', '영상', '다이소', '종류', '구매', '링크', '포스팅', '쿠팡', '파트너스', '활동', '일환', '따르', '일정액', '수수료', '제공', '국민', '건강', '프로젝트', '대웅제약', '마그네슘', '에너지', '케어', '가격', '링크', '국민', '건강', '프로젝트', '대웅제약', '추출물', '가격', '링크', '국민', '건강', '프로젝트', '대웅제약', '프로바이오틱스', '유산균', '가격', '링크', '코리아', '다용도', '접이식', '식품', '건조', '생선', '건조', '야채', '건조', '나물', '건조', '고추', '건조', '화이트', '가격', '링크', '국민', '건강', '프로젝트', '대웅제약', '추출물', '가격', '링크', '휴대', '빨래', '건조기', '살균', '접이식', '미니', '건조기', '스타일', '소형', '빨래', '건조기', '접이식', '휴대', '원룸', '건조기', '화이트', '가격', '링크', '판클', '중성', '지방', '다이어트', '오메가', '지방산', '가격', '링크', '유니스', '고급', '다용도', '접이식', '생선', '건조', '화이트', '가격', '링크', '종근당', '건강', '프로', '메가', '오메가', '트리플', '장용', '가격', '링크', '식품', '건조기', '고추', '야채', '소형', '과일', '가정', '업소', '가격', '링크', '감사']"
2,2,다이소 건기식 쿠팡 MD 추천템 - 살까 말까 고민 끝!,"가장 많이팔린 다이소 건기식 이 포스팅은 쿠팡파트너스 활동의 일환으로, 이에 따른 일정액의 수수료를 제공받습니다. https://link.coupang.com/a/cUDXLH 1위 : KEMEI 싱크대 180도회전 행주 타월 수납 선반, 미니 다기능 물빼기 건조대 주방필수, 투명 화이트, 1개 가격 : 13,500원 링크 : https://link.coupang.com/a/cUDXLH 2위 : [국민건강 프로젝트] 대웅제약 프리미엄 콘드로이친 가격 : 10,000원 링크 : https://link.coupang.com/a/cUDXLI 3위 : [국민건강 프로젝트] 대웅제약 프로바이오틱스 유산균 가격 : 19,900원 링크 : https://link.coupang.com/a/cUDXLJ 4위 : 미니건조기필터 구번 역대급 공장가격판매 한정수량 가격 : 10,700원 링크 : https://link.coupang.com/a/cUDXLK 5위 : BH코리아 다용도 접이식 식품 건조망 (생선건조,야채건조,나물건조,고추건조) BH KOREA, 1개, 1단, 화이트 가격 : 9,500원 링크 : https://link.coupang.com/a/cUDXLL 6위 : [국민건강 프로젝트] 대웅제약 프로바이오틱스 유산균 가격 : 9,600원 링크 : https://link.coupang.com/a/cUDXLM 7위 : 종근당건강 프로메가 오메가3 트리플 장용성 가격 : 10,560원 링크 : https://link.coupang.com/a/cUDXLN 8위 : UML마켓 즉석 된장 간편국 블럭국 골라담기 구성 가격 : 11,100원 링크 : https://link.coupang.com/a/cUDXLO 9위 : [국민건강 프로젝트] 대웅제약 프리미엄 콘드로이친 가격 : 20,000원 링크 : https://link.coupang.com/a/cUDXLP 10위 : 한미 오메가3맥스 30캡슐 EPA 눈영양제 눈건강 가격 : 32,400원 링크 : https://link.coupang.com/a/cUDXLQ ⭐️ 특별 혜택 링크 https://temu.to/k/glb5f443d8e 을(를) 탭하고 최고 품질의 상품을 초저가로 만나보세요. 🛍️ 이렇게 파격적인 혜택은 오직 Temu에서만 제공됩니다. 지금 쇼핑하고 큰 할인을 받으세요! ⭐️ 당신을 위한 또 다른 놀라움! 저와 함께 수익을 얻으시려면 https://temu.to/k/g7a19moq5z4 을 클릭하세요! 감사합니다.",,0,13,1,2025-10-03 19:29:02,https://www.youtube.com/watch?v=kuEWIUQ0DXg,다이소 건기식 쿠팡 MD 추천템  살까 말까 고민 끝 가장 많이팔린 다이소 건기식 이 포스팅은 쿠팡파트너스 활동의 일환으로 이에 따른 일정액의 수수료를 제공받습니다 httpslinkcoupangcomacUDXLH 1위  KEMEI 싱크대 180도회전 행주 타월 수납 선반 미니 다기능 물빼기 건조대 주방필수 투명 화이트 1개 가격  13500원 링크  httpslinkcoupangcomacUDXLH 2위  국민건강 프로젝트 대웅제약 프리미엄 콘드로이친 가격  10000원 링크  httpslinkcoupangcomacUDXLI 3위  국민건강 프로젝트 대웅제약 프로바이오틱스 유산균 가격  19900원 링크  httpslinkcoupangcomacUDXLJ 4위  미니건조기필터 구번 역대급 공장가격판매 한정수량 가격  10700원 링크  httpslinkcoupangcomacUDXLK 5위  BH코리아 다용도 접이식 식품 건조망 생선건조야채건조나물건조고추건조 BH KOREA 1개 1단 화이트 가격  9500원 링크  httpslinkcoupangcomacUDXLL 6위  국민건강 프로젝트 대웅제약 프로바이오틱스 유산균 가격  9600원 링크  httpslinkcoupangcomacUDXLM 7위  종근당건강 프로메가 오메가3 트리플 장용성 가격  10560원 링크  httpslinkcoupangcomacUDXLN 8위  UML마켓 즉석 된장 간편국 블럭국 골라담기 구성 가격  11100원 링크  httpslinkcoupangcomacUDXLO 9위  국민건강 프로젝트 대웅제약 프리미엄 콘드로이친 가격  20000원 링크  httpslinkcoupangcomacUDXLP 10위  한미 오메가3맥스 30캡슐 EPA 눈영양제 눈건강 가격  32400원 링크  httpslinkcoupangcomacUDXLQ  특별 혜택 링크 httpstemutokglb5f443d8e 을를 탭하고 최고 품질의 상품을 초저가로 만나보세요  이렇게 파격적인 혜택은 오직 Temu에서만 제공됩니다 지금 쇼핑하고 큰 할인을 받으세요  당신을 위한 또 다른 놀라움 저와 함께 수익을 얻으시려면 httpstemutokg7a19moq5z4 을 클릭하세요 감사합니다 ,"['다이소', '쿠팡', '추천', '고민', '팔리', '다이소', '포스팅', '쿠팡', '파트너스', '활동', '일환', '따르', '일정액', '수수료', '제공', '싱크대', '회전', '행주', '타월', '수납', '선반', '미니', '다기능', '건조대', '주방', '필수', '투명', '화이트', '가격', '링크', '국민', '건강', '프로젝트', '대웅제약', '프리미엄', '가격', '링크', '국민', '건강', '프로젝트', '대웅제약', '프로바이오틱스', '유산균', '가격', '링크', '미니', '건조기', '필터', '역대', '공장', '가격', '판매', '한정', '수량', '가격', '링크', '코리아', '다용도', '접이식', '식품', '건조', '생선', '건조', '야채', '건조', '나물', '건조', '고추', '건조', '화이트', '가격', '링크', '국민', '건강', '프로젝트', '대웅제약', '프로바이오틱스', '유산균', '가격', '링크', '종근당', '건강', '프로', '메가', '오메가', '트리플', '장용', '가격', '링크', '마켓', '즉석', '된장', '블럭', '고르', '구성', '가격', '링크', '국민', '건강', '프로젝트', '대웅제약', '프리미엄', '가격', '링크', '한미', '오메가', '맥스', '캡슐', '영양제', '건강', '가격', '링크', '특별', '혜택', '링크', '최고', '품질', '상품', '저가', '만나', '이렇', '파격', '혜택', '제공', '쇼핑', '할인', '당신', '위하', '놀랍', '수익', '클릭', '감사']"
2,2,다이소 건기식 추천 쿠팡에서 핫한 신상템 BEST 10,"가장 많이팔린 다이소 건기식 추천 영상 속 다이소 건기식 추천 구매링크: https://link.coupang.com/a/cWgiiV 이 포스팅은 쿠팡파트너스 활동의 일환으로, 이에 따른 일정액의 수수료를 제공받습니다. 1위 : 종근당건강 프로메가 오메가3 트리플 장용성 가격 : 10,320원 링크 : https://link.coupang.com/a/cWgiiV 2위 : BH코리아 다용도 접이식 식품 건조망 (생선건조,야채건조,나물건조,고추건조) BH KOREA, 1개, 1단, 화이트 가격 : 9,500원 링크 : https://link.coupang.com/a/cWgiiX 3위 : [국민건강 프로젝트] 대웅제약 마그네슘 에너지케어 가격 : 19,900원 링크 : https://link.coupang.com/a/cWgii0 4위 : 건조망, 1개, 건조망(400x400) 가격 : 8,900원 링크 : https://link.coupang.com/a/cWgii2 5위 : [국민건강 프로젝트] 대웅제약 프로바이오틱스 유산균 가격 : 10,000원 링크 : https://link.coupang.com/a/cWgii6 6위 : [국민건강 프로젝트] 대웅제약 프로바이오틱스 유산균 가격 : 19,900원 링크 : https://link.coupang.com/a/cWgii8 7위 : [국민건강 프로젝트] 대웅제약 마그네슘 에너지케어 가격 : 10,000원 링크 : https://link.coupang.com/a/cWgija 8위 : 그린몬스터 맥스 밀크씨슬 10 3개월분 가격 : 6,900원 링크 : https://link.coupang.com/a/cWgijc 9위 : ON US 식품 건조기 고추 야채 소형 과일 가정용 업소용 가격 : 219,000원 링크 : https://link.coupang.com/a/cWgije 10위 : [세계필터] 미니 건조기필터 19매, 1개 가격 : 14,900원 링크 : https://link.coupang.com/a/cWgijf 감사합니다.",,0,5,1,2025-10-13 09:52:40,https://www.youtube.com/watch?v=t1AC0ixjYaE,다이소 건기식 추천 쿠팡에서 핫한 신상템 BEST 10 가장 많이팔린 다이소 건기식 추천 영상 속 다이소 건기식 추천 구매링크 httpslinkcoupangcomacWgiiV 이 포스팅은 쿠팡파트너스 활동의 일환으로 이에 따른 일정액의 수수료를 제공받습니다 1위  종근당건강 프로메가 오메가3 트리플 장용성 가격  10320원 링크  httpslinkcoupangcomacWgiiV 2위  BH코리아 다용도 접이식 식품 건조망 생선건조야채건조나물건조고추건조 BH KOREA 1개 1단 화이트 가격  9500원 링크  httpslinkcoupangcomacWgiiX 3위  국민건강 프로젝트 대웅제약 마그네슘 에너지케어 가격  19900원 링크  httpslinkcoupangcomacWgii0 4위  건조망 1개 건조망400x400 가격  8900원 링크  httpslinkcoupangcomacWgii2 5위  국민건강 프로젝트 대웅제약 프로바이오틱스 유산균 가격  10000원 링크  httpslinkcoupangcomacWgii6 6위  국민건강 프로젝트 대웅제약 프로바이오틱스 유산균 가격  19900원 링크  httpslinkcoupangcomacWgii8 7위  국민건강 프로젝트 대웅제약 마그네슘 에너지케어 가격  10000원 링크  httpslinkcoupangcomacWgija 8위  그린몬스터 맥스 밀크씨슬 10 3개월분 가격  6900원 링크  httpslinkcoupangcomacWgijc 9위  ON US 식품 건조기 고추 야채 소형 과일 가정용 업소용 가격  219000원 링크  httpslinkcoupangcomacWgije 10위  세계필터 미니 건조기필터 19매 1개 가격  14900원 링크  httpslinkcoupangcomacWgijf 감사합니다 ,"['다이소', '추천', '쿠팡', '핫하', '신상', '팔리', '다이소', '추천', '영상', '다이소', '추천', '구매', '링크', '포스팅', '쿠팡', '파트너스', '활동', '일환', '따르', '일정액', '수수료', '제공', '종근당', '건강', '프로', '메가', '오메가', '트리플', '장용', '가격', '링크', '코리아', '다용도', '접이식', '식품', '건조', '생선', '건조', '야채', '건조', '나물', '건조', '고추', '건조', '화이트', '가격', '링크', '국민', '건강', '프로젝트', '대웅제약', '마그네슘', '에너지', '케어', '가격', '링크', '건조', '건조', '가격', '링크', '국민', '건강', '프로젝트', '대웅제약', '프로바이오틱스', '유산균', '가격', '링크', '국민', '건강', '프로젝트', '대웅제약', '프로바이오틱스', '유산균', '가격', '링크', '국민', '건강', '프로젝트', '대웅제약', '마그네슘', '에너지', '케어', '가격', '링크', '그린', '몬스터', '맥스', '밀크', '개월', '가격', '링크', '식품', '건조기', '고추', '야채', '소형', '과일', '가정', '업소', '가격', '링크', '세계', '필터', '미니', '건조기', '필터', '가격', '링크', '감사']"
2,2,다이소 건기식 판매 후기 좋은 쿠팡 베스트셀러 BEST 10,"가장 많이팔린 다이소 건기식 판매 이 포스팅은 쿠팡파트너스 활동의 일환으로, 이에 따른 일정액의 수수료를 제공받습니다. https://link.coupang.com/a/cUaSSg 1위 : [국민건강 프로젝트] 대웅제약 프로바이오틱스 유산균 가격 : 19,900원 링크 : https://link.coupang.com/a/cUaSSg 2위 : [국민건강 프로젝트] 대웅제약 프리미엄 콘드로이친 가격 : 19,300원 링크 : https://link.coupang.com/a/cUaSSh 3위 : L아르기닌 엘 비타민B D 미네랄 타우린 아연 마그네슘 칼슘 엽산 비오틴 1000mg 캡슐 가격 : 22,900원 링크 : https://link.coupang.com/a/cUaSSi 4위 : [국민건강 프로젝트] 대웅제약 프리미엄 콘드로이친 가격 : 10,000원 링크 : https://link.coupang.com/a/cUaSSj 5위 : 한미 오메가3맥스 30캡슐 EPA 눈영양제 눈건강 가격 : 32,400원 링크 : https://link.coupang.com/a/cUaSSk 6위 : 종근당건강 프로메가 오메가3 트리플 장용성 가격 : 10,560원 링크 : https://link.coupang.com/a/cUaSSl 7위 : 프로메가 알티지 오메가3 듀얼 가격 : 24,550원 링크 : https://link.coupang.com/a/cUaSSm 8위 : [국민건강 프로젝트] 대웅제약 프로바이오틱스 유산균 가격 : 10,000원 링크 : https://link.coupang.com/a/cUaSSn 9위 : UML마켓 즉석 된장 간편국 블럭국 골라담기 구성 가격 : 11,100원 링크 : https://link.coupang.com/a/cUaSSo 10위 : [본사직영] 여에스더 초임계 알티지 오메가3 1020mg 국민영양 프로젝트 가격 : 29,700원 링크 : https://link.coupang.com/a/cUaSSp ⭐️ 특별 혜택 링크 https://temu.to/k/glb5f443d8e 을(를) 탭하고 최고 품질의 상품을 초저가로 만나보세요. 🛍️ 이렇게 파격적인 혜택은 오직 Temu에서만 제공됩니다. 지금 쇼핑하고 큰 할인을 받으세요! ⭐️ 당신을 위한 또 다른 놀라움! 저와 함께 수익을 얻으시려면 https://temu.to/k/g7a19moq5z4 을 클릭하세요! 감사합니다.",,0,7,1,2025-10-01 05:02:04,https://www.youtube.com/watch?v=SfPvuv_JsFA,다이소 건기식 판매 후기 좋은 쿠팡 베스트셀러 BEST 10 가장 많이팔린 다이소 건기식 판매 이 포스팅은 쿠팡파트너스 활동의 일환으로 이에 따른 일정액의 수수료를 제공받습니다 httpslinkcoupangcomacUaSSg 1위  국민건강 프로젝트 대웅제약 프로바이오틱스 유산균 가격  19900원 링크  httpslinkcoupangcomacUaSSg 2위  국민건강 프로젝트 대웅제약 프리미엄 콘드로이친 가격  19300원 링크  httpslinkcoupangcomacUaSSh 3위  L아르기닌 엘 비타민B D 미네랄 타우린 아연 마그네슘 칼슘 엽산 비오틴 1000mg 캡슐 가격  22900원 링크  httpslinkcoupangcomacUaSSi 4위  국민건강 프로젝트 대웅제약 프리미엄 콘드로이친 가격  10000원 링크  httpslinkcoupangcomacUaSSj 5위  한미 오메가3맥스 30캡슐 EPA 눈영양제 눈건강 가격  32400원 링크  httpslinkcoupangcomacUaSSk 6위  종근당건강 프로메가 오메가3 트리플 장용성 가격  10560원 링크  httpslinkcoupangcomacUaSSl 7위  프로메가 알티지 오메가3 듀얼 가격  24550원 링크  httpslinkcoupangcomacUaSSm 8위  국민건강 프로젝트 대웅제약 프로바이오틱스 유산균 가격  10000원 링크  httpslinkcoupangcomacUaSSn 9위  UML마켓 즉석 된장 간편국 블럭국 골라담기 구성 가격  11100원 링크  httpslinkcoupangcomacUaSSo 10위  본사직영 여에스더 초임계 알티지 오메가3 1020mg 국민영양 프로젝트 가격  29700원 링크  httpslinkcoupangcomacUaSSp  특별 혜택 링크 httpstemutokglb5f443d8e 을를 탭하고 최고 품질의 상품을 초저가로 만나보세요  이렇게 파격적인 혜택은 오직 Temu에서만 제공됩니다 지금 쇼핑하고 큰 할인을 받으세요  당신을 위한 또 다른 놀라움 저와 함께 수익을 얻으시려면 httpstemutokg7a19moq5z4 을 클릭하세요 감사합니다 ,"['다이소', '판매', '후기', '쿠팡', '베스트', '셀러', '팔리', '다이소', '판매', '포스팅', '쿠팡', '파트너스', '활동', '일환', '따르', '일정액', '수수료', '제공', '국민', '건강', '프로젝트', '대웅제약', '프로바이오틱스', '유산균', '가격', '링크', '국민', '건강', '프로젝트', '대웅제약', '프리미엄', '가격', '링크', '아르기닌', '비타민', '미네랄', '타우린', '아연', '마그네슘', '칼슘', '엽산', '비오티', '캡슐', '가격', '링크', '국민', '건강', '프로젝트', '대웅제약', '프리미엄', '가격', '링크', '한미', '오메가', '맥스', '캡슐', '영양제', '건강', '가격', '링크', '종근당', '건강', '프로', '메가', '오메가', '트리플', '장용', '가격', '링크', '프로', '메가', '알티', '오메가', '듀얼', '가격', '링크', '국민', '건강', '프로젝트', '대웅제약', '프로바이오틱스', '유산균', '가격', '링크', '마켓', '즉석', '된장', '블럭', '고르', '구성', '가격', '링크', '본사', '직영', '여에스더', '초임', '알티', '오메가', '국민', '영양', '프로젝트', '가격', '링크', '특별', '혜택', '링크', '최고', '품질', '상품', '저가', '만나', '이렇', '파격', '혜택', '제공', '쇼핑', '할인', '당신', '위하', '놀랍', '수익', '클릭', '감사']"
2,2,"""해외 직구 영양제 다 끊었습니다"" 건기식 시장 접수한 단돈 5천 원 다이소 영양제 추천템","""해외 직구 영양제 다 끊었습니다"" 건기식 시장 접수한 단돈 5천 원 다이소 영양제 추천템을 소개해 드립니다. 환절기에 꼭 먹어야 할 다이소 건강기능식품 필수템만 엄선해서 추천해드립니다","#다이소,#다이소추천템,#영양제",312,28333,3,2026-03-06 10:00:28,https://www.youtube.com/watch?v=LCmoHf7i4Yk,해외 직구 영양제 다 끊었습니다 건기식 시장 접수한 단돈 5천 원 다이소 영양제 추천템 해외 직구 영양제 다 끊었습니다 건기식 시장 접수한 단돈 5천 원 다이소 영양제 추천템을 소개해 드립니다 환절기에 꼭 먹어야 할 다이소 건강기능식품 필수템만 엄선해서 추천해드립니다 #다이소#다이소추천템#영양제,"['해외', '직구', '영양제', '건기', '시장', '접수', '단돈', '다이소', '영양제', '추천', '해외', '직구', '영양제', '건기', '시장', '접수', '단돈', '다이소', '영양제', '추천', '소개', '드리', '환절기', '다이소', '건강', '기능', '식품', '필수', '엄선', '추천', '드리']"
2,2,다이소 건기식 쿠팡 MD 추천템 - 살까 말까 고민 끝!,"가장 많이팔린 다이소 건기식 이 포스팅은 쿠팡파트너스 활동의 일환으로, 이에 따른 일정액의 수수료를 제공받습니다. https://link.coupang.com/a/cT6qVT 1위 : [국민건강 프로젝트] 대웅제약 프로바이오틱스 유산균 가격 : 19,900원 링크 : https://link.coupang.com/a/cT6qVT 2위 : [국민건강 프로젝트] 대웅제약 프리미엄 콘드로이친 가격 : 19,300원 링크 : https://link.coupang.com/a/cT6qVW 3위 : [국민건강 프로젝트] 대웅제약 프리미엄 콘드로이친 가격 : 10,000원 링크 : https://link.coupang.com/a/cT6qVY 4위 : BH코리아 다용도 접이식 식품 건조망 (생선건조,야채건조,나물건조,고추건조) BH KOREA, 1개, 2단, 화이트 가격 : 10,500원 링크 : https://link.coupang.com/a/cT6qVZ 5위 : L아르기닌 엘 비타민B D 미네랄 타우린 아연 마그네슘 칼슘 엽산 비오틴 1000mg 캡슐 가격 : 22,900원 링크 : https://link.coupang.com/a/cT6qV0 6위 : 에버하우스 다용도 신발 건조기 세탁 건조망 40 x 40 cm, 화이트, 2개 가격 : 5,910원 링크 : https://link.coupang.com/a/cT6qV1 7위 : 한미 오메가3맥스 30캡슐 EPA 눈영양제 눈건강 가격 : 32,400원 링크 : https://link.coupang.com/a/cT6qV2 8위 : 종근당건강 프로메가 오메가3 트리플 장용성 가격 : 10,560원 링크 : https://link.coupang.com/a/cT6qV4 9위 : [국민건강 프로젝트] 대웅제약 프로바이오틱스 유산균 가격 : 10,000원 링크 : https://link.coupang.com/a/cT6qV5 10위 : 프로메가 알티지 오메가3 듀얼 가격 : 24,550원 링크 : https://link.coupang.com/a/cT6qV6 ⭐️ 특별 혜택 링크 https://temu.to/k/glb5f443d8e 을(를) 탭하고 최고 품질의 상품을 초저가로 만나보세요. 🛍️ 이렇게 파격적인 혜택은 오직 Temu에서만 제공됩니다. 지금 쇼핑하고 큰 할인을 받으세요! ⭐️ 당신을 위한 또 다른 놀라움! 저와 함께 수익을 얻으시려면 https://temu.to/k/g7a19moq5z4 을 클릭하세요! 감사합니다.",,0,0,1,2025-09-30 19:54:17,https://www.youtube.com/watch?v=T47bwXAyyao,다이소 건기식 쿠팡 MD 추천템  살까 말까 고민 끝 가장 많이팔린 다이소 건기식 이 포스팅은 쿠팡파트너스 활동의 일환으로 이에 따른 일정액의 수수료를 제공받습니다 httpslinkcoupangcomacT6qVT 1위  국민건강 프로젝트 대웅제약 프로바이오틱스 유산균 가격  19900원 링크  httpslinkcoupangcomacT6qVT 2위  국민건강 프로젝트 대웅제약 프리미엄 콘드로이친 가격  19300원 링크  httpslinkcoupangcomacT6qVW 3위  국민건강 프로젝트 대웅제약 프리미엄 콘드로이친 가격  10000원 링크  httpslinkcoupangcomacT6qVY 4위  BH코리아 다용도 접이식 식품 건조망 생선건조야채건조나물건조고추건조 BH KOREA 1개 2단 화이트 가격  10500원 링크  httpslinkcoupangcomacT6qVZ 5위  L아르기닌 엘 비타민B D 미네랄 타우린 아연 마그네슘 칼슘 엽산 비오틴 1000mg 캡슐 가격  22900원 링크  httpslinkcoupangcomacT6qV0 6위  에버하우스 다용도 신발 건조기 세탁 건조망 40 x 40 cm 화이트 2개 가격  5910원 링크  httpslinkcoupangcomacT6qV1 7위  한미 오메가3맥스 30캡슐 EPA 눈영양제 눈건강 가격  32400원 링크  httpslinkcoupangcomacT6qV2 8위  종근당건강 프로메가 오메가3 트리플 장용성 가격  10560원 링크  httpslinkcoupangcomacT6qV4 9위  국민건강 프로젝트 대웅제약 프로바이오틱스 유산균 가격  10000원 링크  httpslinkcoupangcomacT6qV5 10위  프로메가 알티지 오메가3 듀얼 가격  24550원 링크  httpslinkcoupangcomacT6qV6  특별 혜택 링크 httpstemutokglb5f443d8e 을를 탭하고 최고 품질의 상품을 초저가로 만나보세요  이렇게 파격적인 혜택은 오직 Temu에서만 제공됩니다 지금 쇼핑하고 큰 할인을 받으세요  당신을 위한 또 다른 놀라움 저와 함께 수익을 얻으시려면 httpstemutokg7a19moq5z4 을 클릭하세요 감사합니다 ,"['다이소', '쿠팡', '추천', '고민', '팔리', '다이소', '포스팅', '쿠팡', '파트너스', '활동', '일환', '따르', '일정액', '수수료', '제공', '국민', '건강', '프로젝트', '대웅제약', '프로바이오틱스', '유산균', '가격', '링크', '국민', '건강', '프로젝트', '대웅제약', '프리미엄', '가격', '링크', '국민', '건강', '프로젝트', '대웅제약', '프리미엄', '가격', '링크', '코리아', '다용도', '접이식', '식품', '건조', '생선', '건조', '야채', '건조', '나물', '건조', '고추', '건조', '화이트', '가격', '링크', '아르기닌', '비타민', '미네랄', '타우린', '아연', '마그네슘', '칼슘', '엽산', '비오티', '캡슐', '가격', '링크', '에버', '하우스', '다용도', '신발', '건조기', '세탁', '건조', '화이트', '가격', '링크', '한미', '오메가', '맥스', '캡슐', '영양제', '건강', '가격', '링크', '종근당', '건강', '프로', '메가', '오메가', '트리플', '장용', '가격', '링크', '국민', '건강', '프로젝트', '대웅제약', '프로바이오틱스', '유산균', '가격', '링크', '프로', '메가', '알티', '오메가', '듀얼', '가격', '링크', '특별', '혜택', '링크', '최고', '품질', '상품', '저가', '만나', '이렇', '파격', '혜택', '제공', '쇼핑', '할인', '당신', '위하', '놀랍', '수익', '클릭', '감사']"
2,2,약사가 사기라고 한 다이소 영양제 BEST 3 #다이소꿀템 #다이소 #꿀템 #다이소추천템 #다이소신상,,,403,41676,2,2025-12-09 09:00:01,https://www.youtube.com/watch?v=--W6XmFmGcM,약사가 사기라고 한 다이소 영양제 BEST 3 #다이소꿀템 #다이소 #꿀템 #다이소추천템 #다이소신상  ,"['약사', '사기', '다이소', '영양제']"
2,2,다이소 갓성비 건간식품 7가지 💊 종근당·동화약품도 2천원부터?!,"안녕하세요, 나소비입니다! 🌸 오늘은 다이소에서 작정하고 출시한 '건강식품 신상' 7종을 가져왔어요. 무려 종근당과 동화약품 제품들이 다이소 가격으로 들어왔다니 안 가볼 수가 없겠죠? 직접 살펴보니 쟁여둬야 할 꿀템들이 정말 많더라고요! 특히 여행용이나 입문용으로 딱 좋은 제품들, 영상에서 확인해 보세요! 💊 📍 영상 속 다이소 제품 정보 - 동화 부채표 편안활 5포 / 601618636 / 3,000원 - 동화 부채표 쌍화 5포 / 601618638 / 2,000원 - 동화 부채표 배도라지쌍화 5포 / 601618637 / 2,000원 - 동화 바이마그랩 마그네슘B 30정 / 601618643 / 3,000원 - 종근당 데일리와이즈 혈당컷 다이어트 12정 / 032306201 / 2,000원 - 종근당 데일리와이즈 리스펙타 유산균 6포 / 032306212 / 5,000원 - 종근당 데일리와이즈 초임계 알티지 오메가3 12캡슐 / 032306203 / 2,000원 혈행개선","#나소비,#다이소추천템,#다이소영양제,#종근당,#동화약품,#다이소신상,#가성비영양제,#혈당컷다이어트,#내돈내산,#가성비템,#부채표,#활명수,#쌍화탕,#혈행#,#다이소꿀템,#다이소",15,1804,5,2026-04-09 11:00:45,https://www.youtube.com/watch?v=Tok6r5Qwwg0,다이소 갓성비 건간식품 7가지  종근당동화약품도 2천원부터 안녕하세요 나소비입니다  오늘은 다이소에서 작정하고 출시한 건강식품 신상 7종을 가져왔어요 무려 종근당과 동화약품 제품들이 다이소 가격으로 들어왔다니 안 가볼 수가 없겠죠 직접 살펴보니 쟁여둬야 할 꿀템들이 정말 많더라고요 특히 여행용이나 입문용으로 딱 좋은 제품들 영상에서 확인해 보세요   영상 속 다이소 제품 정보  동화 부채표 편안활 5포  601618636  3000원  동화 부채표 쌍화 5포  601618638  2000원  동화 부채표 배도라지쌍화 5포  601618637  2000원  동화 바이마그랩 마그네슘B 30정  601618643  3000원  종근당 데일리와이즈 혈당컷 다이어트 12정  032306201  2000원  종근당 데일리와이즈 리스펙타 유산균 6포  032306212  5000원  종근당 데일리와이즈 초임계 알티지 오메가3 12캡슐  032306203  2000원 혈행개선 #나소비#다이소추천템#다이소영양제#종근당#동화약품#다이소신상#가성비영양제#혈당컷다이어트#내돈내산#가성비템#부채표#활명수#쌍화탕#혈행##다이소꿀템#다이소,"['다이소', '성비', '식품', '가지', '종근당', '동화약품', '안녕', '소비', '오늘', '다이소', '작정', '출시', '건강식품', '신상', '가져오', '종근당', '동화약품', '제품', '다이소', '가격', '들어오', '살펴보', '쟁이', '꿀템', '여행', '입문', '제품', '영상', '확인', '영상', '다이소', '제품', '정보', '동화', '부채', '동화', '부채', '동화', '부채표', '배도라지쌍화', '동화', '바이마그랩', '마그네슘', '종근당', '데일리', '와이즈', '혈당', '다이어트', '종근당', '데일리', '와이즈', '리스펙타', '유산균', '종근당', '데일리', '이즈', '초임', '알티', '오메가', '캡슐', '개선']"
2,2,다이소 건기식 다이어트 쿠팡에서 핫한 신상템 BEST 10,"가장 많이팔린 다이소 건기식 다이어트 영상 속 다이소 건기식 다이어트 구매링크: https://link.coupang.com/a/cZqdf1 이 포스팅은 쿠팡파트너스 활동의 일환으로, 이에 따른 일정액의 수수료를 제공받습니다. 1위 : [국민건강 프로젝트] 대웅제약 바나바잎추출물 가격 : 18,000원 링크 : https://link.coupang.com/a/cZqdf1 2위 : 판클 EPA DPA 중성지방 다이어트 오메가3 지방산 30일분 가격 : 16,300원 링크 : https://link.coupang.com/a/cZqdf2 3위 : [국민건강 프로젝트] 대웅제약 녹차 추출물 카테킨 체지방컷 비타민C 판토텐산 가격 : 18,000원 링크 : https://link.coupang.com/a/cZqdf3 4위 : [국민건강 프로젝트] 대웅제약 바나바잎추출물 가격 : 10,000원 링크 : https://link.coupang.com/a/cZqdf5 5위 : [국민건강 프로젝트] 대웅제약 녹차 추출물 카테킨 체지방컷 비타민C 판토텐산 가격 : 10,000원 링크 : https://link.coupang.com/a/cZqdf7 6위 : 홈프로 매쉬 다용도 야채 보관망 양파 마늘 건조망 장바구니 1 | 1, 2개, 그린 가격 : 7,960원 링크 : https://link.coupang.com/a/cZqdf8 7위 : 리빙가감법 한 손으로 쉽게 누르는 탈수기 6L 대형 샐러드 스피너 믹서 채소 허브 베리 과일용 야채 건조기, 1개, 투명 가격 : 35,600원 링크 : https://link.coupang.com/a/cZqdga 8위 : 키친아트 5단 전기건조기 식품건조 KNT-202, KNT-202 가격 : 56,900원 링크 : https://link.coupang.com/a/cZqdgc 9위 : ON US 식품 건조기 고추 야채 소형 과일 가정용 업소용 가격 : 149,000원 링크 : https://link.coupang.com/a/cZqdgd 10위 : 신일테크 풀스텐 식품건조기 수동다이얼 SR-12FD 가격 : 269,000원 링크 : https://link.coupang.com/a/cZqdge 감사합니다.",,0,9,1,2025-10-27 19:34:39,https://www.youtube.com/watch?v=x8KkacMWqQE,다이소 건기식 다이어트 쿠팡에서 핫한 신상템 BEST 10 가장 많이팔린 다이소 건기식 다이어트 영상 속 다이소 건기식 다이어트 구매링크 httpslinkcoupangcomacZqdf1 이 포스팅은 쿠팡파트너스 활동의 일환으로 이에 따른 일정액의 수수료를 제공받습니다 1위  국민건강 프로젝트 대웅제약 바나바잎추출물 가격  18000원 링크  httpslinkcoupangcomacZqdf1 2위  판클 EPA DPA 중성지방 다이어트 오메가3 지방산 30일분 가격  16300원 링크  httpslinkcoupangcomacZqdf2 3위  국민건강 프로젝트 대웅제약 녹차 추출물 카테킨 체지방컷 비타민C 판토텐산 가격  18000원 링크  httpslinkcoupangcomacZqdf3 4위  국민건강 프로젝트 대웅제약 바나바잎추출물 가격  10000원 링크  httpslinkcoupangcomacZqdf5 5위  국민건강 프로젝트 대웅제약 녹차 추출물 카테킨 체지방컷 비타민C 판토텐산 가격  10000원 링크  httpslinkcoupangcomacZqdf7 6위  홈프로 매쉬 다용도 야채 보관망 양파 마늘 건조망 장바구니 1  1 2개 그린 가격  7960원 링크  httpslinkcoupangcomacZqdf8 7위  리빙가감법 한 손으로 쉽게 누르는 탈수기 6L 대형 샐러드 스피너 믹서 채소 허브 베리 과일용 야채 건조기 1개 투명 가격  35600원 링크  httpslinkcoupangcomacZqdga 8위  키친아트 5단 전기건조기 식품건조 KNT202 KNT202 가격  56900원 링크  httpslinkcoupangcomacZqdgc 9위  ON US 식품 건조기 고추 야채 소형 과일 가정용 업소용 가격  149000원 링크  httpslinkcoupangcomacZqdgd 10위  신일테크 풀스텐 식품건조기 수동다이얼 SR12FD 가격  269000원 링크  httpslinkcoupangcomacZqdge 감사합니다 ,"['다이소', '다이어트', '쿠팡', '핫하', '신상', '팔리', '다이소', '다이어트', '영상', '다이소', '다이어트', '구매', '링크', '포스팅', '쿠팡', '파트너스', '활동', '일환', '따르', '일정액', '수수료', '제공', '국민', '건강', '프로젝트', '대웅제약', '추출물', '가격', '링크', '판클', '중성', '지방', '다이어트', '오메가', '지방산', '가격', '링크', '국민', '건강', '프로젝트', '대웅제약', '녹차', '추출물', '카테킨', '체지방', '비타민', '판토텐산', '가격', '링크', '국민', '건강', '프로젝트', '대웅제약', '추출물', '가격', '링크', '국민', '건강', '프로젝트', '대웅제약', '녹차', '추출물', '카테킨', '체지방', '비타민', '판토텐산', '가격', '링크', '프로', '매쉬', '다용도', '야채', '보관', '마늘', '건조', '바구니', '그린', '가격', '링크', '리빙', '가감', '누르', '수기', '대형', '샐러드', '스피너', '믹서', '채소', '허브', '베리', '과일', '야채', '건조기', '투명', '가격', '링크', '키친', '아트', '전기', '건조기', '식품', '건조', '가격', '링크', '식품', '건조기', '고추', '야채', '소형', '과일', '가정', '업소', '가격', '링크', '테크', '스텐', '식품', '건조기', '수동', '다이얼', '가격', '링크', '감사']"
2,2,다이소에서 산 건기식제품 간염증상 발생 #뉴스 #이슈 #정보 #다이소 #건기식,,,4,1755,0,2025-09-23 08:22:39,https://www.youtube.com/watch?v=QAQxkk8QPwc,다이소에서 산 건기식제품 간염증상 발생 #뉴스 #이슈 #정보 #다이소 #건기식  ,"['다이소', '건기', '제품', '간염', '증상', '발생']"
2,2,다이소 건기식 판매 쿠팡 무조건 만족템 TOP10 - 한 번 쓰면 계속 쓰게 돼요,"가장 많이팔린 다이소 건기식 판매 이 포스팅은 쿠팡파트너스 활동의 일환으로, 이에 따른 일정액의 수수료를 제공받습니다. https://link.coupang.com/a/cUoYZ8 1위 : [국민건강 프로젝트] 대웅제약 프로바이오틱스 유산균 가격 : 19,900원 링크 : https://link.coupang.com/a/cUoYZ8 2위 : KEMEI 싱크대 180도회전 행주 타월 수납 선반, 미니 다기능 물빼기 건조대 주방필수, 투명 화이트, 1개 가격 : 13,500원 링크 : https://link.coupang.com/a/cUoYZ9 3위 : [국민건강 프로젝트] 대웅제약 프리미엄 콘드로이친 가격 : 10,000원 링크 : https://link.coupang.com/a/cUoY0a 4위 : 미니건조기필터 육번 초저가 대량 한정수량 가격 : 10,400원 링크 : https://link.coupang.com/a/cUoY0c 5위 : 한미 오메가3맥스 30캡슐 EPA 눈영양제 눈건강 가격 : 32,400원 링크 : https://link.coupang.com/a/cUoY0e 6위 : [세계필터] 미니 건조기필터 19매, 1개 가격 : 14,900원 링크 : https://link.coupang.com/a/cUoY0f 7위 : [국민건강 프로젝트] 대웅제약 프리미엄 콘드로이친 가격 : 19,300원 링크 : https://link.coupang.com/a/cUoY0h 8위 : 미니건조기필터 구번 역대급 공장가격판매 한정수량 가격 : 8,800원 링크 : https://link.coupang.com/a/cUoY0i 9위 : [국민건강 프로젝트] 대웅제약 프로바이오틱스 유산균 가격 : 10,000원 링크 : https://link.coupang.com/a/cUoY0k 10위 : 미니건조기필터 세트 행사 대량 가격 : 7,500원 링크 : https://link.coupang.com/a/cUoY0l ⭐️ 특별 혜택 링크 https://temu.to/k/glb5f443d8e 을(를) 탭하고 최고 품질의 상품을 초저가로 만나보세요. 🛍️ 이렇게 파격적인 혜택은 오직 Temu에서만 제공됩니다. 지금 쇼핑하고 큰 할인을 받으세요! ⭐️ 당신을 위한 또 다른 놀라움! 저와 함께 수익을 얻으시려면 https://temu.to/k/g7a19moq5z4 을 클릭하세요! 감사합니다.",,0,42,1,2025-10-02 09:20:39,https://www.youtube.com/watch?v=-Rn-rREFGNs,다이소 건기식 판매 쿠팡 무조건 만족템 TOP10  한 번 쓰면 계속 쓰게 돼요 가장 많이팔린 다이소 건기식 판매 이 포스팅은 쿠팡파트너스 활동의 일환으로 이에 따른 일정액의 수수료를 제공받습니다 httpslinkcoupangcomacUoYZ8 1위  국민건강 프로젝트 대웅제약 프로바이오틱스 유산균 가격  19900원 링크  httpslinkcoupangcomacUoYZ8 2위  KEMEI 싱크대 180도회전 행주 타월 수납 선반 미니 다기능 물빼기 건조대 주방필수 투명 화이트 1개 가격  13500원 링크  httpslinkcoupangcomacUoYZ9 3위  국민건강 프로젝트 대웅제약 프리미엄 콘드로이친 가격  10000원 링크  httpslinkcoupangcomacUoY0a 4위  미니건조기필터 육번 초저가 대량 한정수량 가격  10400원 링크  httpslinkcoupangcomacUoY0c 5위  한미 오메가3맥스 30캡슐 EPA 눈영양제 눈건강 가격  32400원 링크  httpslinkcoupangcomacUoY0e 6위  세계필터 미니 건조기필터 19매 1개 가격  14900원 링크  httpslinkcoupangcomacUoY0f 7위  국민건강 프로젝트 대웅제약 프리미엄 콘드로이친 가격  19300원 링크  httpslinkcoupangcomacUoY0h 8위  미니건조기필터 구번 역대급 공장가격판매 한정수량 가격  8800원 링크  httpslinkcoupangcomacUoY0i 9위  국민건강 프로젝트 대웅제약 프로바이오틱스 유산균 가격  10000원 링크  httpslinkcoupangcomacUoY0k 10위  미니건조기필터 세트 행사 대량 가격  7500원 링크  httpslinkcoupangcomacUoY0l  특별 혜택 링크 httpstemutokglb5f443d8e 을를 탭하고 최고 품질의 상품을 초저가로 만나보세요  이렇게 파격적인 혜택은 오직 Temu에서만 제공됩니다 지금 쇼핑하고 큰 할인을 받으세요  당신을 위한 또 다른 놀라움 저와 함께 수익을 얻으시려면 httpstemutokg7a19moq5z4 을 클릭하세요 감사합니다 ,"['다이소', '판매', '쿠팡', '만족', '팔리', '다이소', '판매', '포스팅', '쿠팡', '파트너스', '활동', '일환', '따르', '일정액', '수수료', '제공', '국민', '건강', '프로젝트', '대웅제약', '프로바이오틱스', '유산균', '가격', '링크', '싱크대', '회전', '행주', '타월', '수납', '선반', '미니', '다기능', '건조대', '주방', '필수', '투명', '화이트', '가격', '링크', '국민', '건강', '프로젝트', '대웅제약', '프리미엄', '가격', '링크', '미니', '건조기', '필터', '저가', '대량', '한정', '수량', '가격', '링크', '한미', '오메가', '맥스', '캡슐', '영양제', '건강', '가격', '링크', '세계', '필터', '미니', '건조기', '필터', '가격', '링크', '국민', '건강', '프로젝트', '대웅제약', '프리미엄', '가격', '링크', '미니', '건조기', '필터', '역대', '공장', '가격', '판매', '한정', '수량', '가격', '링크', '국민', '건강', '프로젝트', '대웅제약', '프로바이오틱스', '유산균', '가격', '링크', '미니', '건조기', '필터', '세트', '행사', '대량', '가격', '링크', '특별', '혜택', '링크', '최고', '품질', '상품', '저가', '만나', '이렇', '파격', '혜택', '제공', '쇼핑', '할인', '당신', '위하', '놀랍', '수익', '클릭', '감사']"
2,2,다이소 영양제 약사도 모르는 꿀템,"🌷다이소 영양제 추천🌷 🌼안국약품 브이팩 여성용 5,000원 (멀티비타민,헤마토코쿠스추출물, 테아닌 히알루론산) 🌼안국약품 브이팩 남성용 5,000원 (멀티비타민,헤마토코쿠스추출물,옥타코사놀,밀크씨슬추출물,홍경천추출물) *subtitles Brew 📌 영상 속 제품 확인하기 👉 [쿠팡에서 보기](https://link.coupang.com/a/cQOY8j) ※ 본 링크는 쿠팡파트너스 활동을 통해 일정 수수료를 받을 수 있습니다.","#다이소꿀템,#다이소추천템,#다이소깡",63,15679,2,2025-07-22 09:00:06,https://www.youtube.com/watch?v=1q2cYCnAyNA,다이소 영양제 약사도 모르는 꿀템 다이소 영양제 추천 안국약품 브이팩 여성용 5000원 멀티비타민헤마토코쿠스추출물 테아닌 히알루론산 안국약품 브이팩 남성용 5000원 멀티비타민헤마토코쿠스추출물옥타코사놀밀크씨슬추출물홍경천추출물 subtitles Brew  영상 속 제품 확인하기  쿠팡에서 보기httpslinkcoupangcomacQOY8j  본 링크는 쿠팡파트너스 활동을 통해 일정 수수료를 받을 수 있습니다 #다이소꿀템#다이소추천템#다이소깡,"['다이소', '영양제', '약사', '모르', '다이소', '영양제', '추천', '안국', '약품', '브이', '여성', '멀티비타민헤마토코쿠스추출물', '아니', '히알루론산', '안국', '약품', '브이', '남성', '멀티', '비타민', '추출물', '타코', '밀크', '추출물', '추출물', '영상', '제품', '확인', '쿠팡', '링크', '쿠팡', '파트너스', '활동', '통하', '일정', '수수료']"
2,2,약사가 인정한 다이소 영양제 TOP 4 | 약사 추천 직장인 필수 #다이소 #다이소영양제 #영양제추,약사가 인정한 다이소 영양제 TOP4 약사 추천 직장인 필수 다이소에서 5천원으로 한 달 건강 완성!,"#다이소,#다이소영양제,#가성비영양제추천,#영양제추천,#다이소건강보조제,#가성비건강관리,#건강보조제추천,#다이소꿀템,#약사추천,#다이소추천제품,#직장인건강,#저렴한건강보조제,#오메가3,#비타민D,#루테인,#철분제,#다이소후기,#건강보조제비교,#가성비템,#건강챙기기,#건강관리",68,7072,0,2025-07-16 22:00:27,https://www.youtube.com/watch?v=SE8CVSkAa1g,약사가 인정한 다이소 영양제 TOP 4  약사 추천 직장인 필수 #다이소 #다이소영양제 #영양제추 약사가 인정한 다이소 영양제 TOP4 약사 추천 직장인 필수 다이소에서 5천원으로 한 달 건강 완성 #다이소#다이소영양제#가성비영양제추천#영양제추천#다이소건강보조제#가성비건강관리#건강보조제추천#다이소꿀템#약사추천#다이소추천제품#직장인건강#저렴한건강보조제#오메가3#비타민D#루테인#철분제#다이소후기#건강보조제비교#가성비템#건강챙기기#건강관리,"['약사', '인정', '다이소', '영양제', '약사', '추천', '직장인', '필수', '약사', '인정', '다이소', '영양제', '약사', '추천', '직장인', '필수', '다이소', '건강', '완성']"
2,2,다이소 건기식 종류 쿠팡 무조건 만족템 TOP10 - 가족들도 만족했어요,"가장 많이팔린 다이소 건기식 종류 이 포스팅은 쿠팡파트너스 활동의 일환으로, 이에 따른 일정액의 수수료를 제공받습니다. https://link.coupang.com/a/cUoc1i 1위 : [국민건강 프로젝트] 대웅제약 프로바이오틱스 유산균 가격 : 19,900원 링크 : https://link.coupang.com/a/cUoc1i 2위 : [국민건강 프로젝트] 대웅제약 프리미엄 콘드로이친 가격 : 19,300원 링크 : https://link.coupang.com/a/cUoc1j 3위 : [국민건강 프로젝트] 대웅제약 프리미엄 콘드로이친 가격 : 10,000원 링크 : https://link.coupang.com/a/cUoc1m 4위 : BH코리아 다용도 접이식 식품 건조망 (생선건조,야채건조,나물건조,고추건조) BH KOREA, 1개, 2단, 화이트 가격 : 10,500원 링크 : https://link.coupang.com/a/cUoc1o 5위 : BH코리아 다용도 접이식 식품 건조망 (생선건조,야채건조,나물건조,고추건조) BH KOREA, 1개, 3단, 화이트 가격 : 11,500원 링크 : https://link.coupang.com/a/cUoc1q 6위 : ON US 식품 건조기 고추 야채 소형 과일 가정용 업소용 가격 : 139,000원 링크 : https://link.coupang.com/a/cUoc1r 7위 : L아르기닌 엘 비타민B D 미네랄 타우린 아연 마그네슘 칼슘 엽산 비오틴 1000mg 캡슐 가격 : 22,900원 링크 : https://link.coupang.com/a/cUoc1s 8위 : 건조망, 1개, 건조망(400x400) 가격 : 8,900원 링크 : https://link.coupang.com/a/cUoc1u 9위 : [국민건강 프로젝트] 대웅제약 프로바이오틱스 유산균 가격 : 10,000원 링크 : https://link.coupang.com/a/cUoc1w 10위 : 한미 오메가3맥스 30캡슐 EPA 눈영양제 눈건강 가격 : 32,400원 링크 : https://link.coupang.com/a/cUoc1x ⭐️ 특별 혜택 링크 https://temu.to/k/glb5f443d8e 을(를) 탭하고 최고 품질의 상품을 초저가로 만나보세요. 🛍️ 이렇게 파격적인 혜택은 오직 Temu에서만 제공됩니다. 지금 쇼핑하고 큰 할인을 받으세요! ⭐️ 당신을 위한 또 다른 놀라움! 저와 함께 수익을 얻으시려면 https://temu.to/k/g7a19moq5z4 을 클릭하세요! 감사합니다.",,0,1,1,2025-10-02 07:56:27,https://www.youtube.com/watch?v=xJJRNAcrsLA,다이소 건기식 종류 쿠팡 무조건 만족템 TOP10  가족들도 만족했어요 가장 많이팔린 다이소 건기식 종류 이 포스팅은 쿠팡파트너스 활동의 일환으로 이에 따른 일정액의 수수료를 제공받습니다 httpslinkcoupangcomacUoc1i 1위  국민건강 프로젝트 대웅제약 프로바이오틱스 유산균 가격  19900원 링크  httpslinkcoupangcomacUoc1i 2위  국민건강 프로젝트 대웅제약 프리미엄 콘드로이친 가격  19300원 링크  httpslinkcoupangcomacUoc1j 3위  국민건강 프로젝트 대웅제약 프리미엄 콘드로이친 가격  10000원 링크  httpslinkcoupangcomacUoc1m 4위  BH코리아 다용도 접이식 식품 건조망 생선건조야채건조나물건조고추건조 BH KOREA 1개 2단 화이트 가격  10500원 링크  httpslinkcoupangcomacUoc1o 5위  BH코리아 다용도 접이식 식품 건조망 생선건조야채건조나물건조고추건조 BH KOREA 1개 3단 화이트 가격  11500원 링크  httpslinkcoupangcomacUoc1q 6위  ON US 식품 건조기 고추 야채 소형 과일 가정용 업소용 가격  139000원 링크  httpslinkcoupangcomacUoc1r 7위  L아르기닌 엘 비타민B D 미네랄 타우린 아연 마그네슘 칼슘 엽산 비오틴 1000mg 캡슐 가격  22900원 링크  httpslinkcoupangcomacUoc1s 8위  건조망 1개 건조망400x400 가격  8900원 링크  httpslinkcoupangcomacUoc1u 9위  국민건강 프로젝트 대웅제약 프로바이오틱스 유산균 가격  10000원 링크  httpslinkcoupangcomacUoc1w 10위  한미 오메가3맥스 30캡슐 EPA 눈영양제 눈건강 가격  32400원 링크  httpslinkcoupangcomacUoc1x  특별 혜택 링크 httpstemutokglb5f443d8e 을를 탭하고 최고 품질의 상품을 초저가로 만나보세요  이렇게 파격적인 혜택은 오직 Temu에서만 제공됩니다 지금 쇼핑하고 큰 할인을 받으세요  당신을 위한 또 다른 놀라움 저와 함께 수익을 얻으시려면 httpstemutokg7a19moq5z4 을 클릭하세요 감사합니다 ,"['다이소', '종류', '쿠팡', '만족', '가족', '만족', '팔리', '다이소', '종류', '포스팅', '쿠팡', '파트너스', '활동', '일환', '따르', '일정액', '수수료', '제공', '국민', '건강', '프로젝트', '대웅제약', '프로바이오틱스', '유산균', '가격', '링크', '국민', '건강', '프로젝트', '대웅제약', '프리미엄', '가격', '링크', '국민', '건강', '프로젝트', '대웅제약', '프리미엄', '가격', '링크', '코리아', '다용도', '접이식', '식품', '건조', '생선', '건조', '야채', '건조', '나물', '건조', '고추', '건조', '화이트', '가격', '링크', '코리아', '다용도', '접이식', '식품', '건조', '생선', '건조', '야채', '건조', '나물', '건조', '고추', '건조', '화이트', '가격', '링크', '식품', '건조기', '고추', '야채', '소형', '과일', '가정', '업소', '가격', '링크', '아르기닌', '비타민', '미네랄', '타우린', '아연', '마그네슘', '칼슘', '엽산', '비오티', '캡슐', '가격', '링크', '건조', '건조', '가격', '링크', '국민', '건강', '프로젝트', '대웅제약', '프로바이오틱스', '유산균', '가격', '링크', '한미', '오메가', '맥스', '캡슐', '영양제', '건강', '가격', '링크', '특별', '혜택', '링크', '최고', '품질', '상품', '저가', '만나', '이렇', '파격', '혜택', '제공', '쇼핑', '할인', '당신', '위하', '놀랍', '수익', '클릭', '감사']"
2,2,다이소 건기식 판매 쿠팡에서 제일 많이 팔린 인기템 BEST 10,"가장 많이팔린 다이소 건기식 판매 영상 속 다이소 건기식 판매 구매링크: https://link.coupang.com/a/cWgStO 이 포스팅은 쿠팡파트너스 활동의 일환으로, 이에 따른 일정액의 수수료를 제공받습니다. 1위 : [국민건강 프로젝트] 대웅제약 마그네슘 에너지케어 가격 : 19,900원 링크 : https://link.coupang.com/a/cWgStO 2위 : 깔끔타 공간활용 이불 빨래건조대 가격 : 10,900원 링크 : https://link.coupang.com/a/cWgStP 3위 : [국민건강 프로젝트] 대웅제약 프로바이오틱스 유산균 가격 : 19,900원 링크 : https://link.coupang.com/a/cWgStQ 4위 : [세계필터] 미니 건조기필터 19매, 1개 가격 : 14,900원 링크 : https://link.coupang.com/a/cWgStR 5위 : 종근당건강 프로메가 오메가3 트리플 장용성 가격 : 10,320원 링크 : https://link.coupang.com/a/cWgStS 6위 : [국민건강 프로젝트] 대웅제약 바나바잎추출물 가격 : 20,000원 링크 : https://link.coupang.com/a/cWgStT 7위 : 그린몬스터 맥스 밀크씨슬 10 3개월분 가격 : 6,900원 링크 : https://link.coupang.com/a/cWgStU 8위 : [국민건강 프로젝트] 대웅제약 프로바이오틱스 유산균 가격 : 10,000원 링크 : https://link.coupang.com/a/cWgStW 9위 : 락토핏 코어 유산균 60p 가격 : 32,200원 링크 : https://link.coupang.com/a/cWgStX 10위 : [국민건강 프로젝트] 대웅제약 마그네슘 에너지케어 가격 : 10,000원 링크 : https://link.coupang.com/a/cWgStZ 감사합니다.",,0,12,1,2025-10-13 10:41:36,https://www.youtube.com/watch?v=nCbsRMDNjIU,다이소 건기식 판매 쿠팡에서 제일 많이 팔린 인기템 BEST 10 가장 많이팔린 다이소 건기식 판매 영상 속 다이소 건기식 판매 구매링크 httpslinkcoupangcomacWgStO 이 포스팅은 쿠팡파트너스 활동의 일환으로 이에 따른 일정액의 수수료를 제공받습니다 1위  국민건강 프로젝트 대웅제약 마그네슘 에너지케어 가격  19900원 링크  httpslinkcoupangcomacWgStO 2위  깔끔타 공간활용 이불 빨래건조대 가격  10900원 링크  httpslinkcoupangcomacWgStP 3위  국민건강 프로젝트 대웅제약 프로바이오틱스 유산균 가격  19900원 링크  httpslinkcoupangcomacWgStQ 4위  세계필터 미니 건조기필터 19매 1개 가격  14900원 링크  httpslinkcoupangcomacWgStR 5위  종근당건강 프로메가 오메가3 트리플 장용성 가격  10320원 링크  httpslinkcoupangcomacWgStS 6위  국민건강 프로젝트 대웅제약 바나바잎추출물 가격  20000원 링크  httpslinkcoupangcomacWgStT 7위  그린몬스터 맥스 밀크씨슬 10 3개월분 가격  6900원 링크  httpslinkcoupangcomacWgStU 8위  국민건강 프로젝트 대웅제약 프로바이오틱스 유산균 가격  10000원 링크  httpslinkcoupangcomacWgStW 9위  락토핏 코어 유산균 60p 가격  32200원 링크  httpslinkcoupangcomacWgStX 10위  국민건강 프로젝트 대웅제약 마그네슘 에너지케어 가격  10000원 링크  httpslinkcoupangcomacWgStZ 감사합니다 ,"['다이소', '판매', '쿠팡', '팔리', '인기', '팔리', '다이소', '판매', '영상', '다이소', '판매', '구매', '링크', '포스팅', '쿠팡', '파트너스', '활동', '일환', '따르', '일정액', '수수료', '제공', '국민', '건강', '프로젝트', '대웅제약', '마그네슘', '에너지', '케어', '가격', '링크', '깔끔', '공간', '활용', '이불', '빨래', '건조대', '가격', '링크', '국민', '건강', '프로젝트', '대웅제약', '프로바이오틱스', '유산균', '가격', '링크', '세계', '필터', '미니', '건조기', '필터', '가격', '링크', '종근당', '건강', '프로', '메가', '오메가', '트리플', '장용', '가격', '링크', '국민', '건강', '프로젝트', '대웅제약', '추출물', '가격', '링크', '그린', '몬스터', '맥스', '밀크', '개월', '가격', '링크', '국민', '건강', '프로젝트', '대웅제약', '프로바이오틱스', '유산균', '가격', '링크', '락토핏', '코어', '유산균', '가격', '링크', '국민', '건강', '프로젝트', '대웅제약', '마그네슘', '에너지', '케어', '가격', '링크', '감사']"
2,2,5000원으로 다이어트 성공할 수 있다는데..?😇 #다이소 #다이소다이어트 #다이소영양제 #다이소추천템 #다이어트 #혈당관리 #체지방감소 #공복올리브유 #식단관리,,,259,19586,1,2026-01-25 22:06:14,https://www.youtube.com/watch?v=I-TiD1Ya8u4,5000원으로 다이어트 성공할 수 있다는데 #다이소 #다이소다이어트 #다이소영양제 #다이소추천템 #다이어트 #혈당관리 #체지방감소 #공복올리브유 #식단관리  ,"['다이어트', '성공']"
2,2,다이소 건기식 종류 쿠팡에서 핫한 신상템 BEST 10,"가장 많이팔린 다이소 건기식 종류 영상 속 다이소 건기식 종류 구매링크: https://link.coupang.com/a/cXsWil 이 포스팅은 쿠팡파트너스 활동의 일환으로, 이에 따른 일정액의 수수료를 제공받습니다. 1위 : [국민건강 프로젝트] 대웅제약 마그네슘 에너지케어 가격 : 19,900원 링크 : https://link.coupang.com/a/cXsWil 2위 : ON US 식품 건조기 고추 야채 소형 과일 가정용 업소용 가격 : 129,000원 링크 : https://link.coupang.com/a/cXsWim 3위 : [국민건강 프로젝트] 대웅제약 바나바잎추출물 가격 : 20,000원 링크 : https://link.coupang.com/a/cXsWin 4위 : BH코리아 다용도 접이식 식품 건조망 (생선건조,야채건조,나물건조,고추건조) BH KOREA, 1개, 2단, 화이트 가격 : 10,500원 링크 : https://link.coupang.com/a/cXsWio 5위 : [국민건강 프로젝트] 대웅제약 프로바이오틱스 유산균 가격 : 19,900원 링크 : https://link.coupang.com/a/cXsWip 6위 : BH코리아 다용도 접이식 식품 건조망 (생선건조,야채건조,나물건조,고추건조) BH KOREA, 1개, 3단, 화이트 가격 : 11,500원 링크 : https://link.coupang.com/a/cXsWiq 7위 : 종근당건강 프로메가 오메가3 트리플 장용성 가격 : 10,470원 링크 : https://link.coupang.com/a/cXsWir 8위 : [국민건강 프로젝트] 대웅제약 프로바이오틱스 유산균 가격 : 10,000원 링크 : https://link.coupang.com/a/cXsWis 9위 : [국민건강 프로젝트] 대웅제약 바나바잎추출물 가격 : 10,000원 링크 : https://link.coupang.com/a/cXsWit 10위 : 자연그대로 식품 건조기 행잉 후크 회전식 육포 건조기 육포건조 과일건조 동시에 가능 업소용 가격 : 245,000원 링크 : https://link.coupang.com/a/cXsWiv 감사합니다.",,0,0,1,2025-10-18 17:49:10,https://www.youtube.com/watch?v=rlr_qHdtbb8,다이소 건기식 종류 쿠팡에서 핫한 신상템 BEST 10 가장 많이팔린 다이소 건기식 종류 영상 속 다이소 건기식 종류 구매링크 httpslinkcoupangcomacXsWil 이 포스팅은 쿠팡파트너스 활동의 일환으로 이에 따른 일정액의 수수료를 제공받습니다 1위  국민건강 프로젝트 대웅제약 마그네슘 에너지케어 가격  19900원 링크  httpslinkcoupangcomacXsWil 2위  ON US 식품 건조기 고추 야채 소형 과일 가정용 업소용 가격  129000원 링크  httpslinkcoupangcomacXsWim 3위  국민건강 프로젝트 대웅제약 바나바잎추출물 가격  20000원 링크  httpslinkcoupangcomacXsWin 4위  BH코리아 다용도 접이식 식품 건조망 생선건조야채건조나물건조고추건조 BH KOREA 1개 2단 화이트 가격  10500원 링크  httpslinkcoupangcomacXsWio 5위  국민건강 프로젝트 대웅제약 프로바이오틱스 유산균 가격  19900원 링크  httpslinkcoupangcomacXsWip 6위  BH코리아 다용도 접이식 식품 건조망 생선건조야채건조나물건조고추건조 BH KOREA 1개 3단 화이트 가격  11500원 링크  httpslinkcoupangcomacXsWiq 7위  종근당건강 프로메가 오메가3 트리플 장용성 가격  10470원 링크  httpslinkcoupangcomacXsWir 8위  국민건강 프로젝트 대웅제약 프로바이오틱스 유산균 가격  10000원 링크  httpslinkcoupangcomacXsWis 9위  국민건강 프로젝트 대웅제약 바나바잎추출물 가격  10000원 링크  httpslinkcoupangcomacXsWit 10위  자연그대로 식품 건조기 행잉 후크 회전식 육포 건조기 육포건조 과일건조 동시에 가능 업소용 가격  245000원 링크  httpslinkcoupangcomacXsWiv 감사합니다 ,"['다이소', '종류', '쿠팡', '핫하', '신상', '팔리', '다이소', '종류', '영상', '다이소', '종류', '구매', '링크', '포스팅', '쿠팡', '파트너스', '활동', '일환', '따르', '일정액', '수수료', '제공', '국민', '건강', '프로젝트', '대웅제약', '마그네슘', '에너지', '케어', '가격', '링크', '식품', '건조기', '고추', '야채', '소형', '과일', '가정', '업소', '가격', '링크', '국민', '건강', '프로젝트', '대웅제약', '추출물', '가격', '링크', '코리아', '다용도', '접이식', '식품', '건조', '생선', '건조', '야채', '건조', '나물', '건조', '고추', '건조', '화이트', '가격', '링크', '국민', '건강', '프로젝트', '대웅제약', '프로바이오틱스', '유산균', '가격', '링크', '코리아', '다용도', '접이식', '식품', '건조', '생선', '건조', '야채', '건조', '나물', '건조', '고추', '건조', '화이트', '가격', '링크', '종근당', '건강', '프로', '메가', '오메가', '트리플', '장용', '가격', '링크', '국민', '건강', '프로젝트', '대웅제약', '프로바이오틱스', '유산균', '가격', '링크', '국민', '건강', '프로젝트', '대웅제약', '추출물', '가격', '링크', '자연', '식품', '건조기', '후크', '회전식', '육포', '건조기', '육포', '건조', '과일', '건조', '동시', '가능', '업소', '가격', '링크', '감사']"
2,2,다이소 건기식 쿠팡 MD 추천템 - 10초 만에 반하게 됨,"가장 많이팔린 다이소 건기식 영상 속 다이소 건기식 구매링크: https://link.coupang.com/a/cXsmSY 이 포스팅은 쿠팡파트너스 활동의 일환으로, 이에 따른 일정액의 수수료를 제공받습니다. 1위 : [국민건강 프로젝트] 대웅제약 마그네슘 에너지케어 가격 : 19,900원 링크 : https://link.coupang.com/a/cXsmSY 2위 : [국민건강 프로젝트] 대웅제약 바나바잎추출물 가격 : 20,000원 링크 : https://link.coupang.com/a/cXsmS0 3위 : [국민건강 프로젝트] 대웅제약 프로바이오틱스 유산균 가격 : 19,900원 링크 : https://link.coupang.com/a/cXsmS1 4위 : BH코리아 다용도 접이식 식품 건조망 (생선건조,야채건조,나물건조,고추건조) BH KOREA, 1개, 3단, 화이트 가격 : 11,500원 링크 : https://link.coupang.com/a/cXsmS2 5위 : 유니스 고급형 다용도 접이식 생선 건조망, 1개, 3단, 화이트 가격 : 12,100원 링크 : https://link.coupang.com/a/cXsmS3 6위 : 종근당건강 프로메가 오메가3 트리플 장용성 가격 : 10,470원 링크 : https://link.coupang.com/a/cXsmS4 7위 : 신일 5단 식품건조기 스퀘어 SFD-200WJD, SFD-200WJD딥화이트 가격 : 49,800원 링크 : https://link.coupang.com/a/cXsmS5 8위 : [국민건강 프로젝트] 대웅제약 프로바이오틱스 유산균 가격 : 10,000원 링크 : https://link.coupang.com/a/cXsmS6 9위 : 종근당 칼슘 앤 마그네슘 비타민D 아연 가격 : 25,080원 링크 : https://link.coupang.com/a/cXsmS8 10위 : [국민건강 프로젝트] 대웅제약 바나바잎추출물 가격 : 10,000원 링크 : https://link.coupang.com/a/cXsmS9 감사합니다.",,0,0,1,2025-10-18 16:00:06,https://www.youtube.com/watch?v=OqRWeKj4xaw,다이소 건기식 쿠팡 MD 추천템  10초 만에 반하게 됨 가장 많이팔린 다이소 건기식 영상 속 다이소 건기식 구매링크 httpslinkcoupangcomacXsmSY 이 포스팅은 쿠팡파트너스 활동의 일환으로 이에 따른 일정액의 수수료를 제공받습니다 1위  국민건강 프로젝트 대웅제약 마그네슘 에너지케어 가격  19900원 링크  httpslinkcoupangcomacXsmSY 2위  국민건강 프로젝트 대웅제약 바나바잎추출물 가격  20000원 링크  httpslinkcoupangcomacXsmS0 3위  국민건강 프로젝트 대웅제약 프로바이오틱스 유산균 가격  19900원 링크  httpslinkcoupangcomacXsmS1 4위  BH코리아 다용도 접이식 식품 건조망 생선건조야채건조나물건조고추건조 BH KOREA 1개 3단 화이트 가격  11500원 링크  httpslinkcoupangcomacXsmS2 5위  유니스 고급형 다용도 접이식 생선 건조망 1개 3단 화이트 가격  12100원 링크  httpslinkcoupangcomacXsmS3 6위  종근당건강 프로메가 오메가3 트리플 장용성 가격  10470원 링크  httpslinkcoupangcomacXsmS4 7위  신일 5단 식품건조기 스퀘어 SFD200WJD SFD200WJD딥화이트 가격  49800원 링크  httpslinkcoupangcomacXsmS5 8위  국민건강 프로젝트 대웅제약 프로바이오틱스 유산균 가격  10000원 링크  httpslinkcoupangcomacXsmS6 9위  종근당 칼슘 앤 마그네슘 비타민D 아연 가격  25080원 링크  httpslinkcoupangcomacXsmS8 10위  국민건강 프로젝트 대웅제약 바나바잎추출물 가격  10000원 링크  httpslinkcoupangcomacXsmS9 감사합니다 ,"['다이소', '쿠팡', '추천', '팔리', '다이소', '영상', '다이소', '구매', '링크', '포스팅', '쿠팡', '파트너스', '활동', '일환', '따르', '일정액', '수수료', '제공', '국민', '건강', '프로젝트', '대웅제약', '마그네슘', '에너지', '케어', '가격', '링크', '국민', '건강', '프로젝트', '대웅제약', '추출물', '가격', '링크', '국민', '건강', '프로젝트', '대웅제약', '프로바이오틱스', '유산균', '가격', '링크', '코리아', '다용도', '접이식', '식품', '건조', '생선', '건조', '야채', '건조', '나물', '건조', '고추', '건조', '화이트', '가격', '링크', '유니스', '고급', '다용도', '접이식', '생선', '건조', '화이트', '가격', '링크', '종근당', '건강', '프로', '메가', '오메가', '트리플', '장용', '가격', '링크', '식품', '건조기', '스퀘어', '화이트', '가격', '링크', '국민', '건강', '프로젝트', '대웅제약', '프로바이오틱스', '유산균', '가격', '링크', '종근당', '칼슘', '마그네슘', '비타민', '아연', '가격', '링크', '국민', '건강', '프로젝트', '대웅제약', '추출물', '가격', '링크', '감사']"
2,2,🧨7 제목클릭👉  활력충전 활력복합 건강기능식품 비교 다이소 추천템 오브맘비타민B 대웅제약rtg오메가3 글루타치온,❌️안 열리면 프로필가서 제목링크 번호검색 링크2초클릭👇 제품설명 길게 눌러 열기 7-1 대웅제약 닥터베어 글루타치온 https://link.coupang.com/a/c6w9EX 7-2 대웅제약 DR BEAR 닥터베어 알티지 rTG 오메가3 https://link.coupang.com/a/c6xjSe 본 링크를 통해 구매 시 쿠팡파트너스 활동의 일환으로 일정액의 수수료를 제공받습니다.,,0,256,1,2025-11-21 11:57:11,https://www.youtube.com/watch?v=lAl94NRHhUo,7 제목클릭  활력충전 활력복합 건강기능식품 비교 다이소 추천템 오브맘비타민B 대웅제약rtg오메가3 글루타치온 안 열리면 프로필가서 제목링크 번호검색 링크2초클릭 제품설명 길게 눌러 열기 71 대웅제약 닥터베어 글루타치온 httpslinkcoupangcomac6w9EX 72 대웅제약 DR BEAR 닥터베어 알티지 rTG 오메가3 httpslinkcoupangcomac6xjSe 본 링크를 통해 구매 시 쿠팡파트너스 활동의 일환으로 일정액의 수수료를 제공받습니다 ,"['제목', '클릭', '활력', '충전', '활력', '복합', '건강', '기능', '식품', '비교', '다이소', '추천', '오브', '비타민', '대웅제약', '오메가', '열리', '프로필', '제목', '링크', '번호', '검색', '링크', '클릭', '제품', '설명', '누르', '대웅제약', '닥터', '베어', '대웅제약', '닥터', '베어', '오메가', '링크', '통하', '구매', '쿠팡', '파트너스', '활동', '일환', '일정액', '수수료', '제공']"
2,2,다이소 건기식 추천 쿠팡 무조건 만족템 TOP10 - 매일 쓰고 있는 제품이에요,"가장 많이팔린 다이소 건기식 추천 이 포스팅은 쿠팡파트너스 활동의 일환으로, 이에 따른 일정액의 수수료를 제공받습니다. https://link.coupang.com/a/cU1O3T 1위 : [국민건강 프로젝트] 대웅제약 프로바이오틱스 유산균 가격 : 19,900원 링크 : https://link.coupang.com/a/cU1O3T 2위 : ON US 식품 건조기 고추 야채 소형 과일 가정용 업소용 가격 : 129,000원 링크 : https://link.coupang.com/a/cU1O3X 3위 : 한미 오메가3맥스 30캡슐 EPA 눈영양제 눈건강 가격 : 32,400원 링크 : https://link.coupang.com/a/cU1O30 4위 : 건조망, 1개, 건조망(400x400) 가격 : 8,900원 링크 : https://link.coupang.com/a/cU1O32 5위 : [국민건강 프로젝트] 대웅제약 프로바이오틱스 유산균 가격 : 9,600원 링크 : https://link.coupang.com/a/cU1O33 6위 : BH코리아 다용도 접이식 식품 건조망 (생선건조,야채건조,나물건조,고추건조) BH KOREA, 1개, 3단, 화이트 가격 : 11,500원 링크 : https://link.coupang.com/a/cU1O34 7위 : [국민건강 프로젝트] 대웅제약 마그네슘 에너지케어 가격 : 19,900원 링크 : https://link.coupang.com/a/cU1O35 8위 : 신일 식품건조기 가정용 고추 야채 과일 음식 고구마말랭이 건조기, 신일 식품건조기 SFD-AR500KP 가격 : 198,000원 링크 : https://link.coupang.com/a/cU1O36 9위 : 종근당건강 프로메가 오메가3 트리플 장용성 가격 : 10,560원 링크 : https://link.coupang.com/a/cU1O37 10위 : [본사직영] 여에스더 초임계 알티지 오메가3 1020mg 국민영양 프로젝트 가격 : 29,700원 링크 : https://link.coupang.com/a/cU1O39 ⭐️ 특별 혜택 링크 https://temu.to/k/glb5f443d8e 을(를) 탭하고 최고 품질의 상품을 초저가로 만나보세요. 🛍️ 이렇게 파격적인 혜택은 오직 Temu에서만 제공됩니다. 지금 쇼핑하고 큰 할인을 받으세요! ⭐️ 당신을 위한 또 다른 놀라움! 저와 함께 수익을 얻으시려면 https://temu.to/k/g7a19moq5z4 을 클릭하세요! 감사합니다.",,0,33,1,2025-10-06 11:40:52,https://www.youtube.com/watch?v=qW7qtCiy5D4,다이소 건기식 추천 쿠팡 무조건 만족템 TOP10  매일 쓰고 있는 제품이에요 가장 많이팔린 다이소 건기식 추천 이 포스팅은 쿠팡파트너스 활동의 일환으로 이에 따른 일정액의 수수료를 제공받습니다 httpslinkcoupangcomacU1O3T 1위  국민건강 프로젝트 대웅제약 프로바이오틱스 유산균 가격  19900원 링크  httpslinkcoupangcomacU1O3T 2위  ON US 식품 건조기 고추 야채 소형 과일 가정용 업소용 가격  129000원 링크  httpslinkcoupangcomacU1O3X 3위  한미 오메가3맥스 30캡슐 EPA 눈영양제 눈건강 가격  32400원 링크  httpslinkcoupangcomacU1O30 4위  건조망 1개 건조망400x400 가격  8900원 링크  httpslinkcoupangcomacU1O32 5위  국민건강 프로젝트 대웅제약 프로바이오틱스 유산균 가격  9600원 링크  httpslinkcoupangcomacU1O33 6위  BH코리아 다용도 접이식 식품 건조망 생선건조야채건조나물건조고추건조 BH KOREA 1개 3단 화이트 가격  11500원 링크  httpslinkcoupangcomacU1O34 7위  국민건강 프로젝트 대웅제약 마그네슘 에너지케어 가격  19900원 링크  httpslinkcoupangcomacU1O35 8위  신일 식품건조기 가정용 고추 야채 과일 음식 고구마말랭이 건조기 신일 식품건조기 SFDAR500KP 가격  198000원 링크  httpslinkcoupangcomacU1O36 9위  종근당건강 프로메가 오메가3 트리플 장용성 가격  10560원 링크  httpslinkcoupangcomacU1O37 10위  본사직영 여에스더 초임계 알티지 오메가3 1020mg 국민영양 프로젝트 가격  29700원 링크  httpslinkcoupangcomacU1O39  특별 혜택 링크 httpstemutokglb5f443d8e 을를 탭하고 최고 품질의 상품을 초저가로 만나보세요  이렇게 파격적인 혜택은 오직 Temu에서만 제공됩니다 지금 쇼핑하고 큰 할인을 받으세요  당신을 위한 또 다른 놀라움 저와 함께 수익을 얻으시려면 httpstemutokg7a19moq5z4 을 클릭하세요 감사합니다 ,"['다이소', '추천', '쿠팡', '만족', '제품', '팔리', '다이소', '추천', '포스팅', '쿠팡', '파트너스', '활동', '일환', '따르', '일정액', '수수료', '제공', '국민', '건강', '프로젝트', '대웅제약', '프로바이오틱스', '유산균', '가격', '링크', '식품', '건조기', '고추', '야채', '소형', '과일', '가정', '업소', '가격', '링크', '한미', '오메가', '맥스', '캡슐', '영양제', '건강', '가격', '링크', '건조', '건조', '가격', '링크', '국민', '건강', '프로젝트', '대웅제약', '프로바이오틱스', '유산균', '가격', '링크', '코리아', '다용도', '접이식', '식품', '건조', '생선', '건조', '야채', '건조', '나물', '건조', '고추', '건조', '화이트', '가격', '링크', '국민', '건강', '프로젝트', '대웅제약', '마그네슘', '에너지', '케어', '가격', '링크', '식품', '건조기', '가정', '고추', '야채', '과일', '음식', '고구마', '건조기', '식품', '건조기', '가격', '링크', '종근당', '건강', '프로', '메가', '오메가', '트리플', '장용', '가격', '링크', '본사', '직영', '여에스더', '초임', '알티', '오메가', '국민', '영양', '프로젝트', '가격', '링크', '특별', '혜택', '링크', '최고', '품질', '상품', '저가', '만나', '이렇', '파격', '혜택', '제공', '쇼핑', '할인', '당신', '위하', '놀랍', '수익', '클릭', '감사']"
2,2,다이소 신상 영양제 건강기능식품 추천 리뷰,🌷다이소 추천 건강기능식품🌷 🌼코엔자임 Q10 🌼비타민D & 아연 하루구미 🌼 멀티비타민 타우린샷 *subtitles Brew 📌 영상 속 제품 확인하기 👉 [쿠팡에서 보기](https://link.coupang.com/a/c3MIGM) ※ 본 링크는 쿠팡파트너스 활동을 통해 일정 수수료를 받을 수 있습니다.,"#다이소,#다이소꿀템,#다이소템,#다이소신상",1,781,1,2025-11-12 09:14:40,https://www.youtube.com/watch?v=z6rGk-ggkiM,다이소 신상 영양제 건강기능식품 추천 리뷰 다이소 추천 건강기능식품 코엔자임 Q10 비타민D  아연 하루구미  멀티비타민 타우린샷 subtitles Brew  영상 속 제품 확인하기  쿠팡에서 보기httpslinkcoupangcomac3MIGM  본 링크는 쿠팡파트너스 활동을 통해 일정 수수료를 받을 수 있습니다 #다이소#다이소꿀템#다이소템#다이소신상,"['다이소', '신상', '영양제', '건강', '기능', '식품', '추천', '리뷰', '다이소', '추천', '건강', '기능', '식품', '코엔자임', '비타민', '아연', '하루구미', '멀티', '비타민', '타우린', '영상', '제품', '확인', '쿠팡', '링크', '쿠팡', '파트너스', '활동', '통하', '일정', '수수료']"
2,2,다이소 건기식 종류 쿠팡에서 몰라서 못샀던 품절대란 꿀템 BEST 10,"가장 많이팔린 다이소 건기식 종류 이 포스팅은 쿠팡파트너스 활동의 일환으로, 이에 따른 일정액의 수수료를 제공받습니다. https://link.coupang.com/a/cU6Xhx 1위 : [국민건강 프로젝트] 대웅제약 프로바이오틱스 유산균 가격 : 19,900원 링크 : https://link.coupang.com/a/cU6Xhx 2위 : 체리닷컴 빨래 약초 만능 공간활용 벽접이식 건조대 망, 소형 화이트 가격 : 21,900원 링크 : https://link.coupang.com/a/cU6Xhy 3위 : 한미 오메가3맥스 30캡슐 EPA 눈영양제 눈건강 가격 : 32,400원 링크 : https://link.coupang.com/a/cU6XhA 4위 : [국민건강 프로젝트] 대웅제약 프로바이오틱스 유산균 가격 : 9,600원 링크 : https://link.coupang.com/a/cU6XhC 5위 : [국민건강 프로젝트] 대웅제약 마그네슘 에너지케어 가격 : 19,900원 링크 : https://link.coupang.com/a/cU6XhE 6위 : 건조망, 1개, 건조망(400x400) 가격 : 8,900원 링크 : https://link.coupang.com/a/cU6XhG 7위 : 종근당건강 프로메가 오메가3 트리플 장용성 가격 : 10,560원 링크 : https://link.coupang.com/a/cU6XhH 8위 : 신일 식품건조기 가정용 고추 야채 과일 음식 고구마말랭이 건조기, 신일 식품건조기 SFD-AR500KP 가격 : 198,000원 링크 : https://link.coupang.com/a/cU6XhI 9위 : [본사직영] 여에스더 초임계 알티지 오메가3 1020mg 국민영양 프로젝트 가격 : 29,700원 링크 : https://link.coupang.com/a/cU6XhK 10위 : 주방 그릇 접시 수납대 식기 건조대 그릇 접시 아스팔트 선반 치물대 칼과 포크 상자 자동 배수, 블랙, 1개 가격 : 23,900원 링크 : https://link.coupang.com/a/cU6XhM ⭐️ 특별 혜택 링크 https://temu.to/k/glb5f443d8e 을(를) 탭하고 최고 품질의 상품을 초저가로 만나보세요. 🛍️ 이렇게 파격적인 혜택은 오직 Temu에서만 제공됩니다. 지금 쇼핑하고 큰 할인을 받으세요! ⭐️ 당신을 위한 또 다른 놀라움! 저와 함께 수익을 얻으시려면 https://temu.to/k/g7a19moq5z4 을 클릭하세요! 감사합니다.",,0,0,1,2025-10-07 02:55:15,https://www.youtube.com/watch?v=4dqDn_zY80U,다이소 건기식 종류 쿠팡에서 몰라서 못샀던 품절대란 꿀템 BEST 10 가장 많이팔린 다이소 건기식 종류 이 포스팅은 쿠팡파트너스 활동의 일환으로 이에 따른 일정액의 수수료를 제공받습니다 httpslinkcoupangcomacU6Xhx 1위  국민건강 프로젝트 대웅제약 프로바이오틱스 유산균 가격  19900원 링크  httpslinkcoupangcomacU6Xhx 2위  체리닷컴 빨래 약초 만능 공간활용 벽접이식 건조대 망 소형 화이트 가격  21900원 링크  httpslinkcoupangcomacU6Xhy 3위  한미 오메가3맥스 30캡슐 EPA 눈영양제 눈건강 가격  32400원 링크  httpslinkcoupangcomacU6XhA 4위  국민건강 프로젝트 대웅제약 프로바이오틱스 유산균 가격  9600원 링크  httpslinkcoupangcomacU6XhC 5위  국민건강 프로젝트 대웅제약 마그네슘 에너지케어 가격  19900원 링크  httpslinkcoupangcomacU6XhE 6위  건조망 1개 건조망400x400 가격  8900원 링크  httpslinkcoupangcomacU6XhG 7위  종근당건강 프로메가 오메가3 트리플 장용성 가격  10560원 링크  httpslinkcoupangcomacU6XhH 8위  신일 식품건조기 가정용 고추 야채 과일 음식 고구마말랭이 건조기 신일 식품건조기 SFDAR500KP 가격  198000원 링크  httpslinkcoupangcomacU6XhI 9위  본사직영 여에스더 초임계 알티지 오메가3 1020mg 국민영양 프로젝트 가격  29700원 링크  httpslinkcoupangcomacU6XhK 10위  주방 그릇 접시 수납대 식기 건조대 그릇 접시 아스팔트 선반 치물대 칼과 포크 상자 자동 배수 블랙 1개 가격  23900원 링크  httpslinkcoupangcomacU6XhM  특별 혜택 링크 httpstemutokglb5f443d8e 을를 탭하고 최고 품질의 상품을 초저가로 만나보세요  이렇게 파격적인 혜택은 오직 Temu에서만 제공됩니다 지금 쇼핑하고 큰 할인을 받으세요  당신을 위한 또 다른 놀라움 저와 함께 수익을 얻으시려면 httpstemutokg7a19moq5z4 을 클릭하세요 감사합니다 ,"['다이소', '종류', '쿠팡', '모르', '품절', '대란', '팔리', '다이소', '종류', '포스팅', '쿠팡', '파트너스', '활동', '일환', '따르', '일정액', '수수료', '제공', '국민', '건강', '프로젝트', '대웅제약', '프로바이오틱스', '유산균', '가격', '링크', '체리', '닷컴', '빨래', '약초', '만능', '공간', '활용', '접이식', '건조대', '소형', '화이트', '가격', '링크', '한미', '오메가', '맥스', '캡슐', '영양제', '건강', '가격', '링크', '국민', '건강', '프로젝트', '대웅제약', '프로바이오틱스', '유산균', '가격', '링크', '국민', '건강', '프로젝트', '대웅제약', '마그네슘', '에너지', '케어', '가격', '링크', '건조', '건조', '가격', '링크', '종근당', '건강', '프로', '메가', '오메가', '트리플', '장용', '가격', '링크', '식품', '건조기', '가정', '고추', '야채', '과일', '음식', '고구마', '건조기', '식품', '건조기', '가격', '링크', '본사', '직영', '여에스더', '초임', '알티', '오메가', '국민', '영양', '프로젝트', '가격', '링크', '주방', '그릇', '접시', '수납', '식기', '건조대', '그릇', '접시', '아스팔트', '선반', '포크', '상자', '자동', '배수', '블랙', '가격', '링크', '특별', '혜택', '링크', '최고', '품질', '상품', '저가', '만나', '이렇', '파격', '혜택', '제공', '쇼핑', '할인', '당신', '위하', '놀랍', '수익', '클릭', '감사']"
2,2,"[단독] ‘다이소 철수' 강요 의혹…공정위, 대한약사회 제재착수/2025년 7월 30일(수)/KBS","일부 제약사들이 생활용품점 다이소에서 건강기능식품 판매를 중단한 것과 관련해, 공정거래위원회가 대한약사회에 대한 제재에 나선 것으로 KBS 취재 결과 드러났습니다. 관련 업계 등에 따르면 공정위는 최근 대한약사회의 공정거래법 위반 혐의에 대해 제재 의견을 담은 심사보고서를 보냈습니다. 대한약사회는 일양약품과 대웅제약 등 제약사들이 다이소에서 건강기능식품을 팔지 않도록 강요한 혐의를 받고 있습니다. Copyright ⓒ KBS. All rights reserved. 무단 전재, 재배포 및 이용(AI 학습 포함) 금지 ▣ KBS뉴스 유튜브 구독하기 : https://goo.gl/qCWZjZ ▣ KBS뉴스 유튜브 커뮤니티 : https://goo.gl/6yko39 ▣ KBS 뉴스 ◇ PC : http://news.kbs.co.kr ◇ 모바일 : http://mn.kbs.co.kr ▣ 인스타그램 : https://www.instagram.com/kbsnews ▣ 페이스북 : https://www.facebook.com/kbsnews ▣ 트위터 : https://twitter.com/kbsnews ▣ 틱톡 : https://tiktok.com/@kbsnewsofficial","#다이소,#건기식,#약사회,#건강기능식품,#공정위",51,10905,10,2025-07-30 13:08:31,https://www.youtube.com/watch?v=ywCcWEgeTfs,단독 다이소 철수 강요 의혹공정위 대한약사회 제재착수2025년 7월 30일수KBS 일부 제약사들이 생활용품점 다이소에서 건강기능식품 판매를 중단한 것과 관련해 공정거래위원회가 대한약사회에 대한 제재에 나선 것으로 KBS 취재 결과 드러났습니다 관련 업계 등에 따르면 공정위는 최근 대한약사회의 공정거래법 위반 혐의에 대해 제재 의견을 담은 심사보고서를 보냈습니다 대한약사회는 일양약품과 대웅제약 등 제약사들이 다이소에서 건강기능식품을 팔지 않도록 강요한 혐의를 받고 있습니다 Copyright  KBS All rights reserved 무단 전재 재배포 및 이용AI 학습 포함 금지  KBS뉴스 유튜브 구독하기  httpsgooglqCWZjZ  KBS뉴스 유튜브 커뮤니티  httpsgoogl6yko39  KBS 뉴스  PC  httpnewskbscokr  모바일  httpmnkbscokr  인스타그램  httpswwwinstagramcomkbsnews  페이스북  httpswwwfacebookcomkbsnews  트위터  httpstwittercomkbsnews  틱톡  httpstiktokcomkbsnewsofficial #다이소#건기식#약사회#건강기능식품#공정위,"['단독', '다이소', '철수', '강요', '의혹', '공정위', '대한약사회', '제재', '착수', '일부', '제약사', '생활', '용품점', '다이소', '건강', '기능', '식품', '판매', '중단', '관련', '공정', '거래', '위원회', '대한약사회', '대하', '제재', '나서', '취재', '결과', '드러나', '관련', '업계', '따르', '공정위', '최근', '대한약사회', '공정', '거래법', '위반', '혐의', '대하', '제재', '의견', '심사', '보고서', '보내', '대한약사회', '일양약품', '대웅제약', '제약사', '다이소', '건강', '기능', '식품', '강요', '혐의', '무단', '전재', '배포', '이용', '학습', '포함', '금지', '뉴스', '유튜브', '구독', '뉴스', '유튜브', '커뮤니티', '뉴스', '모바일', '인스타그램', '페이스북', '트위터', '틱톡']"
2,2,💊대혜자 다이소영양제 / 다이소건기식 / 종근당 데일리와이즈 💊,"85년 전통 종근당이 다이소 전용 건강기능식품 브랜드 데일리와이즈를 런칭✨ https://www.daisomall.co.kr/ds/dsBrand/C212/00199 리스펙타 / 멀티비타민미네랄 / 밀크씨슬 / 오메가3 / 코엔자임Q10 / 혈당컷다이어트까지 총 6종으로 질 건강, 간 건강, 혈행, 체지방 케어 등 내 컨디션에 맞춰 골라 담을 수 있어요. 특히 한 달치 구매가 부담스럽거나, 나한테 맞는지 먼저 테스트해보고 싶었다면 주목! 리스펙타는 6일치 나머지는 12일치 소포장으로 부담 없이 체험 가능 게다가 가격도 착함 대부분 2,000원 / 리스펙타 5,000원 전국 다이소 매장 & 온라인몰에서 구매 가능 궁금했던 종근당 건기식, 이제 가볍게 시작해보세요 다이소영양제, 다이소건기식, 데일리와이즈 종근당이니까, 믿고먹는종근당, 종근당, 데일리와이즈, 건강기능식품, 다이소, 2천원, 종근당데일리와이즈, 다이소영양제, 다이소건기식, 다이소건강기능식품",#유료광고,1,72503,0,2026-04-29 00:44:33,https://www.youtube.com/watch?v=LNzSRi8H-Hs,대혜자 다이소영양제  다이소건기식  종근당 데일리와이즈  85년 전통 종근당이 다이소 전용 건강기능식품 브랜드 데일리와이즈를 런칭 httpswwwdaisomallcokrdsdsBrandC21200199 리스펙타  멀티비타민미네랄  밀크씨슬  오메가3  코엔자임Q10  혈당컷다이어트까지 총 6종으로 질 건강 간 건강 혈행 체지방 케어 등 내 컨디션에 맞춰 골라 담을 수 있어요 특히 한 달치 구매가 부담스럽거나 나한테 맞는지 먼저 테스트해보고 싶었다면 주목 리스펙타는 6일치 나머지는 12일치 소포장으로 부담 없이 체험 가능 게다가 가격도 착함 대부분 2000원  리스펙타 5000원 전국 다이소 매장  온라인몰에서 구매 가능 궁금했던 종근당 건기식 이제 가볍게 시작해보세요 다이소영양제 다이소건기식 데일리와이즈 종근당이니까 믿고먹는종근당 종근당 데일리와이즈 건강기능식품 다이소 2천원 종근당데일리와이즈 다이소영양제 다이소건기식 다이소건강기능식품 #유료광고,"['대혜자', '다이소', '영양제', '다이소', '종근당', '데일리', '와이즈', '전통', '종근당', '다이소', '전용', '건강', '기능', '식품', '브랜드', '데일리', '와이즈', '런칭', '리스펙타', '멀티', '비타민', '미네랄', '밀크', '오메가', '코엔자임', '혈당', '다이어트', '건강', '건강', '체지방', '케어', '컨디션', '맞추', '고르', '구매', '부담', '테스트', '주목', '리스펙타', '나머지', '포장', '부담', '체험', '가능', '가격', '착하', '부분', '리스펙타', '전국', '다이소', '매장', '온라인', '구매', '가능', '종근당', '건기', '가볍', '시작', '다이소', '영양제', '다이소', '데일리', '와이즈', '종근당', '종근당', '종근당', '데일리', '와이즈', '건강', '기능', '식품', '다이소', '종근당', '데일리', '와이즈', '다이소', '영양제', '다이소', '다이소', '건강', '기능', '식품']"
2,2,가성비갑👍 다이소 영양제? 누가 먹어야 돈 값💰 제대로 하는지 약사가 딱 알려줌! | 02. 마그네슘 #다이소영양제 #약사추천 #koreanpharmacy #다이소 #다이소템,,,16,1782,1,2025-09-22 12:30:57,https://www.youtube.com/watch?v=cCrpwcvX-9Q,가성비갑 다이소 영양제 누가 먹어야 돈 값 제대로 하는지 약사가 딱 알려줌  02 마그네슘 #다이소영양제 #약사추천 #koreanpharmacy #다이소 #다이소템  ,"['가성비', '다이소', '영양제', '누구', '약사', '알리', '마그네슘']"
2,2,다이소 건강기능식품의 진실 가격이 싼 이유는? #건강 #꿀템 #이슈 #건강정보,,,124,19297,2,2025-05-16 06:40:36,https://www.youtube.com/watch?v=i0h7ta3Jiks,다이소 건강기능식품의 진실 가격이 싼 이유는 #건강 #꿀템 #이슈 #건강정보  ,"['다이소', '건강', '기능', '식품', '진실', '가격', '이유']"
2,2,다이소 건기식 쿠팡에서 산 물건들 - 찐 후기만 모았습니다,"가장 많이팔린 다이소 건기식 이 포스팅은 쿠팡파트너스 활동의 일환으로, 이에 따른 일정액의 수수료를 제공받습니다. https://link.coupang.com/a/cVsmgd 1위 : BH코리아 다용도 접이식 식품 건조망 (생선건조,야채건조,나물건조,고추건조) BH KOREA, 1개, 3단, 화이트 가격 : 11,500원 링크 : https://link.coupang.com/a/cVsmgd 2위 : BH코리아 다용도 접이식 식품 건조망 (생선건조,야채건조,나물건조,고추건조) BH KOREA, 1개, 1단, 화이트 가격 : 9,500원 링크 : https://link.coupang.com/a/cVsmgf 3위 : 종근당건강 프로메가 오메가3 트리플 장용성 가격 : 10,560원 링크 : https://link.coupang.com/a/cVsmgh 4위 : [국민건강 프로젝트] 대웅제약 프로바이오틱스 유산균 가격 : 9,600원 링크 : https://link.coupang.com/a/cVsmgj 5위 : [국민건강 프로젝트] 대웅제약 프로바이오틱스 유산균 가격 : 19,900원 링크 : https://link.coupang.com/a/cVsmgl 6위 : 건조망, 1개, 건조망(400x400) 가격 : 8,900원 링크 : https://link.coupang.com/a/cVsmgn 7위 : UML마켓 즉석 된장 간편국 블럭국 골라담기 구성 가격 : 11,100원 링크 : https://link.coupang.com/a/cVsmgp 8위 : [국민건강 프로젝트] 대웅제약 마그네슘 에너지케어 가격 : 19,900원 링크 : https://link.coupang.com/a/cVsmgr ⭐️ 특별 혜택 링크 https://temu.to/k/glb5f443d8e 을(를) 탭하고 최고 품질의 상품을 초저가로 만나보세요. 🛍️ 이렇게 파격적인 혜택은 오직 Temu에서만 제공됩니다. 지금 쇼핑하고 큰 할인을 받으세요! ⭐️ 당신을 위한 또 다른 놀라움! 저와 함께 수익을 얻으시려면 https://temu.to/k/g7a19moq5z4 을 클릭하세요! 감사합니다.",,0,0,1,2025-10-09 04:57:25,https://www.youtube.com/watch?v=w1AzDD-4kbY,다이소 건기식 쿠팡에서 산 물건들  찐 후기만 모았습니다 가장 많이팔린 다이소 건기식 이 포스팅은 쿠팡파트너스 활동의 일환으로 이에 따른 일정액의 수수료를 제공받습니다 httpslinkcoupangcomacVsmgd 1위  BH코리아 다용도 접이식 식품 건조망 생선건조야채건조나물건조고추건조 BH KOREA 1개 3단 화이트 가격  11500원 링크  httpslinkcoupangcomacVsmgd 2위  BH코리아 다용도 접이식 식품 건조망 생선건조야채건조나물건조고추건조 BH KOREA 1개 1단 화이트 가격  9500원 링크  httpslinkcoupangcomacVsmgf 3위  종근당건강 프로메가 오메가3 트리플 장용성 가격  10560원 링크  httpslinkcoupangcomacVsmgh 4위  국민건강 프로젝트 대웅제약 프로바이오틱스 유산균 가격  9600원 링크  httpslinkcoupangcomacVsmgj 5위  국민건강 프로젝트 대웅제약 프로바이오틱스 유산균 가격  19900원 링크  httpslinkcoupangcomacVsmgl 6위  건조망 1개 건조망400x400 가격  8900원 링크  httpslinkcoupangcomacVsmgn 7위  UML마켓 즉석 된장 간편국 블럭국 골라담기 구성 가격  11100원 링크  httpslinkcoupangcomacVsmgp 8위  국민건강 프로젝트 대웅제약 마그네슘 에너지케어 가격  19900원 링크  httpslinkcoupangcomacVsmgr  특별 혜택 링크 httpstemutokglb5f443d8e 을를 탭하고 최고 품질의 상품을 초저가로 만나보세요  이렇게 파격적인 혜택은 오직 Temu에서만 제공됩니다 지금 쇼핑하고 큰 할인을 받으세요  당신을 위한 또 다른 놀라움 저와 함께 수익을 얻으시려면 httpstemutokg7a19moq5z4 을 클릭하세요 감사합니다 ,"['다이소', '쿠팡', '물건', '후기', '모으', '팔리', '다이소', '포스팅', '쿠팡', '파트너스', '활동', '일환', '따르', '일정액', '수수료', '제공', '코리아', '다용도', '접이식', '식품', '건조', '생선', '건조', '야채', '건조', '나물', '건조', '고추', '건조', '화이트', '가격', '링크', '코리아', '다용도', '접이식', '식품', '건조', '생선', '건조', '야채', '건조', '나물', '건조', '고추', '건조', '화이트', '가격', '링크', '종근당', '건강', '프로', '메가', '오메가', '트리플', '장용', '가격', '링크', '국민', '건강', '프로젝트', '대웅제약', '프로바이오틱스', '유산균', '가격', '링크', '국민', '건강', '프로젝트', '대웅제약', '프로바이오틱스', '유산균', '가격', '링크', '조망', '건조', '가격', '링크', '마켓', '즉석', '된장', '블럭', '고르', '구성', '가격', '링크', '국민', '건강', '프로젝트', '대웅제약', '마그네슘', '에너지', '케어', '가격', '링크', '특별', '혜택', '링크', '최고', '품질', '상품', '저가', '만나', '이렇', '파격', '혜택', '제공', '쇼핑', '할인', '당신', '위하', '놀랍', '수익', '클릭', '감사']"
2,2,다이소 건기식 추천 쿠팡 무조건 만족템 TOP10 - 매일 쓰고 있는 제품이에요,"가장 많이팔린 다이소 건기식 추천 이 포스팅은 쿠팡파트너스 활동의 일환으로, 이에 따른 일정액의 수수료를 제공받습니다. https://link.coupang.com/a/cVOseU 1위 : [국민건강 프로젝트] 대웅제약 마그네슘 에너지케어 가격 : 19,900원 링크 : https://link.coupang.com/a/cVOseU 2위 : BH코리아 다용도 접이식 식품 건조망 (생선건조,야채건조,나물건조,고추건조) BH KOREA, 1개, 1단, 화이트 가격 : 9,500원 링크 : https://link.coupang.com/a/cVOseW 3위 : [국민건강 프로젝트] 대웅제약 프로바이오틱스 유산균 가격 : 19,900원 링크 : https://link.coupang.com/a/cVOseX 4위 : 건조망, 1개, 건조망(400x400) 가격 : 8,900원 링크 : https://link.coupang.com/a/cVOseZ 5위 : [국민건강 프로젝트] 대웅제약 프로바이오틱스 유산균 가격 : 10,000원 링크 : https://link.coupang.com/a/cVOse3 6위 : [세계필터] 미니 건조기필터 19매, 1개 가격 : 14,900원 링크 : https://link.coupang.com/a/cVOse8 7위 : 종근당건강 프로메가 오메가3 트리플 장용성 가격 : 10,560원 링크 : https://link.coupang.com/a/cVOsfd 8위 : 그린몬스터 맥스 밀크씨슬 10 3개월분 가격 : 6,900원 링크 : https://link.coupang.com/a/cVOsfg 9위 : 락토핏 코어 유산균 60p 가격 : 32,200원 링크 : https://link.coupang.com/a/cVOsfi 10위 : [국민건강 프로젝트] 대웅제약 마그네슘 에너지케어 가격 : 10,000원 링크 : https://link.coupang.com/a/cVOsfj ⭐️ 특별 혜택 링크 https://temu.to/k/glb5f443d8e 을(를) 탭하고 최고 품질의 상품을 초저가로 만나보세요. 🛍️ 이렇게 파격적인 혜택은 오직 Temu에서만 제공됩니다. 지금 쇼핑하고 큰 할인을 받으세요! ⭐️ 당신을 위한 또 다른 놀라움! 저와 함께 수익을 얻으시려면 https://temu.to/k/g7a19moq5z4 을 클릭하세요! 감사합니다.",,0,4,1,2025-10-11 03:47:42,https://www.youtube.com/watch?v=Hy-Fpu6BLJk,다이소 건기식 추천 쿠팡 무조건 만족템 TOP10  매일 쓰고 있는 제품이에요 가장 많이팔린 다이소 건기식 추천 이 포스팅은 쿠팡파트너스 활동의 일환으로 이에 따른 일정액의 수수료를 제공받습니다 httpslinkcoupangcomacVOseU 1위  국민건강 프로젝트 대웅제약 마그네슘 에너지케어 가격  19900원 링크  httpslinkcoupangcomacVOseU 2위  BH코리아 다용도 접이식 식품 건조망 생선건조야채건조나물건조고추건조 BH KOREA 1개 1단 화이트 가격  9500원 링크  httpslinkcoupangcomacVOseW 3위  국민건강 프로젝트 대웅제약 프로바이오틱스 유산균 가격  19900원 링크  httpslinkcoupangcomacVOseX 4위  건조망 1개 건조망400x400 가격  8900원 링크  httpslinkcoupangcomacVOseZ 5위  국민건강 프로젝트 대웅제약 프로바이오틱스 유산균 가격  10000원 링크  httpslinkcoupangcomacVOse3 6위  세계필터 미니 건조기필터 19매 1개 가격  14900원 링크  httpslinkcoupangcomacVOse8 7위  종근당건강 프로메가 오메가3 트리플 장용성 가격  10560원 링크  httpslinkcoupangcomacVOsfd 8위  그린몬스터 맥스 밀크씨슬 10 3개월분 가격  6900원 링크  httpslinkcoupangcomacVOsfg 9위  락토핏 코어 유산균 60p 가격  32200원 링크  httpslinkcoupangcomacVOsfi 10위  국민건강 프로젝트 대웅제약 마그네슘 에너지케어 가격  10000원 링크  httpslinkcoupangcomacVOsfj  특별 혜택 링크 httpstemutokglb5f443d8e 을를 탭하고 최고 품질의 상품을 초저가로 만나보세요  이렇게 파격적인 혜택은 오직 Temu에서만 제공됩니다 지금 쇼핑하고 큰 할인을 받으세요  당신을 위한 또 다른 놀라움 저와 함께 수익을 얻으시려면 httpstemutokg7a19moq5z4 을 클릭하세요 감사합니다 ,"['다이소', '추천', '쿠팡', '만족', '제품', '팔리', '다이소', '추천', '포스팅', '쿠팡', '파트너스', '활동', '일환', '따르', '일정액', '수수료', '제공', '국민', '건강', '프로젝트', '대웅제약', '마그네슘', '에너지', '케어', '가격', '링크', '코리아', '다용도', '접이식', '식품', '건조', '생선', '건조', '야채', '건조', '나물', '건조', '고추', '건조', '화이트', '가격', '링크', '국민', '건강', '프로젝트', '대웅제약', '프로바이오틱스', '유산균', '가격', '링크', '조망', '건조', '가격', '링크', '국민', '건강', '프로젝트', '대웅제약', '프로바이오틱스', '유산균', '가격', '링크', '세계', '필터', '미니', '건조기', '필터', '가격', '링크', '종근당', '건강', '프로', '메가', '오메가', '트리플', '장용', '가격', '링크', '그린', '몬스터', '맥스', '밀크', '개월', '가격', '링크', '락토핏', '코어', '유산균', '가격', '링크', '국민', '건강', '프로젝트', '대웅제약', '마그네슘', '에너지', '케어', '가격', '링크', '특별', '혜택', '링크', '최고', '품질', '상품', '저가', '만나', '이렇', '파격', '혜택', '제공', '쇼핑', '할인', '당신', '위하', '놀랍', '수익', '클릭', '감사']"
2,2,🔥 다이소에 종근당 떴다 🔥 1-5천원대 건기식과 구미,,,3,1802,0,2026-04-29 12:31:59,https://www.youtube.com/watch?v=mRoXtZszSW8, 다이소에 종근당 떴다  15천원대 건기식과 구미  ,"['다이소', '종근당', '건기', '구미']"
2,2,다이소에 혈당케어❓️ #shorts #다이소신상 #혈당관리 #유산균추천 #유산균 #혈당스파이크 #daiso #다이소추천템 #다이소깡 #다이소 #ダイソー #인생100,"📌 다이소 혈당케어 유산균 복용 타이밍 정리 ✅ 언제 먹어야 효과 좋을까? → 식사 직후 10~30분 이내가 가장 좋음 ✅ 왜 식후가 좋을까? - 식후 혈당이 급격히 오르는 타이밍에 도움 - 혈당 스파이크 완화에 효과적 - 장내 환경 + 당 대사에 동시에 작용 ✅ 추천 복용 시간 ✔ 아침 식사 후 10~20분 ✔ 점심 식사 후 바로 ~ 30분 이내 (가장 추천) ✔ 저녁 식사 후 10~30분 ❌ 공복 복용은 비추천 - 혈당 변동이 적어 효과 체감 ↓ - 혈당 관리 목적이라면 식후가 핵심 ✨ 같이 하면 좋은 습관 - 식사 전 물 한 컵 - 식후 가벼운 산책 5~10분 - 단 음식, 탄산 줄이기 - 수분 충분히 섭취하기 📌 한 줄 요약 → 혈당케어 유산균은 “식후 타이밍”이 중요!","#건강관리,#건강정보,#혈관건강,#식후습관",0,4321,12,2026-02-08 07:06:24,https://www.youtube.com/watch?v=Uv9IG9fZ9D0,다이소에 혈당케어 #shorts #다이소신상 #혈당관리 #유산균추천 #유산균 #혈당스파이크 #daiso #다이소추천템 #다이소깡 #다이소 # #인생100  다이소 혈당케어 유산균 복용 타이밍 정리  언제 먹어야 효과 좋을까  식사 직후 1030분 이내가 가장 좋음  왜 식후가 좋을까  식후 혈당이 급격히 오르는 타이밍에 도움  혈당 스파이크 완화에 효과적  장내 환경  당 대사에 동시에 작용  추천 복용 시간  아침 식사 후 1020분  점심 식사 후 바로  30분 이내 가장 추천  저녁 식사 후 1030분  공복 복용은 비추천  혈당 변동이 적어 효과 체감   혈당 관리 목적이라면 식후가 핵심  같이 하면 좋은 습관  식사 전 물 한 컵  식후 가벼운 산책 510분  단 음식 탄산 줄이기  수분 충분히 섭취하기  한 줄 요약  혈당케어 유산균은 식후 타이밍이 중요 #건강관리#건강정보#혈관건강#식후습관,"['다이소', '혈당', '케어', '다이소', '혈당', '케어', '유산균', '복용', '타이밍', '정리', '효과', '식사', '직후', '이내', '식후', '식후', '혈당', '오르', '타이밍', '도움', '혈당', '스파이크', '완화', '효과', '환경', '대사', '동시', '작용', '추천', '복용', '시간', '아침', '식사', '점심', '식사', '이내', '추천', '저녁', '식사', '공복', '복용', '추천', '혈당', '변동', '효과', '체감', '혈당', '관리', '목적', '식후', '핵심', '습관', '식사', '식후', '가볍', '산책', '음식', '탄산', '줄이', '수분', '섭취', '요약', '혈당', '케어', '유산균', '식후', '타이밍', '중요']"
2,2,다이소 건기식 쿠팡에서 산 물건들 - 찐 후기만 모았습니다,"가장 많이팔린 다이소 건기식 이 포스팅은 쿠팡파트너스 활동의 일환으로, 이에 따른 일정액의 수수료를 제공받습니다. https://link.coupang.com/a/cUDVZr 1위 : (트루게더) 다용도 고추 캠핑 물고기 야채 채소 생선 보관 건조 생선말리는 망 법 가격 : 13,000원 링크 : https://link.coupang.com/a/cUDVZr 2위 : BH코리아 다용도 접이식 식품 건조망 (생선건조,야채건조,나물건조,고추건조) BH KOREA, 1개, 2단, 화이트 가격 : 10,500원 링크 : https://link.coupang.com/a/cUDVZt 3위 : [국민건강 프로젝트] 대웅제약 프리미엄 콘드로이친 가격 : 10,000원 링크 : https://link.coupang.com/a/cUDVZu 4위 : KEMEI 싱크대 180도회전 행주 타월 수납 선반, 미니 다기능 물빼기 건조대 주방필수, 투명 화이트, 1개 가격 : 13,500원 링크 : https://link.coupang.com/a/cUDVZw 5위 : [국민건강 프로젝트] 대웅제약 프로바이오틱스 유산균 가격 : 19,900원 링크 : https://link.coupang.com/a/cUDVZy 6위 : BH코리아 다용도 접이식 식품 건조망 (생선건조,야채건조,나물건조,고추건조) BH KOREA, 1개, 1단, 화이트 가격 : 9,500원 링크 : https://link.coupang.com/a/cUDVZA 7위 : 미니건조기필터 구번 역대급 공장가격판매 한정수량 가격 : 10,700원 링크 : https://link.coupang.com/a/cUDVZC 8위 : 종근당건강 프로메가 오메가3 트리플 장용성 가격 : 10,560원 링크 : https://link.coupang.com/a/cUDVZD ⭐️ 특별 혜택 링크 https://temu.to/k/glb5f443d8e 을(를) 탭하고 최고 품질의 상품을 초저가로 만나보세요. 🛍️ 이렇게 파격적인 혜택은 오직 Temu에서만 제공됩니다. 지금 쇼핑하고 큰 할인을 받으세요! ⭐️ 당신을 위한 또 다른 놀라움! 저와 함께 수익을 얻으시려면 https://temu.to/k/g7a19moq5z4 을 클릭하세요! 감사합니다.",,0,0,1,2025-10-03 19:14:38,https://www.youtube.com/watch?v=G8Djgf-3IZE,다이소 건기식 쿠팡에서 산 물건들  찐 후기만 모았습니다 가장 많이팔린 다이소 건기식 이 포스팅은 쿠팡파트너스 활동의 일환으로 이에 따른 일정액의 수수료를 제공받습니다 httpslinkcoupangcomacUDVZr 1위  트루게더 다용도 고추 캠핑 물고기 야채 채소 생선 보관 건조 생선말리는 망 법 가격  13000원 링크  httpslinkcoupangcomacUDVZr 2위  BH코리아 다용도 접이식 식품 건조망 생선건조야채건조나물건조고추건조 BH KOREA 1개 2단 화이트 가격  10500원 링크  httpslinkcoupangcomacUDVZt 3위  국민건강 프로젝트 대웅제약 프리미엄 콘드로이친 가격  10000원 링크  httpslinkcoupangcomacUDVZu 4위  KEMEI 싱크대 180도회전 행주 타월 수납 선반 미니 다기능 물빼기 건조대 주방필수 투명 화이트 1개 가격  13500원 링크  httpslinkcoupangcomacUDVZw 5위  국민건강 프로젝트 대웅제약 프로바이오틱스 유산균 가격  19900원 링크  httpslinkcoupangcomacUDVZy 6위  BH코리아 다용도 접이식 식품 건조망 생선건조야채건조나물건조고추건조 BH KOREA 1개 1단 화이트 가격  9500원 링크  httpslinkcoupangcomacUDVZA 7위  미니건조기필터 구번 역대급 공장가격판매 한정수량 가격  10700원 링크  httpslinkcoupangcomacUDVZC 8위  종근당건강 프로메가 오메가3 트리플 장용성 가격  10560원 링크  httpslinkcoupangcomacUDVZD  특별 혜택 링크 httpstemutokglb5f443d8e 을를 탭하고 최고 품질의 상품을 초저가로 만나보세요  이렇게 파격적인 혜택은 오직 Temu에서만 제공됩니다 지금 쇼핑하고 큰 할인을 받으세요  당신을 위한 또 다른 놀라움 저와 함께 수익을 얻으시려면 httpstemutokg7a19moq5z4 을 클릭하세요 감사합니다 ,"['다이소', '쿠팡', '물건', '후기', '모으', '팔리', '다이소', '포스팅', '쿠팡', '파트너스', '활동', '일환', '따르', '일정액', '수수료', '제공', '트루게더', '다용도', '고추', '캠핑', '물고기', '야채', '채소', '생선', '보관', '건조', '생선', '말리', '가격', '링크', '코리아', '다용도', '접이식', '식품', '건조', '생선', '건조', '야채', '건조', '나물', '건조', '고추', '건조', '화이트', '가격', '링크', '국민', '건강', '프로젝트', '대웅제약', '프리미엄', '가격', '링크', '싱크대', '회전', '행주', '타월', '수납', '선반', '미니', '다기능', '건조대', '주방', '필수', '투명', '화이트', '가격', '링크', '국민', '건강', '프로젝트', '대웅제약', '프로바이오틱스', '유산균', '가격', '링크', '코리아', '다용도', '접이식', '식품', '건조', '생선', '건조', '야채', '건조', '나물', '건조', '고추', '건조', '화이트', '가격', '링크', '미니', '건조기', '필터', '역대', '공장', '가격', '판매', '한정', '수량', '가격', '링크', '종근당', '건강', '프로', '메가', '오메가', '트리플', '장용', '가격', '링크', '특별', '혜택', '링크', '최고', '품질', '상품', '저가', '만나', '이렇', '파격', '혜택', '제공', '쇼핑', '할인', '당신', '위하', '놀랍', '수익', '클릭', '감사']"
2,2,다이소 건기식 쿠팡에서 산 물건들 - 찐 후기만 모았습니다,"가장 많이팔린 다이소 건기식 이 포스팅은 쿠팡파트너스 활동의 일환으로, 이에 따른 일정액의 수수료를 제공받습니다. https://link.coupang.com/a/cUbeIG 1위 : [국민건강 프로젝트] 대웅제약 프리미엄 콘드로이친 가격 : 10,000원 링크 : https://link.coupang.com/a/cUbeIG 2위 : BH코리아 다용도 접이식 식품 건조망 (생선건조,야채건조,나물건조,고추건조) BH KOREA, 1개, 1단, 화이트 가격 : 9,500원 링크 : https://link.coupang.com/a/cUbeIH 3위 : 한미 오메가3맥스 30캡슐 EPA 눈영양제 눈건강 가격 : 32,400원 링크 : https://link.coupang.com/a/cUbeII 4위 : 건조망, 1개, 건조망(400x400) 가격 : 8,900원 링크 : https://link.coupang.com/a/cUbeIJ 5위 : [국민건강 프로젝트] 대웅제약 프로바이오틱스 유산균 가격 : 19,900원 링크 : https://link.coupang.com/a/cUbeIK 6위 : KEMEI 싱크대 180도회전 행주 타월 수납 선반, 미니 다기능 물빼기 건조대 주방필수, 투명 화이트, 1개 가격 : 13,500원 링크 : https://link.coupang.com/a/cUbeIM 7위 : [국민건강 프로젝트] 대웅제약 프로바이오틱스 유산균 가격 : 10,000원 링크 : https://link.coupang.com/a/cUbeIN 8위 : 미니건조기필터 세트 행사 대량 가격 : 9,800원 링크 : https://link.coupang.com/a/cUbeIQ ⭐️ 특별 혜택 링크 https://temu.to/k/glb5f443d8e 을(를) 탭하고 최고 품질의 상품을 초저가로 만나보세요. 🛍️ 이렇게 파격적인 혜택은 오직 Temu에서만 제공됩니다. 지금 쇼핑하고 큰 할인을 받으세요! ⭐️ 당신을 위한 또 다른 놀라움! 저와 함께 수익을 얻으시려면 https://temu.to/k/g7a19moq5z4 을 클릭하세요! 감사합니다.",,0,0,1,2025-10-01 05:34:57,https://www.youtube.com/watch?v=_YGGVpcWmvc,다이소 건기식 쿠팡에서 산 물건들  찐 후기만 모았습니다 가장 많이팔린 다이소 건기식 이 포스팅은 쿠팡파트너스 활동의 일환으로 이에 따른 일정액의 수수료를 제공받습니다 httpslinkcoupangcomacUbeIG 1위  국민건강 프로젝트 대웅제약 프리미엄 콘드로이친 가격  10000원 링크  httpslinkcoupangcomacUbeIG 2위  BH코리아 다용도 접이식 식품 건조망 생선건조야채건조나물건조고추건조 BH KOREA 1개 1단 화이트 가격  9500원 링크  httpslinkcoupangcomacUbeIH 3위  한미 오메가3맥스 30캡슐 EPA 눈영양제 눈건강 가격  32400원 링크  httpslinkcoupangcomacUbeII 4위  건조망 1개 건조망400x400 가격  8900원 링크  httpslinkcoupangcomacUbeIJ 5위  국민건강 프로젝트 대웅제약 프로바이오틱스 유산균 가격  19900원 링크  httpslinkcoupangcomacUbeIK 6위  KEMEI 싱크대 180도회전 행주 타월 수납 선반 미니 다기능 물빼기 건조대 주방필수 투명 화이트 1개 가격  13500원 링크  httpslinkcoupangcomacUbeIM 7위  국민건강 프로젝트 대웅제약 프로바이오틱스 유산균 가격  10000원 링크  httpslinkcoupangcomacUbeIN 8위  미니건조기필터 세트 행사 대량 가격  9800원 링크  httpslinkcoupangcomacUbeIQ  특별 혜택 링크 httpstemutokglb5f443d8e 을를 탭하고 최고 품질의 상품을 초저가로 만나보세요  이렇게 파격적인 혜택은 오직 Temu에서만 제공됩니다 지금 쇼핑하고 큰 할인을 받으세요  당신을 위한 또 다른 놀라움 저와 함께 수익을 얻으시려면 httpstemutokg7a19moq5z4 을 클릭하세요 감사합니다 ,"['다이소', '쿠팡', '물건', '후기', '모으', '팔리', '다이소', '포스팅', '쿠팡', '파트너스', '활동', '일환', '따르', '일정액', '수수료', '제공', '국민', '건강', '프로젝트', '대웅제약', '프리미엄', '가격', '링크', '코리아', '다용도', '접이식', '식품', '건조', '생선', '건조', '야채', '건조', '나물', '건조', '고추', '건조', '화이트', '가격', '링크', '한미', '오메가', '맥스', '캡슐', '영양제', '건강', '가격', '링크', '조망', '건조', '가격', '링크', '국민', '건강', '프로젝트', '대웅제약', '프로바이오틱스', '유산균', '가격', '링크', '싱크대', '회전', '행주', '타월', '수납', '선반', '미니', '다기능', '건조대', '주방', '필수', '투명', '화이트', '가격', '링크', '국민', '건강', '프로젝트', '대웅제약', '프로바이오틱스', '유산균', '가격', '링크', '미니', '건조기', '필터', '세트', '행사', '대량', '가격', '링크', '특별', '혜택', '링크', '최고', '품질', '상품', '저가', '만나', '이렇', '파격', '혜택', '제공', '쇼핑', '할인', '당신', '위하', '놀랍', '수익', '클릭', '감사']"
2,2,다이소 비타민 아무거나 고르면 안 되는 이유,최근 다이소는 건강기능식품(건기식) 형태의 영양제 라인업을 잇따라 내놓았습니다. 몇천원대의 가격으로 영양제의 접근성을 높인 건데요. 그러나 핵심은 가격이 아닌 표기된 성분과 함량입니다.,"#다이소,#영양제,#비추,#비추템,#팩트체크",22,2413,0,2026-02-04 09:00:01,https://www.youtube.com/watch?v=-npirZqu7QI,다이소 비타민 아무거나 고르면 안 되는 이유 최근 다이소는 건강기능식품건기식 형태의 영양제 라인업을 잇따라 내놓았습니다 몇천원대의 가격으로 영양제의 접근성을 높인 건데요 그러나 핵심은 가격이 아닌 표기된 성분과 함량입니다 #다이소#영양제#비추#비추템#팩트체크,"['다이소', '비타민', '아무거', '고르', '이유', '최근', '다이소', '건강', '기능', '식품', '건기', '형태', '영양제', '라인업', '잇따르', '내놓', '가격', '영양제', '접근', '높이', '핵심', '가격', '아니', '표기', '성분', '함량']"
2,2,다이소 건기식 쿠팡에서 산 물건들 - 찐 후기만 모았습니다,"가장 많이팔린 다이소 건기식 이 포스팅은 쿠팡파트너스 활동의 일환으로, 이에 따른 일정액의 수수료를 제공받습니다. https://link.coupang.com/a/cTBgyq 1위 : [국민건강 프로젝트] 대웅제약 프리미엄 콘드로이친 가격 : 10,000원 링크 : https://link.coupang.com/a/cTBgyq 2위 : 건조망, 1개, 건조망(400x400) 가격 : 8,900원 링크 : https://link.coupang.com/a/cTBgyt 3위 : [국민건강 프로젝트] 대웅제약 프로바이오틱스 유산균 가격 : 10,000원 링크 : https://link.coupang.com/a/cTBgyu 4위 : 종근당건강 프로메가 오메가3 트리플 장용성 가격 : 10,560원 링크 : https://link.coupang.com/a/cTBgyv 5위 : [국민건강 프로젝트] 대웅제약 프로바이오틱스 유산균 가격 : 19,900원 링크 : https://link.coupang.com/a/cTBgyw 6위 : [국민건강 프로젝트] 대웅제약 프리미엄 콘드로이친 가격 : 19,300원 링크 : https://link.coupang.com/a/cTBgyx 7위 : 그린몬스터 맥스 밀크씨슬 10 3개월분 가격 : 6,900원 링크 : https://link.coupang.com/a/cTBgyy 8위 : [국민건강 프로젝트] 대웅제약 바나바잎추출물 가격 : 10,000원 링크 : https://link.coupang.com/a/cTBgyz ⭐️ 특별 혜택 링크 https://temu.to/k/glb5f443d8e 을(를) 탭하고 최고 품질의 상품을 초저가로 만나보세요. 🛍️ 이렇게 파격적인 혜택은 오직 Temu에서만 제공됩니다. 지금 쇼핑하고 큰 할인을 받으세요! ⭐️ 당신을 위한 또 다른 놀라움! 저와 함께 수익을 얻으시려면 https://temu.to/k/g7a19moq5z4 을 클릭하세요! 감사합니다.",,0,0,1,2025-09-28 08:27:59,https://www.youtube.com/watch?v=LgYixZaX9ZQ,다이소 건기식 쿠팡에서 산 물건들  찐 후기만 모았습니다 가장 많이팔린 다이소 건기식 이 포스팅은 쿠팡파트너스 활동의 일환으로 이에 따른 일정액의 수수료를 제공받습니다 httpslinkcoupangcomacTBgyq 1위  국민건강 프로젝트 대웅제약 프리미엄 콘드로이친 가격  10000원 링크  httpslinkcoupangcomacTBgyq 2위  건조망 1개 건조망400x400 가격  8900원 링크  httpslinkcoupangcomacTBgyt 3위  국민건강 프로젝트 대웅제약 프로바이오틱스 유산균 가격  10000원 링크  httpslinkcoupangcomacTBgyu 4위  종근당건강 프로메가 오메가3 트리플 장용성 가격  10560원 링크  httpslinkcoupangcomacTBgyv 5위  국민건강 프로젝트 대웅제약 프로바이오틱스 유산균 가격  19900원 링크  httpslinkcoupangcomacTBgyw 6위  국민건강 프로젝트 대웅제약 프리미엄 콘드로이친 가격  19300원 링크  httpslinkcoupangcomacTBgyx 7위  그린몬스터 맥스 밀크씨슬 10 3개월분 가격  6900원 링크  httpslinkcoupangcomacTBgyy 8위  국민건강 프로젝트 대웅제약 바나바잎추출물 가격  10000원 링크  httpslinkcoupangcomacTBgyz  특별 혜택 링크 httpstemutokglb5f443d8e 을를 탭하고 최고 품질의 상품을 초저가로 만나보세요  이렇게 파격적인 혜택은 오직 Temu에서만 제공됩니다 지금 쇼핑하고 큰 할인을 받으세요  당신을 위한 또 다른 놀라움 저와 함께 수익을 얻으시려면 httpstemutokg7a19moq5z4 을 클릭하세요 감사합니다 ,"['다이소', '쿠팡', '물건', '후기', '모으', '팔리', '다이소', '포스팅', '쿠팡', '파트너스', '활동', '일환', '따르', '일정액', '수수료', '제공', '국민', '건강', '프로젝트', '대웅제약', '프리미엄', '가격', '링크', '조망', '건조', '가격', '링크', '국민', '건강', '프로젝트', '대웅제약', '프로바이오틱스', '유산균', '가격', '링크', '종근당', '건강', '프로', '메가', '오메가', '트리플', '장용', '가격', '링크', '국민', '건강', '프로젝트', '대웅제약', '프로바이오틱스', '유산균', '가격', '링크', '국민', '건강', '프로젝트', '대웅제약', '프리미엄', '가격', '링크', '그린', '몬스터', '맥스', '밀크', '개월', '가격', '링크', '국민', '건강', '프로젝트', '대웅제약', '추출물', '가격', '링크', '특별', '혜택', '링크', '최고', '품질', '상품', '저가', '만나', '이렇', '파격', '혜택', '제공', '쇼핑', '할인', '당신', '위하', '놀랍', '수익', '클릭', '감사']"
2,2,다이소 건기식만 제동? 식약처 대응 도마 위 #JTBC #Shorts,"식약처가 대웅제약이 다이소 등에서 판 체지방 감소 건강기능식품 ‘가르시니아’에 대해 제품 회수 조치를 내리자 판매사는 과도하고 이례적인 조치라며 반발하고 있습니다. 급성간염에 걸린 2명이 모두 술을 마신 상태에서 제품을 복용했는데 식약처가 이를 간과했다는 겁니다. 영상으로 만나보시죠. 📢 지금, 이슈의 현장을 실시간으로! ☞JTBC 모바일라이브 시청하기 https://www.youtube.com/@jtbc_news/streams ☞JTBC유튜브 구독하기 (https://www.youtube.com/user/JTBC10news) ☞JTBC유튜브 커뮤니티 (https://www.youtube.com/user/JTBC10news/community) 공식 페이지 https://news.jtbc.co.kr 페이스북 https://www.facebook.com/jtbcnews X(트위터) https://twitter.com/JTBC_news 인스타그램 https://www.instagram.com/jtbcnews ☏ 제보하기 https://news.jtbc.co.kr/report 방송사 : JTBC (https://jtbc.co.kr)",#JTBC뉴스,33,15398,2,2025-09-26 00:48:29,https://www.youtube.com/watch?v=QnNplFkYNpw,다이소 건기식만 제동 식약처 대응 도마 위 #JTBC #Shorts 식약처가 대웅제약이 다이소 등에서 판 체지방 감소 건강기능식품 가르시니아에 대해 제품 회수 조치를 내리자 판매사는 과도하고 이례적인 조치라며 반발하고 있습니다 급성간염에 걸린 2명이 모두 술을 마신 상태에서 제품을 복용했는데 식약처가 이를 간과했다는 겁니다 영상으로 만나보시죠  지금 이슈의 현장을 실시간으로 JTBC 모바일라이브 시청하기 httpswwwyoutubecomjtbcnewsstreams JTBC유튜브 구독하기 httpswwwyoutubecomuserJTBC10news JTBC유튜브 커뮤니티 httpswwwyoutubecomuserJTBC10newscommunity 공식 페이지 httpsnewsjtbccokr 페이스북 httpswwwfacebookcomjtbcnews X트위터 httpstwittercomJTBCnews 인스타그램 httpswwwinstagramcomjtbcnews  제보하기 httpsnewsjtbccokrreport 방송사  JTBC httpsjtbccokr #JTBC뉴스,"['다이소', '제동', '식약처', '대응', '도마', '식약처', '대웅제약', '다이소', '체지방', '감소', '건강', '기능', '식품', '가르', '대하', '제품', '회수', '조치', '내리', '판매사', '과도', '이례', '조치', '반발', '급성', '간염', '걸리', '마시', '상태', '제품', '복용', '식약처', '간과', '영상', '만나', '이슈', '현장', '실시간', '모바일', '라이브', '시청', '유튜브', '구독', '유튜브', '커뮤니티', '공식', '페이지', '페이스북', '트위터', '인스타그램', '제보', '방송사']"
2,2,다이소 약사추천 영양제 top3 #다이소영양제 #다이소템 #다이소 #다이소꿀템,다이소 약사추천 영양제,,11,3075,1,2025-08-27 08:37:05,https://www.youtube.com/watch?v=rbdA7RdL5F4,다이소 약사추천 영양제 top3 #다이소영양제 #다이소템 #다이소 #다이소꿀템 다이소 약사추천 영양제 ,"['다이소', '약사', '추천', '영양제', '다이소', '약사', '추천', '영양제']"
2,2,"#협찬이지만 5,000원으로 건강 챙기기 좋은 다이소 영양제 추천 #다이소신상 #다이소추천템 #유한양행 #다이소영양제",,,7,2040,0,2026-04-18 01:53:32,https://www.youtube.com/watch?v=JuCqQ89FjIg,#협찬이지만 5000원으로 건강 챙기기 좋은 다이소 영양제 추천 #다이소신상 #다이소추천템 #유한양행 #다이소영양제  ,"['건강', '챙기', '다이소', '영양제', '추천']"
2,2,"한국 다이소에는 있는데, 일본 다이소에는 없는 아이템들이 있다라는 것을 아시나요? 일본 시니어들이 한국 오면 꼭사 간다는 다이소 아이템들를 공개합니다.","60대 이상 시니어라면 꼭 챙겨야 할 영양제 5가지! 비타민 D, 칼슘, 비타민 B12, 오메가-3, 마그네슘(또는 종합 미네랄). 최근에는 약국이 아니라도 생활용품 매장인 다이소에서도 비교적 저렴한 가격에 구할 수 있는 보충제들이 늘고 있다고 합니다. 단, 성분과 복용량, 개인의 건강 상태를 고려해 반드시 전문가 상담 후 복용하세요. 건강하게, 균형 있게 — 여러분의 인생 후반을 위한 작은 습관입니다.","#시니어영양제,#노년건강,#비타민D,#칼슘,#비타민B12,#오메가3,#마그네슘,#다이소건기식,#건강보충제,#별빛인생후반",0,0,0,2025-12-20 09:01:03,https://www.youtube.com/watch?v=bsqZQQZMkaI,한국 다이소에는 있는데 일본 다이소에는 없는 아이템들이 있다라는 것을 아시나요 일본 시니어들이 한국 오면 꼭사 간다는 다이소 아이템들를 공개합니다 60대 이상 시니어라면 꼭 챙겨야 할 영양제 5가지 비타민 D 칼슘 비타민 B12 오메가3 마그네슘또는 종합 미네랄 최근에는 약국이 아니라도 생활용품 매장인 다이소에서도 비교적 저렴한 가격에 구할 수 있는 보충제들이 늘고 있다고 합니다 단 성분과 복용량 개인의 건강 상태를 고려해 반드시 전문가 상담 후 복용하세요 건강하게 균형 있게  여러분의 인생 후반을 위한 작은 습관입니다 #시니어영양제#노년건강#비타민D#칼슘#비타민B12#오메가3#마그네슘#다이소건기식#건강보충제#별빛인생후반,"['한국', '다이소', '일본', '다이소', '아이템', '일본', '시니어', '한국', '다이소', '아이템', '공개', '이상', '시니어', '챙기', '영양제', '가지', '비타민', '칼슘', '비타민', '오메가', '마그네슘', '종합', '미네랄', '최근', '약국', '아니', '생활', '용품', '매장', '다이소', '비교', '저렴하', '가격', '구하', '보충', '성분', '복용', '개인', '건강', '상태', '고려', '전문가', '상담', '복용', '건강', '균형', '여러분', '인생', '후반', '위하', '습관']"
2,2,다이소에 이뮨?!?!  💙맛부터 성분💙 까지 좋았던 다이소 자연관,💙다이소에서 극강의 가성비로 만나는 이뮨비타민💙 ✨ 자연관 위블리즈 이뮨 멀티비타민 미네랄 4병 ✨ ✨5000원 (4개입 / 개당 1250원!) 간단하게 멀티비타민을 채우기에도 좋은 액상형 이뮨비타민이 다이소에도 나왔대요! 제가 특히 맘에들었던 점은 맛과 제형!! 물 따로 준비하지 않아도 됩니다😊 https://www.daisomall.co.kr/pd/pdr/SCR_PDR_0001?pdNo=613602124&recmYn=N,"#제품제공,#613602124",63,10421,0,2025-08-20 11:20:49,https://www.youtube.com/watch?v=aMNNazupa1I,다이소에 이뮨  맛부터 성분 까지 좋았던 다이소 자연관 다이소에서 극강의 가성비로 만나는 이뮨비타민  자연관 위블리즈 이뮨 멀티비타민 미네랄 4병  5000원 4개입  개당 1250원 간단하게 멀티비타민을 채우기에도 좋은 액상형 이뮨비타민이 다이소에도 나왔대요 제가 특히 맘에들었던 점은 맛과 제형 물 따로 준비하지 않아도 됩니다 httpswwwdaisomallcokrpdpdrSCRPDR0001pdNo613602124recmYnN #제품제공#613602124,"['다이소', '이뮨', '성분', '다이소', '연관', '다이소', '가성비', '만나', '이뮨', '비타민', '자연관', '위블리즈', '이뮨', '멀티', '비타민', '미네랄', '간단하', '멀티', '비타민', '채우', '액상', '이뮨', '비타민', '다이소', '나오', '제형', '준비']"
2,2,"다이소 '명품 영양제 조합', 안사면 진짜 손해입니다","​아직도 브랜드 값 다 내고 비싼 영양제 드세요? 절대 돈 낭비하지 마세요! 다이소에 대웅제약, CJ, 동국제약 같은 이름만 대면 다 아는 '제약사 정품' 영양제가 쫙 깔렸거든요. 모르면 여러분만 손해입니다! ​침침한 눈, 묵직한 속, 칙칙한 피부가 고민이신가요? 비싼 돈 쓰고 효과 못 보는 '호갱' 되지 마세요! 현직 약사들과 전문가들도 인정한 가성비 끝판왕 영양제 딱 3가지만 골랐습니다. ​이 명품 조합만 잘 챙겨도 60대가 30대 컨디션으로 회복되는 기적을 경험하실 거예요. 단돈 만 원대로 아침마다 달라지는 컨디션에 스스로 놀라실 겁니다! ​구독과 좋아요는 영상 제작에 큰 힘이 됩니다! 다이소 품절되기 전에 지금 바로 저장해 두고 다이소 가보세요! ​","#다이소영양제,#다이소꿀템,#다이소추천템,#가성비영양제,#영양제추천,#시니어건강,#노안예방,#눈영양제",633,70371,3,2026-03-24 09:18:48,https://www.youtube.com/watch?v=mE_She-kojQ,다이소 명품 영양제 조합 안사면 진짜 손해입니다 아직도 브랜드 값 다 내고 비싼 영양제 드세요 절대 돈 낭비하지 마세요 다이소에 대웅제약 CJ 동국제약 같은 이름만 대면 다 아는 제약사 정품 영양제가 쫙 깔렸거든요 모르면 여러분만 손해입니다 침침한 눈 묵직한 속 칙칙한 피부가 고민이신가요 비싼 돈 쓰고 효과 못 보는 호갱 되지 마세요 현직 약사들과 전문가들도 인정한 가성비 끝판왕 영양제 딱 3가지만 골랐습니다 이 명품 조합만 잘 챙겨도 60대가 30대 컨디션으로 회복되는 기적을 경험하실 거예요 단돈 만 원대로 아침마다 달라지는 컨디션에 스스로 놀라실 겁니다 구독과 좋아요는 영상 제작에 큰 힘이 됩니다 다이소 품절되기 전에 지금 바로 저장해 두고 다이소 가보세요  #다이소영양제#다이소꿀템#다이소추천템#가성비영양제#영양제추천#시니어건강#노안예방#눈영양제,"['다이소', '명품', '영양제', '조합', '손해', '브랜드', '비싸', '영양제', '드세', '낭비', '다이소', '대웅제약', '동국', '제약', '이름', '제약사', '정품', '영양제', '깔리', '모르', '여러분', '손해', '피부', '고민', '비싸', '효과', '호갱', '현직', '약사', '전문가', '인정', '가성비', '끝판왕', '영양제', '가지', '고르', '명품', '조합', '챙기', '컨디션', '회복', '기적', '경험', '단돈', '아침', '달라지', '컨디션', '놀라', '구독', '영상', '제작', '다이소', '품절', '저장', '다이소']"
2,2,🔥약국보다 다이소? 먹기 너무 편해서 난리 난 갓성비 영양제 BEST 3,"🐒 총평 영양제 챙겨 먹기 귀찮은 사람 필독. 알약 공포증 있어도 맛있고 편하게 관리 가능한 꿀템만 모음. —— 1️⃣ 대웅제약 마시는 마그네슘 샷 (₩5,000) 품번 : 600000204 • 알약 대신 샷으로! 대웅제약에서 나온 믿고 먹는 신상 액상 마그네슘. • 비타500 같은 상큼한 맛이라 거부감 없이 맛있게 섭취 가능. • 물이 필요 없는 타입이라 언제 어디서나 간편하게 에너지 충전. ⸻ 2️⃣ 스키니랩 프레스팝 멀티비타민 (₩5,000) 품번 : 976195479(사과) / 976195494(포도) • 생수병에 끼우고 툭! 누르면 비타민 음료로 변신하는 아이디어 신상. • 탄산수에 섞으면 카페 음료 부럽지 않은 상큼 톡톡한 맛 완성. • 개별 포장으로 휴대성이 좋고, 마시는 타입이라 흡수와 편의성 모두 잡음. ⸻ 3️⃣ 씹어먹는 하루 구미 비타민 (₩5,000) 품번 :613602130(자몽맛)/ 613602131(레몬맛) • ""이게 영양제야, 젤리야?"" 알약 삼키기 힘든 분들을 위한 쫀득한 구미형. • 데스크에 두고 간식처럼 쏙쏙! 맛별(자몽맛/레몬맛)로 골라 먹는 재미. • 5천 원이라는 가격이 미안해질 정도의 짐승 용량과 퀄리티 보장.","#다이소추천템,#다이소영양제,#마그네슘샷,#비타민추천,#갓성비템,#건강관리,#shorts,#쇼츠",9,1754,0,2026-02-04 14:38:47,https://www.youtube.com/watch?v=-e4IQ1kYL1Y,약국보다 다이소 먹기 너무 편해서 난리 난 갓성비 영양제 BEST 3  총평 영양제 챙겨 먹기 귀찮은 사람 필독 알약 공포증 있어도 맛있고 편하게 관리 가능한 꿀템만 모음  1 대웅제약 마시는 마그네슘 샷 5000 품번  600000204  알약 대신 샷으로 대웅제약에서 나온 믿고 먹는 신상 액상 마그네슘  비타500 같은 상큼한 맛이라 거부감 없이 맛있게 섭취 가능  물이 필요 없는 타입이라 언제 어디서나 간편하게 에너지 충전  2 스키니랩 프레스팝 멀티비타민 5000 품번  976195479사과  976195494포도  생수병에 끼우고 툭 누르면 비타민 음료로 변신하는 아이디어 신상  탄산수에 섞으면 카페 음료 부럽지 않은 상큼 톡톡한 맛 완성  개별 포장으로 휴대성이 좋고 마시는 타입이라 흡수와 편의성 모두 잡음  3 씹어먹는 하루 구미 비타민 5000 품번 613602130자몽맛 613602131레몬맛  이게 영양제야 젤리야 알약 삼키기 힘든 분들을 위한 쫀득한 구미형  데스크에 두고 간식처럼 쏙쏙 맛별자몽맛레몬맛로 골라 먹는 재미  5천 원이라는 가격이 미안해질 정도의 짐승 용량과 퀄리티 보장 #다이소추천템#다이소영양제#마그네슘샷#비타민추천#갓성비템#건강관리#shorts#쇼츠,"['약국', '다이소', '편하', '난리', '성비', '영양제', '총평', '영양제', '챙기', '귀찮', '사람', '필독', '알약', '공포증', '맛있', '편하', '관리', '가능', '꿀템', '모음', '대웅제약', '마시', '마그네슘', '알약', '대신', '대웅제약', '나오', '신상', '액상', '마그네슘', '비타500', '거부감', '맛있', '섭취', '가능', '필요', '타입', '어디', '에너지', '충전', '스키', '프레스', '멀티', '비타민', '사과', '포도', '생수', '끼우', '누르', '비타민', '음료', '변신', '아이디어', '신상', '탄산수', '카페', '음료', '부럽', '완성', '개별', '포장', '휴대', '마시', '타입', '흡수', '편의', '잡음', '하루', '구미', '비타민', '자몽', '레몬', '이것', '영양제', '젤리', '알약', '삼키', '힘들', '위하', '쫀득하', '구미', '데스크', '간식', '자몽', '레몬', '고르', '재미', '가격', '미안', '정도', '짐승', '용량', '퀄리티', '보장']"
2,2,다이소에 이게 있다구요? 의외로 몰라서 못사는 다이소 추천템 #다이소 #꿀템 #다이소살림템 #다이소 건기식 #다이소주방용품 #자연관,다이소에 이게 있다구요? 의외로 몰라서 못사는 꼭 사야하는 다이소 추천템 5가지 빠르게 소개해드릴께요. 1. 자연관 위블리즈 이뮨 멀티비타민&미네랄 https://www.daisomall.co.kr/pd/pdr/SCR_PDR_0001?pdNo=613602124&recmYn=N,,32,2630,0,2025-08-17 08:44:24,https://www.youtube.com/watch?v=WE_khzllZaA,다이소에 이게 있다구요 의외로 몰라서 못사는 다이소 추천템 #다이소 #꿀템 #다이소살림템 #다이소 건기식 #다이소주방용품 #자연관 다이소에 이게 있다구요 의외로 몰라서 못사는 꼭 사야하는 다이소 추천템 5가지 빠르게 소개해드릴께요 1 자연관 위블리즈 이뮨 멀티비타민미네랄 httpswwwdaisomallcokrpdpdrSCRPDR0001pdNo613602124recmYnN ,"['다이소', '이것', '모르', '다이소', '추천', '다이소', '이것', '모르', '다이소', '추천', '가지', '빠르', '소개', '드리', '자연관', '위블리즈', '이뮨', '멀티', '비타민', '미네랄']"
2,2,다이소 3천원으로 변비약 말고 변비 해결하세요 #변비 #다이소 #영양제,다이소에 변비에 특화 된 영양제가 있어서 추천드리고자 합니다. 변비는 정말 빨리 해결해야 하는 문제입니다. 자세한 내용은 댓글 고정을 확인하세요!,"#다이소,#영양제,#변비",208,19944,12,2025-11-13 06:01:02,https://www.youtube.com/watch?v=gH34yrumpDo,다이소 3천원으로 변비약 말고 변비 해결하세요 #변비 #다이소 #영양제 다이소에 변비에 특화 된 영양제가 있어서 추천드리고자 합니다 변비는 정말 빨리 해결해야 하는 문제입니다 자세한 내용은 댓글 고정을 확인하세요 #다이소#영양제#변비,"['다이소', '변비', '변비', '해결', '다이소', '변비', '특화', '영양제', '추천', '드리', '변비', '해결', '문제', '자세하', '내용', '댓글', '고정', '확인']"
2,2,다이소 영양제 순위표 1탄,궁금한 제품 남겨주세요!,,27,2902,2,2026-04-07 01:00:00,https://www.youtube.com/watch?v=VLJRiyD5Ppk,다이소 영양제 순위표 1탄 궁금한 제품 남겨주세요 ,"['다이소', '영양제', '순위', '제품', '남기']"
2,2,한 달 분에 3천 원? 5천 원? 💸 다이소 영양제 왜 이렇게 가격이 쌀까?,"한 달 분량에 단돈 3,000원? 가격표를 보고 혹시 '싼 게 비지떡 아닐까?' 걱정하셨나요? 🤔 다이소 초저가 영양제의 비밀은 나쁜 성분이 아니라, 바로 '함량 전략'에 있습니다! 💡 무조건 비싼 것보다는 내 상황과 목적에 맞는 가성비 선택이 중요합니다. 약사가 꼼꼼하게 분석한 다이소 영양제의 특징, 본편 영상에 싹 정리해 두었습니다! 지금 바로 내게 맞는 영양제 핏(Fit)을 확인해 보세요! 👇","#다이소영양제,#가성비건기식,#영양제리뷰,#최소유효량,#랜선약사,#건강관리,#영양제입문",19,2022,3,2026-04-06 09:00:45,https://www.youtube.com/watch?v=d1uPvHX01hY,한 달 분에 3천 원 5천 원  다이소 영양제 왜 이렇게 가격이 쌀까 한 달 분량에 단돈 3000원 가격표를 보고 혹시 싼 게 비지떡 아닐까 걱정하셨나요  다이소 초저가 영양제의 비밀은 나쁜 성분이 아니라 바로 함량 전략에 있습니다  무조건 비싼 것보다는 내 상황과 목적에 맞는 가성비 선택이 중요합니다 약사가 꼼꼼하게 분석한 다이소 영양제의 특징 본편 영상에 싹 정리해 두었습니다 지금 바로 내게 맞는 영양제 핏Fit을 확인해 보세요  #다이소영양제#가성비건기식#영양제리뷰#최소유효량#랜선약사#건강관리#영양제입문,"['다이소', '영양제', '이렇', '가격', '분량', '단돈', '가격표', '비지', '아니', '걱정', '다이소', '저가', '영양제', '비밀', '나쁘', '성분', '아니', '함량', '전략', '비싸', '상황', '목적', '가성비', '선택', '중요', '약사', '분석', '다이소', '영양제', '특징', '영상', '정리', '영양제', '확인']"
2,2,약사pick 다이소 꿀템!!천원에 수납력이 미쳤어요!!!,"약사 pick 다이소 꿀템소개합니다. 📩 다이소 가는 친구에게 공유 필수! 엄청난 수납력과 컴팩트함이 진짜 최고예요!! 근데 무려 단돈 천원!! 진짜 다이소 짱이죠! 품명: 3단투명약통(8분할) 품번: 1047508 가격: 1000원 약사가 약통에 챙겨다니는 품목 ▶️위생템-멸균면봉, 알콜스왑, 밴드, 여드름 패치 ▶️영양제-오메가3, 항산화제, 마그네슘, 비타민B군 ▶️상비약- 소화제 진통제(아세트아미노펜&덱시부프로펜) 요렇게 항상 넣어 다녀요 영양제도 이렇게 챙겨다니면 까먹지 않고 잘 챙겨 먹을수 있어요! 소화가 안되거나 두통이 있을때를 대비해서 상비약도 이렇게 넣어 다닌답니다. ✅ 더 많은 꿀팁은 필요한 정보만 쏙쏙! 👉 쏙약사 구독! @ssok_yaksa","#다이소약통,#다이소추천템,#약사추천,#약사꿀템,#다이소꿀템,#휴대용약통,#여행약통,#미니약통,#약보관,#다이소",181,17622,8,2025-06-22 10:29:01,https://www.youtube.com/watch?v=qFb16zwO2f0,약사pick 다이소 꿀템천원에 수납력이 미쳤어요 약사 pick 다이소 꿀템소개합니다  다이소 가는 친구에게 공유 필수 엄청난 수납력과 컴팩트함이 진짜 최고예요 근데 무려 단돈 천원 진짜 다이소 짱이죠 품명 3단투명약통8분할 품번 1047508 가격 1000원 약사가 약통에 챙겨다니는 품목 위생템멸균면봉 알콜스왑 밴드 여드름 패치 영양제오메가3 항산화제 마그네슘 비타민B군 상비약 소화제 진통제아세트아미노펜덱시부프로펜 요렇게 항상 넣어 다녀요 영양제도 이렇게 챙겨다니면 까먹지 않고 잘 챙겨 먹을수 있어요 소화가 안되거나 두통이 있을때를 대비해서 상비약도 이렇게 넣어 다닌답니다  더 많은 꿀팁은 필요한 정보만 쏙쏙  쏙약사 구독 ssokyaksa #다이소약통#다이소추천템#약사추천#약사꿀템#다이소꿀템#휴대용약통#여행약통#미니약통#약보관#다이소,"['약사', '다이소', '꿀템', '수납', '미치', '약사', '다이소', '꿀템', '소개', '다이소', '친구', '공유', '필수', '엄청나', '수납', '컴팩트', '최고', '단돈', '다이소', '투명', '분할', '가격', '약사', '챙기', '다니', '품목', '위생', '멸균', '면봉', '알콜', '스왑', '밴드', '여드름', '패치', '영양제', '오메가', '항산화', '마그네슘', '비타민', '상비약', '소화제', '진통제', '아세트아미노펜', '시부', '프로펜', '요렇', '다니', '영양제', '이렇', '챙기', '다니', '까먹', '챙기', '소화', '두통', '대비', '상비약', '다니', '필요', '정보', '약사', '구독']"
2,2,다이소 3000원 비타민이 약국을 뒤흔든 사건의 전말,약국에서 삼만 원에 팔리던 비타민이 다이소에서 삼천 원에 풀렸습니다. 약사들은 불매운동을 선언했고 공정거래위원회가 약사회를 조사하는 초유의 사태가 벌어졌습니다. 비타민 한 통이 촉발한 의약 영역 전쟁의 전말을 파헤칩니다.,"#다이소비타민,#약사불매운동,#건기식갈등,#약국위기,#공정위조사",25,2479,2,2026-04-14 14:45:11,https://www.youtube.com/watch?v=ZJcF_l09HFo,다이소 3000원 비타민이 약국을 뒤흔든 사건의 전말 약국에서 삼만 원에 팔리던 비타민이 다이소에서 삼천 원에 풀렸습니다 약사들은 불매운동을 선언했고 공정거래위원회가 약사회를 조사하는 초유의 사태가 벌어졌습니다 비타민 한 통이 촉발한 의약 영역 전쟁의 전말을 파헤칩니다 #다이소비타민#약사불매운동#건기식갈등#약국위기#공정위조사,"['다이소', '비타민', '약국', '뒤흔들', '사건', '전말', '약국', '삼만', '팔리', '비타민', '다이소', '삼천', '풀리', '약사', '불매', '운동', '선언', '공정', '거래', '위원회', '약사회', '조사', '초유', '사태', '벌어지', '비타민', '촉발', '의약', '영역', '전쟁', '전말', '파헤치']"
2,2,다이소 건기식 콜라겐 쿠팡 무조건 만족템 TOP10 - 편하고 유용해서 자주 써요,"가장 많이팔린 다이소 건기식 콜라겐 이 포스팅은 쿠팡파트너스 활동의 일환으로, 이에 따른 일정액의 수수료를 제공받습니다. https://link.coupang.com/a/cU2lPt 1위 : 경남제약 결콜라겐 플러스 가격 : 13,950원 링크 : https://link.coupang.com/a/cU2lPt 2위 : 건강앤 저분자 피쉬콜라겐 분말 가루 100% 1KG 500g 2팩, 2개, 500g 가격 : 41,790원 링크 : https://link.coupang.com/a/cU2lPv 3위 : 결콜라겐 경남제약 가격 : 14,740원 링크 : https://link.coupang.com/a/cU2lPw 4위 : 절대콜라겐 피부건조 | 탄력저하 | 주름고민 프랑스산 피쉬콜라겐펩타이드 가루 150g, 1개, 150g, 1개 가격 : 38,900원 링크 : https://link.coupang.com/a/cU2lPx 5위 : 경남제약 결콜라겐 플러스 가격 : 25,680원 링크 : https://link.coupang.com/a/cU2lPy 6위 : 저분자 콜라겐 석류 젤리 스틱 500달톤, 300g, 4개 가격 : 35,890원 링크 : https://link.coupang.com/a/cU2lPA 7위 : 경남제약 결콜라겐 플러스 가격 : 14,250원 링크 : https://link.coupang.com/a/cU2lPB 8위 : 결콜라겐 경남제약 가격 : 15,890원 링크 : https://link.coupang.com/a/cU2lPC 9위 : 네추럴라이즈 콜라겐에 쏙빠지다 가격 : 12,220원 링크 : https://link.coupang.com/a/cU2lPD 10위 : 콜라겐 복합체 - 2500 mg, 노화 방지, 주름 방지, 피부, 모발 및 손톱 건강을 지원하고 면역 건강을 향상시킵니다., 3개, 120정 가격 : 62,700원 링크 : https://link.coupang.com/a/cU2lPE ⭐️ 특별 혜택 링크 https://temu.to/k/glb5f443d8e 을(를) 탭하고 최고 품질의 상품을 초저가로 만나보세요. 🛍️ 이렇게 파격적인 혜택은 오직 Temu에서만 제공됩니다. 지금 쇼핑하고 큰 할인을 받으세요! ⭐️ 당신을 위한 또 다른 놀라움! 저와 함께 수익을 얻으시려면 https://temu.to/k/g7a19moq5z4 을 클릭하세요! 감사합니다.",,1,149,1,2025-10-06 12:34:14,https://www.youtube.com/watch?v=QVAEemZMMTQ,다이소 건기식 콜라겐 쿠팡 무조건 만족템 TOP10  편하고 유용해서 자주 써요 가장 많이팔린 다이소 건기식 콜라겐 이 포스팅은 쿠팡파트너스 활동의 일환으로 이에 따른 일정액의 수수료를 제공받습니다 httpslinkcoupangcomacU2lPt 1위  경남제약 결콜라겐 플러스 가격  13950원 링크  httpslinkcoupangcomacU2lPt 2위  건강앤 저분자 피쉬콜라겐 분말 가루 100 1KG 500g 2팩 2개 500g 가격  41790원 링크  httpslinkcoupangcomacU2lPv 3위  결콜라겐 경남제약 가격  14740원 링크  httpslinkcoupangcomacU2lPw 4위  절대콜라겐 피부건조  탄력저하  주름고민 프랑스산 피쉬콜라겐펩타이드 가루 150g 1개 150g 1개 가격  38900원 링크  httpslinkcoupangcomacU2lPx 5위  경남제약 결콜라겐 플러스 가격  25680원 링크  httpslinkcoupangcomacU2lPy 6위  저분자 콜라겐 석류 젤리 스틱 500달톤 300g 4개 가격  35890원 링크  httpslinkcoupangcomacU2lPA 7위  경남제약 결콜라겐 플러스 가격  14250원 링크  httpslinkcoupangcomacU2lPB 8위  결콜라겐 경남제약 가격  15890원 링크  httpslinkcoupangcomacU2lPC 9위  네추럴라이즈 콜라겐에 쏙빠지다 가격  12220원 링크  httpslinkcoupangcomacU2lPD 10위  콜라겐 복합체  2500 mg 노화 방지 주름 방지 피부 모발 및 손톱 건강을 지원하고 면역 건강을 향상시킵니다 3개 120정 가격  62700원 링크  httpslinkcoupangcomacU2lPE  특별 혜택 링크 httpstemutokglb5f443d8e 을를 탭하고 최고 품질의 상품을 초저가로 만나보세요  이렇게 파격적인 혜택은 오직 Temu에서만 제공됩니다 지금 쇼핑하고 큰 할인을 받으세요  당신을 위한 또 다른 놀라움 저와 함께 수익을 얻으시려면 httpstemutokg7a19moq5z4 을 클릭하세요 감사합니다 ,"['다이소', '콜라겐', '쿠팡', '만족', '편하', '유용', '팔리', '다이소', '콜라겐', '포스팅', '쿠팡', '파트너스', '활동', '일환', '따르', '일정액', '수수료', '제공', '경남', '제약', '콜라겐', '플러스', '가격', '링크', '건강', '저분자', '피쉬', '콜라겐', '분말', '가루', '가격', '링크', '콜라겐', '경남', '제약', '가격', '링크', '콜라겐', '피부', '건조', '탄력', '저하', '주름', '고민', '프랑스', '피쉬', '콜라겐', '펩타이드', '가루', '가격', '링크', '경남', '제약', '콜라겐', '플러스', '가격', '링크', '저분자', '콜라겐', '석류', '젤리', '스틱', '가격', '링크', '경남', '제약', '콜라겐', '플러스', '가격', '링크', '콜라겐', '경남', '제약', '가격', '링크', '네추럴라이즈', '콜라겐', '빠지', '가격', '링크', '콜라겐', '복합체', '노화', '방지', '주름', '방지', '피부', '모발', '손톱', '건강', '지원', '면역', '건강', '향상', '가격', '링크', '특별', '혜택', '링크', '최고', '품질', '상품', '저가', '만나', '이렇', '파격', '혜택', '제공', '쇼핑', '할인', '당신', '위하', '놀랍', '수익', '클릭', '감사']"
2,2,"다이소""이것""까지판다고? 천만인구반길소식나왔다!",,"#다이소,#건기식,#영양제,#반려동물,#보령,#건강기능식품,#반려견,#반려묘,#강아지,#고양이,#영양",3,355,0,2025-05-22 03:04:24,https://www.youtube.com/watch?v=baOZR3_dePA,다이소이것까지판다고 천만인구반길소식나왔다  #다이소#건기식#영양제#반려동물#보령#건강기능식품#반려견#반려묘#강아지#고양이#영양,"['다이소', '천만', '인구', '반기', '소식', '나오']"
2,2,다이소에서 '이것' 드셨나요? 지금 바로 반품하세요! #건강 #건강상식 #50대 #60대 #건강관리 #다이소 #다이소건기식,"생활 속 작은 변화로도 몸은 달라질 수 있습니다. 이 이야기는 경험과 생활 속 건강 상식에 가까운 이야기입니다. 우리가 함께 건강해지는 길, 함께 건강한 하루하루 만들어가요! ✅ 이 영상은 건강한 정보 전달을 목적으로 제작되었습니다. 다만 의학적 진료를 대신할 수는 없으며, 사람마다 체질과 건강 상태가 달라 결과도 다를 수 있습니다. 따라서 중요한 결정은 꼭 본인의 신중한 판단과 전문의 상담을 통해 이루어지길 권해드립니다.","#활기찬노후,#장수비결,#건강관리법,#노년건강,#건강관리법,#면역력강화,#기억력향상,#건강팁,#혈액순환,#면역력,#노인건강",2,780,0,2025-09-23 22:01:15,https://www.youtube.com/watch?v=wFYP8UmgB58,다이소에서 이것 드셨나요 지금 바로 반품하세요 #건강 #건강상식 #50대 #60대 #건강관리 #다이소 #다이소건기식 생활 속 작은 변화로도 몸은 달라질 수 있습니다 이 이야기는 경험과 생활 속 건강 상식에 가까운 이야기입니다 우리가 함께 건강해지는 길 함께 건강한 하루하루 만들어가요  이 영상은 건강한 정보 전달을 목적으로 제작되었습니다 다만 의학적 진료를 대신할 수는 없으며 사람마다 체질과 건강 상태가 달라 결과도 다를 수 있습니다 따라서 중요한 결정은 꼭 본인의 신중한 판단과 전문의 상담을 통해 이루어지길 권해드립니다 #활기찬노후#장수비결#건강관리법#노년건강#건강관리법#면역력강화#기억력향상#건강팁#혈액순환#면역력#노인건강,"['다이소', '이것', '드시', '반품', '생활', '변화', '달라지', '이야기', '경험', '생활', '건강', '상식', '가깝', '이야기', '우리', '건강', '건강', '만들', '영상', '건강', '정보', '전달', '목적', '제작', '의학', '진료', '대신', '사람', '체질', '건강', '상태', '다르', '결과', '다르', '중요', '결정', '본인', '신중', '판단', '전문의', '상담', '통하', '이루어지', '권하', '드리']"
2,2,"다이소에서 부담없이! 오브맘 더채움 비오틴 하루구미｜30일분 5,000원","다이소에서 부담없이 만나는 하루 건강 습관! 오브맘 더채움 비오틴 하루구미를 소개합니다. 하루 1구미로 간편하게 챙기는 비오틴 구미! 복숭아맛 구미 타입이라 맛있고 간편하게 섭취할 수 있어요. ✔ 오브맘 더채움 비오틴 하루구미 ✔ 비오틴 1일 섭취량당 500㎍ ✔ 복숭아맛 ✔ 하루 1구미 ✔ 30일분 / 4g × 30개 ✔ 다이소 판매가 5,000원 탄수화물, 단백질, 지방 대사에 필요한 비오틴을 이제 다이소에서 부담없이 챙겨보세요. 다이소 추천템, 다이소 건강기능식품, 비오틴 구미를 찾고 있다면 오브맘 더채움 비오틴 하루구미를 확인해보세요. ※ 본 제품은 건강기능식품이며, 질병의 예방 및 치료를 위한 의약품이 아닙니다. ※ 섭취 전 제품 표시사항과 섭취 방법을 확인하세요.","#다이소,#다이소추천템,#다이소템,#오브맘,#더채움비오틴,#비오틴,#비오틴구미,#하루구미,#건강기능식품,#복숭아맛,#가성비템,#다이소건강템,#다이소쇼핑,#하루1구미,#5000원",4,1164,0,2026-05-14 10:33:01,https://www.youtube.com/watch?v=BrdFYo-Usw8,다이소에서 부담없이 오브맘 더채움 비오틴 하루구미30일분 5000원 다이소에서 부담없이 만나는 하루 건강 습관 오브맘 더채움 비오틴 하루구미를 소개합니다 하루 1구미로 간편하게 챙기는 비오틴 구미 복숭아맛 구미 타입이라 맛있고 간편하게 섭취할 수 있어요  오브맘 더채움 비오틴 하루구미  비오틴 1일 섭취량당 500  복숭아맛  하루 1구미  30일분  4g  30개  다이소 판매가 5000원 탄수화물 단백질 지방 대사에 필요한 비오틴을 이제 다이소에서 부담없이 챙겨보세요 다이소 추천템 다이소 건강기능식품 비오틴 구미를 찾고 있다면 오브맘 더채움 비오틴 하루구미를 확인해보세요  본 제품은 건강기능식품이며 질병의 예방 및 치료를 위한 의약품이 아닙니다  섭취 전 제품 표시사항과 섭취 방법을 확인하세요 #다이소#다이소추천템#다이소템#오브맘#더채움비오틴#비오틴#비오틴구미#하루구미#건강기능식품#복숭아맛#가성비템#다이소건강템#다이소쇼핑#하루1구미#5000원,"['다이소', '부담', '오브', '채우', '비오티', '하루', '구미', '다이소', '부담', '만나', '하루', '건강', '습관', '오브', '채우', '비오티', '하루', '구미', '소개', '하루', '구미', '간편하', '챙기', '비오티', '구미', '복숭아', '구미', '타입', '맛있', '간편하', '섭취', '오브', '채우', '비오티', '하루', '구미', '비오티', '섭취량', '복숭아', '하루', '구미', '다이소', '판매', '탄수화물', '단백질', '지방', '대사', '필요', '비오티', '다이소', '부담', '챙기', '다이소', '추천', '다이소', '건강', '기능', '식품', '비오티', '구미', '오브', '채우', '비오티', '하루', '구미', '확인', '제품', '건강', '기능', '식품', '질병', '예방', '치료', '위하', '의약품', '아니', '섭취', '제품', '표시', '사항', '섭취', '방법', '확인']"
2,2,불매 뚫고 대박난 3000원 핫템 정체는?,"다이소가 단순한 생활용품점을 넘어, 이제 우리 건강까지 책임지는 '만능 플랫폼'으로 진화하고 있습니다. 불매운동 논란에도 불구하고, 국내 대표 제약사 동화약품과 손잡고 3000원짜리 건강기능식품을 출시하며 대박을 터뜨렸는데요! 소화제, 비타민, 영양제 등 필수 건기식을 이제 다이소에서 편의점처럼 쉽게 구매할 수 있는 '3000원 건기식 시대'가 열렸습니다. 과연 이 파격적인 행보가 헬스케어 시장에 어떤 변화를 가져올까요?","#건강,#다이소,#불매운동,#약국,#시니어",10,1617,0,2026-04-28 08:38:27,https://www.youtube.com/watch?v=rOVBwD9I_IA,불매 뚫고 대박난 3000원 핫템 정체는 다이소가 단순한 생활용품점을 넘어 이제 우리 건강까지 책임지는 만능 플랫폼으로 진화하고 있습니다 불매운동 논란에도 불구하고 국내 대표 제약사 동화약품과 손잡고 3000원짜리 건강기능식품을 출시하며 대박을 터뜨렸는데요 소화제 비타민 영양제 등 필수 건기식을 이제 다이소에서 편의점처럼 쉽게 구매할 수 있는 3000원 건기식 시대가 열렸습니다 과연 이 파격적인 행보가 헬스케어 시장에 어떤 변화를 가져올까요 #건강#다이소#불매운동#약국#시니어,"['불매', '정체', '다이소', '단순', '생활', '용품점', '우리', '건강', '책임지', '만능', '플랫폼', '진화', '불매', '운동', '논란', '불구하', '국내', '대표', '제약사', '동화약품', '손잡', '건강', '기능', '식품', '출시', '터뜨리', '소화제', '비타민', '영양제', '필수', '건기', '다이소', '편의점', '구매', '건기', '시대', '열리', '파격', '행보', '헬스케어', '시장', '변화', '가져오']"
2,2,"다이소vs올영vs약국, 영양제 22종 성분 전격 분석 (충격적 결과)","맛있기만 하면 안 됩니다! 냠박사입니다. 👨‍⚕️ 오늘은 여러분이 가장 궁금해하셨던 다이소 영양제부터 올리브영, 쿠팡, 그리고 약국 끝판왕까지! 시중의 종합비타민 22종을 성분표가 닳도록 분석해 봤습니다. ""다이소 꺼 싼데 먹어도 될까?"", ""여성용은 뭐가 다를까?"", ""비싼 오쏘몰이 정말 값어치를 할까?"" 광고비에 속고 마케팅에 속아 '호갱' 되셨던 분들, 오늘 영상 하나로 영양제 쇼핑 종결해 드립니다. 🕒 타임라인 00:00 다이소 vs 올영 vs 약국, 당신의 선택은? 01:08 다이소 5,000원의 행복? 아니면 돈 낭비? 01:42 다이소 종근당 vs 대웅제약 성분 비교 01:52 다이소 '자연관 이뮨'의 반전 02:18 올영·쿠팡 영양제의 실체: 광고인가 성분인가? 02:23 오쏘몰 이뮨, 2배 비싼 값 하나요? 03:29 ⚠️ 여성분들 주목! '여성용'보다 '남성용'을 사야 하는 이유 04:39 얼라이브 vs 센트룸: 가성비 끝판왕 결정전 05:21 젤리 영양제의 배신: 이건 사탕입니다 05:52 네이처메이드가 비타민 B군을 아낀 이유? 06:46 우리가 결국 약국으로 가야 하는 진짜 이유 07:43 흡수율 4배! 활성형 비타민 '벤포티아민'의 위력 09:52 [결론] 다이소·올영·쿠팡·약국, 플랫폼별 1위 영양제 10:11 냠박사 PICK 상황별 인생 영양제 여러분이 다이소에서 사 드시는 영양제는 무엇인가요? 댓글로 알려주세요!","#다이소영양제,#종합비타민추천,#올리브영영양제,#약국비타민,#냠박사",6,373,2,2026-04-24 22:21:34,https://www.youtube.com/watch?v=0xcdZhOT8L0,다이소vs올영vs약국 영양제 22종 성분 전격 분석 충격적 결과 맛있기만 하면 안 됩니다 냠박사입니다  오늘은 여러분이 가장 궁금해하셨던 다이소 영양제부터 올리브영 쿠팡 그리고 약국 끝판왕까지 시중의 종합비타민 22종을 성분표가 닳도록 분석해 봤습니다 다이소 꺼 싼데 먹어도 될까 여성용은 뭐가 다를까 비싼 오쏘몰이 정말 값어치를 할까 광고비에 속고 마케팅에 속아 호갱 되셨던 분들 오늘 영상 하나로 영양제 쇼핑 종결해 드립니다  타임라인 0000 다이소 vs 올영 vs 약국 당신의 선택은 0108 다이소 5000원의 행복 아니면 돈 낭비 0142 다이소 종근당 vs 대웅제약 성분 비교 0152 다이소 자연관 이뮨의 반전 0218 올영쿠팡 영양제의 실체 광고인가 성분인가 0223 오쏘몰 이뮨 2배 비싼 값 하나요 0329  여성분들 주목 여성용보다 남성용을 사야 하는 이유 0439 얼라이브 vs 센트룸 가성비 끝판왕 결정전 0521 젤리 영양제의 배신 이건 사탕입니다 0552 네이처메이드가 비타민 B군을 아낀 이유 0646 우리가 결국 약국으로 가야 하는 진짜 이유 0743 흡수율 4배 활성형 비타민 벤포티아민의 위력 0952 결론 다이소올영쿠팡약국 플랫폼별 1위 영양제 1011 냠박사 PICK 상황별 인생 영양제 여러분이 다이소에서 사 드시는 영양제는 무엇인가요 댓글로 알려주세요 #다이소영양제#종합비타민추천#올리브영영양제#약국비타민#냠박사,"['다이소', '약국', '영양제', '성분', '전격', '분석', '충격', '결과', '맛있', '박사', '오늘', '여러분', '다이소', '영양제', '올리브', '쿠팡', '약국', '끝판왕', '시중', '종합', '비타민', '성분', '분석', '다이소', '여성', '다르', '비싸', '오쏘', '몰이', '값어치', '광고비', '마케팅', '호갱', '영상', '하나', '영양제', '쇼핑', '종결', '드리', '타임라인', '다이소', '약국', '당신', '선택', '다이소', '행복', '아니', '낭비', '다이소', '종근당', '대웅제약', '성분', '비교', '다이소', '자연관', '이뮨', '반전', '쿠팡', '영양제', '실체', '광고', '성분', '오쏘몰', '이뮨', '비싸', '여성', '주목', '여성', '남성', '이유', '얼라이브', '센트', '가성비', '끝판왕', '결정전', '젤리', '영양제', '배신', '이거', '사탕', '네이처', '메이드', '비타민', '아끼', '이유', '우리', '결국', '약국', '진짜', '이유', '흡수', '활성', '비타민', '티아민', '위력', '결론', '다이소', '쿠팡', '약국', '플랫폼', '영양제', '박사', '상황', '인생', '영양제', '여러분', '다이소', '드시', '영양제', '무엇', '댓글', '알리']"
2,2,약사가 극찬한 다이소 건강템 3가지! 가성비 끝판왕 등장 #다이소건강템 #약사추천템 #가성비영양제,"약사가 추천한 다이소 건강템 3종, 알고 보면 진짜 꿀템! 가격은 착하지만 효과는 강력한 영양제들 하루 한 알로 피로 회복, 혈당 조절, 피부 탄력까지 챙겨보세요. 1. 대웅제약 마그네슘 30정 (품번: 600000128) 근육 건강 + 피로 회복 + 비타민D로 뼈 건강까지! 2. 대웅제약 바나바잎 추출물 30정 (품번: 600000131) 하루 한 알! 식후 혈당 걱정 덜어주는 스마트 루틴. 3. 코엔자임 Q10 30정 (품번: 600000144) 피부 탄력 + 에너지 충전 = 이 가격이면 무조건 쟁여야죠. 다이소몰에서 품번으로 검색 가능하며, 영상은 건강정보 제공을 위한 콘텐츠입니다. ※ 건강기능식품은 의약품이 아닙니다. 개인별 차이가 있을 수 있어요.",,242,30828,2,2025-05-23 09:00:49,https://www.youtube.com/watch?v=UYiQQ1znbw8,약사가 극찬한 다이소 건강템 3가지 가성비 끝판왕 등장 #다이소건강템 #약사추천템 #가성비영양제 약사가 추천한 다이소 건강템 3종 알고 보면 진짜 꿀템 가격은 착하지만 효과는 강력한 영양제들 하루 한 알로 피로 회복 혈당 조절 피부 탄력까지 챙겨보세요 1 대웅제약 마그네슘 30정 품번 600000128 근육 건강  피로 회복  비타민D로 뼈 건강까지 2 대웅제약 바나바잎 추출물 30정 품번 600000131 하루 한 알 식후 혈당 걱정 덜어주는 스마트 루틴 3 코엔자임 Q10 30정 품번 600000144 피부 탄력  에너지 충전  이 가격이면 무조건 쟁여야죠 다이소몰에서 품번으로 검색 가능하며 영상은 건강정보 제공을 위한 콘텐츠입니다  건강기능식품은 의약품이 아닙니다 개인별 차이가 있을 수 있어요 ,"['약사', '극찬', '다이소', '건강', '가지', '가성비', '끝판왕', '등장', '약사', '추천', '다이소', '건강', '진짜', '가격', '착하', '효과', '영양제', '하루', '피로', '회복', '혈당', '조절', '피부', '탄력', '챙기', '대웅제약', '마그네슘', '근육', '건강', '피로', '회복', '비타민', '건강', '대웅제약', '추출물', '하루', '식후', '혈당', '걱정', '스마트', '루틴', '코엔자임', '피부', '탄력', '에너지', '충전', '가격', '쟁이', '검색', '가능', '영상', '건강', '정보', '제공', '위하', '콘텐츠', '건강', '기능', '식품', '의약품', '아니', '개인', '차이']"
2,2,다이소에서 가장 인기있는 건강기능식품 인기 랭킹1위~15위🥬💊 #건강정보 #건강 #올바른정보 #건강습관 #생활꿀팁 #food # 건강기능식품 #다이소추천 #다이소 #다이소식품,다이소에서 가장 인기있는 건강기능식품 인기 랭킹1위~15위🥬💊 # 건강기능식품,"#건강정보,#건강,#올바른정보,#건강습관,#생활꿀팁,#food,#다이소추천,#다이소,#다이소식품",15,3069,0,2025-12-12 17:09:01,https://www.youtube.com/watch?v=mHyWlGk-zM8,다이소에서 가장 인기있는 건강기능식품 인기 랭킹1위15위 #건강정보 #건강 #올바른정보 #건강습관 #생활꿀팁 #food # 건강기능식품 #다이소추천 #다이소 #다이소식품 다이소에서 가장 인기있는 건강기능식품 인기 랭킹1위15위 # 건강기능식품 #건강정보#건강#올바른정보#건강습관#생활꿀팁#food#다이소추천#다이소#다이소식품,"['다이소', '인기', '건강', '기능', '식품', '인기', '랭킹', '건강', '기능', '식품', '다이소', '인기', '건강', '기능', '식품', '인기', '랭킹', '건강', '기능', '식품']"
2,2,"다이소 그 약 회수된 진짜 이유, 제품 탓이 아니라고요?.....#건강 #영양제 #비만 #운동 #다이소",,,14,1726,0,2025-12-11 08:45:04,https://www.youtube.com/watch?v=llUMd3wglH8,다이소 그 약 회수된 진짜 이유 제품 탓이 아니라고요#건강 #영양제 #비만 #운동 #다이소  ,"['다이소', '회수', '진짜', '이유', '제품', '아니']"
2,2,"이케아, 코스트코 같은 창고형 약국 인기, 소비자 ‘만족’ vs 약사 ‘우려’, 대체 왜? / 14F",쇼핑 카트를 끌며 제품을 고르는 사람들. 얼핏 보면 ‘코스트코’ 같은 창고형 매장을 떠올리게 하는데요. 지난달 경기도 성남시에 문을 연 한 ‘창고형 약국’이 큰 인기를 끌고 있습니다. 하지만 약사 업계에서는 저번 ‘다이소 건기식’ 때처럼 우려의 목소리가 나오고 있습니다. 14F 모바일 앱의 new 사원이 되어주세요! 14F 앱 다운로드하기 안드로이드 👉 https://bit.ly/3LbOCeZ iOS(아이폰) 👉 https://apple.co/3Lewotp,"#창고형약국,#코스트코,#다이소추천템",540,36622,197,2025-07-07 09:45:00,https://www.youtube.com/watch?v=1vtgLqjSJRc,이케아 코스트코 같은 창고형 약국 인기 소비자 만족 vs 약사 우려 대체 왜  14F 쇼핑 카트를 끌며 제품을 고르는 사람들 얼핏 보면 코스트코 같은 창고형 매장을 떠올리게 하는데요 지난달 경기도 성남시에 문을 연 한 창고형 약국이 큰 인기를 끌고 있습니다 하지만 약사 업계에서는 저번 다이소 건기식 때처럼 우려의 목소리가 나오고 있습니다 14F 모바일 앱의 new 사원이 되어주세요 14F 앱 다운로드하기 안드로이드  httpsbitly3LbOCeZ iOS아이폰  httpsappleco3Lewotp #창고형약국#코스트코#다이소추천템,"['이케아', '코스트코', '창고', '약국', '인기', '소비자', '만족', '약사', '우려', '쇼핑', '카트', '제품', '고르', '사람', '코스트코', '창고', '매장', '떠올리', '지난달', '경기도', '성남시', '창고', '약국', '인기', '약사', '업계', '저번', '다이소', '우려', '목소리', '나오', '모바일', '사원', '다운로드', '안드로이드', '아이폰']"
2,2,먹기 쉬운 다이소영양제 5가지 추천👍 #다이소추천템 #다이소영양제 #shortvideo,,,5,436,0,2026-01-02 08:36:51,https://www.youtube.com/watch?v=0gyukiKquUE,먹기 쉬운 다이소영양제 5가지 추천 #다이소추천템 #다이소영양제 #shortvideo  ,"['다이소', '영양제', '가지', '추천']"
2,2,돈 값하는 핵가성비 다이소 영양제 TOP4,,,1173,75862,6,2026-01-03 13:29:23,https://www.youtube.com/watch?v=kHZJXX-O_vs,돈 값하는 핵가성비 다이소 영양제 TOP4  ,"['가성비', '다이소', '영양제']"
2,2,다이소 가성비 영양제 5가지 #꿀팁 #주부꿀템 #살림초보 #주방꿀템 #정리꿀템 #꿀템 #주부추천템 #주부살림 #주부템 #욕실꿀템 #거실꿀템 #서재꿀템 #다이소 #캠핑용품 #커피용품,구독과 좋아요를 해주시면 더 많은 상품과 정보 알려드리겠습니다.,,5,1099,0,2025-12-31 20:15:01,https://www.youtube.com/watch?v=cvqNWfF2ZM0,다이소 가성비 영양제 5가지 #꿀팁 #주부꿀템 #살림초보 #주방꿀템 #정리꿀템 #꿀템 #주부추천템 #주부살림 #주부템 #욕실꿀템 #거실꿀템 #서재꿀템 #다이소 #캠핑용품 #커피용품 구독과 좋아요를 해주시면 더 많은 상품과 정보 알려드리겠습니다 ,"['다이소', '가성비', '영양제', '가지', '구독', '상품', '정보', '알리', '드리']"
2,2,다이소 가기전에 꼭보세요 약사들이 추천한 다이소 영양제.다이소 직원이 모아봤어요,,,8,2171,0,2026-03-07 07:34:40,https://www.youtube.com/watch?v=BuzPLUnkZdw,다이소 가기전에 꼭보세요 약사들이 추천한 다이소 영양제다이소 직원이 모아봤어요  ,"['다이소', '보세', '약사', '추천', '다이소', '영양제', '다이소', '직원', '모으']"
2,2,"""다이소에서 사먹었다가 급성 간염""…긴급 회수 조치 내려진 '건기식' 뭐길래?",,,0,135,0,2025-09-23 07:37:03,https://www.youtube.com/watch?v=GQDXTmT37Pc,다이소에서 사먹었다가 급성 간염긴급 회수 조치 내려진 건기식 뭐길래  ,"['다이소', '급성', '간염', '긴급', '회수', '조치', '내려지', '건기']"
2,2,다이소영양제 2천원 실화? 종근당 데일리와이즈 드디어 입점🔥,다이소에 드디어 종근당 건강기능식품 입점! 전국 매장에서 만날 수 있는 데일리와이즈 6종 직접 보고 왔어요✨ ✔ 대부분 2천원으로 부담 없이 시작 가능 ✔ 소포장으로 간편하게 챙겨다니기 GOOD 리스펙타 / 멀티비타민미네랄 / 밀크씨슬 오메가3 / 코엔자임Q10 / 혈당컷다이어트까지! 데일리와이즈 구미 7종도 함께 만나볼 수 있어요♡ 온라인에서도 구매 가능👇 https://www.daisomall.co.kr/ds/dsBrand/C212/00199,"#다이소영양제,#데일리와이즈,#다이소건기식",8,1798,0,2026-04-29 03:55:09,https://www.youtube.com/watch?v=hvbC-rsjoK8,다이소영양제 2천원 실화 종근당 데일리와이즈 드디어 입점 다이소에 드디어 종근당 건강기능식품 입점 전국 매장에서 만날 수 있는 데일리와이즈 6종 직접 보고 왔어요  대부분 2천원으로 부담 없이 시작 가능  소포장으로 간편하게 챙겨다니기 GOOD 리스펙타  멀티비타민미네랄  밀크씨슬 오메가3  코엔자임Q10  혈당컷다이어트까지 데일리와이즈 구미 7종도 함께 만나볼 수 있어요 온라인에서도 구매 가능 httpswwwdaisomallcokrdsdsBrandC21200199 #다이소영양제#데일리와이즈#다이소건기식,"['다이소', '영양제', '실화', '종근당', '데일리', '와이즈', '입점', '다이소', '종근당', '건강', '기능', '식품', '입점', '전국', '매장', '만나', '데일리', '와이즈', '부분', '부담', '시작', '가능', '포장', '간편하', '챙기', '다니', '리스펙타', '멀티', '비타민', '미네랄', '밀크', '오메가', '코엔자임', '혈당', '다이어트', '데일리', '와이즈', '구미', '만나', '온라인', '구매', '가능']"
2,2,#협찬 다이소건기식 추천템 종근당 데일리와이즈 6종,"다이소건기식 추천템 종근당 데일리와이즈 6종 다이소에 드디어! 종근당 건강기능식품이 입점됐어요. 전국 1,300개 매장에 입점된 종근당 건기식인데요. 데일리와이즈 건강기능식품 6종입니다. (리스펙타, 멀티비타민미네랄, 밀크씨슬, 오메가3, 코엔자임Q10, 혈당컷다이어트) 85년 전통의 제약명가 종근당은 2026년 한국소비자만족지수 건강기능식품부문 국민브랜드 1등을 수상했어요. 궁금했던 종근당 건기식을 2천원 착한가격으로 살 수 있어서 소량으로 먹어볼 수 있고, 부담없어 좋아요. 종근당 데일리와이즈는 오프라인 매장, 온라인 몰에서 모두 만날 수 있어요. ***** insta / nanas_anna mail / primemin22@naver.com 협찬 / https://www.daisomall.co.kr/ds/dsBrand/C212/00199",,6,726,1,2026-04-30 13:54:01,https://www.youtube.com/watch?v=nViImqP1fn8,#협찬 다이소건기식 추천템 종근당 데일리와이즈 6종 다이소건기식 추천템 종근당 데일리와이즈 6종 다이소에 드디어 종근당 건강기능식품이 입점됐어요 전국 1300개 매장에 입점된 종근당 건기식인데요 데일리와이즈 건강기능식품 6종입니다 리스펙타 멀티비타민미네랄 밀크씨슬 오메가3 코엔자임Q10 혈당컷다이어트 85년 전통의 제약명가 종근당은 2026년 한국소비자만족지수 건강기능식품부문 국민브랜드 1등을 수상했어요 궁금했던 종근당 건기식을 2천원 착한가격으로 살 수 있어서 소량으로 먹어볼 수 있고 부담없어 좋아요 종근당 데일리와이즈는 오프라인 매장 온라인 몰에서 모두 만날 수 있어요  insta  nanasanna mail  primemin22navercom 협찬  httpswwwdaisomallcokrdsdsBrandC21200199 ,"['다이소', '추천', '종근당', '데일리', '와이즈', '다이소', '추천', '종근당', '데일리', '와이즈', '다이소', '종근당', '건강', '기능', '식품', '입점', '전국', '매장', '입점', '종근당', '건기', '데일리', '와이즈', '건강', '기능', '식품', '리스펙타', '멀티', '비타민', '미네랄', '밀크', '오메가', '코엔자임', '혈당', '다이어트', '전통', '제약', '명가', '종근당', '한국', '소비자', '만족', '지수', '건강', '기능', '식품', '부문', '국민', '브랜드', '수상', '종근당', '건기', '착하', '가격', '소량', '부담', '종근당', '데일리', '와이즈', '오프라인', '매장', '온라인', '만나', '협찬']"
2,2,딸이 사준 다이소영양제 리뷰 #다이소바나바 #바나바혈당영양제 #바나바당뇨,"다이소 영양제 가격이 매우 합리적이라 추천드립니다. 그러나 약이라 생각하지 마시고, 치료의 '보조수단' 정도로만 활용하세요. ^_^",,66,6069,6,2025-06-21 09:45:44,https://www.youtube.com/watch?v=0L-MiUCecpc,딸이 사준 다이소영양제 리뷰 #다이소바나바 #바나바혈당영양제 #바나바당뇨 다이소 영양제 가격이 매우 합리적이라 추천드립니다 그러나 약이라 생각하지 마시고 치료의 보조수단 정도로만 활용하세요  ,"['다이소', '영양제', '리뷰', '다이소', '영양제', '가격', '합리', '추천', '드리', '생각', '치료', '보조', '수단', '정도', '활용']"
2,2,다이소건기식 종근당 영양제 6종 입점!,종근당 데일리와이즈 건강기능식품 6종 (리스펙타 / 멀티비타민미네랄 / 밀크씨슬 / 오메가3 / 코엔자임Q10 / 혈당컷다이어트) 가성비 다이소 건기식👍 https://www.daisomall.co.kr/ds/dsBrand/C212/00199,,2,572,0,2026-04-30 03:06:48,https://www.youtube.com/watch?v=g9XvJRJFQrA,다이소건기식 종근당 영양제 6종 입점 종근당 데일리와이즈 건강기능식품 6종 리스펙타  멀티비타민미네랄  밀크씨슬  오메가3  코엔자임Q10  혈당컷다이어트 가성비 다이소 건기식 httpswwwdaisomallcokrdsdsBrandC21200199 ,"['다이소', '종근당', '영양제', '입점', '종근당', '데일리', '와이즈', '건강', '기능', '식품', '리스펙타', '멀티', '비타민', '미네랄', '밀크', '오메가', '코엔자임', '혈당', '다이어트', '가성비', '다이소']"
2,2,다이소영양제 찾는다면? 종근당 데일리와이즈 2천원부터!,다이소영양제 찾는다면? 종근당 데일리와이즈 2천원부터! 바로가기: https://www.daisomall.co.kr/ds/dsBrand/C212/00199,"#다이소영양제,#다이소건기식,#데일리와이즈,#종근당이니까,#믿고먹는종근당,#종근당,#데일리와이즈,#건강기능식품,#다이소,#2천원,#종근당데일리와이즈,#다이소건강기능식품",0,1899,1,2026-04-30 07:49:44,https://www.youtube.com/watch?v=Wa33dDhR3PA,다이소영양제 찾는다면 종근당 데일리와이즈 2천원부터 다이소영양제 찾는다면 종근당 데일리와이즈 2천원부터 바로가기 httpswwwdaisomallcokrdsdsBrandC21200199 #다이소영양제#다이소건기식#데일리와이즈#종근당이니까#믿고먹는종근당#종근당#데일리와이즈#건강기능식품#다이소#2천원#종근당데일리와이즈#다이소건강기능식품,"['다이소', '영양제', '종근당', '데일리', '와이즈', '다이소', '영양제', '종근당', '데일리', '와이즈']"
2,2,다이소간식 하나만 먹으려다가 실패했습니다,"85년 전통 종근당에서 만든 다이소 전용 브랜드 데일리와이즈 글루타치온PDRN, 아르기닌, 알로에, 테아닌, 포스트바이오틱스, 푸룬, 홍삼까지 총 7종 다이소간식 가방에 넣어다니기 딱 좋은 사이즈 올해 한국소비자만족지수 건기식 국민브랜드 1위를 수상 데일리와이즈 구미 7종 외에도 건기식 6종도 다이소에서 만나볼 수 있어 https://www.daisomall.co.kr/ds/dsBrand/C212/00199",#유료광고,7,1591,0,2026-04-30 07:35:45,https://www.youtube.com/watch?v=Y-B1KpvJ0RI,다이소간식 하나만 먹으려다가 실패했습니다 85년 전통 종근당에서 만든 다이소 전용 브랜드 데일리와이즈 글루타치온PDRN 아르기닌 알로에 테아닌 포스트바이오틱스 푸룬 홍삼까지 총 7종 다이소간식 가방에 넣어다니기 딱 좋은 사이즈 올해 한국소비자만족지수 건기식 국민브랜드 1위를 수상 데일리와이즈 구미 7종 외에도 건기식 6종도 다이소에서 만나볼 수 있어 httpswwwdaisomallcokrdsdsBrandC21200199 #유료광고,"['다이소', '간식', '하나', '실패', '전통', '종근당', '만들', '다이소', '전용', '브랜드', '데일리', '와이즈', '아르기닌', '알로에', '아니', '포스트', '바이오', '푸룬', '홍삼', '다이소', '간식', '가방', '다니', '사이즈', '올해', '한국', '소비자', '만족', '지수', '건기', '국민', '브랜드', '수상', '데일리', '와이즈', '구미', '건기', '다이소', '만나']"
2,2,다이소 가면 이거 무조건 보세요😮 데일리와이즈,6종 왜이렇게 싸? https://www.daisomall.co.kr/ds/dsBrand/C212/00199,#다이소영양제,5,1776,0,2026-04-30 12:09:25,https://www.youtube.com/watch?v=2FCkwQtqtkk,다이소 가면 이거 무조건 보세요 데일리와이즈 6종 왜이렇게 싸 httpswwwdaisomallcokrdsdsBrandC21200199 #다이소영양제,"['다이소', '이거', '데일리', '와이즈']"
2,2,"65 세 이상이신분 분들께서 꼭 챙겨 드셔야 되는 5가지 영양제, 다이소에서 저렴하게 그러면서도 확실한 효과를 볼 수 있도록 구매 할 수 있다라는 것 아시나요?","60대 이상 시니어라면 꼭 챙겨야 할 영양제 5가지! 비타민 D, 칼슘, 비타민 B12, 오메가-3, 마그네슘(또는 종합 미네랄). 최근에는 약국이 아니라도 생활용품 매장인 다이소에서도 비교적 저렴한 가격에 구할 수 있는 보충제들이 늘고 있다고 합니다. 단, 성분과 복용량, 개인의 건강 상태를 고려해 반드시 전문가 상담 후 복용하세요. 건강하게, 균형 있게 — 여러분의 인생 후반을 위한 작은 습관입니다.","#시니어영양제,#노년건강,#비타민D,#칼슘,#비타민B12,#오메가3,#마그네슘,#다이소건기식,#건강보충제,#별빛인생후반",7,1007,0,2025-12-16 03:00:41,https://www.youtube.com/watch?v=ZZ0-udDiylI,65 세 이상이신분 분들께서 꼭 챙겨 드셔야 되는 5가지 영양제 다이소에서 저렴하게 그러면서도 확실한 효과를 볼 수 있도록 구매 할 수 있다라는 것 아시나요 60대 이상 시니어라면 꼭 챙겨야 할 영양제 5가지 비타민 D 칼슘 비타민 B12 오메가3 마그네슘또는 종합 미네랄 최근에는 약국이 아니라도 생활용품 매장인 다이소에서도 비교적 저렴한 가격에 구할 수 있는 보충제들이 늘고 있다고 합니다 단 성분과 복용량 개인의 건강 상태를 고려해 반드시 전문가 상담 후 복용하세요 건강하게 균형 있게  여러분의 인생 후반을 위한 작은 습관입니다 #시니어영양제#노년건강#비타민D#칼슘#비타민B12#오메가3#마그네슘#다이소건기식#건강보충제#별빛인생후반,"['이상', '챙기', '드시', '가지', '영양제', '다이소', '저렴하', '그러', '효과', '구매', '이상', '시니어', '챙기', '영양제', '가지', '비타민', '칼슘', '비타민', '오메가', '마그네슘', '종합', '미네랄', '최근', '약국', '아니', '생활', '용품', '매장', '다이소', '비교', '저렴하', '가격', '구하', '보충', '성분', '복용', '개인', '건강', '상태', '고려', '전문가', '상담', '복용', '건강', '균형', '여러분', '인생', '후반', '위하', '습관']"
2,2,다이소 영양제 꼼꼼하게 분석해보기 #다이소영양제 #다이소카테킨  #카테킨다이어트 #녹차카테킨,,,38,4268,3,2025-06-23 02:08:00,https://www.youtube.com/watch?v=ah63fsSX04w,다이소 영양제 꼼꼼하게 분석해보기 #다이소영양제 #다이소카테킨  #카테킨다이어트 #녹차카테킨  ,"['다이소', '영양제', '분석']"
2,2,✅ 3개월 이상 먹으면 안되는 영양제,"치명적인 독성이 생길 수 있습니다⛔️ ✓ 영양제 이것저것 챙기시는 분은 우선 [ 저장]해주시구요 1️⃣첫번째, 가르시니아 다이소 가르시니아가 간독성이슈로, 전량 회수조치 된 적도 있었죠 다이소 제품만 문제가 아닙니다 가르시니아 성분 자체가 간독성 케이스가 많아요 가르시니아는 평소에도 굳이 권장드리지 않는 성분인데 일단, 건기식으로 나오는 섭취량과 간독성케이스의 용량이 크게 차이가 나지 않아서 각별히 조심하셔야합니다 특히 문제는 다이어트한다고 영양제 이것저것 먹는경우, 중복되기가 쉬워서 섭취량이 확 높아지거든요 2️⃣두번째, 비타민 b3, 나이아신 일반적인 종합비타민에 들어있는 건 보통 문제가 안되는데 콜레스테롤 떄문에 나이아신 1000mg 이렇게 고용량제품을 드시면 간독성 위험성이 있으니 주의하셔야하구요 보통 30mg 까지는 불편함 없이 드시지만 이 이상 드실 경우 안면홍조 혈관확장으로 어지러운 증상이 있을 수 있습니다 3️⃣세번째는, 비타민B6 100mg 이상 오래 섭취시 손발저림 같은 신경부작용이 가능하다고 알려져 있습니다 수용성비타민이지만 조심하셔야합니다 특히 평소에 고함량 비타민삐군을 먹으면서 여기에 종합비타민을 함께 먹을때 성분이 어떻게 중복되는지, 얼마를 먹게되는지 꼭 계산해야합니다 ✅ 영양제 먹는 친구에게도 꼭 [ 공유 ] 해주세요",,1117,138203,8,2026-02-10 05:21:39,https://www.youtube.com/watch?v=-akADzkZL1I, 3개월 이상 먹으면 안되는 영양제 치명적인 독성이 생길 수 있습니다  영양제 이것저것 챙기시는 분은 우선  저장해주시구요 1첫번째 가르시니아 다이소 가르시니아가 간독성이슈로 전량 회수조치 된 적도 있었죠 다이소 제품만 문제가 아닙니다 가르시니아 성분 자체가 간독성 케이스가 많아요 가르시니아는 평소에도 굳이 권장드리지 않는 성분인데 일단 건기식으로 나오는 섭취량과 간독성케이스의 용량이 크게 차이가 나지 않아서 각별히 조심하셔야합니다 특히 문제는 다이어트한다고 영양제 이것저것 먹는경우 중복되기가 쉬워서 섭취량이 확 높아지거든요 2두번째 비타민 b3 나이아신 일반적인 종합비타민에 들어있는 건 보통 문제가 안되는데 콜레스테롤 떄문에 나이아신 1000mg 이렇게 고용량제품을 드시면 간독성 위험성이 있으니 주의하셔야하구요 보통 30mg 까지는 불편함 없이 드시지만 이 이상 드실 경우 안면홍조 혈관확장으로 어지러운 증상이 있을 수 있습니다 3세번째는 비타민B6 100mg 이상 오래 섭취시 손발저림 같은 신경부작용이 가능하다고 알려져 있습니다 수용성비타민이지만 조심하셔야합니다 특히 평소에 고함량 비타민삐군을 먹으면서 여기에 종합비타민을 함께 먹을때 성분이 어떻게 중복되는지 얼마를 먹게되는지 꼭 계산해야합니다  영양제 먹는 친구에게도 꼭  공유  해주세요 ,"['개월', '이상', '영양제', '치명', '생기', '영양제', '이것저것', '챙기', '저장', '가르', '다이소', '가르', '아가', '간독성', '이슈', '전량', '회수', '조치', '다이소', '제품', '문제', '아니', '가르', '성분', '자체', '간독성', '케이스', '가르', '평소', '권장', '드리', '성분', '건기', '나오', '섭취량', '간독성', '케이스', '용량', '차이', '조심', '문제', '다이어트', '영양제', '이것저것', '경우', '중복', '섭취량', '높아지', '비타민', '나이아신', '일반', '종합', '비타민', '보통', '문제', '콜레스테롤', '나이아신', '이렇', '용량', '제품', '드시', '위험', '주의', '불편', '드시', '이상', '드시', '경우', '안면', '홍조', '혈관', '확장', '어지럽', '증상', '비타민', '이상', '섭취', '손발', '저리', '신경', '부작용', '가능', '알리', '수용성', '비타민', '조심', '평소', '함량', '비타민', '여기', '종합', '비타민', '성분', '어떻', '중복', '얼마', '계산', '영양제', '친구', '공유']"
2,2,다이소 식물 영양제 메뉴얼,다이소에서 판매하는 식물영양제에 대한 영상입니다. 일반적으로 사용하는 식물 영양제 사용법이 아닌 전문 화훼농부가 알려주는 식물 영양제 사용방법을 영상에 담았습니다. 00:00 식물영양제 00:30 다이소 식물 영양제,"#식물영양제,#다이소,#베란다정원,#식물키우기",1541,193985,27,2025-07-19 05:29:51,https://www.youtube.com/watch?v=gbDw4yzF6Q0,다이소 식물 영양제 메뉴얼 다이소에서 판매하는 식물영양제에 대한 영상입니다 일반적으로 사용하는 식물 영양제 사용법이 아닌 전문 화훼농부가 알려주는 식물 영양제 사용방법을 영상에 담았습니다 0000 식물영양제 0030 다이소 식물 영양제 #식물영양제#다이소#베란다정원#식물키우기,"['다이소', '식물', '영양제', '메뉴얼', '다이소', '판매', '식물', '영양제', '대하', '영상', '일반', '사용', '식물', '영양제', '사용법', '아니', '전문', '화훼', '농부', '알리', '식물', '영양제', '사용', '방법', '영상', '식물', '영양제', '다이소', '식물', '영양제']"
2,2,천원 다이소간식 믿고먹는 종근당 다이소젤리 추천,안녕하세요 배고픈부부 경은입니다! 전국입점된 다이소간식 종근당 다이소젤리♥️ 글루타치온PDRN구미/아르기닌구미/알로에구미/테아닌구미/ 포스트바이오틱스구미/ 푸룬구미/ 홍삼구미 총 7종 저렴한 가격으로 먹고 싶은거 가볍게 간식처럼 한입에 쏙! 다이소 데일리와이즈 구미 7종과 함께 데일리와이즈 건기식 6종도 다이소 매장에서 함께 만나 볼수 있어요 추천드리면서 링크 남겨드릴께요:-) 오늘도 감사합니다 https://www.daisomall.co.kr/ds/dsBrand/C212/00199 ❤️인스타❤️ 경은 - @kong_zeei 태권 - @ieez_gnok ❤️협찬문의❤️ 메일 - bang8757@naver.com,,4,1574,0,2026-04-30 14:47:00,https://www.youtube.com/watch?v=H6VQWayEyGw,천원 다이소간식 믿고먹는 종근당 다이소젤리 추천 안녕하세요 배고픈부부 경은입니다 전국입점된 다이소간식 종근당 다이소젤리 글루타치온PDRN구미아르기닌구미알로에구미테아닌구미 포스트바이오틱스구미 푸룬구미 홍삼구미 총 7종 저렴한 가격으로 먹고 싶은거 가볍게 간식처럼 한입에 쏙 다이소 데일리와이즈 구미 7종과 함께 데일리와이즈 건기식 6종도 다이소 매장에서 함께 만나 볼수 있어요 추천드리면서 링크 남겨드릴께요 오늘도 감사합니다 httpswwwdaisomallcokrdsdsBrandC21200199 인스타 경은  kongzeei 태권  ieezgnok 협찬문의 메일  bang8757navercom ,"['다이소', '간식', '종근당', '다이소', '젤리', '추천', '안녕', '배고프', '부부', '경은', '전국', '입점', '다이소', '간식', '종근당', '다이소', '젤리', '구미아르기닌구미알로에구미테아닌구미', '포스트', '바이오', '구미', '푸룬구미', '홍삼', '구미', '가격', '가볍', '간식', '다이소', '데일리', '와이즈', '구미', '데일리', '와이즈', '건기', '다이소', '매장', '만나', '추천', '드리', '링크', '남기', '드리', '오늘', '감사', '인스타', '경은', '협찬', '문의', '메일']"
2,2,코스맥스엔비티 - 턴어라운드 방정식,"이 영상은 건강기능식품 ODM 기업 코스맥스엔비티(222040)의 사업 구조, 2025년 실적, 그리고 2026년 턴어라운드 가능성을 분석한 내용입니다. 올리브영 PB 독점 파트너십, 미국법인 구조조정 완료, 판관비 절감 효과 등 실적 개선 논거와 함께, 호주법인 회복 불확실성과 재무 구조 취약성 등 리스크도 균형 있게 다룹니다. 📌 주요 내용 국내 건기식 시장 트렌드 변화 (올리브영·다이소·편의점) 코스맥스엔비티 법인별 실적 분해 (한국·미국·호주) 2026년 영업이익 턴어라운드 핵심 메커니즘 투자 판단 전 반드시 확인해야 할 체크포인트 3가지 ⚠️ 이 영상은 특정 종목의 매수 또는 매도를 추천하거나 권유하지 않습니다. 모든 투자 판단과 손익은 투자자 본인에게 귀속됩니다. 📊 분석 기준: 사업보고서(제24기, 2025.12.31 기준) · DS투자증권 · 메리츠증권",,1,117,0,2026-04-03 01:00:56,https://www.youtube.com/watch?v=DKXRGfgJaV4,코스맥스엔비티  턴어라운드 방정식 이 영상은 건강기능식품 ODM 기업 코스맥스엔비티222040의 사업 구조 2025년 실적 그리고 2026년 턴어라운드 가능성을 분석한 내용입니다 올리브영 PB 독점 파트너십 미국법인 구조조정 완료 판관비 절감 효과 등 실적 개선 논거와 함께 호주법인 회복 불확실성과 재무 구조 취약성 등 리스크도 균형 있게 다룹니다  주요 내용 국내 건기식 시장 트렌드 변화 올리브영다이소편의점 코스맥스엔비티 법인별 실적 분해 한국미국호주 2026년 영업이익 턴어라운드 핵심 메커니즘 투자 판단 전 반드시 확인해야 할 체크포인트 3가지  이 영상은 특정 종목의 매수 또는 매도를 추천하거나 권유하지 않습니다 모든 투자 판단과 손익은 투자자 본인에게 귀속됩니다  분석 기준 사업보고서제24기 20251231 기준  DS투자증권  메리츠증권 ,"['코스맥스', '라운드', '방정식', '영상', '건강', '기능', '식품', '기업', '코스맥스', '사업', '구조', '실적', '라운드', '가능', '분석', '내용', '올리브', '독점', '파트너십', '미국', '법인', '구조', '조정', '완료', '판관', '절감', '효과', '실적', '개선', '논거', '호주', '법인', '회복', '재무', '구조', '취약', '리스크', '균형', '다루', '주요', '내용', '국내', '건기', '시장', '트렌드', '변화', '올리브', '다이소', '편의점', '코스맥스', '법인', '실적', '한국', '미국', '호주', '영업', '이익', '라운드', '핵심', '메커니즘', '투자', '판단', '확인', '체크', '포인트', '가지', '영상', '특정', '종목', '매수', '매도', '추천', '권유', '투자', '판단', '손익', '투자자', '본인', '귀속', '분석', '기준', '사업', '보고서', '기준', '투자', '증권', '메리츠증권']"
2,2,[코스맥스엔티비 주가전망] 창사 이래 최대 실적 일봉 주봉 동시 신고가 #코스맥스엔비티전망 #코스맥스엔비티주가 #코스맥스엔비티주가전망,"📞 코스맥스엔비티 실시간 문의 : 010-9653-7169 ✉️ 문자로 ""코스"" 남겨주시면 매수·매도 기준과 2차/3차 목표가를 공유해 드립니다 (무료, 늦은 시간 OK) [진도현 대표의 포커스] 이슈 : 1분기 영업이익 103억 +1,080.1% 폭증 + 창사 이래 최대 분기 실적 + 당일 일봉·주봉 동시 신고가 갱신 수급 : 직전 거래일(5/8) 상한가 +29.83% → 오늘 또 +7.36%, 이틀 만에 약 +50% 폭등, 거래량 직전 평균 대비 수십 배 신호 : 한국·중국·미국·호주 전 글로벌 법인 동시 회복 + 올더베러·다이소·편의점 오프라인 채널 구조적 확산 방어 : 일봉 6,800~7,200원대 20.39% + 주봉 6,500~7,000원대 19.82% = 같은 7,000원 부근 영역 약 40% 누적 [진도현 대표의 주주 소통 멘트] 코스맥스엔비티는 단순 테마주가 아니라 한국 건강기능식품 ODM 1위로서 K건기식 글로벌 수출 사이클의 직접 수혜 핵심 자리입니다. 매출과 영업이익 모두 분기 기준 창사 이래 최대 실적은 진짜 역사적 분기점이고, 메리츠증권도 ""시장 기대치를 크게 웃돌았다""고 평가했습니다. 일봉·주봉 동시 신고가 갱신 + 거대 매물대 돌파 후 베이스 전환 시그널 = 매수할 자리입니다.","#코스맥스엔비티,#건강기능식품,#ODM,#K건기식,#진도현,#유선생주식TV",0,53,0,2026-05-11 20:50:18,https://www.youtube.com/watch?v=wSjwcGVnWhg,코스맥스엔티비 주가전망 창사 이래 최대 실적 일봉 주봉 동시 신고가 #코스맥스엔비티전망 #코스맥스엔비티주가 #코스맥스엔비티주가전망  코스맥스엔비티 실시간 문의  01096537169  문자로 코스 남겨주시면 매수매도 기준과 2차3차 목표가를 공유해 드립니다 무료 늦은 시간 OK 진도현 대표의 포커스 이슈  1분기 영업이익 103억 10801 폭증  창사 이래 최대 분기 실적  당일 일봉주봉 동시 신고가 갱신 수급  직전 거래일58 상한가 2983  오늘 또 736 이틀 만에 약 50 폭등 거래량 직전 평균 대비 수십 배 신호  한국중국미국호주 전 글로벌 법인 동시 회복  올더베러다이소편의점 오프라인 채널 구조적 확산 방어  일봉 68007200원대 2039  주봉 65007000원대 1982  같은 7000원 부근 영역 약 40 누적 진도현 대표의 주주 소통 멘트 코스맥스엔비티는 단순 테마주가 아니라 한국 건강기능식품 ODM 1위로서 K건기식 글로벌 수출 사이클의 직접 수혜 핵심 자리입니다 매출과 영업이익 모두 분기 기준 창사 이래 최대 실적은 진짜 역사적 분기점이고 메리츠증권도 시장 기대치를 크게 웃돌았다고 평가했습니다 일봉주봉 동시 신고가 갱신  거대 매물대 돌파 후 베이스 전환 시그널  매수할 자리입니다 #코스맥스엔비티#건강기능식품#ODM#K건기식#진도현#유선생주식TV,"['코스맥스', '티비', '주가', '전망', '창사', '이래', '최대', '실적', '주봉', '동시', '신고', '코스맥스', '실시간', '문의', '문자', '코스', '남기', '매수', '매도', '기준', '목표', '공유', '드리', '무료', '시간', '진도', '대표', '포커스', '이슈', '분기', '영업', '이익', '폭증', '창사', '이래', '최대', '분기', '실적', '당일', '주봉', '동시', '신고', '갱신', '수급', '직전', '거래일', '상한', '이틀', '거래량', '직전', '평균', '대비', '수십', '신호', '한국', '중국', '미국', '호주', '글로벌', '동시', '회복', '올더베러', '다이소', '편의점', '오프라인', '채널', '구조', '확산', '방어', '주봉', '부근', '영역', '누적', '진도', '대표', '주주', '소통', '멘트', '코스맥스', '단순', '테마주', '아니', '한국', '건강', '기능', '식품', '건기', '글로벌', '수출', '사이클', '직접', '수혜', '핵심', '자리', '매출', '영업', '이익', '분기', '기준', '창사', '이래', '최대', '실적', '역사', '분기점', '메리츠증권', '시장', '기대', '웃돌', '평가', '주봉', '동시', '신고', '갱신', '거대', '매물', '돌파', '베이스', '전환', '시그널', '매수', '자리']"
2,2,#다이소영양제#홍삼?!#K건기식#Kids용 #핫한추천탬#다이어트 #업로드#Golden#shorts,,,3,299,0,2025-09-27 02:46:30,https://www.youtube.com/watch?v=YCEoXgGcx8A,#다이소영양제#홍삼#K건기식#Kids용 #핫한추천탬#다이어트 #업로드#Golden#shorts  ,[]
2,2,🛍️ 필요한 거 다 있어서 다이쏘〰️ 추천템 ✅다이소영양제 추천✨,🛍️ 필요한 거 다 있어서 다이쏘〰️ 추천템‼️ 종근당에서 나온 다이소영양제에 대한 더 자세한 정보와 구매 방법이 궁금하다면⁉️👀 : https://www.daisomall.co.kr/ds/dsBrand/C212/00199 ✨상단 링크를 통해 더 자세한 정보와 구매 방법을 확인하실 수 있습니다.✨ ◽️본 영상은 유료광고가 포함되어 있습니다.,"#다이소,#다이소추천템,#다이소영양제,#종근당",11,1519,0,2026-05-01 06:34:55,https://www.youtube.com/watch?v=NgppCdcOuPs, 필요한 거 다 있어서 다이쏘 추천템 다이소영양제 추천  필요한 거 다 있어서 다이쏘 추천템 종근당에서 나온 다이소영양제에 대한 더 자세한 정보와 구매 방법이 궁금하다면  httpswwwdaisomallcokrdsdsBrandC21200199 상단 링크를 통해 더 자세한 정보와 구매 방법을 확인하실 수 있습니다 본 영상은 유료광고가 포함되어 있습니다 #다이소#다이소추천템#다이소영양제#종근당,"['필요', '다이쏘', '추천', '다이소', '영양제', '추천', '필요', '다이쏘', '추천', '종근당', '나오', '다이소', '영양제', '대하', '정보', '구매', '방법', '상단', '링크', '통하', '정보', '구매', '방법', '확인', '영상', '유료', '광고', '포함']"
2,2,약국계의 코스트코라는 대형약국 실제로 가본 후기!🤔🏥 feat.메가팩토리,"오늘은, 전부터 궁금했었던 대형약국 약국계의 코스트코ㅎ 메가팩토리에 직접 다녀와본 후기를 영상으로 찍어봤는데요. 솔직한 저의 감상으론 이랬습니다. ⭕[장점] 1) 첫번째, 저렴한 가격 (영상, 이미지: 3~) 일반 약국보다 2~30% 저렴한 가격에 구매 할 수 있어요. 감기약, 해열제, 소염제, 진통제는 500~1000원 정도 저렴하더라고요. 2,500 3,000종의 다양한 제품을 한곳에서 만나볼 수 있어요. 2) 두번째, 자유롭고 편한 쇼핑 쇼핑카트를 끌고 매장을 돌아다니며 제품을 직접 보고 고를 수 있어서, 약사가 주면 사야하는 방식에서 훨씬 소비자 중심이에요. 3) 세번째, 전문 약사 상담 약사가 어러명 계셔서 제품 설명과 복용 안내를 쉽게 제공받을 수 있었어요. 계산시에도 복용 방법을 설명해주십니다. ❌[단점] 1) 첫번째, 모든 품목이 저렴하지 않습니다. 일부 품목만이 해당되며 꼭, 가격 비교를 하고 구매해주세요. 2) 두번째, 할인 행사 제품에 속지 마세요. 겉으로는 큰 세일처럼 보이지만, 실제로는 가격에 맞춰 제작된 전용 제품들입니다. 대부분 녹십자 계열 제품이며, 쉽게 말해 다이소에서 판매하는 대웅제약 5천원짜리 영양제와 같은 구조라고 보시면 됩니다. 즉, 싸서 좋은 게 아니라, 애초에 싸게 만들기 위해 기획된 제품이라는 점 3) 세번째, 안살것도 사게됩니다. “여기까지 왔으니까”, “이 정도 가격이면 괜찮겠지” 하는 마음에 실제로 필요하지 않은 약품까지 충동구매하게 됩니다. 4) 네번째, 혼잡·대기와 주차 스트레스가 큽니다. 접근성이 안좋고 특히 주말에는 주차장 이용이 불편합니다. 멀리서 특정 제품 하나 사러 갔다가는 오히려 피로도만 높아지는 경우가 많습니다. [결론] 근처에 살고, 비상약·자주 쓰는 일반약·건기식 위주로 여러 개를 한 번에 살 때는 충분히 갈 만합니다. 그러나 세밀 상담과 특정 약 하나 사러가는 경우라면 동네 약국이 나을듯!",,30,5191,4,2025-12-16 08:29:53,https://www.youtube.com/watch?v=l9q-i5PEPIs,약국계의 코스트코라는 대형약국 실제로 가본 후기 feat메가팩토리 오늘은 전부터 궁금했었던 대형약국 약국계의 코스트코 메가팩토리에 직접 다녀와본 후기를 영상으로 찍어봤는데요 솔직한 저의 감상으론 이랬습니다 장점 1 첫번째 저렴한 가격 영상 이미지 3 일반 약국보다 230 저렴한 가격에 구매 할 수 있어요 감기약 해열제 소염제 진통제는 5001000원 정도 저렴하더라고요 2500 3000종의 다양한 제품을 한곳에서 만나볼 수 있어요 2 두번째 자유롭고 편한 쇼핑 쇼핑카트를 끌고 매장을 돌아다니며 제품을 직접 보고 고를 수 있어서 약사가 주면 사야하는 방식에서 훨씬 소비자 중심이에요 3 세번째 전문 약사 상담 약사가 어러명 계셔서 제품 설명과 복용 안내를 쉽게 제공받을 수 있었어요 계산시에도 복용 방법을 설명해주십니다 단점 1 첫번째 모든 품목이 저렴하지 않습니다 일부 품목만이 해당되며 꼭 가격 비교를 하고 구매해주세요 2 두번째 할인 행사 제품에 속지 마세요 겉으로는 큰 세일처럼 보이지만 실제로는 가격에 맞춰 제작된 전용 제품들입니다 대부분 녹십자 계열 제품이며 쉽게 말해 다이소에서 판매하는 대웅제약 5천원짜리 영양제와 같은 구조라고 보시면 됩니다 즉 싸서 좋은 게 아니라 애초에 싸게 만들기 위해 기획된 제품이라는 점 3 세번째 안살것도 사게됩니다 여기까지 왔으니까 이 정도 가격이면 괜찮겠지 하는 마음에 실제로 필요하지 않은 약품까지 충동구매하게 됩니다 4 네번째 혼잡대기와 주차 스트레스가 큽니다 접근성이 안좋고 특히 주말에는 주차장 이용이 불편합니다 멀리서 특정 제품 하나 사러 갔다가는 오히려 피로도만 높아지는 경우가 많습니다 결론 근처에 살고 비상약자주 쓰는 일반약건기식 위주로 여러 개를 한 번에 살 때는 충분히 갈 만합니다 그러나 세밀 상담과 특정 약 하나 사러가는 경우라면 동네 약국이 나을듯 ,"['약국', '코스트코', '대형', '약국', '후기', '메가', '팩토리', '오늘', '약국', '약국', '코스트코', '메가', '팩토리', '다녀오', '후기', '영상', '감상', '이렇', '장점', '저렴하', '가격', '영상', '이미지', '일반', '약국', '저렴하', '가격', '구매', '감기약', '해열제', '소염제', '진통제', '정도', '저렴하', '다양', '제품', '한곳', '만나', '자유', '편하', '쇼핑', '쇼핑', '카트', '매장', '돌아다니', '제품', '고르', '약사', '방식', '소비자', '중심', '전문', '약사', '상담', '약사', '어러', '계시', '제품', '설명', '복용', '안내', '제공', '계산', '복용', '방법', '설명', '단점', '품목', '일부', '품목', '해당', '가격', '비교', '구매', '할인', '행사', '제품', '세일', '보이', '가격', '맞추', '제작', '전용', '제품', '대부분', '녹십자', '계열', '제품', '다이소', '판매', '대웅제약', '영양제', '구조', '아니', '애초', '만들', '위하', '기획', '제품', '여기', '정도', '가격', '괜찮', '마음', '필요', '약품', '충동', '구매', '혼잡', '대기', '주차', '스트레스', '접근', '주말', '주차장', '이용', '불편', '특정', '제품', '하나', '피로도', '경우', '결론', '근처', '비상', '일반', '건기', '위주', '상담', '특정', '하나', '경우', '동네', '약국']"
2,2,'약💊상담'을 많이 하고 싶은 '약사'님이 찾은 방법 feat. 라이브커머스📣 '도시언니 약사님' #그립다큐,"🔽'도시언니' 님의 제품이 궁금하다면🔽 👉https://gripapp.onelink.me/lpsd/ocdavpen ⭐️지금 그립하면, 수수료가 없다고? https://gripapp.onelink.me/lpsd/z26yurlg 모든 셀러에겐 스토리가 있다✨ ""주말에도 1:1문의로 약상담 해요"" 사람들과 소통하고 상담하고 싶은 마음이 가득한 '도시언니' 사장님을 만나고 왔습니다✨ 0:00 하이라이트&인트로 0:29 자기소개 1:08 손님응대 2:11 처방약 조제비는 고정일까? 3:04 라이브로 상담하는 이유 3:42 약국도 경기를 탈까? 3:54 온/오프라인 매출 비교 4:24 약국 창업 비용 5:12 다이소/배달의민족 건기식 5:53 조제약 자동화의 장점 6:52 온라인 약상담 7:35 그립에게 바라는 점 8:11 마무리 인사",,19,857,10,2025-05-27 09:01:17,https://www.youtube.com/watch?v=t0KzT6tIQKw,약상담을 많이 하고 싶은 약사님이 찾은 방법 feat 라이브커머스 도시언니 약사님 #그립다큐 도시언니 님의 제품이 궁금하다면 httpsgripapponelinkmelpsdocdavpen 지금 그립하면 수수료가 없다고 httpsgripapponelinkmelpsdz26yurlg 모든 셀러에겐 스토리가 있다 주말에도 11문의로 약상담 해요 사람들과 소통하고 상담하고 싶은 마음이 가득한 도시언니 사장님을 만나고 왔습니다 000 하이라이트인트로 029 자기소개 108 손님응대 211 처방약 조제비는 고정일까 304 라이브로 상담하는 이유 342 약국도 경기를 탈까 354 온오프라인 매출 비교 424 약국 창업 비용 512 다이소배달의민족 건기식 553 조제약 자동화의 장점 652 온라인 약상담 735 그립에게 바라는 점 811 마무리 인사 ,"['상담', '약사', '방법', '라이브', '커머스', '도시', '언니', '약사', '도시', '언니', '제품', '수수료', '셀러', '스토리', '주말', '문의', '상담', '사람', '소통', '상담', '마음', '도시', '언니', '사장', '만나', '하이라이트', '자기소개', '응대', '처방', '조제', '고정', '라이브', '상담', '이유', '약국', '경기', '오프라인', '매출', '비교', '약국', '창업', '비용', '다이소', '배달', '민족', '건기', '조제', '자동', '장점', '온라인', '상담', '그립', '바라', '마무리', '인사']"
2,2,다이소에 종근당이? 🛒 단돈 2천 원으로 챙기는 다이소건기식 데일리와이즈 6종!,"드디어 다이소 매장에 종근당 건강기능식품이 입점했다는 소식 들으셨나요? 🎉 85년 전통 제약명가 종근당의 노하우를 꽉 담은 브랜드, ‘데일리와이즈’를 전국 1,300개 매장에서 만나보실 수 있어요! 2026년 한국소비자만족지수 건기식 부문 국민브랜드 1위를 수상한 만큼 믿음직한데, 가격은 단돈 2,000원부터 시작해서 정말 부담 없더라고요. 💸 (리스펙타는 5,000원!) 라인업도 정말 알차요! ✨ ✅ 질 건강을 위한 리스펙타 유산균 ✅ 활력 충전 멀티비타민 미네랄 ✅ 피로한 간을 위한 밀크씨슬 ✅ 체내 흡수율 높인 초임계 알티지 오메가3 ✅ 혈압&항산화 더블케어 코엔자임Q10 ✅ 식후 혈당과 체지방을 동시에! 혈당컷 다이어트 소포장이라 가방에 쏙 넣어 다니며 언제 어디서든 간편하게 섭취하기 좋더라고요. 저는 요즘 꾸준히 챙기면서 활력을 채우는 데 도움을 받고 있어요! 매장에 데일리와이즈 구미 7종도 함께 있으니까, 오늘 퇴근길에 다이소 들러서 가성비 건강 루틴 쟁여보시는 건 어떨까요? 📍 구매처: 전국 다이소 오프라인 매장 & 다이소 온라인몰 https://www.daisomall.co.kr/ds/dsBrand/C212/00199 위 내용은 건강 정보 전달을 위해 작성되었으며, 소개하는 제품은 질병의 예방 및 치료를 목적으로 하는 의약품이 아닌 점 참고 부탁드립니다.",,9,2118,1,2026-04-29 10:07:15,https://www.youtube.com/watch?v=UtWqc_eurs4,다이소에 종근당이  단돈 2천 원으로 챙기는 다이소건기식 데일리와이즈 6종 드디어 다이소 매장에 종근당 건강기능식품이 입점했다는 소식 들으셨나요  85년 전통 제약명가 종근당의 노하우를 꽉 담은 브랜드 데일리와이즈를 전국 1300개 매장에서 만나보실 수 있어요 2026년 한국소비자만족지수 건기식 부문 국민브랜드 1위를 수상한 만큼 믿음직한데 가격은 단돈 2000원부터 시작해서 정말 부담 없더라고요  리스펙타는 5000원 라인업도 정말 알차요   질 건강을 위한 리스펙타 유산균  활력 충전 멀티비타민 미네랄  피로한 간을 위한 밀크씨슬  체내 흡수율 높인 초임계 알티지 오메가3  혈압항산화 더블케어 코엔자임Q10  식후 혈당과 체지방을 동시에 혈당컷 다이어트 소포장이라 가방에 쏙 넣어 다니며 언제 어디서든 간편하게 섭취하기 좋더라고요 저는 요즘 꾸준히 챙기면서 활력을 채우는 데 도움을 받고 있어요 매장에 데일리와이즈 구미 7종도 함께 있으니까 오늘 퇴근길에 다이소 들러서 가성비 건강 루틴 쟁여보시는 건 어떨까요  구매처 전국 다이소 오프라인 매장  다이소 온라인몰 httpswwwdaisomallcokrdsdsBrandC21200199 위 내용은 건강 정보 전달을 위해 작성되었으며 소개하는 제품은 질병의 예방 및 치료를 목적으로 하는 의약품이 아닌 점 참고 부탁드립니다 ,"['다이소', '종근당', '단돈', '챙기', '다이소', '데일리', '와이즈', '다이소', '매장', '종근당', '건강', '기능', '식품', '입점', '소식', '전통', '제약', '명가', '종근당', '노하우', '브랜드', '데일리', '와이즈', '전국', '매장', '만나', '한국', '소비자', '만족', '지수', '건기', '부문', '국민', '브랜드', '수상', '만큼', '가격', '단돈', '시작', '부담', '스펙', '라인업', '알차', '건강', '위하', '리스펙타', '유산균', '활력', '충전', '멀티', '비타민', '미네랄', '피로', '위하', '밀크', '체내', '흡수', '높이', '초임', '알티', '오메가', '혈압', '항산화', '더블', '케어', '코엔자임', '식후', '혈당', '체지방', '동시', '혈당', '다이어트', '포장', '가방', '다니', '어디', '섭취', '요즘', '챙기', '활력', '채우', '도움', '매장', '데일리', '와이즈', '구미', '오늘', '퇴근길', '다이소', '들르', '가성비', '건강', '루틴', '쟁이', '어떻', '구매', '전국', '다이소', '오프라인', '매장', '다이소', '온라인', '내용', '건강', '정보', '전달', '위하', '작성', '소개', '제품', '질병', '예방', '치료', '목적', '의약품', '아니', '참고', '부탁', '드리']"
2,2,치과의사의 다이소 구강용품 추천,"치지직 매직박 : https://chzzk.naver.com/be50c08abd2f4a0c4691907351371872 매직박 LIVE 채널 : https://www.youtube.com/@MagicPark-Full 매직박 굿즈 : https://yagubu.cafe24.com/ 매직박 인스타 : https://www.instagram.com/magic_park62/ 매직박의 공습경보(팬카페) : https://cafe.naver.com/yagubu62 놀고먹는 매직박(게임) 채널 : https://www.youtube.com/@MagicPark-gam 00:00 intro 00:31 칫솔 06:09 치간칫솔, 치실 09:50 혀클리너 11:51 구강청결제 13:30 영양제","#매직박,#다이소,#구강관리,#구강용품,#치과,#치석제거,#다이소리뷰,#다이소깡",1467,76081,132,2026-02-06 08:00:28,https://www.youtube.com/watch?v=T6zj2y3jcj0,치과의사의 다이소 구강용품 추천 치지직 매직박  httpschzzknavercombe50c08abd2f4a0c4691907351371872 매직박 LIVE 채널  httpswwwyoutubecomMagicParkFull 매직박 굿즈  httpsyagubucafe24com 매직박 인스타  httpswwwinstagramcommagicpark62 매직박의 공습경보팬카페  httpscafenavercomyagubu62 놀고먹는 매직박게임 채널  httpswwwyoutubecomMagicParkgam 0000 intro 0031 칫솔 0609 치간칫솔 치실 0950 혀클리너 1151 구강청결제 1330 영양제 #매직박#다이소#구강관리#구강용품#치과#치석제거#다이소리뷰#다이소깡,"['치과', '의사', '다이소', '구강', '용품', '추천', '매직', '매직', '채널', '매직', '굿즈', '매직', '인스타', '매직', '공습경보', '카페', '매직', '게임', '채널', '칫솔', '치간', '칫솔', '클리너', '구강', '청결', '영양제']"
2,2,"[ 쓰리백 ] 👇전제품 무료배송! 약사추천1등 92%특가!
👇 #라이브 #라방 #라이브방송",🔻아주 간단한 라이브방송 참여방법🔻 1️⃣ 구글에 '클릭메이트' 검색 후 접속! 2️⃣ 클릭메이트 검색창에 [ 쓰리백 ] 검색! 3️⃣ 프로필 터치 후 라이브 참여 및 단골맺기! 단골맺기를 하시면 방송이 시작 될 때 알림을 받아보실 수 있습니다 😎,"#클릭메이트,#영양제,#건강,#다이소,#효소",0,109,1,2026-04-29 01:39:19,https://www.youtube.com/watch?v=m4OGMC727gU," 쓰리백  전제품 무료배송 약사추천1등 92특가
 #라이브 #라방 #라이브방송 아주 간단한 라이브방송 참여방법 1 구글에 클릭메이트 검색 후 접속 2 클릭메이트 검색창에  쓰리백  검색 3 프로필 터치 후 라이브 참여 및 단골맺기 단골맺기를 하시면 방송이 시작 될 때 알림을 받아보실 수 있습니다  #클릭메이트#영양제#건강#다이소#효소","['쓰리', '제품', '무료', '배송', '약사', '추천', '특가', '간단하', '라이브', '방송', '참여', '방법', '구글', '클릭', '메이트', '검색', '접속', '클릭', '메이트', '검색', '쓰리', '검색', '프로필', '터치', '라이브', '참여', '단골', '단골', '방송', '시작', '알림']"
2,2,다이소 건기식 추천 늦으면 없다는 쿠팡추천템 BEST 10,"가장 많이팔린 다이소 건기식 추천 이 포스팅은 쿠팡파트너스 활동의 일환으로, 이에 따른 일정액의 수수료를 제공받습니다. https://link.coupang.com/a/cZp9EQ 1위 : GNM 건강한 간 밀크씨슬 가격 : 21,490원 링크 : https://link.coupang.com/a/cZp9EQ 2위 : 뉴트리디데이 프리미엄 비타민D 5000IU 27g 가격 : 22,900원 링크 : https://link.coupang.com/a/cZp9ER 3위 : 뉴트리디데이 프리미엄 밀크씨슬 골드 가격 : 24,900원 링크 : https://link.coupang.com/a/cZp9ES 4위 : 판클 EPA DPA 중성지방 다이어트 오메가3 지방산 30일분 가격 : 16,300원 링크 : https://link.coupang.com/a/cZp9ET 5위 : 뉴트리하루 실리마린 밀크 시슬 추출물 밀크씨슬 아르기닌 플러스 야관문 글루타치온 가격 : 28,200원 링크 : https://link.coupang.com/a/cZp9EV 6위 : 뉴트리디데이 프리미엄 밀크씨슬 골드 가격 : 12,900원 링크 : https://link.coupang.com/a/cZp9EW 7위 : 일양약품 프라임 칼슘 마그네슘 비타민D 아연 가격 : 10,840원 링크 : https://link.coupang.com/a/cZp9EX 8위 : 락토핏 코어 유산균 60p 가격 : 32,200원 링크 : https://link.coupang.com/a/cZp9EY 9위 : 종근당건강 프로메가 오메가3 트리플 장용성 가격 : 10,590원 링크 : https://link.coupang.com/a/cZp9EZ 10위 : BH코리아 다용도 접이식 식품 건조망 (생선건조,야채건조,나물건조,고추건조) BH KOREA, 1개, 2단, 화이트 가격 : 10,500원 링크 : https://link.coupang.com/a/cZp9E0 ⭐️ 특별 혜택 링크 https://temu.to/k/glb5f443d8e 을(를) 탭하고 최고 품질의 상품을 초저가로 만나보세요. 🛍️ 이렇게 파격적인 혜택은 오직 Temu에서만 제공됩니다. 지금 쇼핑하고 큰 할인을 받으세요! ⭐️ 당신을 위한 또 다른 놀라움! 저와 함께 수익을 얻으시려면 https://temu.to/k/g7a19moq5z4 을 클릭하세요! 감사합니다.",,0,0,1,2025-10-27 19:06:58,https://www.youtube.com/watch?v=VliKyRdOqz4,다이소 건기식 추천 늦으면 없다는 쿠팡추천템 BEST 10 가장 많이팔린 다이소 건기식 추천 이 포스팅은 쿠팡파트너스 활동의 일환으로 이에 따른 일정액의 수수료를 제공받습니다 httpslinkcoupangcomacZp9EQ 1위  GNM 건강한 간 밀크씨슬 가격  21490원 링크  httpslinkcoupangcomacZp9EQ 2위  뉴트리디데이 프리미엄 비타민D 5000IU 27g 가격  22900원 링크  httpslinkcoupangcomacZp9ER 3위  뉴트리디데이 프리미엄 밀크씨슬 골드 가격  24900원 링크  httpslinkcoupangcomacZp9ES 4위  판클 EPA DPA 중성지방 다이어트 오메가3 지방산 30일분 가격  16300원 링크  httpslinkcoupangcomacZp9ET 5위  뉴트리하루 실리마린 밀크 시슬 추출물 밀크씨슬 아르기닌 플러스 야관문 글루타치온 가격  28200원 링크  httpslinkcoupangcomacZp9EV 6위  뉴트리디데이 프리미엄 밀크씨슬 골드 가격  12900원 링크  httpslinkcoupangcomacZp9EW 7위  일양약품 프라임 칼슘 마그네슘 비타민D 아연 가격  10840원 링크  httpslinkcoupangcomacZp9EX 8위  락토핏 코어 유산균 60p 가격  32200원 링크  httpslinkcoupangcomacZp9EY 9위  종근당건강 프로메가 오메가3 트리플 장용성 가격  10590원 링크  httpslinkcoupangcomacZp9EZ 10위  BH코리아 다용도 접이식 식품 건조망 생선건조야채건조나물건조고추건조 BH KOREA 1개 2단 화이트 가격  10500원 링크  httpslinkcoupangcomacZp9E0  특별 혜택 링크 httpstemutokglb5f443d8e 을를 탭하고 최고 품질의 상품을 초저가로 만나보세요  이렇게 파격적인 혜택은 오직 Temu에서만 제공됩니다 지금 쇼핑하고 큰 할인을 받으세요  당신을 위한 또 다른 놀라움 저와 함께 수익을 얻으시려면 httpstemutokg7a19moq5z4 을 클릭하세요 감사합니다 ,"['다이소', '추천', '쿠팡', '추천', '팔리', '다이소', '추천', '포스팅', '쿠팡', '파트너스', '활동', '일환', '따르', '일정액', '수수료', '제공', '건강', '밀크', '가격', '링크', '트리', '데이', '프리미엄', '비타민', '가격', '링크', '트리', '데이', '프리미엄', '밀크', '골드', '가격', '링크', '중성', '지방', '다이어트', '오메가', '지방산', '가격', '링크', '트리', '하루', '밀크', '추출물', '밀크', '아르기닌', '플러스', '관문', '가격', '링크', '트리', '데이', '프리미엄', '밀크', '골드', '가격', '링크', '일양약품', '프라임', '칼슘', '마그네슘', '비타민', '아연', '가격', '링크', '락토핏', '코어', '유산균', '가격', '링크', '종근당', '건강', '프로', '메가', '오메가', '트리플', '장용', '가격', '링크', '코리아', '다용도', '접이식', '식품', '건조', '생선', '건조', '야채', '건조', '나물', '건조', '고추', '건조', '화이트', '가격', '링크', '특별', '혜택', '링크', '최고', '품질', '상품', '저가', '만나', '이렇', '파격', '혜택', '제공', '쇼핑', '할인', '당신', '위하', '놀랍', '수익', '클릭', '감사']"
2,2,다이소 건기식 종류 쿠팡에서 몰라서 못샀던 품절대란 꿀템 BEST 10,"가장 많이팔린 다이소 건기식 종류 이 포스팅은 쿠팡파트너스 활동의 일환으로, 이에 따른 일정액의 수수료를 제공받습니다. https://link.coupang.com/a/cUFWU7 1위 : [국민건강 프로젝트] 대웅제약 프로바이오틱스 유산균 가격 : 19,900원 링크 : https://link.coupang.com/a/cUFWU7 2위 : [국민건강 프로젝트] 대웅제약 프리미엄 콘드로이친 가격 : 20,000원 링크 : https://link.coupang.com/a/cUFWVa 3위 : [국민건강 프로젝트] 대웅제약 프리미엄 콘드로이친 가격 : 10,000원 링크 : https://link.coupang.com/a/cUFWVb 4위 : L아르기닌 엘 비타민B D 미네랄 타우린 아연 마그네슘 칼슘 엽산 비오틴 1000mg 캡슐 가격 : 22,900원 링크 : https://link.coupang.com/a/cUFWVd 5위 : 한미 오메가3맥스 30캡슐 EPA 눈영양제 눈건강 가격 : 32,400원 링크 : https://link.coupang.com/a/cUFWVe 6위 : 종근당건강 프로메가 오메가3 트리플 장용성 가격 : 10,560원 링크 : https://link.coupang.com/a/cUFWVf 7위 : 프로메가 알티지 오메가3 듀얼 가격 : 25,780원 링크 : https://link.coupang.com/a/cUFWVh 8위 : [본사직영] 여에스더 초임계 알티지 오메가3 1020mg 국민영양 프로젝트 가격 : 29,700원 링크 : https://link.coupang.com/a/cUFWVj 9위 : [국민건강 프로젝트] 대웅제약 프로바이오틱스 유산균 가격 : 9,600원 링크 : https://link.coupang.com/a/cUFWVk 10위 : UML마켓 즉석 된장 간편국 블럭국 골라담기 구성 가격 : 11,100원 링크 : https://link.coupang.com/a/cUFWVl ⭐️ 특별 혜택 링크 https://temu.to/k/glb5f443d8e 을(를) 탭하고 최고 품질의 상품을 초저가로 만나보세요. 🛍️ 이렇게 파격적인 혜택은 오직 Temu에서만 제공됩니다. 지금 쇼핑하고 큰 할인을 받으세요! ⭐️ 당신을 위한 또 다른 놀라움! 저와 함께 수익을 얻으시려면 https://temu.to/k/g7a19moq5z4 을 클릭하세요! 감사합니다.",,0,0,1,2025-10-04 02:29:30,https://www.youtube.com/watch?v=ZAr6rp2Tep0,다이소 건기식 종류 쿠팡에서 몰라서 못샀던 품절대란 꿀템 BEST 10 가장 많이팔린 다이소 건기식 종류 이 포스팅은 쿠팡파트너스 활동의 일환으로 이에 따른 일정액의 수수료를 제공받습니다 httpslinkcoupangcomacUFWU7 1위  국민건강 프로젝트 대웅제약 프로바이오틱스 유산균 가격  19900원 링크  httpslinkcoupangcomacUFWU7 2위  국민건강 프로젝트 대웅제약 프리미엄 콘드로이친 가격  20000원 링크  httpslinkcoupangcomacUFWVa 3위  국민건강 프로젝트 대웅제약 프리미엄 콘드로이친 가격  10000원 링크  httpslinkcoupangcomacUFWVb 4위  L아르기닌 엘 비타민B D 미네랄 타우린 아연 마그네슘 칼슘 엽산 비오틴 1000mg 캡슐 가격  22900원 링크  httpslinkcoupangcomacUFWVd 5위  한미 오메가3맥스 30캡슐 EPA 눈영양제 눈건강 가격  32400원 링크  httpslinkcoupangcomacUFWVe 6위  종근당건강 프로메가 오메가3 트리플 장용성 가격  10560원 링크  httpslinkcoupangcomacUFWVf 7위  프로메가 알티지 오메가3 듀얼 가격  25780원 링크  httpslinkcoupangcomacUFWVh 8위  본사직영 여에스더 초임계 알티지 오메가3 1020mg 국민영양 프로젝트 가격  29700원 링크  httpslinkcoupangcomacUFWVj 9위  국민건강 프로젝트 대웅제약 프로바이오틱스 유산균 가격  9600원 링크  httpslinkcoupangcomacUFWVk 10위  UML마켓 즉석 된장 간편국 블럭국 골라담기 구성 가격  11100원 링크  httpslinkcoupangcomacUFWVl  특별 혜택 링크 httpstemutokglb5f443d8e 을를 탭하고 최고 품질의 상품을 초저가로 만나보세요  이렇게 파격적인 혜택은 오직 Temu에서만 제공됩니다 지금 쇼핑하고 큰 할인을 받으세요  당신을 위한 또 다른 놀라움 저와 함께 수익을 얻으시려면 httpstemutokg7a19moq5z4 을 클릭하세요 감사합니다 ,"['다이소', '종류', '쿠팡', '모르', '품절', '대란', '팔리', '다이소', '종류', '포스팅', '쿠팡', '파트너스', '활동', '일환', '따르', '일정액', '수수료', '제공', '국민', '건강', '프로젝트', '대웅제약', '프로바이오틱스', '유산균', '가격', '링크', '국민', '건강', '프로젝트', '대웅제약', '프리미엄', '가격', '링크', '국민', '건강', '프로젝트', '대웅제약', '프리미엄', '가격', '링크', '아르기닌', '비타민', '미네랄', '타우린', '아연', '마그네슘', '칼슘', '엽산', '비오티', '캡슐', '가격', '링크', '한미', '오메가', '맥스', '캡슐', '영양제', '건강', '가격', '링크', '종근당', '건강', '프로', '메가', '오메가', '트리플', '장용', '가격', '링크', '프로', '메가', '알티', '오메가', '듀얼', '가격', '링크', '본사', '직영', '여에스더', '초임', '알티', '오메가', '국민', '영양', '프로젝트', '가격', '링크', '국민', '건강', '프로젝트', '대웅제약', '프로바이오틱스', '유산균', '가격', '링크', '마켓', '즉석', '된장', '블럭', '고르', '구성', '가격', '링크', '특별', '혜택', '링크', '최고', '품질', '상품', '저가', '만나', '이렇', '파격', '혜택', '제공', '쇼핑', '할인', '당신', '위하', '놀랍', '수익', '클릭', '감사']"
2,2,다이소 건기식 판매 쿠팡에서 몰라서 못샀던 품절대란 꿀템 BEST 10,"가장 많이팔린 다이소 건기식 판매 이 포스팅은 쿠팡파트너스 활동의 일환으로, 이에 따른 일정액의 수수료를 제공받습니다. https://link.coupang.com/a/cZqfoG 1위 : GNM 건강한 간 밀크씨슬 가격 : 21,490원 링크 : https://link.coupang.com/a/cZqfoG 2위 : 뉴트리디데이 프리미엄 비타민D 5000IU 27g 가격 : 22,900원 링크 : https://link.coupang.com/a/cZqfoH 3위 : [세계필터] 미니 건조기필터 19매, 1개 가격 : 14,900원 링크 : https://link.coupang.com/a/cZqfoI 4위 : 뉴트리디데이 프리미엄 밀크씨슬 골드 가격 : 24,900원 링크 : https://link.coupang.com/a/cZqfoJ 5위 : 판클 EPA DPA 중성지방 다이어트 오메가3 지방산 30일분 가격 : 16,300원 링크 : https://link.coupang.com/a/cZqfoK 6위 : 뉴트리디데이 프리미엄 밀크씨슬 골드 가격 : 12,900원 링크 : https://link.coupang.com/a/cZqfoL 7위 : 락토핏 코어 유산균 60p 가격 : 32,200원 링크 : https://link.coupang.com/a/cZqfoM 8위 : 종근당건강 프로메가 오메가3 트리플 장용성 가격 : 10,590원 링크 : https://link.coupang.com/a/cZqfoN 9위 : 뉴트리하루 실리마린 밀크 시슬 추출물 밀크씨슬 아르기닌 플러스 야관문 글루타치온 가격 : 28,200원 링크 : https://link.coupang.com/a/cZqfoQ 10위 : 일양약품 프라임 칼슘 마그네슘 비타민D 아연 가격 : 10,840원 링크 : https://link.coupang.com/a/cZqfoS ⭐️ 특별 혜택 링크 https://temu.to/k/glb5f443d8e 을(를) 탭하고 최고 품질의 상품을 초저가로 만나보세요. 🛍️ 이렇게 파격적인 혜택은 오직 Temu에서만 제공됩니다. 지금 쇼핑하고 큰 할인을 받으세요! ⭐️ 당신을 위한 또 다른 놀라움! 저와 함께 수익을 얻으시려면 https://temu.to/k/g7a19moq5z4 을 클릭하세요! 감사합니다.",,0,11,1,2025-10-27 19:51:40,https://www.youtube.com/watch?v=jnpUM1Jn85A,다이소 건기식 판매 쿠팡에서 몰라서 못샀던 품절대란 꿀템 BEST 10 가장 많이팔린 다이소 건기식 판매 이 포스팅은 쿠팡파트너스 활동의 일환으로 이에 따른 일정액의 수수료를 제공받습니다 httpslinkcoupangcomacZqfoG 1위  GNM 건강한 간 밀크씨슬 가격  21490원 링크  httpslinkcoupangcomacZqfoG 2위  뉴트리디데이 프리미엄 비타민D 5000IU 27g 가격  22900원 링크  httpslinkcoupangcomacZqfoH 3위  세계필터 미니 건조기필터 19매 1개 가격  14900원 링크  httpslinkcoupangcomacZqfoI 4위  뉴트리디데이 프리미엄 밀크씨슬 골드 가격  24900원 링크  httpslinkcoupangcomacZqfoJ 5위  판클 EPA DPA 중성지방 다이어트 오메가3 지방산 30일분 가격  16300원 링크  httpslinkcoupangcomacZqfoK 6위  뉴트리디데이 프리미엄 밀크씨슬 골드 가격  12900원 링크  httpslinkcoupangcomacZqfoL 7위  락토핏 코어 유산균 60p 가격  32200원 링크  httpslinkcoupangcomacZqfoM 8위  종근당건강 프로메가 오메가3 트리플 장용성 가격  10590원 링크  httpslinkcoupangcomacZqfoN 9위  뉴트리하루 실리마린 밀크 시슬 추출물 밀크씨슬 아르기닌 플러스 야관문 글루타치온 가격  28200원 링크  httpslinkcoupangcomacZqfoQ 10위  일양약품 프라임 칼슘 마그네슘 비타민D 아연 가격  10840원 링크  httpslinkcoupangcomacZqfoS  특별 혜택 링크 httpstemutokglb5f443d8e 을를 탭하고 최고 품질의 상품을 초저가로 만나보세요  이렇게 파격적인 혜택은 오직 Temu에서만 제공됩니다 지금 쇼핑하고 큰 할인을 받으세요  당신을 위한 또 다른 놀라움 저와 함께 수익을 얻으시려면 httpstemutokg7a19moq5z4 을 클릭하세요 감사합니다 ,"['다이소', '판매', '쿠팡', '모르', '품절', '대란', '팔리', '다이소', '판매', '포스팅', '쿠팡', '파트너스', '활동', '일환', '따르', '일정액', '수수료', '제공', '건강', '밀크', '가격', '링크', '트리', '데이', '프리미엄', '비타민', '가격', '링크', '세계', '필터', '미니', '건조기', '필터', '가격', '링크', '트리', '데이', '프리미엄', '밀크', '골드', '가격', '링크', '판클', '중성', '지방', '다이어트', '오메가', '지방산', '가격', '링크', '트리', '데이', '프리미엄', '밀크', '골드', '가격', '링크', '락토핏', '코어', '유산균', '가격', '링크', '종근당', '건강', '프로', '메가', '오메가', '트리플', '장용', '가격', '링크', '트리', '하루', '밀크', '추출물', '밀크', '아르기닌', '플러스', '관문', '가격', '링크', '일양약품', '프라임', '칼슘', '마그네슘', '비타민', '아연', '가격', '링크', '특별', '혜택', '링크', '최고', '품질', '상품', '저가', '만나', '이렇', '파격', '혜택', '제공', '쇼핑', '할인', '당신', '위하', '놀랍', '수익', '클릭', '감사']"
2,2,부산 다이소 건기식 쿠팡에서 꼭 사야 할 아이템 BEST 10,"가장 많이팔린 부산 다이소 건기식 이 포스팅은 쿠팡파트너스 활동의 일환으로, 이에 따른 일정액의 수수료를 제공받습니다. https://link.coupang.com/a/cUGmjw 1위 : 스탠리 퀜처 H2.0 플루티드 텀블러, 건메탈 샤인, 1.18L, 1개 가격 : 49,400원 링크 : https://link.coupang.com/a/cUGmjw 2위 : 헬시오리진스 내추럴 프로바이오틱 유산균 300억 CFU 브이캡, 60정, 4개 가격 : 62,870원 링크 : https://link.coupang.com/a/cUGmjx 3위 : 닥터조이 강아지 명태슬라이스 간식, 유산균, 80g, 2개 가격 : 6,370원 링크 : https://link.coupang.com/a/cUGmjy 4위 : 나우푸드 글루타티온 500mg 베지 캡슐, 1개, 120정 가격 : 36,900원 링크 : https://link.coupang.com/a/cUGmjA 5위 : 비에스엔 신타-6 프로틴 파우더 드링크 믹스 단백질 보충제, 2.27kg, 1개 가격 : 65,790원 링크 : https://link.coupang.com/a/cUGmjC 6위 : 락앤락 하드앤라이트 프라이팬, 28cm, 1개 가격 : 16,290원 링크 : https://link.coupang.com/a/cUGmjD 7위 : 하이피러브 입시 공부 독서 수납 선번형 컴퓨터 책상, 화이트1200 가격 : 65,400원 링크 : https://link.coupang.com/a/cUGmjF 8위 : 오트리 고메넛츠, 750g, 1개 가격 : 33,900원 링크 : https://link.coupang.com/a/cUGmjG 9위 : 유니레버 썬 식기세척기용 타블렛 세제 베이킹소다 앤 소금 50개입, 500g, 1개 가격 : 6,990원 링크 : https://link.coupang.com/a/cUGmjH 10위 : 스카트 잘 닦이는 살균 소독 티슈, 4개 가격 : 7,670원 링크 : https://link.coupang.com/a/cUGmjI ⭐️ 특별 혜택 링크 https://temu.to/k/glb5f443d8e 을(를) 탭하고 최고 품질의 상품을 초저가로 만나보세요. 🛍️ 이렇게 파격적인 혜택은 오직 Temu에서만 제공됩니다. 지금 쇼핑하고 큰 할인을 받으세요! ⭐️ 당신을 위한 또 다른 놀라움! 저와 함께 수익을 얻으시려면 https://temu.to/k/g7a19moq5z4 을 클릭하세요! 감사합니다.",,0,1,1,2025-10-04 03:24:34,https://www.youtube.com/watch?v=2Qkpi5FuYak,부산 다이소 건기식 쿠팡에서 꼭 사야 할 아이템 BEST 10 가장 많이팔린 부산 다이소 건기식 이 포스팅은 쿠팡파트너스 활동의 일환으로 이에 따른 일정액의 수수료를 제공받습니다 httpslinkcoupangcomacUGmjw 1위  스탠리 퀜처 H20 플루티드 텀블러 건메탈 샤인 118L 1개 가격  49400원 링크  httpslinkcoupangcomacUGmjw 2위  헬시오리진스 내추럴 프로바이오틱 유산균 300억 CFU 브이캡 60정 4개 가격  62870원 링크  httpslinkcoupangcomacUGmjx 3위  닥터조이 강아지 명태슬라이스 간식 유산균 80g 2개 가격  6370원 링크  httpslinkcoupangcomacUGmjy 4위  나우푸드 글루타티온 500mg 베지 캡슐 1개 120정 가격  36900원 링크  httpslinkcoupangcomacUGmjA 5위  비에스엔 신타6 프로틴 파우더 드링크 믹스 단백질 보충제 227kg 1개 가격  65790원 링크  httpslinkcoupangcomacUGmjC 6위  락앤락 하드앤라이트 프라이팬 28cm 1개 가격  16290원 링크  httpslinkcoupangcomacUGmjD 7위  하이피러브 입시 공부 독서 수납 선번형 컴퓨터 책상 화이트1200 가격  65400원 링크  httpslinkcoupangcomacUGmjF 8위  오트리 고메넛츠 750g 1개 가격  33900원 링크  httpslinkcoupangcomacUGmjG 9위  유니레버 썬 식기세척기용 타블렛 세제 베이킹소다 앤 소금 50개입 500g 1개 가격  6990원 링크  httpslinkcoupangcomacUGmjH 10위  스카트 잘 닦이는 살균 소독 티슈 4개 가격  7670원 링크  httpslinkcoupangcomacUGmjI  특별 혜택 링크 httpstemutokglb5f443d8e 을를 탭하고 최고 품질의 상품을 초저가로 만나보세요  이렇게 파격적인 혜택은 오직 Temu에서만 제공됩니다 지금 쇼핑하고 큰 할인을 받으세요  당신을 위한 또 다른 놀라움 저와 함께 수익을 얻으시려면 httpstemutokg7a19moq5z4 을 클릭하세요 감사합니다 ,"['부산', '다이소', '쿠팡', '아이템', '팔리', '부산', '다이소', '포스팅', '쿠팡', '파트너스', '활동', '일환', '따르', '일정액', '수수료', '제공', '스탠리', '퀜처', '플루', '텀블러', '메탈', '샤인', '가격', '링크', '헬시오리진스', '내추럴', '프로바이오틱', '유산균', '브이', '가격', '링크', '닥터', '강아지', '명태', '슬라이스', '간식', '유산균', '가격', '링크', '나우', '푸드', '베지', '캡슐', '가격', '링크', '에스', '프로', '파우더', '드링크', '믹스', '단백질', '보충', '가격', '링크', '락앤락', '하드', '라이트', '프라이', '가격', '링크', '하이', '러브', '입시', '공부', '독서', '수납', '컴퓨터', '책상', '화이트', '가격', '링크', '오트리', '고메넛츠', '가격', '링크', '유니레버', '식기', '세척기', '세제', '베이킹', '소다', '소금', '개입', '가격', '링크', '스카트', '닦이', '살균', '소독', '티슈', '가격', '링크', '특별', '혜택', '링크', '최고', '품질', '상품', '저가', '만나', '이렇', '파격', '혜택', '제공', '쇼핑', '할인', '당신', '위하', '놀랍', '수익', '클릭', '감사']"
2,2,다이소 건기식 판매 쿠팡에서 몰라서 못샀던 품절대란 꿀템 BEST 10,"가장 많이팔린 다이소 건기식 판매 이 포스팅은 쿠팡파트너스 활동의 일환으로, 이에 따른 일정액의 수수료를 제공받습니다. https://link.coupang.com/a/cZ9qcb 1위 : GNM 건강한 간 밀크씨슬 가격 : 21,490원 링크 : https://link.coupang.com/a/cZ9qcb 2위 : 종근당건강 프로메가 오메가3 트리플 가격 : 10,590원 링크 : https://link.coupang.com/a/cZ9qcd 3위 : 락토핏 코어 유산균 60p 가격 : 32,200원 링크 : https://link.coupang.com/a/cZ9qcg 4위 : 뉴트리디데이 프리미엄 밀크씨슬 골드 가격 : 12,900원 링크 : https://link.coupang.com/a/cZ9qcn 5위 : 판클 EPA DPA 중성지방 다이어트 오메가3 지방산 30일분 가격 : 16,300원 링크 : https://link.coupang.com/a/cZ9qcr 6위 : 뉴트리디데이 프리미엄 비타민D 5000IU 27g 가격 : 22,900원 링크 : https://link.coupang.com/a/cZ9qcs 7위 : 뉴트리디데이 프리미엄 밀크씨슬 골드 가격 : 24,900원 링크 : https://link.coupang.com/a/cZ9qcu 8위 : 뉴트리하루 실리마린 밀크 시슬 추출물 밀크씨슬 아르기닌 플러스 야관문 글루타치온 가격 : 28,200원 링크 : https://link.coupang.com/a/cZ9qcv 9위 : 일양약품 프라임 칼슘 마그네슘 비타민D 아연 가격 : 11,100원 링크 : https://link.coupang.com/a/cZ9qcx 10위 : 홀리데이즈 프리미엄 콜라겐 타블렛 가격 : 9,900원 링크 : https://link.coupang.com/a/cZ9qcA ⭐️ 특별 혜택 링크 https://temu.to/k/glb5f443d8e 을(를) 탭하고 최고 품질의 상품을 초저가로 만나보세요. 🛍️ 이렇게 파격적인 혜택은 오직 Temu에서만 제공됩니다. 지금 쇼핑하고 큰 할인을 받으세요! ⭐️ 당신을 위한 또 다른 놀라움! 저와 함께 수익을 얻으시려면 https://temu.to/k/g7a19moq5z4 을 클릭하세요! 감사합니다.",,0,3,1,2025-10-31 06:35:41,https://www.youtube.com/watch?v=D6r7wvUUWq4,다이소 건기식 판매 쿠팡에서 몰라서 못샀던 품절대란 꿀템 BEST 10 가장 많이팔린 다이소 건기식 판매 이 포스팅은 쿠팡파트너스 활동의 일환으로 이에 따른 일정액의 수수료를 제공받습니다 httpslinkcoupangcomacZ9qcb 1위  GNM 건강한 간 밀크씨슬 가격  21490원 링크  httpslinkcoupangcomacZ9qcb 2위  종근당건강 프로메가 오메가3 트리플 가격  10590원 링크  httpslinkcoupangcomacZ9qcd 3위  락토핏 코어 유산균 60p 가격  32200원 링크  httpslinkcoupangcomacZ9qcg 4위  뉴트리디데이 프리미엄 밀크씨슬 골드 가격  12900원 링크  httpslinkcoupangcomacZ9qcn 5위  판클 EPA DPA 중성지방 다이어트 오메가3 지방산 30일분 가격  16300원 링크  httpslinkcoupangcomacZ9qcr 6위  뉴트리디데이 프리미엄 비타민D 5000IU 27g 가격  22900원 링크  httpslinkcoupangcomacZ9qcs 7위  뉴트리디데이 프리미엄 밀크씨슬 골드 가격  24900원 링크  httpslinkcoupangcomacZ9qcu 8위  뉴트리하루 실리마린 밀크 시슬 추출물 밀크씨슬 아르기닌 플러스 야관문 글루타치온 가격  28200원 링크  httpslinkcoupangcomacZ9qcv 9위  일양약품 프라임 칼슘 마그네슘 비타민D 아연 가격  11100원 링크  httpslinkcoupangcomacZ9qcx 10위  홀리데이즈 프리미엄 콜라겐 타블렛 가격  9900원 링크  httpslinkcoupangcomacZ9qcA  특별 혜택 링크 httpstemutokglb5f443d8e 을를 탭하고 최고 품질의 상품을 초저가로 만나보세요  이렇게 파격적인 혜택은 오직 Temu에서만 제공됩니다 지금 쇼핑하고 큰 할인을 받으세요  당신을 위한 또 다른 놀라움 저와 함께 수익을 얻으시려면 httpstemutokg7a19moq5z4 을 클릭하세요 감사합니다 ,"['다이소', '판매', '쿠팡', '모르', '품절', '대란', '팔리', '다이소', '판매', '포스팅', '쿠팡', '파트너스', '활동', '일환', '따르', '일정액', '수수료', '제공', '건강', '밀크', '가격', '링크', '종근당', '건강', '프로', '메가', '오메가', '트리플', '가격', '링크', '락토핏', '코어', '유산균', '가격', '링크', '트리', '데이', '프리미엄', '밀크', '골드', '가격', '링크', '중성', '지방', '다이어트', '오메가', '지방산', '가격', '링크', '트리', '데이', '프리미엄', '비타민', '가격', '링크', '트리', '데이', '프리미엄', '밀크', '골드', '가격', '링크', '트리', '하루', '밀크', '추출물', '밀크', '아르기닌', '플러스', '관문', '가격', '링크', '일양약품', '프라임', '칼슘', '마그네슘', '비타민', '아연', '가격', '링크', '홀리데이', '프리미엄', '콜라겐', '가격', '링크', '특별', '혜택', '링크', '최고', '품질', '상품', '저가', '만나', '이렇', '파격', '혜택', '제공', '쇼핑', '할인', '당신', '위하', '놀랍', '수익', '클릭', '감사']"
2,2,다이소 건기식 추천 늦으면 없다는 쿠팡추천템 BEST 10,"가장 많이팔린 다이소 건기식 추천 이 포스팅은 쿠팡파트너스 활동의 일환으로, 이에 따른 일정액의 수수료를 제공받습니다. https://link.coupang.com/a/cZ8Ic0 1위 : 종근당건강 프로메가 오메가3 트리플 가격 : 10,590원 링크 : https://link.coupang.com/a/cZ8Ic0 2위 : GNM 건강한 간 밀크씨슬 가격 : 21,490원 링크 : https://link.coupang.com/a/cZ8Ic2 3위 : 락토핏 코어 유산균 60p 가격 : 32,200원 링크 : https://link.coupang.com/a/cZ8Ic5 4위 : 뉴트리디데이 프리미엄 밀크씨슬 골드 가격 : 12,900원 링크 : https://link.coupang.com/a/cZ8Ida 5위 : 판클 EPA DPA 중성지방 다이어트 오메가3 지방산 30일분 가격 : 16,300원 링크 : https://link.coupang.com/a/cZ8Idd 6위 : 뉴트리디데이 프리미엄 비타민D 5000IU 27g 가격 : 22,900원 링크 : https://link.coupang.com/a/cZ8Idf 7위 : 뉴트리디데이 프리미엄 밀크씨슬 골드 가격 : 24,900원 링크 : https://link.coupang.com/a/cZ8Idg 8위 : 뉴트리하루 실리마린 밀크 시슬 추출물 밀크씨슬 아르기닌 플러스 야관문 글루타치온 가격 : 28,200원 링크 : https://link.coupang.com/a/cZ8Idj 9위 : 일양약품 프라임 칼슘 마그네슘 비타민D 아연 가격 : 11,100원 링크 : https://link.coupang.com/a/cZ8Idl 10위 : 홀리데이즈 프리미엄 콜라겐 타블렛 가격 : 9,900원 링크 : https://link.coupang.com/a/cZ8Idp ⭐️ 특별 혜택 링크 https://temu.to/k/glb5f443d8e 을(를) 탭하고 최고 품질의 상품을 초저가로 만나보세요. 🛍️ 이렇게 파격적인 혜택은 오직 Temu에서만 제공됩니다. 지금 쇼핑하고 큰 할인을 받으세요! ⭐️ 당신을 위한 또 다른 놀라움! 저와 함께 수익을 얻으시려면 https://temu.to/k/g7a19moq5z4 을 클릭하세요! 감사합니다.",,0,0,1,2025-10-31 05:43:41,https://www.youtube.com/watch?v=hdte09tD510,다이소 건기식 추천 늦으면 없다는 쿠팡추천템 BEST 10 가장 많이팔린 다이소 건기식 추천 이 포스팅은 쿠팡파트너스 활동의 일환으로 이에 따른 일정액의 수수료를 제공받습니다 httpslinkcoupangcomacZ8Ic0 1위  종근당건강 프로메가 오메가3 트리플 가격  10590원 링크  httpslinkcoupangcomacZ8Ic0 2위  GNM 건강한 간 밀크씨슬 가격  21490원 링크  httpslinkcoupangcomacZ8Ic2 3위  락토핏 코어 유산균 60p 가격  32200원 링크  httpslinkcoupangcomacZ8Ic5 4위  뉴트리디데이 프리미엄 밀크씨슬 골드 가격  12900원 링크  httpslinkcoupangcomacZ8Ida 5위  판클 EPA DPA 중성지방 다이어트 오메가3 지방산 30일분 가격  16300원 링크  httpslinkcoupangcomacZ8Idd 6위  뉴트리디데이 프리미엄 비타민D 5000IU 27g 가격  22900원 링크  httpslinkcoupangcomacZ8Idf 7위  뉴트리디데이 프리미엄 밀크씨슬 골드 가격  24900원 링크  httpslinkcoupangcomacZ8Idg 8위  뉴트리하루 실리마린 밀크 시슬 추출물 밀크씨슬 아르기닌 플러스 야관문 글루타치온 가격  28200원 링크  httpslinkcoupangcomacZ8Idj 9위  일양약품 프라임 칼슘 마그네슘 비타민D 아연 가격  11100원 링크  httpslinkcoupangcomacZ8Idl 10위  홀리데이즈 프리미엄 콜라겐 타블렛 가격  9900원 링크  httpslinkcoupangcomacZ8Idp  특별 혜택 링크 httpstemutokglb5f443d8e 을를 탭하고 최고 품질의 상품을 초저가로 만나보세요  이렇게 파격적인 혜택은 오직 Temu에서만 제공됩니다 지금 쇼핑하고 큰 할인을 받으세요  당신을 위한 또 다른 놀라움 저와 함께 수익을 얻으시려면 httpstemutokg7a19moq5z4 을 클릭하세요 감사합니다 ,"['다이소', '추천', '쿠팡', '추천', '팔리', '다이소', '추천', '포스팅', '쿠팡', '파트너스', '활동', '일환', '따르', '일정액', '수수료', '제공', '종근당', '건강', '프로', '메가', '오메가', '트리플', '가격', '링크', '건강', '밀크', '가격', '링크', '락토핏', '코어', '유산균', '가격', '링크', '트리', '데이', '프리미엄', '밀크', '골드', '가격', '링크', '중성', '지방', '다이어트', '오메가', '지방산', '가격', '링크', '트리', '데이', '프리미엄', '비타민', '가격', '링크', '트리', '데이', '프리미엄', '밀크', '골드', '가격', '링크', '트리', '하루', '밀크', '추출물', '밀크', '아르기닌', '플러스', '관문', '가격', '링크', '일양약품', '프라임', '칼슘', '마그네슘', '비타민', '아연', '가격', '링크', '홀리데이', '프리미엄', '콜라겐', '가격', '링크', '특별', '혜택', '링크', '최고', '품질', '상품', '저가', '만나', '이렇', '파격', '혜택', '제공', '쇼핑', '할인', '당신', '위하', '놀랍', '수익', '클릭', '감사']"
2,2,다이소 건기식 콜라겐 쿠팡에서 몰라서 못샀던 품절대란 꿀템 BEST 10,"가장 많이팔린 다이소 건기식 콜라겐 이 포스팅은 쿠팡파트너스 활동의 일환으로, 이에 따른 일정액의 수수료를 제공받습니다. https://link.coupang.com/a/cXs3Ah 1위 : 홀리데이즈 프리미엄 콜라겐 타블렛 가격 : 9,900원 링크 : https://link.coupang.com/a/cXs3Ah 2위 : 저분자 콜라겐 석류 젤리 스틱 500달톤, 300g, 4개 가격 : 34,270원 링크 : https://link.coupang.com/a/cXs3Ai 3위 : 경남제약 결콜라겐 플러스 가격 : 13,950원 링크 : https://link.coupang.com/a/cXs3Aj 4위 : 인생한방 콜라겐 4000 프랑스산 저분자 어린 피쉬콜라겐 비오틴 플러스, 140g, 1개 가격 : 29,900원 링크 : https://link.coupang.com/a/cXs3Ak 5위 : 결콜라겐 경남제약 가격 : 14,740원 링크 : https://link.coupang.com/a/cXs3Al 6위 : 콜라겐 복합체 - 가수분해 콜라겐은 건강한 관절, 뼈, 피부, 모발, 치아 및 손톱을 지원하고 근육 성장과 소화기 건강을 촉진합니다., 2개, 120정 가격 : 43,600원 링크 : https://link.coupang.com/a/cXs3Am 7위 : 경남제약 결콜라겐 플러스 가격 : 25,700원 링크 : https://link.coupang.com/a/cXs3An 8위 : 저분자 석류콜라겐 젤리 스틱 스페인산 석류과즙 생선 피시 어류 콜라겐 식약처 해썹인증, 6개, 300g 가격 : 60,000원 링크 : https://link.coupang.com/a/cXs3Ao 9위 : 경남제약 결콜라겐 플러스 가격 : 14,250원 링크 : https://link.coupang.com/a/cXs3Ap 10위 : 순수 해양 콜라겐 100% 해양 콜라겐 1형 1470mg - 가수분해 콜라겐 Pe, 2개, 120정 가격 : 45,830원 링크 : https://link.coupang.com/a/cXs3Aq ⭐️ 특별 혜택 링크 https://temu.to/k/glb5f443d8e 을(를) 탭하고 최고 품질의 상품을 초저가로 만나보세요. 🛍️ 이렇게 파격적인 혜택은 오직 Temu에서만 제공됩니다. 지금 쇼핑하고 큰 할인을 받으세요! ⭐️ 당신을 위한 또 다른 놀라움! 저와 함께 수익을 얻으시려면 https://temu.to/k/g7a19moq5z4 을 클릭하세요! 감사합니다.",,0,0,1,2025-10-18 18:23:24,https://www.youtube.com/watch?v=-mCySolUCB4,다이소 건기식 콜라겐 쿠팡에서 몰라서 못샀던 품절대란 꿀템 BEST 10 가장 많이팔린 다이소 건기식 콜라겐 이 포스팅은 쿠팡파트너스 활동의 일환으로 이에 따른 일정액의 수수료를 제공받습니다 httpslinkcoupangcomacXs3Ah 1위  홀리데이즈 프리미엄 콜라겐 타블렛 가격  9900원 링크  httpslinkcoupangcomacXs3Ah 2위  저분자 콜라겐 석류 젤리 스틱 500달톤 300g 4개 가격  34270원 링크  httpslinkcoupangcomacXs3Ai 3위  경남제약 결콜라겐 플러스 가격  13950원 링크  httpslinkcoupangcomacXs3Aj 4위  인생한방 콜라겐 4000 프랑스산 저분자 어린 피쉬콜라겐 비오틴 플러스 140g 1개 가격  29900원 링크  httpslinkcoupangcomacXs3Ak 5위  결콜라겐 경남제약 가격  14740원 링크  httpslinkcoupangcomacXs3Al 6위  콜라겐 복합체  가수분해 콜라겐은 건강한 관절 뼈 피부 모발 치아 및 손톱을 지원하고 근육 성장과 소화기 건강을 촉진합니다 2개 120정 가격  43600원 링크  httpslinkcoupangcomacXs3Am 7위  경남제약 결콜라겐 플러스 가격  25700원 링크  httpslinkcoupangcomacXs3An 8위  저분자 석류콜라겐 젤리 스틱 스페인산 석류과즙 생선 피시 어류 콜라겐 식약처 해썹인증 6개 300g 가격  60000원 링크  httpslinkcoupangcomacXs3Ao 9위  경남제약 결콜라겐 플러스 가격  14250원 링크  httpslinkcoupangcomacXs3Ap 10위  순수 해양 콜라겐 100 해양 콜라겐 1형 1470mg  가수분해 콜라겐 Pe 2개 120정 가격  45830원 링크  httpslinkcoupangcomacXs3Aq  특별 혜택 링크 httpstemutokglb5f443d8e 을를 탭하고 최고 품질의 상품을 초저가로 만나보세요  이렇게 파격적인 혜택은 오직 Temu에서만 제공됩니다 지금 쇼핑하고 큰 할인을 받으세요  당신을 위한 또 다른 놀라움 저와 함께 수익을 얻으시려면 httpstemutokg7a19moq5z4 을 클릭하세요 감사합니다 ,"['다이소', '콜라겐', '쿠팡', '모르', '품절', '대란', '팔리', '다이소', '콜라겐', '포스팅', '쿠팡', '파트너스', '활동', '일환', '따르', '일정액', '수수료', '제공', '홀리데이', '프리미엄', '콜라겐', '가격', '링크', '저분자', '콜라겐', '석류', '젤리', '스틱', '가격', '링크', '경남', '제약', '콜라겐', '플러스', '가격', '링크', '인생', '콜라겐', '프랑스', '저분자', '어리', '피쉬', '콜라겐', '비오티', '플러스', '가격', '링크', '콜라겐', '경남', '제약', '가격', '링크', '콜라겐', '복합체', '가수', '분해', '콜라겐', '건강', '관절', '피부', '모발', '치아', '손톱', '지원', '근육', '성장', '소화기', '건강', '촉진', '가격', '링크', '경남', '제약', '콜라겐', '플러스', '가격', '링크', '저분자', '석류', '콜라겐', '젤리', '스틱', '스페인', '석류', '과즙', '생선', '피시', '어류', '콜라겐', '식약처', '해썹', '인증', '가격', '링크', '경남', '제약', '콜라겐', '플러스', '가격', '링크', '순수', '해양', '콜라겐', '해양', '콜라겐', '가수', '분해', '콜라겐', '가격', '링크', '특별', '혜택', '링크', '최고', '품질', '상품', '저가', '만나', '이렇', '파격', '혜택', '제공', '쇼핑', '할인', '당신', '위하', '놀랍', '수익', '클릭', '감사']"
2,2,약사들이 주름 없애려고 다이소에서 사는 5천원 영양제 #건강정보 #피부관리 #다이소,,,58,7079,1,2025-08-21 09:20:00,https://www.youtube.com/watch?v=0grCq5eQoUw,약사들이 주름 없애려고 다이소에서 사는 5천원 영양제 #건강정보 #피부관리 #다이소  ,"['약사', '주름', '없애', '다이소', '영양제']"
2,2,다이소 영양제,영양제,"#다육이,#식물영양제",36,2408,3,2025-10-04 07:20:19,https://www.youtube.com/watch?v=4v1QINPrjiQ,다이소 영양제 영양제 #다육이#식물영양제,"['다이소', '영양제', '영양제']"
2,2,다이소에서 '이것' 안 사면 손해? 약사 추천 영양제 BEST 3,"아직도 영양제, 비싸게만 사고 계신가요? 💸 비싼 게 무조건 좋을 것 같지만, 성분 똑똑하게 따져보면 다이소에도 숨은 꿀템이 정말 많습니다. 약사들도 보이면 일단 장바구니에 담는다는 가성비 끝판왕 영양제 3가지! 지금 바로 확인하고 건강이랑 지갑 둘 다 챙기세요. 1️⃣ 눈 밑이 파르르~ 잠 못 드는 밤엔? 추천템: 대웅제약 마그네슘 특징: 한 달 분량이 단돈 3,000원! 세 달을 먹어도 만 원이 안 넘어요. 효과: 근육 경련 완화와 숙면에 도움을 줍니다. 2️⃣ 나른하고 기운 없는 오후, 남편과 함께! 추천템: 대웅제약 코엔자임 Q10 (코큐텐) 특징: 활력 충전은 물론, 혈압 관리가 고민인 분들에게 필수 성분입니다. 꿀팁: 부부가 함께 챙겨 먹기 딱 좋아요. 3️⃣ 기름진 음식 좋아하신다면 필수! 추천템: 대웅제약 녹차 카테킨 효과: 체지방 감소를 돕고 항산화 작용으로 몸을 가볍게 만들어줍니다. 추천: 식후에 간편하게 건강 관리하고 싶은 분들께 강추! ✨ 여러분은 지금 어떤 영양제가 가장 필요하신가요? 댓글로 평소 고민을 남겨주시면 딱 맞는 꿀템을 더 찾아올게요! 📌 영상이 유익했다면? '구독'과 '좋아요'는 채널 운영에 큰 힘이 됩니다! 주변 친구들에게도 이 가성비 정보를 공유해 보세요. ✈️ ⚠️영상의 내용은 개인의 환경과 조건에 따라 결과에 차이가 있을 수 있습니다.","#다이소영양제,#시니어건강,#중년건강,#건강관리,#가성비영양제",956,72110,8,2026-05-14 03:45:05,https://www.youtube.com/watch?v=oGGR1xScrzk,다이소에서 이것 안 사면 손해 약사 추천 영양제 BEST 3 아직도 영양제 비싸게만 사고 계신가요  비싼 게 무조건 좋을 것 같지만 성분 똑똑하게 따져보면 다이소에도 숨은 꿀템이 정말 많습니다 약사들도 보이면 일단 장바구니에 담는다는 가성비 끝판왕 영양제 3가지 지금 바로 확인하고 건강이랑 지갑 둘 다 챙기세요 1 눈 밑이 파르르 잠 못 드는 밤엔 추천템 대웅제약 마그네슘 특징 한 달 분량이 단돈 3000원 세 달을 먹어도 만 원이 안 넘어요 효과 근육 경련 완화와 숙면에 도움을 줍니다 2 나른하고 기운 없는 오후 남편과 함께 추천템 대웅제약 코엔자임 Q10 코큐텐 특징 활력 충전은 물론 혈압 관리가 고민인 분들에게 필수 성분입니다 꿀팁 부부가 함께 챙겨 먹기 딱 좋아요 3 기름진 음식 좋아하신다면 필수 추천템 대웅제약 녹차 카테킨 효과 체지방 감소를 돕고 항산화 작용으로 몸을 가볍게 만들어줍니다 추천 식후에 간편하게 건강 관리하고 싶은 분들께 강추  여러분은 지금 어떤 영양제가 가장 필요하신가요 댓글로 평소 고민을 남겨주시면 딱 맞는 꿀템을 더 찾아올게요  영상이 유익했다면 구독과 좋아요는 채널 운영에 큰 힘이 됩니다 주변 친구들에게도 이 가성비 정보를 공유해 보세요  영상의 내용은 개인의 환경과 조건에 따라 결과에 차이가 있을 수 있습니다 #다이소영양제#시니어건강#중년건강#건강관리#가성비영양제,"['다이소', '이것', '손해', '약사', '추천', '영양제', '영양제', '비싸', '계시', '비싸', '성분', '따지', '다이소', '약사', '보이', '장바구니', '가성비', '끝판왕', '영양제', '가지', '확인', '건강', '지갑', '챙기', '추천', '대웅제약', '마그네슘', '특징', '분량', '단돈', '효과', '근육', '경련', '완화', '숙면', '도움', '기운', '오후', '남편', '추천', '대웅제약', '코엔자임', '코큐텐', '특징', '활력', '충전', '혈압', '관리', '고민', '필수', '성분', '부부', '챙기', '기름지', '음식', '좋아하', '필수', '추천', '대웅제약', '녹차', '카테킨', '효과', '체지방', '감소', '항산화', '작용', '가볍', '만들', '추천', '식후', '간편하', '건강', '관리', '여러분', '영양제', '필요', '댓글', '평소', '고민', '남기', '영상', '유익', '구독', '채널', '운영', '주변', '친구', '가성비', '정보', '공유', '영상', '내용', '개인', '환경', '조건', '따르', '결과', '차이']"
2,2,[다이소 영양제] 품질리뷰 칼슘마그네슘비타민D / 한국코스모 #다이소영양제 #칼슘마그네슘비타민D #다이소 #영양제리뷰 #영양제추천 #건강기능식품 #영양제성분 #가성비영양제,"충격! 다이소 영양제, 진짜 효과 있을까? | 칼슘 마그네슘 비타민D 성분 분석 (가성비 vs 함량) ""다이소 영양제, 저렴해서 혹했는데... 과연 효과는 있을까요?"" 이번 영상에서는 다이소 칼슘 마그네슘 비타민D 제품의 품질을 낱낱이 파헤쳐 봅니다! 🔍 영상에서 다룰 핵심 내용: 성분 함량 분석: 과연 하루 권장량을 채울 수 있을까? 제조원 '한국코스모'는 어떤 회사? 제조 공정과 품질 관리 수준은? 가성비의 진실: 저렴하다고 무조건 좋은 걸까? 꼼꼼한 비교 분석! 영양제 구매 전, 무작정 저렴한 제품만 고르셨나요? 이 영상을 보시면 좋은 영양제를 고르는 기준이 확실히 생기실 거예요. 🛒 영양제 구매 전 필수 확인! 4만 개 이상의 건강기능식품을 비교, 분석해 품질과 개인 적합도를 점수로 알려주는 '기분핏' 앱. 현명한 소비를 위한 필수 앱, 지금 바로 앱스토어에서 검색해보세요! ""다이소에서 이 제품 말고 또 궁금한 영양제가 있으신가요? 댓글로 남겨주시면 다음 영상에서 다뤄볼게요!"" [배경음악] Audionautix의 Snappy에는 크리에이티브 커먼즈 저작자 표시 4.0 라이선스가 적용됩니다. https://creativecommons.org/licenses/by/4.0/ 아티스트: http://audionautix.com/","#다이소영양제,#칼슘마그네슘비타민D,#다이소,#영양제리뷰,#영양제추천,#건강기능식품,#영양제성분,#가성비영양제,#건강관리",10,2418,0,2025-08-11 02:01:45,https://www.youtube.com/watch?v=z6zWG6UFlsc,다이소 영양제 품질리뷰 칼슘마그네슘비타민D  한국코스모 #다이소영양제 #칼슘마그네슘비타민D #다이소 #영양제리뷰 #영양제추천 #건강기능식품 #영양제성분 #가성비영양제 충격 다이소 영양제 진짜 효과 있을까  칼슘 마그네슘 비타민D 성분 분석 가성비 vs 함량 다이소 영양제 저렴해서 혹했는데 과연 효과는 있을까요 이번 영상에서는 다이소 칼슘 마그네슘 비타민D 제품의 품질을 낱낱이 파헤쳐 봅니다  영상에서 다룰 핵심 내용 성분 함량 분석 과연 하루 권장량을 채울 수 있을까 제조원 한국코스모는 어떤 회사 제조 공정과 품질 관리 수준은 가성비의 진실 저렴하다고 무조건 좋은 걸까 꼼꼼한 비교 분석 영양제 구매 전 무작정 저렴한 제품만 고르셨나요 이 영상을 보시면 좋은 영양제를 고르는 기준이 확실히 생기실 거예요  영양제 구매 전 필수 확인 4만 개 이상의 건강기능식품을 비교 분석해 품질과 개인 적합도를 점수로 알려주는 기분핏 앱 현명한 소비를 위한 필수 앱 지금 바로 앱스토어에서 검색해보세요 다이소에서 이 제품 말고 또 궁금한 영양제가 있으신가요 댓글로 남겨주시면 다음 영상에서 다뤄볼게요 배경음악 Audionautix의 Snappy에는 크리에이티브 커먼즈 저작자 표시 40 라이선스가 적용됩니다 httpscreativecommonsorglicensesby40 아티스트 httpaudionautixcom #다이소영양제#칼슘마그네슘비타민D#다이소#영양제리뷰#영양제추천#건강기능식품#영양제성분#가성비영양제#건강관리,"['다이소', '영양제', '품질', '리뷰', '칼슘', '마그네슘', '비타민', '한국', '코스모', '충격', '다이소', '영양제', '효과', '칼슘', '마그네슘', '비타민', '성분', '분석', '가성비', '함량', '다이소', '영양제', '저렴하', '혹하', '효과', '이번', '영상', '다이소', '칼슘', '마그네슘', '비타민', '제품', '품질', '파헤치', '영상', '다루', '핵심', '내용', '성분', '함량', '분석', '하루', '권장량', '채우', '제조', '한국', '코스모', '회사', '제조', '공정', '품질', '관리', '수준', '가성비', '진실', '저렴하', '비교', '분석', '영양제', '구매', '작정', '저렴하', '제품', '고르', '영상', '영양제', '고르', '기준', '생기', '영양제', '구매', '필수', '확인', '이상', '건강', '기능', '식품', '비교', '분석', '품질', '개인', '적합', '점수', '알리', '기분핏', '현명', '소비', '위하', '필수', '스토어', '검색', '다이소', '제품', '궁금하', '영양제', '댓글', '남기', '다음', '영상', '다루', '배경', '음악', '크리에이티브', '커먼즈', '저작', '표시', '라이선스', '적용', '아티스트']"
2,2,다이소 루데인 비교#다이소영양제#루테인#눈건강#다이소루테인,,,6,2089,0,2025-09-03 08:06:00,https://www.youtube.com/watch?v=M6JdsDvOBYk,다이소 루데인 비교#다이소영양제#루테인#눈건강#다이소루테인  ,"['다이소', '루데', '비교']"
2,2,[다이소영양제] 손톱 발톱 모발편 #영양제추천#다이소#손톱건강#손톱관리#모발,,,13,3087,1,2026-01-12 14:17:30,https://www.youtube.com/watch?v=DtaFzRK_jd4,다이소영양제 손톱 발톱 모발편 #영양제추천#다이소#손톱건강#손톱관리#모발  ,"['다이소', '영양제', '손톱', '발톱', '모발']"
2,2,[다이소영양제] 수면건강편 #건강기능식품,,,12,2474,1,2026-01-26 11:59:32,https://www.youtube.com/watch?v=rzNSGhAO7rI,다이소영양제 수면건강편 #건강기능식품  ,"['다이소', '영양제', '수면', '건강']"
2,2,안과전문의를 깜짝 놀라게 만든 다이소 영양제 수준ㄷㄷ,안녕하세요. 당신의 눈에 힘이 되는 '눈에힘안과'입니다😉 오늘은 ‘다이소 영양제 리뷰’를 준비해보았는데요. 도움이 되셨다면 '좋아요'와 '구독' 꼬옥 부탁드릴게요 :) 👀눈에힘안과: 서울 구로구 시흥대로 551 광희빌딩 5층 📌홈페이지: https://nunehim.com/ 📌전화 문의: 02.2039.9322 📌예약: https://naver.me/5BcI4JOa 📌블로그: https://m.blog.naver.com/nunehim 📌인스타그램: https://www.instagram.com/nunehim,,55,11924,1,2025-07-17 02:30:30,https://www.youtube.com/watch?v=twnkBbJ73tY,안과전문의를 깜짝 놀라게 만든 다이소 영양제 수준 안녕하세요 당신의 눈에 힘이 되는 눈에힘안과입니다 오늘은 다이소 영양제 리뷰를 준비해보았는데요 도움이 되셨다면 좋아요와 구독 꼬옥 부탁드릴게요  눈에힘안과 서울 구로구 시흥대로 551 광희빌딩 5층 홈페이지 httpsnunehimcom 전화 문의 0220399322 예약 httpsnaverme5BcI4JOa 블로그 httpsmblognavercomnunehim 인스타그램 httpswwwinstagramcomnunehim ,"['안과', '전문의', '놀라', '만들', '다이소', '영양제', '수준', '안녕', '당신', '안과', '오늘', '다이소', '영양제', '리뷰', '준비', '도움', '구독', '부탁', '드리', '서울', '구로구', '시흥대로', '빌딩', '홈페이지', '전화', '문의', '예약', '블로그', '인스타그램']"
2,2,티니핑 젤리 다이소에서 5천원?! 왜 이렇게 싸지? 🤔 | Teenieping  | キャッチ！ティニピン | 奇妙萌可  |,"다이소에 티니핑 젤리 영양제가 등장했습니다! ✨ 한 박스에 단돈 5천원이라니…😲 하지만 제가 간 매장에는 2종만 있었어요😭 과연 기존 제품과 영양 성분은 동일할까요? 왜 이렇게 저렴한 걸까요? 갯수 차이? 성분 차이? 저는 냉큼 구매해봤는데요, 여러분은 어떠세요? 👇 댓글로 알려주세요!","#티니핑,#다이소,#영양제,#티니핑젤리,#다이소추천,#다이소템,#다이소득템,#다이소영양제,#락피도,#다이소쇼핑,#티니핑덕후",0,36287,10,2025-09-18 04:30:15,https://www.youtube.com/watch?v=SqBLJ7gfARI,티니핑 젤리 다이소에서 5천원 왜 이렇게 싸지   Teenieping        다이소에 티니핑 젤리 영양제가 등장했습니다  한 박스에 단돈 5천원이라니 하지만 제가 간 매장에는 2종만 있었어요 과연 기존 제품과 영양 성분은 동일할까요 왜 이렇게 저렴한 걸까요 갯수 차이 성분 차이 저는 냉큼 구매해봤는데요 여러분은 어떠세요  댓글로 알려주세요 #티니핑#다이소#영양제#티니핑젤리#다이소추천#다이소템#다이소득템#다이소영양제#락피도#다이소쇼핑#티니핑덕후,"['젤리', '다이소', '다이소', '젤리', '영양제', '등장', '박스', '단돈', '매장', '기존', '제품', '영양', '성분', '동일', '저렴하', '갯수', '차이', '성분', '차이', '구매', '여러분', '어떻', '댓글', '알리']"
2,2,"다이소 영양제 사기 전에 60대는 꼭 이것만 확인하세요 (철분, 오메가3 주의)","🎯 영상 제목 최종 추천 다이소 영양제 사기 전에 60대는 꼭 이것만 확인하세요 (철분, 오메가3 주의) 괄호 안에 키워드 추가한 이유는 ""철분"", ""오메가3"" 같은 검색어로도 유입될 수 있게 하기 위해서예요. 📝 설명란 (SEO 최적화) 다이소에 종근당, 대웅제약 영양제가 3천~5천원에 팔리면서 많은 어르신들이 구매하고 계십니다. 그런데 60대 이상은 구매 전 반드시 확인해야 할 것들이 있어요. 특히 철분, 오메가3, 종합비타민은 드시던 약과 겹치면 몸에 도움이 안 될 수 있습니다. ✅ 오늘 영상에서 알려드리는 것 - 다이소 영양제가 약국 제품과 다른 이유 - 60대 이상이 주의해야 할 영양제 3가지 (철분/오메가3/종합비타민) - 다이소에서 안심하고 사도 되는 영양제 (루테인, 유산균) 💊 영상 타임라인 00:00 오프닝 01:10 다이소 영양제가 싼 진짜 이유 07:00 철분 - 60대가 조심해야 하는 이유 11:00 오메가3 - 이 약 드시는 분은 필수 확인 16:00 종합비타민 중복 복용 주의 20:00 다이소에서 사도 되는 영양제 25:00 마무리 정리 ⚠️ 본 영상은 의학적 치료나 진단을 목적으로 하지 않습니다. 건강 관련 결정은 반드시 담당 의사 또는 전문가와 상담하시기 바랍니다.","#다이소영양제,#60대건강,#시니어건강,#영양제추천,#노년건강관리,#철분영양제,#오메가3,#종합비타민,#건강정보,#어르신건강,#다이소추천,#영양제주의사항,#건강뉴스",8,220,1,2026-04-27 06:18:43,https://www.youtube.com/watch?v=sveoNkIugig,다이소 영양제 사기 전에 60대는 꼭 이것만 확인하세요 철분 오메가3 주의  영상 제목 최종 추천 다이소 영양제 사기 전에 60대는 꼭 이것만 확인하세요 철분 오메가3 주의 괄호 안에 키워드 추가한 이유는 철분 오메가3 같은 검색어로도 유입될 수 있게 하기 위해서예요  설명란 SEO 최적화 다이소에 종근당 대웅제약 영양제가 3천5천원에 팔리면서 많은 어르신들이 구매하고 계십니다 그런데 60대 이상은 구매 전 반드시 확인해야 할 것들이 있어요 특히 철분 오메가3 종합비타민은 드시던 약과 겹치면 몸에 도움이 안 될 수 있습니다  오늘 영상에서 알려드리는 것  다이소 영양제가 약국 제품과 다른 이유  60대 이상이 주의해야 할 영양제 3가지 철분오메가3종합비타민  다이소에서 안심하고 사도 되는 영양제 루테인 유산균  영상 타임라인 0000 오프닝 0110 다이소 영양제가 싼 진짜 이유 0700 철분  60대가 조심해야 하는 이유 1100 오메가3  이 약 드시는 분은 필수 확인 1600 종합비타민 중복 복용 주의 2000 다이소에서 사도 되는 영양제 2500 마무리 정리  본 영상은 의학적 치료나 진단을 목적으로 하지 않습니다 건강 관련 결정은 반드시 담당 의사 또는 전문가와 상담하시기 바랍니다 #다이소영양제#60대건강#시니어건강#영양제추천#노년건강관리#철분영양제#오메가3#종합비타민#건강정보#어르신건강#다이소추천#영양제주의사항#건강뉴스,"['다이소', '영양제', '이것', '확인', '철분', '오메가', '주의', '영상', '제목', '최종', '추천', '다이소', '영양제', '이것', '확인', '철분', '오메가', '괄호', '키워드', '추가', '이유', '철분', '오메가', '검색어', '유입', '위하', '설명', '최적', '다이소', '종근당', '대웅제약', '영양제', '팔리', '어르신', '구매', '계시', '이상', '구매', '확인', '철분', '오메가', '종합', '비타민', '드시', '겹치', '도움', '영상', '알리', '드리', '다이소', '영양제', '약국', '제품', '다르', '이유', '이상', '주의', '영양제', '가지', '철분', '오메가', '종합', '비타민', '다이소', '안심', '영양제', '루테', '유산균', '영상', '타임라인', '오프닝', '다이소', '영양제', '진짜', '이유', '철분', '조심', '이유', '오메가', '드시', '필수', '확인', '종합', '비타민', '중복', '복용', '주의', '다이소', '영양제', '마무리', '정리', '영상', '의학', '치료', '진단', '목적', '건강', '관련', '결정', '담당', '의사', '전문가', '상담', '바라']"
2,2,다이소 영양제 쿠팡 생활 꿀템 - 이 가격 실화인가요?,"가장 많이팔린 다이소 영양제 이 포스팅은 쿠팡파트너스 활동의 일환으로, 이에 따른 일정액의 수수료를 제공받습니다. https://link.coupang.com/a/cWkwQI 1위 : 다이소 대웅제약 건강식품 여성 데일리 루틴 4종세트 철분 / 코엔자임 Q10 / 비타민D / 락토핏 골드 가격 : 26,600원 링크 : https://link.coupang.com/a/cWkwQI 2위 : 다이소 대웅제약 건강식품 시니어종합 케어 5종 세트 멀티비타민 / 오메가3 / 칼슘 / 코엔자임 Q10 / 비타민D 가격 : 35,200원 링크 : https://link.coupang.com/a/cWkwQL 3위 : 다이소 대웅제약 건강식품 뼈 건강 올인원 3종 세트 칼슘 / 칼슘 마그네슘 비타민D / 비타민D 가격 : 22,900원 링크 : https://link.coupang.com/a/cWkwQQ 4위 : 대웅제약 DR BEAR 닥터베어 멀티비타민 미네랄 (30일분) 가격 : 24,800원 링크 : https://link.coupang.com/a/cWkwQU 5위 : 다이소 대웅제약 건강식품 눈 건강 & 혈행 개선 3종 세트 오메가3 / 코엔자임 Q10 / 멀티비타민 미네랄 가격 : 25,300원 링크 : https://link.coupang.com/a/cWkwQX 6위 : 안국약품 V-pack 브이팩 여성용 종합영양제 히알루론산 비타민 칼슘(4정 X 7포) 가격 : 9,310원 링크 : https://link.coupang.com/a/cWkwQY 7위 : [국민건강 프로젝트] 대웅제약 마그네슘 에너지케어 가격 : 19,900원 링크 : https://link.coupang.com/a/cWkwQ1 8위 : 일상속반짝 3칸 약통 블루 가격 : 6,800원 링크 : https://link.coupang.com/a/cWkwQ4 ⭐️ 특별 혜택 링크 https://temu.to/k/glb5f443d8e 을(를) 탭하고 최고 품질의 상품을 초저가로 만나보세요. 🛍️ 이렇게 파격적인 혜택은 오직 Temu에서만 제공됩니다. 지금 쇼핑하고 큰 할인을 받으세요! ⭐️ 당신을 위한 또 다른 놀라움! 저와 함께 수익을 얻으시려면 https://temu.to/k/g7a19moq5z4 을 클릭하세요! 감사합니다.",,0,5,1,2025-10-13 14:58:13,https://www.youtube.com/watch?v=DW87SnGl0Pg,다이소 영양제 쿠팡 생활 꿀템  이 가격 실화인가요 가장 많이팔린 다이소 영양제 이 포스팅은 쿠팡파트너스 활동의 일환으로 이에 따른 일정액의 수수료를 제공받습니다 httpslinkcoupangcomacWkwQI 1위  다이소 대웅제약 건강식품 여성 데일리 루틴 4종세트 철분  코엔자임 Q10  비타민D  락토핏 골드 가격  26600원 링크  httpslinkcoupangcomacWkwQI 2위  다이소 대웅제약 건강식품 시니어종합 케어 5종 세트 멀티비타민  오메가3  칼슘  코엔자임 Q10  비타민D 가격  35200원 링크  httpslinkcoupangcomacWkwQL 3위  다이소 대웅제약 건강식품 뼈 건강 올인원 3종 세트 칼슘  칼슘 마그네슘 비타민D  비타민D 가격  22900원 링크  httpslinkcoupangcomacWkwQQ 4위  대웅제약 DR BEAR 닥터베어 멀티비타민 미네랄 30일분 가격  24800원 링크  httpslinkcoupangcomacWkwQU 5위  다이소 대웅제약 건강식품 눈 건강  혈행 개선 3종 세트 오메가3  코엔자임 Q10  멀티비타민 미네랄 가격  25300원 링크  httpslinkcoupangcomacWkwQX 6위  안국약품 Vpack 브이팩 여성용 종합영양제 히알루론산 비타민 칼슘4정 X 7포 가격  9310원 링크  httpslinkcoupangcomacWkwQY 7위  국민건강 프로젝트 대웅제약 마그네슘 에너지케어 가격  19900원 링크  httpslinkcoupangcomacWkwQ1 8위  일상속반짝 3칸 약통 블루 가격  6800원 링크  httpslinkcoupangcomacWkwQ4  특별 혜택 링크 httpstemutokglb5f443d8e 을를 탭하고 최고 품질의 상품을 초저가로 만나보세요  이렇게 파격적인 혜택은 오직 Temu에서만 제공됩니다 지금 쇼핑하고 큰 할인을 받으세요  당신을 위한 또 다른 놀라움 저와 함께 수익을 얻으시려면 httpstemutokg7a19moq5z4 을 클릭하세요 감사합니다 ,"['다이소', '영양제', '쿠팡', '생활', '가격', '실화', '팔리', '다이소', '영양제', '포스팅', '쿠팡', '파트너스', '활동', '일환', '따르', '일정액', '수수료', '제공', '대웅제약', '건강식품', '여성', '데일리', '루틴', '세트', '철분', '코엔자임', '비타민', '락토핏', '골드', '가격', '링크', '대웅제약', '건강식품', '시니어', '종합', '케어', '세트', '멀티', '비타민', '오메가', '칼슘', '코엔자임', '비타민', '가격', '링크', '대웅제약', '건강식품', '건강', '인원', '세트', '칼슘', '칼슘', '마그네슘', '비타민', '비타민', '가격', '링크', '대웅제약', '닥터', '베어', '멀티', '비타민', '미네랄', '가격', '링크', '대웅제약', '건강식품', '건강', '개선', '세트', '오메가', '코엔자임', '멀티', '비타민', '미네랄', '가격', '링크', '안국', '약품', '브이', '여성', '종합', '영양제', '히알루론산', '비타민', '칼슘', '가격', '링크', '국민', '건강', '프로젝트', '대웅제약', '마그네슘', '에너지', '케어', '가격', '링크', '일상', '블루', '가격', '링크', '특별', '혜택', '링크', '최고', '품질', '상품', '저가', '만나', '이렇', '파격', '혜택', '제공', '쇼핑', '할인', '당신', '위하', '놀랍', '수익', '클릭', '감사']"
2,2,다이소 영양제...괜찮은걸까?,"○ [부자의 몸] 구매 링크 교보: https://vo.la/bTEptM 예스: https://vo.la/VgaZQM 알라딘: https://vo.la/GshKXr ○ [이동환 박사님과 직접 소통할 수 있는 밴드에 무료 가입해 주세요!] 이동환 TV 소통밴드, 건행모(건강하고 행복한 모임)로 들어오세요^^ 건행모밴드 : https://band.us/@realhealth [댓글로 문의해 주세요] 공지 글에 문의해 주시면, 최대한 답변드리도록 하겠습니다^^ 가정의학과 전문의, 교육공학 석사, 경영학 박사. (사)한국강사협회 선정 '제80호 명강사' 한국 HRD 협회 'HRD 대상 명강사 부문 수상' 직무스트레스 연구소 대표, 교육문의 http://www.stressmanagement.co.kr ○출연, 협업, 광고 홍보 및 비즈니스 문의 : rivers999@hanmail.net ○강의 의뢰 : rivers999@hanmail.net 직무스트레스 연구소 http://www.stressmanagement.co.kr ○ 건행모 밴드 들어오는 방법 구독자님들 중에서 전화나 이메일로 궁금하신 것을 문의해주시는 경우가 많습니다만, 사실상 전화나 이메일로 답변드리는 것은 불가능하다는 점을 양해 부탁드리고요. 조금 더 원활한 소통을 위해서 네이버 밴드 (어플 설치와 가입 필수!)인 ***이동환 TV 소통밴드, 건행모(건강하고 행복한 모임)***를 만들었습니다^^ 건행모밴드 : https://band.us/@realhealth [댓글로 문의해 주세요] 공지 글에 문의해 주시면, 최대한 답변드리도록 하겠습니다^^ 오늘도 건행하세요. 감사합니다^^ [필독 해 주세요^^] (1) 댓글로 문의 주시는 분들이 많으신데요. 제가 의학 상식을 바탕으로 한 간단한 답변만 드릴 수 있으므로, 저의 의견은 그냥 참고만 하시고요. 반드시 담당의사 선생님 또는 직접 전문의 진료를 통해서 해결하셔야 한다는 점 꼭 기억하시기 바랍니다^^ (2) 저의 조언에 따른 결과로 어떤 문제가 생겨도 아무런 책임을 질 수 없다는 점을 꼭 양지해 주시고 질문 주시기 바랍니다^^ (3) 환자의 정확한 상태를 모르는 저보다 모든 검사결과를 다 잘 알고 계시는 담당의사 선생님의 조언과 상담이 더 정확하다는 것을 꼭 명심하시고, 저의 의견은 참고만 하시면 좋겠습니다^^",,29,3797,0,2025-10-09 11:00:10,https://www.youtube.com/watch?v=axSA1pKKDhM,다이소 영양제괜찮은걸까  부자의 몸 구매 링크 교보 httpsvolabTEptM 예스 httpsvolaVgaZQM 알라딘 httpsvolaGshKXr  이동환 박사님과 직접 소통할 수 있는 밴드에 무료 가입해 주세요 이동환 TV 소통밴드 건행모건강하고 행복한 모임로 들어오세요 건행모밴드  httpsbandusrealhealth 댓글로 문의해 주세요 공지 글에 문의해 주시면 최대한 답변드리도록 하겠습니다 가정의학과 전문의 교육공학 석사 경영학 박사 사한국강사협회 선정 제80호 명강사 한국 HRD 협회 HRD 대상 명강사 부문 수상 직무스트레스 연구소 대표 교육문의 httpwwwstressmanagementcokr 출연 협업 광고 홍보 및 비즈니스 문의  rivers999hanmailnet 강의 의뢰  rivers999hanmailnet 직무스트레스 연구소 httpwwwstressmanagementcokr  건행모 밴드 들어오는 방법 구독자님들 중에서 전화나 이메일로 궁금하신 것을 문의해주시는 경우가 많습니다만 사실상 전화나 이메일로 답변드리는 것은 불가능하다는 점을 양해 부탁드리고요 조금 더 원활한 소통을 위해서 네이버 밴드 어플 설치와 가입 필수인 이동환 TV 소통밴드 건행모건강하고 행복한 모임를 만들었습니다 건행모밴드  httpsbandusrealhealth 댓글로 문의해 주세요 공지 글에 문의해 주시면 최대한 답변드리도록 하겠습니다 오늘도 건행하세요 감사합니다 필독 해 주세요 1 댓글로 문의 주시는 분들이 많으신데요 제가 의학 상식을 바탕으로 한 간단한 답변만 드릴 수 있으므로 저의 의견은 그냥 참고만 하시고요 반드시 담당의사 선생님 또는 직접 전문의 진료를 통해서 해결하셔야 한다는 점 꼭 기억하시기 바랍니다 2 저의 조언에 따른 결과로 어떤 문제가 생겨도 아무런 책임을 질 수 없다는 점을 꼭 양지해 주시고 질문 주시기 바랍니다 3 환자의 정확한 상태를 모르는 저보다 모든 검사결과를 다 잘 알고 계시는 담당의사 선생님의 조언과 상담이 더 정확하다는 것을 꼭 명심하시고 저의 의견은 참고만 하시면 좋겠습니다 ,"['다이소', '영양제', '괜찮', '부자', '구매', '링크', '교보', '예스', '알라딘', '이동환', '박사', '소통', '밴드', '무료', '가입', '이동환', '소통', '밴드', '건강', '행복', '모임', '들어오', '밴드', '댓글', '문의', '공지', '문의', '답변', '드리', '가정', '의학과', '전문의', '교육', '공학', '석사', '경영학', '박사', '한국', '강사', '협회', '선정', '강사', '한국', '협회', '대상', '강사', '부문', '수상', '직무', '스트레스', '연구소', '대표', '교육', '문의', '출연', '협업', '광고', '홍보', '비즈니스', '문의', '강의', '의뢰', '직무', '스트레스', '연구소', '밴드', '들어오', '방법', '구독자', '전화', '이메일', '궁금하', '문의', '경우', '사실', '전화', '이메일', '답변', '드리', '가능', '양해', '부탁', '드리', '원활', '소통', '위하', '네이버', '밴드', '어플', '설치', '가입', '필수', '이동환', '소통', '밴드', '건강', '행복', '모임', '만들', '밴드', '댓글', '문의', '공지', '문의', '답변', '드리', '오늘', '행하', '감사', '필독', '댓글', '문의', '의학', '상식', '바탕', '답변', '드리', '의견', '참고', '담당', '의사', '선생', '전문의', '진료', '통하', '해결', '기억', '바라', '조언', '따르', '결과', '문제', '생기', '책임', '양지', '질문', '바라', '환자', '정확', '상태', '모르', '검사', '결과', '계시', '담당', '의사', '선생', '조언', '상담', '정확', '명심', '의견', '참고']"
2,2,다이소 신상영양제 맛도좋고 하루 영양성분 다챙긴 멀티비타민 #다이소영양제 #다이소핫템 #다이소멀티비타민 #다이소비타민 #다이소깡 #다이소,,,18,3892,0,2025-05-22 09:00:51,https://www.youtube.com/watch?v=P6kZJe7bs2I,다이소 신상영양제 맛도좋고 하루 영양성분 다챙긴 멀티비타민 #다이소영양제 #다이소핫템 #다이소멀티비타민 #다이소비타민 #다이소깡 #다이소  ,"['다이소', '신상', '영양제', '하루', '영양', '성분', '챙기', '멀티', '비타민']"
2,2,[다이소영양제] 질 유산균이 단돈 5천원에? #유한양행 #다이소영양제 #질유산균,,,7,2940,0,2026-04-10 13:19:10,https://www.youtube.com/watch?v=w7ol_g9nJ6c,다이소영양제 질 유산균이 단돈 5천원에 #유한양행 #다이소영양제 #질유산균  ,"['다이소', '영양제', '유산균', '단돈']"
2,2,"다이소 5천 원 영양제, 어떻게 이렇게 싸게 팔지?",👉 더블유엠디(WMD) 홈페이지 : https://wemakedeal.co.kr/ 📚 WMD 전문가 공저 도서 구매 : https://bit.ly/3PumHvr,"#다이소,#영양제",9,1676,0,2025-05-27 09:01:00,https://www.youtube.com/watch?v=in1BwC_Xiqk,다이소 5천 원 영양제 어떻게 이렇게 싸게 팔지  더블유엠디WMD 홈페이지  httpswemakedealcokr  WMD 전문가 공저 도서 구매  httpsbitly3PumHvr #다이소#영양제,"['다이소', '영양제', '어떻', '이렇', '더블', '홈페이지', '전문가', '공저', '도서', '구매']"
2,2,다이소 영양제 쿠팡 특가템 언박싱 - 10초 만에 반하게 됨,"가장 많이팔린 다이소 영양제 영상 속 다이소 영양제 구매링크: https://link.coupang.com/a/cXqtFA 이 포스팅은 쿠팡파트너스 활동의 일환으로, 이에 따른 일정액의 수수료를 제공받습니다. 1위 : 다이소 대웅제약 건강식품 시니어종합 케어 5종 세트 멀티비타민 / 오메가3 / 칼슘 / 코엔자임 Q10 / 비타민D 가격 : 35,200원 링크 : https://link.coupang.com/a/cXqtFA 2위 : 다이소 대웅제약 건강식품 뼈 건강 올인원 3종 세트 칼슘 / 칼슘 마그네슘 비타민D / 비타민D 가격 : 22,900원 링크 : https://link.coupang.com/a/cXqtFE 3위 : [국민건강 프로젝트] 대웅제약 마그네슘 에너지케어 가격 : 19,900원 링크 : https://link.coupang.com/a/cXqtFK 4위 : 다이소 대웅제약 건강식품 어린이 성장 비타민 2종 멀티비타민 키즈 / 칼슘 마그네슘 키즈 가격 : 19,200원 링크 : https://link.coupang.com/a/cXqtFO 5위 : 다이소 대웅제약 건강식품 여성 데일리 루틴 4종세트 철분 / 코엔자임 Q10 / 비타민D / 락토핏 골드 가격 : 26,600원 링크 : https://link.coupang.com/a/cXqtFT 6위 : 다이소 대웅제약 건강식품 눈 건강 & 혈행 개선 3종 세트 오메가3 / 코엔자임 Q10 / 멀티비타민 미네랄 가격 : 25,300원 링크 : https://link.coupang.com/a/cXqtFW 7위 : 산화마그네슘 프리미엄 마그네슘 캐나다 90정 3개월분 가격 : 22,000원 링크 : https://link.coupang.com/a/cXqtFY 8위 : 락피도 티니핑 빌베리스틱 12포 블루베리 가격 : 9,800원 링크 : https://link.coupang.com/a/cXqtF2 9위 : 락피도 티니핑 칼슘스틱 12포 복숭아 가격 : 16,900원 링크 : https://link.coupang.com/a/cXqtF5 10위 : 자연관 정성담은 배도라지스틱 12포 가격 : 67,130원 링크 : https://link.coupang.com/a/cXqtF8 감사합니다.",,0,4,1,2025-10-18 13:13:25,https://www.youtube.com/watch?v=IXl5PnAAsO8,다이소 영양제 쿠팡 특가템 언박싱  10초 만에 반하게 됨 가장 많이팔린 다이소 영양제 영상 속 다이소 영양제 구매링크 httpslinkcoupangcomacXqtFA 이 포스팅은 쿠팡파트너스 활동의 일환으로 이에 따른 일정액의 수수료를 제공받습니다 1위  다이소 대웅제약 건강식품 시니어종합 케어 5종 세트 멀티비타민  오메가3  칼슘  코엔자임 Q10  비타민D 가격  35200원 링크  httpslinkcoupangcomacXqtFA 2위  다이소 대웅제약 건강식품 뼈 건강 올인원 3종 세트 칼슘  칼슘 마그네슘 비타민D  비타민D 가격  22900원 링크  httpslinkcoupangcomacXqtFE 3위  국민건강 프로젝트 대웅제약 마그네슘 에너지케어 가격  19900원 링크  httpslinkcoupangcomacXqtFK 4위  다이소 대웅제약 건강식품 어린이 성장 비타민 2종 멀티비타민 키즈  칼슘 마그네슘 키즈 가격  19200원 링크  httpslinkcoupangcomacXqtFO 5위  다이소 대웅제약 건강식품 여성 데일리 루틴 4종세트 철분  코엔자임 Q10  비타민D  락토핏 골드 가격  26600원 링크  httpslinkcoupangcomacXqtFT 6위  다이소 대웅제약 건강식품 눈 건강  혈행 개선 3종 세트 오메가3  코엔자임 Q10  멀티비타민 미네랄 가격  25300원 링크  httpslinkcoupangcomacXqtFW 7위  산화마그네슘 프리미엄 마그네슘 캐나다 90정 3개월분 가격  22000원 링크  httpslinkcoupangcomacXqtFY 8위  락피도 티니핑 빌베리스틱 12포 블루베리 가격  9800원 링크  httpslinkcoupangcomacXqtF2 9위  락피도 티니핑 칼슘스틱 12포 복숭아 가격  16900원 링크  httpslinkcoupangcomacXqtF5 10위  자연관 정성담은 배도라지스틱 12포 가격  67130원 링크  httpslinkcoupangcomacXqtF8 감사합니다 ,"['다이소', '영양제', '쿠팡', '특가', '언박싱', '팔리', '다이소', '영양제', '영상', '다이소', '영양제', '구매', '링크', '포스팅', '쿠팡', '파트너스', '활동', '일환', '따르', '일정액', '수수료', '제공', '대웅제약', '건강식품', '시니어', '종합', '케어', '세트', '멀티', '비타민', '오메가', '칼슘', '코엔자임', '비타민', '가격', '링크', '대웅제약', '건강식품', '건강', '인원', '세트', '칼슘', '칼슘', '마그네슘', '비타민', '비타민', '가격', '링크', '국민', '건강', '프로젝트', '대웅제약', '마그네슘', '에너지', '케어', '가격', '링크', '대웅제약', '건강식품', '어린이', '성장', '비타민', '멀티', '비타민', '키즈', '칼슘', '마그네슘', '키즈', '가격', '링크', '대웅제약', '건강식품', '여성', '데일리', '루틴', '세트', '철분', '코엔자임', '비타민', '락토핏', '골드', '가격', '링크', '대웅제약', '건강식품', '건강', '개선', '세트', '오메가', '코엔자임', '멀티', '비타민', '미네랄', '가격', '링크', '산화 마그네슘', '프리미엄', '마그네슘', '캐나다', '개월', '가격', '링크', '락피도', '티니핑', '빌 베리', '스틱', '블루베리', '가격', '링크', '락피도', '티니핑', '칼슘', '스틱', '복숭아', '가격', '링크', '자연관', '정성', '도라지', '스틱', '가격', '링크', '감사']"
2,2,다이소 영양제 괜찮을까? 메디트리 코엔자임Q10 직접 먹어봤습니다,메디트리 코큐텐 코엔자임Q10처럼 부담 없이 꾸준히 챙길 수 있는 영양제로 에너지와 항산화 관리 시작해보는 것도 좋은 방법일 것 같습니다🙏🏻 영양제추천이나 가성비영양제 찾고 계셨다면 메디트리 코큐텐 코엔자임Q10 한 번 참고해보세요👍 [메디트리] 코큐텐 코엔자임Q10 링크 : https://vo.la/2Em3Wjz Music : Roa - Stay a Little Stream / Download : https://hypeddit.com/roamusic/stayali... License : https://roa-music.com,"#영양제추천,#다이소영양제,#메디트리",4,197,2,2026-03-13 13:54:02,https://www.youtube.com/watch?v=-B_RMM5rU_g,다이소 영양제 괜찮을까 메디트리 코엔자임Q10 직접 먹어봤습니다 메디트리 코큐텐 코엔자임Q10처럼 부담 없이 꾸준히 챙길 수 있는 영양제로 에너지와 항산화 관리 시작해보는 것도 좋은 방법일 것 같습니다 영양제추천이나 가성비영양제 찾고 계셨다면 메디트리 코큐텐 코엔자임Q10 한 번 참고해보세요 메디트리 코큐텐 코엔자임Q10 링크  httpsvola2Em3Wjz Music  Roa  Stay a Little Stream  Download  httpshypedditcomroamusicstayali License  httpsroamusiccom #영양제추천#다이소영양제#메디트리,"['다이소', '영양제', '괜찮', '메디', '트리', '코엔자임', '메디', '트리', '코큐텐', '코엔자임', '부담', '챙기', '영양제', '에너지', '항산화', '관리', '시작', '방법', '영양제', '추천', '가성비', '영양제', '계시', '메디', '트리', '코큐텐', '코엔자임', '참고', '메디트리', '코큐텐', '코엔자임', '링크']"
2,2,"""루테인만 드세요? 옥이가 추천하는 다이소 눈 영양제 2종 꿀조합 (루테인지아잔틴 & 토비콤)"" 건강","🐰 옥이머해 (OK-HE-DONE) “잘 먹고, 잘 살고, 잘 사는(Buy) 건강 솔루션” 안녕하세요! 건강을 위해 부지런히 발로 뛰는 옥토끼, 옥이입니다. 치열한 일상 속에서 놓치기 쉬운 '진짜 건강'을 찾기 위해 이 채널을 시작했습니다. 까다롭지만 정직하게, 몸을 살리는 정보만 쏙쏙 골라 드릴게요! ✨ 옥이의 3가지 건강 약속 🥗 옥이 머먹어? | 몸을 살리는 제철 식재료와 건강한 식단 레시피 🧘‍♀️ 옥이 머해? | 일상에 활력을 불어넣는 올바른 습관과 루틴 🛒 옥이 뭐 사? | 성분 하나하나 꼼꼼하게 따진 똑똑한 소비 가이드 혼자 고민하지 마세요. 옥토끼가 대신 공부하고 채워드릴게요. 좋은 건 같이 사고, 건강은 함께 지켜요! 🏃‍♀️💨 📧 비즈니스 문의: hm9099999@gmail.com 컴퓨터 작업이 일상인 '옥이'의 소중한 눈 건강 지키기! 단돈 만 원으로 구성한 옥이의 을 공개합니다. 단순한 구매 리뷰를 넘어, 왜 이 조합이 필요한지 꼼꼼하게 따져봤습니다. [옥이의 건강 루틴] 루테인지아잔틴(30일): 황반 중심부까지 챙기는 기초 눈 건강 관리 🛡️ 토비콤 아이포커스 미니(20알): 모니터 앞 피로한 눈을 위한 긴급 회복 💊 모니터 앞 '눈 맞춤' 배치로 잊지 않고 챙겨 먹기! ✨","#데일리건강루틴,#옥이머해,#다이소꿀템,#눈영양제,#루테인지아잔틴,#토비콤,#눈피로회복,#만원의행복,#건강루틴,#가성비영양제,#직장인필수템,#안구건조증,#인생달인",1,131,2,2026-03-02 23:51:05,https://www.youtube.com/watch?v=-3XPHgGRu-0,루테인만 드세요 옥이가 추천하는 다이소 눈 영양제 2종 꿀조합 루테인지아잔틴  토비콤 건강  옥이머해 OKHEDONE 잘 먹고 잘 살고 잘 사는Buy 건강 솔루션 안녕하세요 건강을 위해 부지런히 발로 뛰는 옥토끼 옥이입니다 치열한 일상 속에서 놓치기 쉬운 진짜 건강을 찾기 위해 이 채널을 시작했습니다 까다롭지만 정직하게 몸을 살리는 정보만 쏙쏙 골라 드릴게요  옥이의 3가지 건강 약속  옥이 머먹어  몸을 살리는 제철 식재료와 건강한 식단 레시피  옥이 머해  일상에 활력을 불어넣는 올바른 습관과 루틴  옥이 뭐 사  성분 하나하나 꼼꼼하게 따진 똑똑한 소비 가이드 혼자 고민하지 마세요 옥토끼가 대신 공부하고 채워드릴게요 좋은 건 같이 사고 건강은 함께 지켜요   비즈니스 문의 hm9099999gmailcom 컴퓨터 작업이 일상인 옥이의 소중한 눈 건강 지키기 단돈 만 원으로 구성한 옥이의 을 공개합니다 단순한 구매 리뷰를 넘어 왜 이 조합이 필요한지 꼼꼼하게 따져봤습니다 옥이의 건강 루틴 루테인지아잔틴30일 황반 중심부까지 챙기는 기초 눈 건강 관리  토비콤 아이포커스 미니20알 모니터 앞 피로한 눈을 위한 긴급 회복  모니터 앞 눈 맞춤 배치로 잊지 않고 챙겨 먹기  #데일리건강루틴#옥이머해#다이소꿀템#눈영양제#루테인지아잔틴#토비콤#눈피로회복#만원의행복#건강루틴#가성비영양제#직장인필수템#안구건조증#인생달인,"['루테', '드세', '옥이', '추천', '다이소', '영양제', '조합', '루테인지아잔틴', '토비콤', '건강', '옥이머해', '건강', '솔루션', '안녕', '건강', '위하', '옥토끼', '옥이', '치열', '일상', '놓치', '진짜', '건강', '위하', '채널', '시작', '까다롭', '정직', '살리', '정보', '고르', '드리', '옥이', '가지', '건강', '약속', '살리', '제철', '식재료', '건강', '식단', '레시피', '일상', '활력', '불어넣', '올바르', '습관', '루틴', '성분', '따지', '똑똑하', '소비', '가이드', '혼자', '고민', '옥토끼', '대신', '공부', '채우', '드리', '건강', '지키', '비즈니스', '문의', '컴퓨터', '작업', '일상', '옥이', '건강', '지키', '단돈', '구성', '옥이', '공개', '단순', '구매', '리뷰', '조합', '필요', '따지', '옥이', '건강', '루틴', '루테', '황반', '중심부', '챙기', '기초', '건강', '관리', '토비콤', '포커스', '미니', '모니터', '피로', '위하', '긴급', '회복', '모니터', '맞춤', '배치', '챙기']"
2,2,이렇게 맛있는데 건강까지 챙길수 있다고? 멀티비타민 하루구미 #다이소 #다이소템 #다이소신상#비타민 #다이소영양제#오브맘 #shorts 멀티비타민미네랄하루구미#daiso,,,9,1935,1,2026-01-26 13:40:43,https://www.youtube.com/watch?v=hPXnxFwVrWU,이렇게 맛있는데 건강까지 챙길수 있다고 멀티비타민 하루구미 #다이소 #다이소템 #다이소신상#비타민 #다이소영양제#오브맘 #shorts 멀티비타민미네랄하루구미#daiso  ,"['이렇', '맛있', '건강', '챙기', '멀티', '비타민', '하루구미', '멀티', '비타민', '미네랄', '하루', '구미']"
2,2,[다이소영양제] 멜라토닌 #가성비 #영양제,,,12,2110,1,2026-01-20 09:14:03,https://www.youtube.com/watch?v=73yS61i0AQI,다이소영양제 멜라토닌 #가성비 #영양제  ,"['다이소', '영양제', '멜라토닌']"
2,2,다이소 티니핑 영양제가 떳다,"다이소에서 발견한 신상! 티니핑 영양제예요 철분, 칼슘, 비타민, 아르기닌, 면역, 빌베리까지 다양하고 맛도 패션후르츠, 자두, 포도, 복숭아, 딸기, 오렌지망고, 블루베리! 아이들이 사탕처럼 달콤하게 즐기고 부모는 영양까지 챙길 수 있죠 가격은 한 박스 5천 원이라 부담 없어요 아이들 건강 간식, 다이소 티니핑 영양제 확인해보세요","#다이소영양제,#티니핑,#아이간식,#건강간식,#가성비템,#아이와함께,#육아꿀템",5,931,0,2025-09-29 12:39:47,https://www.youtube.com/watch?v=vvBcJmTkEPw,다이소 티니핑 영양제가 떳다 다이소에서 발견한 신상 티니핑 영양제예요 철분 칼슘 비타민 아르기닌 면역 빌베리까지 다양하고 맛도 패션후르츠 자두 포도 복숭아 딸기 오렌지망고 블루베리 아이들이 사탕처럼 달콤하게 즐기고 부모는 영양까지 챙길 수 있죠 가격은 한 박스 5천 원이라 부담 없어요 아이들 건강 간식 다이소 티니핑 영양제 확인해보세요 #다이소영양제#티니핑#아이간식#건강간식#가성비템#아이와함께#육아꿀템,"['다이소', '영양제', '다이소', '발견', '신상', '영양제', '철분', '칼슘', '비타민', '아르기닌', '면역', '빌 베리', '다양', '패션후르츠', '자두', '포도', '복숭아', '딸기', '오렌지', '망고', '블루베리', '아이', '사탕', '즐기', '부모', '영양', '챙기', '가격', '박스', '부담', '아이', '건강', '간식', '다이소', '영양제', '확인']"
2,2,약사가소개한 혈당스파이크 잡는 다이소영양제 ♡대웅녹차카테킨 바나바잎추출물,"다이어트 보조제, 이제 다이소에서 만나보세요! 대웅제약 ✔ 체지방 감소 도움주는 녹차 카테킨 ✔ 식후 혈당 관리에 좋은 바나바잎 추출물 매일 식단 관리만으로는 부족하다고 느끼셨다면, 오늘 영상 꼭 확인하세요! 체지방 감소와 혈당 관리에 도움을 주는 의외의 꿀템을 소개합니다. 운동·식단이 힘든 분들, 다이어트 시작하고 싶으신 분들, 혈당 관리 필요한 분들에게 추천해요! 👉 다이소 다이어트 영양제 리뷰 확인하고, 현명하게 건강 관리하세요!","#다이소,#다이소추천,#다이소다이어트,#다이소영양제,#다이어트보조제,#다이어트템,#다이어트꿀팁,#녹차카테킨,#바나바잎추출물,#혈당관리,#혈당스파이크,#체지방감소,#자취생,#자취생다이어트,#템사녀,#혼자사는여자,#내돈내산,#가성비,#다이어트식단,#다이어트후기,#다이소영양제,#다이어트영양제,#카테킨,#대웅제약",8,3657,3,2025-08-29 01:00:18,https://www.youtube.com/watch?v=IULdHDxOIfA,약사가소개한 혈당스파이크 잡는 다이소영양제 대웅녹차카테킨 바나바잎추출물 다이어트 보조제 이제 다이소에서 만나보세요 대웅제약  체지방 감소 도움주는 녹차 카테킨  식후 혈당 관리에 좋은 바나바잎 추출물 매일 식단 관리만으로는 부족하다고 느끼셨다면 오늘 영상 꼭 확인하세요 체지방 감소와 혈당 관리에 도움을 주는 의외의 꿀템을 소개합니다 운동식단이 힘든 분들 다이어트 시작하고 싶으신 분들 혈당 관리 필요한 분들에게 추천해요  다이소 다이어트 영양제 리뷰 확인하고 현명하게 건강 관리하세요 #다이소#다이소추천#다이소다이어트#다이소영양제#다이어트보조제#다이어트템#다이어트꿀팁#녹차카테킨#바나바잎추출물#혈당관리#혈당스파이크#체지방감소#자취생#자취생다이어트#템사녀#혼자사는여자#내돈내산#가성비#다이어트식단#다이어트후기#다이소영양제#다이어트영양제#카테킨#대웅제약,"['약사', '소개', '혈당', '스파이크', '다이소', '영양제', '대웅', '녹차', '카테킨', '추출물', '다이어트', '보조제', '다이소', '만나', '대웅제약', '체지방', '감소', '도움', '녹차', '카테킨', '식후', '혈당', '관리', '바나바', '추출물', '매일', '식단', '관리', '부족', '느끼', '영상', '확인', '체지방', '감소', '혈당', '관리', '도움', '의외', '소개', '운동', '식단', '힘들', '다이어트', '시작', '혈당', '관리', '필요', '추천', '다이소', '다이어트', '영양제', '리뷰', '확인', '현명', '건강', '관리']"
2,2,엄마한테 설 선물이라고 다이소 영양제를 드리면 좋아하실까? #영양제,"영상의 BGM은 ""Bgm-로봇""의 공식 채널에서 만들어졌습니다! : )",,1871,165057,24,2026-02-15 04:00:50,https://www.youtube.com/watch?v=qQ5SlfKjRZA,엄마한테 설 선물이라고 다이소 영양제를 드리면 좋아하실까 #영양제 영상의 BGM은 Bgm로봇의 공식 채널에서 만들어졌습니다   ,"['엄마', '선물', '다이소', '영양제', '드리', '영상', '로봇', '공식', '채널', '만들']"
2,2,다이소영양제추천 혈압관리도 가능한 코엔자임Q10💯,다이소영양제 퀄리티가 이정도라구요? 혈압관리도 가능한 코엔자임 코큐텐!! 가성비 최고로 365일 부담없이 온가족 섭취 가능한 다이소 영양제 https://vo.la/2Em3Wjz,,0,30,0,2026-03-10 23:59:25,https://www.youtube.com/watch?v=xJDWMeGhkUM,다이소영양제추천 혈압관리도 가능한 코엔자임Q10 다이소영양제 퀄리티가 이정도라구요 혈압관리도 가능한 코엔자임 코큐텐 가성비 최고로 365일 부담없이 온가족 섭취 가능한 다이소 영양제 httpsvola2Em3Wjz ,"['다이소', '영양제', '추천', '혈압', '관리', '가능', '코엔자임', '다이소', '영양제', '퀄리티', '정도', '혈압', '관리', '가능', '코엔자임', '코큐텐', '가성비', '최고', '부담', '가족', '섭취', '가능', '다이소', '영양제']"
2,2,"다이소 5,000원 ​​영양제! 죽어가는 남자의 발기력을 되살린 기적의 세트 | 60대, 70대라면 꼭 봐야 할 제품 | 꺅츄 언니","단돈 5,000원 영양제가 정말 남자의 활력을 바꿀 수 있을까요? 많은 60~70대 남성들이 놓치고 있는 핵심 포인트가 있습니다. 이 영상에서는 호르몬, 혈류, 근육 밸런스와 관련된 기본 원리를 바탕으로 일상에서 실천 가능한 간단한 관리 방법을 소개합니다. 작은 습관 변화가 활력 회복에 어떤 영향을 주는지 함께 살펴봅니다. ※ 본 영상은 일반적인 건강 정보 제공 목적이며, 의학적 진단이나 치료를 대신하지 않습니다.","#남성건강,#중년건강,#활력회복,#건강정보,#시니어건강,#생활습관개선,#웰니스,#자연건강,#호르몬균형,#건강습관",9,192,1,2026-04-05 03:00:08,https://www.youtube.com/watch?v=8tuiJVYcYJk,다이소 5000원 영양제 죽어가는 남자의 발기력을 되살린 기적의 세트  60대 70대라면 꼭 봐야 할 제품  꺅츄 언니 단돈 5000원 영양제가 정말 남자의 활력을 바꿀 수 있을까요 많은 6070대 남성들이 놓치고 있는 핵심 포인트가 있습니다 이 영상에서는 호르몬 혈류 근육 밸런스와 관련된 기본 원리를 바탕으로 일상에서 실천 가능한 간단한 관리 방법을 소개합니다 작은 습관 변화가 활력 회복에 어떤 영향을 주는지 함께 살펴봅니다  본 영상은 일반적인 건강 정보 제공 목적이며 의학적 진단이나 치료를 대신하지 않습니다 #남성건강#중년건강#활력회복#건강정보#시니어건강#생활습관개선#웰니스#자연건강#호르몬균형#건강습관,"['다이소', '영양제', '남자', '발기', '되살리', '기적', '세트', '제품', '꺅츄', '언니', '단돈', '영양제', '남자', '활력', '바꾸', '남성', '놓치', '핵심', '포인트', '영상', '호르몬', '혈류', '근육', '밸런스', '관련', '기본', '원리', '바탕', '일상', '실천', '가능', '관리', '방법', '소개', '습관', '변화', '활력', '회복', '영향', '살피', '영상', '일반', '건강', '정보', '제공', '목적', '의학', '진단', '치료', '대신']"
2,2,약사들이 다이소 싹쓸이 하는 영양제 추천 Top 5   #내나이가어때서 #다이소영양제 #이슈,"💊 약사도 추천한 다이소 영양제 TOP5! 전부 합쳐도 2만 원대?! 약국에서 3만 원짜리 유산균을 단돈 5천 원에?! 비타민C, D, 오메가3, 루테인까지 약사들이 실제 추천하는 다이소 영양제 BEST 5 공개! ✔ 종근당 락토핏 골드 ✔ 일양약품 올데이 비타민C ✔ 대웅제약 닥터베어 비타민D ✔ 닥터베어 프리미엄 rTG 오메가3 ✔ 종근당 루테인 지아잔틴 💡 총 21,000원으로 건강 루틴 끝내기! 약국보다 저렴하고 효과 좋은 영양제 찾는 분이라면 꼭 참고하세요. 👇 댓글로 여러분이 먹는 다이소템도 공유해주세요! 📌 ‘내나이가어때서’ 채널 구독하고 다음 건강템 영상도 챙기세요!","#다이소영양제,#시니어건강,#약사추천템,#다이소꿀템,#건강기능식품,#락토핏,#비타민C,#비타민D,#오메가3,#루테인,#내나이가어때서",5,1375,2,2025-07-09 06:56:13,https://www.youtube.com/watch?v=teAi9iRAxUU,약사들이 다이소 싹쓸이 하는 영양제 추천 Top 5   #내나이가어때서 #다이소영양제 #이슈  약사도 추천한 다이소 영양제 TOP5 전부 합쳐도 2만 원대 약국에서 3만 원짜리 유산균을 단돈 5천 원에 비타민C D 오메가3 루테인까지 약사들이 실제 추천하는 다이소 영양제 BEST 5 공개  종근당 락토핏 골드  일양약품 올데이 비타민C  대웅제약 닥터베어 비타민D  닥터베어 프리미엄 rTG 오메가3  종근당 루테인 지아잔틴  총 21000원으로 건강 루틴 끝내기 약국보다 저렴하고 효과 좋은 영양제 찾는 분이라면 꼭 참고하세요  댓글로 여러분이 먹는 다이소템도 공유해주세요  내나이가어때서 채널 구독하고 다음 건강템 영상도 챙기세요 #다이소영양제#시니어건강#약사추천템#다이소꿀템#건강기능식품#락토핏#비타민C#비타민D#오메가3#루테인#내나이가어때서,"['약사', '다이소', '싹쓸이', '영양제', '추천', '약사', '추천', '다이소', '영양제', '합치', '약국', '유산균', '단돈', '비타민', '오메가', '루테', '약사', '실제', '추천', '다이소', '영양제', '공개', '종근당', '락토핏', '골드', '일양약품', '데이', '비타민', '대웅제약', '닥터', '베어', '비타민', '닥터', '베어', '프리미엄', '오메가', '종근당', '루테', '지아', '잔틴', '건강', '루틴', '끝내', '약국', '저렴하', '효과', '영양제', '참고', '댓글', '여러분', '다이소', '공유', '나이', '어떻', '채널', '구독', '다음', '건강', '영상', '챙기']"
2,2,다이소 영양제 솔직한 내 생각,"*이 컨텐츠는 유료광고를 포함하지 않습니다. [모든 콘텐츠의 초상,성명,영상,캡쳐사진을 무단으로 도용,배포,협의안된 상업적 목적사용을 금지합니다] 📍선 좋아요•구독•알람•댓글 감사합니다! 🔘instagram https://www.instagram.com/sorakim_showhost 🔘business mail estella6323@gmail.com 🔘smartstore https://m.smartstore.naver.com/so_sal",,132,35878,3,2025-09-16 10:14:20,https://www.youtube.com/watch?v=n27zrfqcGHw,다이소 영양제 솔직한 내 생각 이 컨텐츠는 유료광고를 포함하지 않습니다 모든 콘텐츠의 초상성명영상캡쳐사진을 무단으로 도용배포협의안된 상업적 목적사용을 금지합니다 선 좋아요구독알람댓글 감사합니다 instagram httpswwwinstagramcomsorakimshowhost business mail estella6323gmailcom smartstore httpsmsmartstorenavercomsosal ,"['다이소', '영양제', '생각', '컨텐츠', '유료', '광고', '포함', '콘텐츠', '초상', '성명', '영상', '사진', '무단', '도용', '배포', '협의', '상업', '목적', '사용', '금지', '구독', '알람', '댓글', '감사']"
2,2,다이소 영양제 vs 올리브영 영양제  성분표가 다 말해줍니다.,"⚖️ SERA 분석실 | 3호 판결 — 호구 탈출 올리브영 영양제, 성분표 한 번이라도 보셨나요? SERA가 데이터로 판결합니다. ▶ 판결 증거 밀크씨슬 30일분 다이소 5,000원 vs 올리브영 13,000원 핵심 성분 실리마린 함량 동일 → 가격 차이 2.6배 = 마케팅비 + 패키지 ▶ 하지만 주의 일부 제품 부성분 함량 최대 14배 차이 → 브랜드만 보고 사도 안 되고 다이소면 무조건 된다도 아님 → 성분표 직접 비교가 유일한 정답 ▶ SERA 판결 기본 단일 성분 (비타민C, 밀크씨슬 등) → 다이소 충분히 고려 가능 복합 성분 제품 → 성분표 직접 비교 후 결정 ───────────────────────── 🛒 SERA가 고른 가성비 영양제 (쿠팡파트너스) ▶ 가성비 밀크씨슬 → https://link.coupang.com/a/dHd95BB4FM ▶ 가성비 비타민D → https://link.coupang.com/a/dHecK9rGYC ※ 쿠팡파트너스 활동으로 소정 수수료 발생 ───────────────────────── ※ 개인 건강 상태에 따라 결과가 다를 수 있습니다. 영양제 선택 전 전문가 상담을 권장합니다. 출처: 오픈서베이 건강기능식품 트렌드 리포트 2026 소셜타임스 영양제 성분비교분석 (2025) 식품의약품안전처 건강기능식품 기준","#002,#다이소영양제,#올리브영영양제,#영양제비교,#호구탈출,#SERA분석실,#가성비영양제,#건강기능식품,#성분표보는법,#영양제추천,#다이소추천,#비타민,#밀크씨슬",9,1658,1,2026-05-12 22:00:53,https://www.youtube.com/watch?v=q7P12S7z1SA,다이소 영양제 vs 올리브영 영양제  성분표가 다 말해줍니다  SERA 분석실  3호 판결  호구 탈출 올리브영 영양제 성분표 한 번이라도 보셨나요 SERA가 데이터로 판결합니다  판결 증거 밀크씨슬 30일분 다이소 5000원 vs 올리브영 13000원 핵심 성분 실리마린 함량 동일  가격 차이 26배  마케팅비  패키지  하지만 주의 일부 제품 부성분 함량 최대 14배 차이  브랜드만 보고 사도 안 되고 다이소면 무조건 된다도 아님  성분표 직접 비교가 유일한 정답  SERA 판결 기본 단일 성분 비타민C 밀크씨슬 등  다이소 충분히 고려 가능 복합 성분 제품  성분표 직접 비교 후 결정   SERA가 고른 가성비 영양제 쿠팡파트너스  가성비 밀크씨슬  httpslinkcoupangcomadHd95BB4FM  가성비 비타민D  httpslinkcoupangcomadHecK9rGYC  쿠팡파트너스 활동으로 소정 수수료 발생   개인 건강 상태에 따라 결과가 다를 수 있습니다 영양제 선택 전 전문가 상담을 권장합니다 출처 오픈서베이 건강기능식품 트렌드 리포트 2026 소셜타임스 영양제 성분비교분석 2025 식품의약품안전처 건강기능식품 기준 #002#다이소영양제#올리브영영양제#영양제비교#호구탈출#SERA분석실#가성비영양제#건강기능식품#성분표보는법#영양제추천#다이소추천#비타민#밀크씨슬,"['다이소', '영양제', '올리브', '영양제', '성분', '분석실', '판결', '호구', '탈출', '올리브', '영양제', '성분', '데이터', '판결', '판결', '증거', '밀크', '다이소', '올리브', '핵심', '성분', '함량', '동일', '가격', '차이', '마케팅', '패키지', '일부', '제품', '성분', '함량', '최대', '차이', '브랜드', '다이소', '아니', '성분', '비교', '유일', '정답', '판결', '기본', '단일', '성분', '비타민', '밀크', '다이소', '고려', '가능', '복합', '성분', '제품', '성분', '비교', '결정', '고르', '가성비', '영양제', '쿠팡', '파트너스', '가성비', '밀크', '가성비', '비타민', '쿠팡', '파트너스', '활동', '소정', '수수료', '발생', '개인', '건강', '상태', '따르', '결과', '다르', '영양제', '선택', '전문가', '상담', '권장', '출처', '오픈', '서베이', '건강', '기능', '식품', '트렌드', '리포트', '소셜', '타임스', '영양제', '성분', '비교', '분석', '식품', '의약품', '안전처', '건강', '기능', '식품', '기준']"
2,2,다이소 신상 | 티니핑이 다이소 점령🔥,"다이소 건강식품 신상으로 티니핑젤리스틱이 나왔습니다! 다이소 갔다가 깜짝 놀랐어요 ㅋㅋㅋ🔥 5천원에 12포 들었습니다! 캐릭터별로 다 다른 영양소를 챙길 수 있고, 젤리스틱이라 먹기 너무 편했어요ㅎㅎ 가끔 간식으로 하나씩 먹어도 좋을 것 같아요✨ 맛있다고 한번에 여러개 드시면안됩니다! 예전에 영양제 한번에 다 먹었다가 하루종일 화장실 갔어요,, ㅋㅋ건강에 좋아도 본인한테 맞게 드세요! 하루 1포💖","#티니핑,#다이소티니핑,#다이소,#다이소신상,#신상,#젤리스틱,#daiso,#daisokorea,#다이소추천,#다이소건강식품,#하츄핑,#반짝핑,#오로라핑",100,12671,8,2025-10-01 10:14:46,https://www.youtube.com/watch?v=u8GqAUGBqm0,다이소 신상  티니핑이 다이소 점령 다이소 건강식품 신상으로 티니핑젤리스틱이 나왔습니다 다이소 갔다가 깜짝 놀랐어요  5천원에 12포 들었습니다 캐릭터별로 다 다른 영양소를 챙길 수 있고 젤리스틱이라 먹기 너무 편했어요 가끔 간식으로 하나씩 먹어도 좋을 것 같아요 맛있다고 한번에 여러개 드시면안됩니다 예전에 영양제 한번에 다 먹었다가 하루종일 화장실 갔어요 건강에 좋아도 본인한테 맞게 드세요 하루 1포 #티니핑#다이소티니핑#다이소#다이소신상#신상#젤리스틱#daiso#daisokorea#다이소추천#다이소건강식품#하츄핑#반짝핑#오로라핑,"['다이소', '신상', '다이소', '점령', '다이소', '건강식품', '신상', '젤리', '스틱', '나오', '다이소', '놀라', '캐릭터', '영양소', '챙기', '젤리', '스틱', '편하', '간식', '하나', '맛있', '드시', '예전', '영양제', '하루', '종일', '화장실', '건강', '본인', '드세', '하루']"
2,2,"다이소 1,000원 영양제, 그냥 꽂으면 식물 다 죽습니다! (제대로 쓰는 법)","안녕하세요! 포항에서 식물을 고치는 식물의사 김원장입니다. 🚛🌿 집집마다 화분에 하나씩 꽂혀있는 그 '초록색 앰플 영양제'! 천 원의 행복이라 불리지만, 잘못 쓰면 우리 귀한 식물 잡는 '독약'이 될 수도 있다는 사실, 알고 계셨나요? 식물이 왜 영양제를 꽂아도 시들시들한지, 왜 잎끝이 타들어 가는지! 그 과학적인 이유와 함께, 죽어가던 식물도 춤추게 만드는 김원장만의 '국밥식 영양제 급여법'을 공개합니다. [오늘 영상의 핵심 요약] 00:00 1,000원 영양제, 그냥 꽂으면 '독'이 되는 이유 💉 00:52 마른 흙에 꽂으면 뿌리 '화상' 입습니다 (농도 장애) 🔥 01:38 꽂아두면 안 나오는 이유 & '편식'하는 식물 🍱 02:32 식물의사 김원장의 비법! '국밥식' 영양제 급여법 🍚 02:41 영양제 200% 효과 보는 '희석 비율' 대공개! 🧪 03:44 [주의] 다육이는 이렇게 하세요 ⚠️ 04:00 요약 및 포항 식물의사 김원장 상담 안내 🚛 영상을 보시고 궁금한 점이 있거나, 우리 집 식물이 이상하다 싶으면 언제든 댓글 남겨주세요! 포항 사장님들은 죽도시장 미래농약종묘사로 직접 찾아오셔도 환영합니다. ^^ 구독과 좋아요는 김원장이 더 좋은 정보를 나누는 데 큰 힘이 됩니다! 🔔","#식물영양제,#다이소영양제,#식물키우기,#홈가드닝,#가드닝팁,#식물의사김원장,#포항종묘사,#화초키우기,#비료주는법,#다육이영양제,#반려식물,#나르겐",17,446,0,2026-02-18 10:01:19,https://www.youtube.com/watch?v=uO5stxpArak,다이소 1000원 영양제 그냥 꽂으면 식물 다 죽습니다 제대로 쓰는 법 안녕하세요 포항에서 식물을 고치는 식물의사 김원장입니다  집집마다 화분에 하나씩 꽂혀있는 그 초록색 앰플 영양제 천 원의 행복이라 불리지만 잘못 쓰면 우리 귀한 식물 잡는 독약이 될 수도 있다는 사실 알고 계셨나요 식물이 왜 영양제를 꽂아도 시들시들한지 왜 잎끝이 타들어 가는지 그 과학적인 이유와 함께 죽어가던 식물도 춤추게 만드는 김원장만의 국밥식 영양제 급여법을 공개합니다 오늘 영상의 핵심 요약 0000 1000원 영양제 그냥 꽂으면 독이 되는 이유  0052 마른 흙에 꽂으면 뿌리 화상 입습니다 농도 장애  0138 꽂아두면 안 나오는 이유  편식하는 식물  0232 식물의사 김원장의 비법 국밥식 영양제 급여법  0241 영양제 200 효과 보는 희석 비율 대공개  0344 주의 다육이는 이렇게 하세요  0400 요약 및 포항 식물의사 김원장 상담 안내  영상을 보시고 궁금한 점이 있거나 우리 집 식물이 이상하다 싶으면 언제든 댓글 남겨주세요 포항 사장님들은 죽도시장 미래농약종묘사로 직접 찾아오셔도 환영합니다  구독과 좋아요는 김원장이 더 좋은 정보를 나누는 데 큰 힘이 됩니다  #식물영양제#다이소영양제#식물키우기#홈가드닝#가드닝팁#식물의사김원장#포항종묘사#화초키우기#비료주는법#다육이영양제#반려식물#나르겐,"['다이소', '영양제', '식물', '안녕', '포항', '식물', '고치', '식물', '의사', '원장', '집집', '화분', '하나', '꽂히', '초록색', '앰플', '영양제', '행복', '불리', '우리', '귀하', '식물', '독약', '사실', '계시', '식물', '영양제', '타들', '과학', '이유', '식물', '춤추', '만들', '원장', '국밥', '영양제', '급여', '공개', '영상', '핵심', '요약', '영양제', '이유', '마르', '뿌리', '화상', '농도', '장애', '나오', '이유', '편식', '식물', '식물', '의사', '원장', '비법', '국밥', '영양제', '급여', '영양제', '효과', '희석', '비율', '공개', '주의', '이렇', '요약', '포항', '식물', '의사', '원장', '상담', '안내', '영상', '우리', '식물', '이상', '언제', '댓글', '남기', '포항', '사장', '죽도시장', '미래', '농약', '묘사', '찾아오', '환영', '구독', '원장', '정보', '나누']"
2,2,다이소 영양제 쿠팡 이달의 핫템 - 댓글이 다 말해줌,"가장 많이팔린 다이소 영양제 영상 속 다이소 영양제 구매링크: https://link.coupang.com/a/cZK6jI 이 포스팅은 쿠팡파트너스 활동의 일환으로, 이에 따른 일정액의 수수료를 제공받습니다. 1위 : 다이소 대웅제약 건강식품 눈 건강 & 혈행 개선 3종 세트 오메가3 / 코엔자임 Q10 / 멀티비타민 미네랄 가격 : 25,300원 링크 : https://link.coupang.com/a/cZK6jI 2위 : 다이소 대웅제약 건강식품 뼈 건강 올인원 3종 세트 칼슘 / 칼슘 마그네슘 비타민D / 비타민D 가격 : 22,900원 링크 : https://link.coupang.com/a/cZK6jL 3위 : 다이소 대웅제약 건강식품 여성 데일리 루틴 4종세트 철분 / 코엔자임 Q10 / 비타민D / 락토핏 골드 가격 : 26,600원 링크 : https://link.coupang.com/a/cZK6jM 4위 : 다이소 대웅제약 건강식품 남성 건강 활력 3종 세트 쏘팔메토 / 멀티비타민 미네랄 / 오메가3 가격 : 25,300원 링크 : https://link.coupang.com/a/cZK6jN 5위 : 다이소 대웅제약 건강식품 면역력 집중 3종 세트 프로폴리스 / 비타민D / 락토핏 골드 가격 : 22,900원 링크 : https://link.coupang.com/a/cZK6jP 6위 : 다이소 대웅제약 건강식품 어린이 성장 비타민 2종 멀티비타민 키즈 / 칼슘 마그네슘 키즈 가격 : 19,200원 링크 : https://link.coupang.com/a/cZK6jT 7위 : 다이소 대웅제약 건강식품 시니어종합 케어 5종 세트 멀티비타민 / 오메가3 / 칼슘 / 코엔자임 Q10 / 비타민D 가격 : 35,200원 링크 : https://link.coupang.com/a/cZK6jW 8위 : 다이소 비타민B 대웅제약 가격 : 18,900원 링크 : https://link.coupang.com/a/cZK6jY 9위 : 다이소 대웅제약 건강식품 가족 종합 건강 세트 (5종) 멀티비타민비네랄 / 비타민D / 오메가3 / 칼슘마그네슘D(키즈) / 랏토핏 골드 가격 : 35,200원 링크 : https://link.coupang.com/a/cZK6j0 10위 : 다이소 비타민B 대웅제약 가격 : 9,900원 링크 : https://link.coupang.com/a/cZK6j2 감사합니다.",,0,13,1,2025-10-29 09:28:42,https://www.youtube.com/watch?v=nj7kRvT6P-A,다이소 영양제 쿠팡 이달의 핫템  댓글이 다 말해줌 가장 많이팔린 다이소 영양제 영상 속 다이소 영양제 구매링크 httpslinkcoupangcomacZK6jI 이 포스팅은 쿠팡파트너스 활동의 일환으로 이에 따른 일정액의 수수료를 제공받습니다 1위  다이소 대웅제약 건강식품 눈 건강  혈행 개선 3종 세트 오메가3  코엔자임 Q10  멀티비타민 미네랄 가격  25300원 링크  httpslinkcoupangcomacZK6jI 2위  다이소 대웅제약 건강식품 뼈 건강 올인원 3종 세트 칼슘  칼슘 마그네슘 비타민D  비타민D 가격  22900원 링크  httpslinkcoupangcomacZK6jL 3위  다이소 대웅제약 건강식품 여성 데일리 루틴 4종세트 철분  코엔자임 Q10  비타민D  락토핏 골드 가격  26600원 링크  httpslinkcoupangcomacZK6jM 4위  다이소 대웅제약 건강식품 남성 건강 활력 3종 세트 쏘팔메토  멀티비타민 미네랄  오메가3 가격  25300원 링크  httpslinkcoupangcomacZK6jN 5위  다이소 대웅제약 건강식품 면역력 집중 3종 세트 프로폴리스  비타민D  락토핏 골드 가격  22900원 링크  httpslinkcoupangcomacZK6jP 6위  다이소 대웅제약 건강식품 어린이 성장 비타민 2종 멀티비타민 키즈  칼슘 마그네슘 키즈 가격  19200원 링크  httpslinkcoupangcomacZK6jT 7위  다이소 대웅제약 건강식품 시니어종합 케어 5종 세트 멀티비타민  오메가3  칼슘  코엔자임 Q10  비타민D 가격  35200원 링크  httpslinkcoupangcomacZK6jW 8위  다이소 비타민B 대웅제약 가격  18900원 링크  httpslinkcoupangcomacZK6jY 9위  다이소 대웅제약 건강식품 가족 종합 건강 세트 5종 멀티비타민비네랄  비타민D  오메가3  칼슘마그네슘D키즈  랏토핏 골드 가격  35200원 링크  httpslinkcoupangcomacZK6j0 10위  다이소 비타민B 대웅제약 가격  9900원 링크  httpslinkcoupangcomacZK6j2 감사합니다 ,"['다이소', '영양제', '쿠팡', '이달', '댓글', '팔리', '다이소', '영양제', '영상', '다이소', '영양제', '구매', '링크', '포스팅', '쿠팡', '파트너스', '활동', '일환', '따르', '일정액', '수수료', '제공', '대웅제약', '건강식품', '건강', '개선', '세트', '오메가', '코엔자임', '멀티', '비타민', '미네랄', '가격', '링크', '다이소', '대웅제약', '건강식품', '건강', '인원', '세트', '칼슘', '칼슘', '마그네슘', '비타민', '비타민', '가격', '링크', '다이소', '대웅제약', '건강식품', '여성', '데일리', '루틴', '세트', '철분', '코엔자임', '비타민', '락토핏', '골드', '가격', '링크', '다이소', '대웅제약', '건강식품', '남성', '건강', '활력', '세트', '쏘팔메토', '멀티', '비타민', '미네랄', '오메가', '가격', '링크', '다이소', '대웅제약', '건강식품', '면역력', '세트', '프로폴리스', '비타민', '락토핏', '골드', '가격', '링크', '다이소', '대웅제약', '건강식품', '어린이', '성장', '비타민', '멀티', '비타민', '키즈', '칼슘', '마그네슘', '키즈', '가격', '링크', '다이소', '대웅제약', '건강식품', '시니어', '종합', '케어', '세트', '멀티', '비타민', '오메가', '칼슘', '코엔자임', '비타민', '가격', '링크', '다이소', '비타민', '대웅제약', '가격', '링크', '다이소', '대웅제약', '건강식품', '가족', '종합', '건강', '세트', '멀티', '비타민', '비타민', '오메가', '칼슘', '마그네슘', '키즈', '랏토핏', '골드', '가격', '링크', '다이소', '비타민', '대웅제약', '가격', '링크', '감사']"
2,2,다이소 영양제 쿠팡에서 대세 꿀템 BEST 10,"가장 많이팔린 다이소 영양제 영상 속 다이소 영양제 구매링크: https://link.coupang.com/a/cCaSBg 이 포스팅은 쿠팡파트너스 활동의 일환으로, 이에 따른 일정액의 수수료를 제공받습니다. 1위 : 다이소 대웅제약 건강식품 남성 건강 활력 3종 세트 쏘팔메토 / 멀티비타민 미네랄 / 오메가3, 1개 가격 : 25,300원 링크 : https://link.coupang.com/a/cCaSBg 2위 : 위타민 에너지 스트레스 피로개선 올인원영양제 30회분, 1박스 가격 : 64,900원 링크 : https://link.coupang.com/a/cCaSGr 3위 : 모리앤 종합 식물영양제 10p, 350ml, 1개 가격 : 2,250원 링크 : https://link.coupang.com/a/cCaSLG 4위 : 다이소 대웅제약 건강식품 면역력 집중 3종 세트 프로폴리스 / 비타민D / 락토핏 골드, 1개 가격 : 22,900원 링크 : https://link.coupang.com/a/cCaSP2 5위 : 하루영양365 17종비타민미네랄을 한번에 지친일상에 활력을주는 최적의 배합 영양제, 1개, 90정 가격 : 38,000원 링크 : https://link.coupang.com/a/cCaSU4 6위 : 휘트니스 식염포도당 1000정, 1개 가격 : 10,800원 링크 : https://link.coupang.com/a/cCaSZ0 7위 : 다이소 대웅제약 건강식품 시니어종합 케어 5종 세트 멀티비타민 / 오메가3 / 칼슘 / 코엔자임 Q10 / 비타민D, 1개 가격 : 35,200원 링크 : https://link.coupang.com/a/cCaS5y 8위 : 탐사 전식물용 앰플영양제 40p | 토양활력제 10p 가격 : 8,590원 링크 : https://link.coupang.com/a/cCaTcY 9위 : 다이소 대웅제약 건강식품 프리미엄 건강 통합 세트 (6종) 멀티비타민 / 오메가3 / 철분 / 가르시니아 / 유산균 / 비타민D, 1개 가격 : 38,900원 링크 : https://link.coupang.com/a/cCaThH 10위 : 천혜당 심염포도당 1000정 여름작업 운동 야외활동, 1개 가격 : 12,000원 링크 : https://link.coupang.com/a/cCaTmF 감사합니다.",,0,8,1,2025-07-01 01:47:02,https://www.youtube.com/watch?v=Fej7C2ndSfU,다이소 영양제 쿠팡에서 대세 꿀템 BEST 10 가장 많이팔린 다이소 영양제 영상 속 다이소 영양제 구매링크 httpslinkcoupangcomacCaSBg 이 포스팅은 쿠팡파트너스 활동의 일환으로 이에 따른 일정액의 수수료를 제공받습니다 1위  다이소 대웅제약 건강식품 남성 건강 활력 3종 세트 쏘팔메토  멀티비타민 미네랄  오메가3 1개 가격  25300원 링크  httpslinkcoupangcomacCaSBg 2위  위타민 에너지 스트레스 피로개선 올인원영양제 30회분 1박스 가격  64900원 링크  httpslinkcoupangcomacCaSGr 3위  모리앤 종합 식물영양제 10p 350ml 1개 가격  2250원 링크  httpslinkcoupangcomacCaSLG 4위  다이소 대웅제약 건강식품 면역력 집중 3종 세트 프로폴리스  비타민D  락토핏 골드 1개 가격  22900원 링크  httpslinkcoupangcomacCaSP2 5위  하루영양365 17종비타민미네랄을 한번에 지친일상에 활력을주는 최적의 배합 영양제 1개 90정 가격  38000원 링크  httpslinkcoupangcomacCaSU4 6위  휘트니스 식염포도당 1000정 1개 가격  10800원 링크  httpslinkcoupangcomacCaSZ0 7위  다이소 대웅제약 건강식품 시니어종합 케어 5종 세트 멀티비타민  오메가3  칼슘  코엔자임 Q10  비타민D 1개 가격  35200원 링크  httpslinkcoupangcomacCaS5y 8위  탐사 전식물용 앰플영양제 40p  토양활력제 10p 가격  8590원 링크  httpslinkcoupangcomacCaTcY 9위  다이소 대웅제약 건강식품 프리미엄 건강 통합 세트 6종 멀티비타민  오메가3  철분  가르시니아  유산균  비타민D 1개 가격  38900원 링크  httpslinkcoupangcomacCaThH 10위  천혜당 심염포도당 1000정 여름작업 운동 야외활동 1개 가격  12000원 링크  httpslinkcoupangcomacCaTmF 감사합니다 ,"['다이소', '영양제', '쿠팡', '대세', '팔리', '다이소', '영양제', '영상', '다이소', '영양제', '구매', '링크', '포스팅', '쿠팡', '파트너스', '활동', '일환', '따르', '일정액', '수수료', '제공', '대웅제약', '건강식품', '남성', '건강', '활력', '세트', '쏘팔메토', '멀티', '비타민', '미네랄', '오메가', '가격', '링크', '위타민', '에너지', '스트레스', '피로', '개선', '인원', '영양제', '박스', '가격', '링크', '모리앤', '종합', '식물', '영양제', '가격', '링크', '대웅제약', '건강식품', '면역력', '세트', '프로폴리스', '비타민', '락토핏', '골드', '가격', '링크', '하루', '영양', '비타민', '미네랄', '지치', '일상', '활력', '최적', '배합', '영양제', '가격', '링크', '휘트니스', '식염', '포도당', '가격', '링크', '대웅제약', '건강식품', '시니어', '종합', '케어', '세트', '멀티', '비타민', '오메가', '칼슘', '코엔자임', '비타민', '가격', '링크', '탐사', '식물', '앰플', '영양제', '토양', '활력', '가격', '링크', '대웅제약', '건강식품', '프리미엄', '건강', '통합', '세트', '멀티', '비타민', '오메가', '철분', '가르', '유산균', '비타민', '가격', '링크', '천혜', '포도당', '여름', '작업', '운동', '야외', '활동', '가격', '링크', '감사']"
2,2,🎀다이소영양제,,,1,123,0,2025-10-17 03:50:50,https://www.youtube.com/watch?v=UP6xvhPEims,다이소영양제  ,"['다이소', '영양제']"
2,2,다이소 영양제 쿠팡 생활 꿀템 - 찐 후기만 모았습니다,"가장 많이팔린 다이소 영양제 이 포스팅은 쿠팡파트너스 활동의 일환으로, 이에 따른 일정액의 수수료를 제공받습니다. https://link.coupang.com/a/cVqVXX 1위 : 다이소 대웅제약 건강식품 눈 건강 & 혈행 개선 3종 세트 오메가3 / 코엔자임 Q10 / 멀티비타민 미네랄 가격 : 25,300원 링크 : https://link.coupang.com/a/cVqVXX 2위 : 다이소 대웅제약 건강식품 뼈 건강 올인원 3종 세트 칼슘 / 칼슘 마그네슘 비타민D / 비타민D 가격 : 22,900원 링크 : https://link.coupang.com/a/cVqVXY 3위 : 다이소 대웅제약 건강식품 여성 데일리 루틴 4종세트 철분 / 코엔자임 Q10 / 비타민D / 락토핏 골드 가격 : 26,600원 링크 : https://link.coupang.com/a/cVqVXZ 4위 : 다이소 대웅제약 건강식품 남성 건강 활력 3종 세트 쏘팔메토 / 멀티비타민 미네랄 / 오메가3 가격 : 25,300원 링크 : https://link.coupang.com/a/cVqVX0 5위 : 다이소 대웅제약 건강식품 가족 종합 건강 세트 (5종) 멀티비타민비네랄 / 비타민D / 오메가3 / 칼슘마그네슘D(키즈) / 랏토핏 골드 가격 : 35,200원 링크 : https://link.coupang.com/a/cVqVX1 6위 : 다이소 대웅제약 건강식품 면역력 집중 3종 세트 프로폴리스 / 비타민D / 락토핏 골드 가격 : 22,900원 링크 : https://link.coupang.com/a/cVqVX2 7위 : 다이소 비타민C 대웅제약 가격 : 25,900원 링크 : https://link.coupang.com/a/cVqVX3 8위 : 다이소 대웅제약 건강식품 시니어종합 케어 5종 세트 멀티비타민 / 오메가3 / 칼슘 / 코엔자임 Q10 / 비타민D 가격 : 35,200원 링크 : https://link.coupang.com/a/cVqVX4 ⭐️ 특별 혜택 링크 https://temu.to/k/glb5f443d8e 을(를) 탭하고 최고 품질의 상품을 초저가로 만나보세요. 🛍️ 이렇게 파격적인 혜택은 오직 Temu에서만 제공됩니다. 지금 쇼핑하고 큰 할인을 받으세요! ⭐️ 당신을 위한 또 다른 놀라움! 저와 함께 수익을 얻으시려면 https://temu.to/k/g7a19moq5z4 을 클릭하세요! 감사합니다.",,0,3,1,2025-10-09 02:14:37,https://www.youtube.com/watch?v=kXDxETr2bqY,다이소 영양제 쿠팡 생활 꿀템  찐 후기만 모았습니다 가장 많이팔린 다이소 영양제 이 포스팅은 쿠팡파트너스 활동의 일환으로 이에 따른 일정액의 수수료를 제공받습니다 httpslinkcoupangcomacVqVXX 1위  다이소 대웅제약 건강식품 눈 건강  혈행 개선 3종 세트 오메가3  코엔자임 Q10  멀티비타민 미네랄 가격  25300원 링크  httpslinkcoupangcomacVqVXX 2위  다이소 대웅제약 건강식품 뼈 건강 올인원 3종 세트 칼슘  칼슘 마그네슘 비타민D  비타민D 가격  22900원 링크  httpslinkcoupangcomacVqVXY 3위  다이소 대웅제약 건강식품 여성 데일리 루틴 4종세트 철분  코엔자임 Q10  비타민D  락토핏 골드 가격  26600원 링크  httpslinkcoupangcomacVqVXZ 4위  다이소 대웅제약 건강식품 남성 건강 활력 3종 세트 쏘팔메토  멀티비타민 미네랄  오메가3 가격  25300원 링크  httpslinkcoupangcomacVqVX0 5위  다이소 대웅제약 건강식품 가족 종합 건강 세트 5종 멀티비타민비네랄  비타민D  오메가3  칼슘마그네슘D키즈  랏토핏 골드 가격  35200원 링크  httpslinkcoupangcomacVqVX1 6위  다이소 대웅제약 건강식품 면역력 집중 3종 세트 프로폴리스  비타민D  락토핏 골드 가격  22900원 링크  httpslinkcoupangcomacVqVX2 7위  다이소 비타민C 대웅제약 가격  25900원 링크  httpslinkcoupangcomacVqVX3 8위  다이소 대웅제약 건강식품 시니어종합 케어 5종 세트 멀티비타민  오메가3  칼슘  코엔자임 Q10  비타민D 가격  35200원 링크  httpslinkcoupangcomacVqVX4  특별 혜택 링크 httpstemutokglb5f443d8e 을를 탭하고 최고 품질의 상품을 초저가로 만나보세요  이렇게 파격적인 혜택은 오직 Temu에서만 제공됩니다 지금 쇼핑하고 큰 할인을 받으세요  당신을 위한 또 다른 놀라움 저와 함께 수익을 얻으시려면 httpstemutokg7a19moq5z4 을 클릭하세요 감사합니다 ,"['다이소', '영양제', '쿠팡', '생활', '후기', '모으', '팔리', '다이소', '영양제', '포스팅', '쿠팡', '파트너스', '활동', '일환', '따르', '일정액', '수수료', '제공', '대웅제약', '건강식품', '건강', '개선', '세트', '오메가', '코엔자임', '멀티', '비타민', '미네랄', '가격', '링크', '대웅제약', '건강식품', '건강', '인원', '세트', '칼슘', '칼슘', '마그네슘', '비타민', '비타민', '가격', '링크', '대웅제약', '건강식품', '여성', '데일리', '루틴', '세트', '철분', '코엔자임', '비타민', '락토핏', '골드', '가격', '링크', '대웅제약', '건강식품', '남성', '건강', '활력', '세트', '쏘팔메토', '멀티', '비타민', '미네랄', '오메가', '가격', '링크', '대웅제약', '건강식품', '가족', '종합', '건강', '세트', '멀티', '비타민', '비타민', '오메가', '칼슘', '마그네슘', '키즈', '랏토핏', '골드', '가격', '링크', '대웅제약', '건강식품', '면역력', '세트', '프로폴리스', '비타민', '락토핏', '골드', '가격', '링크', '다이소', '비타민', '대웅제약', '가격', '링크', '대웅제약', '건강식품', '시니어', '종합', '케어', '세트', '멀티', '비타민', '오메가', '칼슘', '코엔자임', '비타민', '가격', '링크', '특별', '혜택', '링크', '최고', '품질', '상품', '저가', '만나', '이렇', '파격', '혜택', '제공', '쇼핑', '할인', '당신', '위하', '놀랍', '수익', '클릭', '감사']"
2,2,다이소까지 점령한 티니핑..?✨✨ #shorts #티니핑 #다이소추천템,ekejaqlsek@naver.com @sarnai_beauty,"#다이소추천템,#다이소티니핑,#다이소영양제,#어린이철분제,#다이소꿀템",0,524,0,2025-10-14 13:21:41,https://www.youtube.com/watch?v=VUugcdy7P0Q,다이소까지 점령한 티니핑 #shorts #티니핑 #다이소추천템 ekejaqlseknavercom sarnaibeauty #다이소추천템#다이소티니핑#다이소영양제#어린이철분제#다이소꿀템,"['다이소', '점령', '티니핑']"
2,2,적심한 바닐라비스 뿌리 빨리내리기 물꽂이로 다육이뿌리내리기 다이소다육이영양제효과 초보다육 추천다육,,,0,301,0,2025-05-17 07:42:22,https://www.youtube.com/watch?v=Z7YDr4XmVCE,적심한 바닐라비스 뿌리 빨리내리기 물꽂이로 다육이뿌리내리기 다이소다육이영양제효과 초보다육 추천다육  ,"['바닐라', '비스', '뿌리', '내리', '꽂이', '뿌리', '내리', '소다', '영양제', '효과', '추천']"
2,2,다이소 비타민c 영양제 쿠팡 베스트셀러 꿀템 BEST 10,"가장 많이팔린 다이소 비타민c 영양제 이 포스팅은 쿠팡파트너스 활동의 일환으로, 이에 따른 일정액의 수수료를 제공받습니다. https://link.coupang.com/a/cUDU8Y 1위 : 이너랩 상큼한 츄어블 비타민C 500, 60정, 2개 가격 : 22,500원 링크 : https://link.coupang.com/a/cUDU8Y 2위 : 이너랩 상큼한 츄어블 비타민C 500, 60정, 1개 가격 : 11,400원 링크 : https://link.coupang.com/a/cUDU8Z 3위 : 동국제약 마데카 리포좀 비타민C 가격 : 6,660원 링크 : https://link.coupang.com/a/cUDU82 4위 : 동국제약 마데카 리포좀 비타민C 가격 : 29,200원 링크 : https://link.coupang.com/a/cUDU84 5위 : 동국제약 마데카 리포좀 비타민C 가격 : 16,700원 링크 : https://link.coupang.com/a/cUDU85 6위 : 동국제약 마데카 리포좀 비타민C 가격 : 33,680원 링크 : https://link.coupang.com/a/cUDU86 7위 : 헬퍼장 츄어블 비타민 C 플러스 영양제, 180정, 1개 가격 : 13,900원 링크 : https://link.coupang.com/a/cUDU87 8위 : 동국제약 마데카 리포좀 비타민C 가격 : 22,250원 링크 : https://link.coupang.com/a/cUDU88 9위 : 동국제약 마데카 리포좀 비타민C 가격 : 67,300원 링크 : https://link.coupang.com/a/cUDU89 10위 : 다이소 비타민C 대웅제약 가격 : 17,900원 링크 : https://link.coupang.com/a/cUDU9a ⭐️ 특별 혜택 링크 https://temu.to/k/glb5f443d8e 을(를) 탭하고 최고 품질의 상품을 초저가로 만나보세요. 🛍️ 이렇게 파격적인 혜택은 오직 Temu에서만 제공됩니다. 지금 쇼핑하고 큰 할인을 받으세요! ⭐️ 당신을 위한 또 다른 놀라움! 저와 함께 수익을 얻으시려면 https://temu.to/k/g7a19moq5z4 을 클릭하세요! 감사합니다.",,0,2,1,2025-10-03 19:20:17,https://www.youtube.com/watch?v=dqZqzUfMr9o,다이소 비타민c 영양제 쿠팡 베스트셀러 꿀템 BEST 10 가장 많이팔린 다이소 비타민c 영양제 이 포스팅은 쿠팡파트너스 활동의 일환으로 이에 따른 일정액의 수수료를 제공받습니다 httpslinkcoupangcomacUDU8Y 1위  이너랩 상큼한 츄어블 비타민C 500 60정 2개 가격  22500원 링크  httpslinkcoupangcomacUDU8Y 2위  이너랩 상큼한 츄어블 비타민C 500 60정 1개 가격  11400원 링크  httpslinkcoupangcomacUDU8Z 3위  동국제약 마데카 리포좀 비타민C 가격  6660원 링크  httpslinkcoupangcomacUDU82 4위  동국제약 마데카 리포좀 비타민C 가격  29200원 링크  httpslinkcoupangcomacUDU84 5위  동국제약 마데카 리포좀 비타민C 가격  16700원 링크  httpslinkcoupangcomacUDU85 6위  동국제약 마데카 리포좀 비타민C 가격  33680원 링크  httpslinkcoupangcomacUDU86 7위  헬퍼장 츄어블 비타민 C 플러스 영양제 180정 1개 가격  13900원 링크  httpslinkcoupangcomacUDU87 8위  동국제약 마데카 리포좀 비타민C 가격  22250원 링크  httpslinkcoupangcomacUDU88 9위  동국제약 마데카 리포좀 비타민C 가격  67300원 링크  httpslinkcoupangcomacUDU89 10위  다이소 비타민C 대웅제약 가격  17900원 링크  httpslinkcoupangcomacUDU9a  특별 혜택 링크 httpstemutokglb5f443d8e 을를 탭하고 최고 품질의 상품을 초저가로 만나보세요  이렇게 파격적인 혜택은 오직 Temu에서만 제공됩니다 지금 쇼핑하고 큰 할인을 받으세요  당신을 위한 또 다른 놀라움 저와 함께 수익을 얻으시려면 httpstemutokg7a19moq5z4 을 클릭하세요 감사합니다 ,"['다이소', '비타민', '영양제', '쿠팡', '베스트셀러', '팔리', '다이소', '비타민', '영양제', '포스팅', '쿠팡', '파트너스', '활동', '일환', '따르', '일정액', '수수료', '제공', '이너', '츄어블', '비타민', '가격', '링크', '이너', '츄어블', '비타민', '가격', '링크', '동국', '제약', '마데카', '리포', '비타민', '가격', '링크', '동국', '제약', '마데카', '리포', '비타민', '가격', '링크', '동국', '제약', '마데카', '리포', '비타민', '가격', '링크', '동국', '제약', '마데카', '리포', '비타민', '가격', '링크', '헬퍼', '츄어블', '비타민', '플러스', '영양제', '가격', '링크', '동국', '제약', '마데카', '리포', '비타민', '가격', '링크', '동국', '제약', '마데카', '리포', '비타민', '가격', '링크', '다이소', '비타민', '대웅제약', '가격', '링크', '특별', '혜택', '링크', '최고', '품질', '상품', '저가', '만나', '이렇', '파격', '혜택', '제공', '쇼핑', '할인', '당신', '위하', '놀랍', '수익', '클릭', '감사']"
2,2,[다이소영양제] 루테인 전격비교 #가성비 #다이소 #루테인,,,6,1273,2,2026-01-16 05:27:01,https://www.youtube.com/watch?v=eMjg-EoQyoU,다이소영양제 루테인 전격비교 #가성비 #다이소 #루테인  ,"['다이소', '영양제', '루테', '전격', '비교']"
2,2,약사들도 충격받은 다이소 입문자용 영양제 추천 vs 비추천,"👆구매는 위 채널명 클릭 후👆 프로필링크 005번 확인하세요. 추천 제품 : 다이소 코엔자임 Q10, 마그네슘 (20~30대 직장인부터 40대 이상 건강관리족을 위한 가성비 끝판왕 영양제!) 비추천 제품 : 다이소 프로폴리스 츄어블 (플라보노이드 함량이 너무 낮아서 항산화 효과가 거의 없다고 하여 비추천!).","#다이소영양제,#코엔자임큐텐,#마그네슘,#프로폴리스비추천,#약사가추천",0,579,0,2025-09-26 08:55:49,https://www.youtube.com/watch?v=k0OWgWA1lv8,약사들도 충격받은 다이소 입문자용 영양제 추천 vs 비추천 구매는 위 채널명 클릭 후 프로필링크 005번 확인하세요 추천 제품  다이소 코엔자임 Q10 마그네슘 2030대 직장인부터 40대 이상 건강관리족을 위한 가성비 끝판왕 영양제 비추천 제품  다이소 프로폴리스 츄어블 플라보노이드 함량이 너무 낮아서 항산화 효과가 거의 없다고 하여 비추천 #다이소영양제#코엔자임큐텐#마그네슘#프로폴리스비추천#약사가추천,"['약사', '충격', '다이소', '입문자', '영양제', '추천', '추천', '구매', '채널', '클릭', '프로필', '링크', '확인', '추천', '제품', '다이소', '코엔자임', '마그네슘', '직장인', '이상', '건강관리', '위하', '가성비', '끝판왕', '영양제', '추천', '제품', '다이소', '프로폴리스', '츄어블', '플라보노이드', '함량', '항산화', '효과', '추천']"
2,2,#다이소 #영양제 도 괜찮나요? #브이로그 #vlogger #vlog #하루정리 #vlogs #vlogvideo #브이로그영상 #브이로그일상 #브이로그쇼츠 #vlogging,,,1,315,0,2025-08-22 13:22:39,https://www.youtube.com/watch?v=UDl1TiurjJ4,#다이소 #영양제 도 괜찮나요 #브이로그 #vlogger #vlog #하루정리 #vlogs #vlogvideo #브이로그영상 #브이로그일상 #브이로그쇼츠 #vlogging  ,['괜찮']
2,2,갓성비 다이소 영양제 추천,"다이소에도 가성비 영양제가 있다는 사실! 바나바잎추출물, 코큐텐(CoQ10), 밀크씨슬, 철분, MSM까지 필수 건강템 모음! 가볍게 시작하기 좋은 영양제 추천드립니다.","#다이소영양제,#가성비영양제,#바나바잎추출물,#코큐텐,#밀크씨슬,#MSM영양제,#건강보조제,#영양제추천",1,331,1,2025-09-24 10:04:39,https://www.youtube.com/watch?v=bjnveWNiby4,갓성비 다이소 영양제 추천 다이소에도 가성비 영양제가 있다는 사실 바나바잎추출물 코큐텐CoQ10 밀크씨슬 철분 MSM까지 필수 건강템 모음 가볍게 시작하기 좋은 영양제 추천드립니다 #다이소영양제#가성비영양제#바나바잎추출물#코큐텐#밀크씨슬#MSM영양제#건강보조제#영양제추천,"['성비', '다이소', '영양제', '추천', '다이소', '가성비', '영양제', '사실', '추출물', '코큐텐', '밀크', '철분', '필수', '건강', '모음', '가볍', '시작', '영양제', '추천', '드리']"
2,2,다이소 비타민c 영양제 쿠팡 베스트셀러 꿀템 BEST 10,"가장 많이팔린 다이소 비타민c 영양제 이 포스팅은 쿠팡파트너스 활동의 일환으로, 이에 따른 일정액의 수수료를 제공받습니다. https://link.coupang.com/a/cVe6fA 1위 : 동국제약 마데카 리포좀 비타민C 가격 : 6,660원 링크 : https://link.coupang.com/a/cVe6fA 2위 : 경남제약 퓨어 비타민C 3000 고함량 90포, 270g, 2개 가격 : 29,900원 링크 : https://link.coupang.com/a/cVe6fB 3위 : 퓨처메이트 레티놀 비타민C 식약처HACCP인증 가격 : 202,800원 링크 : https://link.coupang.com/a/cVe6fC 4위 : 프리미엄 고용량 비타민C 고함량 1000 아연 비타민 씨 수용성 청소년 수험생 중학생 고등학생 비타민 비타민C 골드 1000MG 100정 2통, 100정, 4개 가격 : 27,970원 링크 : https://link.coupang.com/a/cVe6fD 5위 : 퓨처메이트 레티놀 비타민C 식약처HACCP인증 가격 : 169,000원 링크 : https://link.coupang.com/a/cVe6fE 6위 : 비타민C1000, 2개, 200정 가격 : 22,990원 링크 : https://link.coupang.com/a/cVe6fF 7위 : 식물성 먹는 레티놀 영국산 비타민C 저분자 콜라겐 펩타이드 글루타치온 식약청인증 HACCP 가격 : 42,900원 링크 : https://link.coupang.com/a/cVe6fG 8위 : 헬퍼장 츄어블 비타민 C 플러스 영양제, 180정, 1개 가격 : 13,900원 링크 : https://link.coupang.com/a/cVe6fH 9위 : 퓨처메이트 레티놀 비타민C 식약처HACCP인증 가격 : 33,800원 링크 : https://link.coupang.com/a/cVe6fI 10위 : 이너랩 상큼한 츄어블 비타민C 500, 60정, 1개 가격 : 11,400원 링크 : https://link.coupang.com/a/cVe6fJ ⭐️ 특별 혜택 링크 https://temu.to/k/glb5f443d8e 을(를) 탭하고 최고 품질의 상품을 초저가로 만나보세요. 🛍️ 이렇게 파격적인 혜택은 오직 Temu에서만 제공됩니다. 지금 쇼핑하고 큰 할인을 받으세요! ⭐️ 당신을 위한 또 다른 놀라움! 저와 함께 수익을 얻으시려면 https://temu.to/k/g7a19moq5z4 을 클릭하세요! 감사합니다.",,0,2,1,2025-10-07 22:05:47,https://www.youtube.com/watch?v=Y8D63vsj98Y,다이소 비타민c 영양제 쿠팡 베스트셀러 꿀템 BEST 10 가장 많이팔린 다이소 비타민c 영양제 이 포스팅은 쿠팡파트너스 활동의 일환으로 이에 따른 일정액의 수수료를 제공받습니다 httpslinkcoupangcomacVe6fA 1위  동국제약 마데카 리포좀 비타민C 가격  6660원 링크  httpslinkcoupangcomacVe6fA 2위  경남제약 퓨어 비타민C 3000 고함량 90포 270g 2개 가격  29900원 링크  httpslinkcoupangcomacVe6fB 3위  퓨처메이트 레티놀 비타민C 식약처HACCP인증 가격  202800원 링크  httpslinkcoupangcomacVe6fC 4위  프리미엄 고용량 비타민C 고함량 1000 아연 비타민 씨 수용성 청소년 수험생 중학생 고등학생 비타민 비타민C 골드 1000MG 100정 2통 100정 4개 가격  27970원 링크  httpslinkcoupangcomacVe6fD 5위  퓨처메이트 레티놀 비타민C 식약처HACCP인증 가격  169000원 링크  httpslinkcoupangcomacVe6fE 6위  비타민C1000 2개 200정 가격  22990원 링크  httpslinkcoupangcomacVe6fF 7위  식물성 먹는 레티놀 영국산 비타민C 저분자 콜라겐 펩타이드 글루타치온 식약청인증 HACCP 가격  42900원 링크  httpslinkcoupangcomacVe6fG 8위  헬퍼장 츄어블 비타민 C 플러스 영양제 180정 1개 가격  13900원 링크  httpslinkcoupangcomacVe6fH 9위  퓨처메이트 레티놀 비타민C 식약처HACCP인증 가격  33800원 링크  httpslinkcoupangcomacVe6fI 10위  이너랩 상큼한 츄어블 비타민C 500 60정 1개 가격  11400원 링크  httpslinkcoupangcomacVe6fJ  특별 혜택 링크 httpstemutokglb5f443d8e 을를 탭하고 최고 품질의 상품을 초저가로 만나보세요  이렇게 파격적인 혜택은 오직 Temu에서만 제공됩니다 지금 쇼핑하고 큰 할인을 받으세요  당신을 위한 또 다른 놀라움 저와 함께 수익을 얻으시려면 httpstemutokg7a19moq5z4 을 클릭하세요 감사합니다 ,"['다이소', '비타민', '영양제', '쿠팡', '베스트셀러', '팔리', '다이소', '비타민', '영양제', '포스팅', '쿠팡', '파트너스', '활동', '일환', '따르', '일정액', '수수료', '제공', '동국', '제약', '마데카', '리포', '비타민', '가격', '링크', '경남', '제약', '퓨어', '비타민', '함량', '가격', '링크', '퓨처', '메이트', '레티노', '비타민', '식약처', '인증', '가격', '링크', '프리미엄', '용량', '비타민', '함량', '아연', '비타민', '수용성', '청소년', '수험', '중학생', '고등학생', '비타민', '비타민', '골드', '가격', '링크', '퓨처', '메이트', '레티노', '비타민', '식약처', '인증', '가격', '링크', '비타민', '가격', '링크', '식물', '레티노', '영국', '비타민', '분자', '콜라겐', '펩타이드', '식약청', '인증', '가격', '링크', '헬퍼', '츄어블', '비타민', '플러스', '영양제', '가격', '링크', '퓨처', '메이트', '레티노', '비타민', '식약처', '인증', '가격', '링크', '이너', '츄어블', '비타민', '가격', '링크', '특별', '혜택', '링크', '최고', '품질', '상품', '저가', '만나', '이렇', '파격', '혜택', '제공', '쇼핑', '할인', '당신', '위하', '놀랍', '수익', '클릭', '감사']"
2,2,식물이 서서히 죽어가는 이유(다이소 영양제의 비밀) #식물영양제 #다이소 #베란다정원,,"#식물영양제,#다이소,#베란다정원",9,2235,0,2025-07-22 01:59:52,https://www.youtube.com/watch?v=kUOnOlyOg4Y,식물이 서서히 죽어가는 이유다이소 영양제의 비밀 #식물영양제 #다이소 #베란다정원  #식물영양제#다이소#베란다정원,"['식물', '이유', '영양제', '비밀']"
2,2,다이소에서 영양제 판다?💊,"약국까지 안 가도 된다?👀 다이소에서 판매하는 영양제, 가볍게 챙겨 먹는 분들이라면 필수 확인! ✅","#다이소,#영양제,#건강정보,#비타민,#건강관리,#다이소꿀템,#생활정보,#가성비템,#다이소추천,#건강챙기기",1,302,0,2025-09-13 03:23:33,https://www.youtube.com/watch?v=kHV_-vxIx5M,다이소에서 영양제 판다 약국까지 안 가도 된다 다이소에서 판매하는 영양제 가볍게 챙겨 먹는 분들이라면 필수 확인  #다이소#영양제#건강정보#비타민#건강관리#다이소꿀템#생활정보#가성비템#다이소추천#건강챙기기,"['다이소', '영양제', '약국', '다이소', '판매', '영양제', '가볍', '챙기', '필수', '확인']"
2,2,"""3천원으로 건강 챙긴다?! 60대 인기 다이소 영양제 TOP3 리얼후기!""","대웅제약 닥터베어 밀크씨슬 ""간 건강 필수템! 피로, 숙취, 간 기능 걱정될 때 딱! 3천~5천원에 30일분, 실리마린 성분으로 가성비 최고!"" 종근당 락토핏 유산균 ""장 건강, 면역력 챙기고 싶다면 이거! 변비, 소화불량, 면역 저하에 도움! 5천원에 17포, 입문자도 부담 없이 시작!"" 비타민C 츄어블 ""환절기 감기 예방, 피로회복, 피부 건강까지! 3천~5천원에 30일분, 한 알로 간편하게!""","#6070forever,#다이소영양제,#60대건강,#가성비건강,#밀크씨슬,#유산균,#비타민C,#건강정보,#시니어추천,#건강꿀팁",2,313,0,2025-05-16 13:01:04,https://www.youtube.com/watch?v=zH9eXj2DT4c,3천원으로 건강 챙긴다 60대 인기 다이소 영양제 TOP3 리얼후기 대웅제약 닥터베어 밀크씨슬 간 건강 필수템 피로 숙취 간 기능 걱정될 때 딱 3천5천원에 30일분 실리마린 성분으로 가성비 최고 종근당 락토핏 유산균 장 건강 면역력 챙기고 싶다면 이거 변비 소화불량 면역 저하에 도움 5천원에 17포 입문자도 부담 없이 시작 비타민C 츄어블 환절기 감기 예방 피로회복 피부 건강까지 3천5천원에 30일분 한 알로 간편하게 #6070forever#다이소영양제#60대건강#가성비건강#밀크씨슬#유산균#비타민C#건강정보#시니어추천#건강꿀팁,"['건강', '챙기', '인기', '다이소', '영양제', '리얼', '후기', '대웅제약', '닥터', '베어', '밀크', '건강', '필수', '피로', '숙취', '기능', '걱정', '성분', '가성비', '최고', '종근당', '락토핏', '유산균', '건강', '면역력', '챙기', '이거', '변비', '소화', '불량', '면역', '저하', '도움', '입문자', '부담', '시작', '비타민', '츄어블', '환절기', '감기', '예방', '피로', '회복', '피부', '건강', '간편하']"
2,2,"다이소 오메가 3, 5천 원이면 충분해?","💊 다이소에서도 건강기능식품이 나온다고요?! 대웅제약이 만든 오메가3가 5천 원?! 정말 효과 있을까? 약국 제품이랑 뭐가 다른데? 🎯 가성비 vs 고함량, 한눈에 비교해드립니다! 처음 오메가3 복용하려는 분들 주목하세요. 👀 📦 제품명: 닥터베어 rTG 오메가3 (다이소 전용) 🔍 더 많은 건강·영양 리뷰가 궁금하다면? 👉 [구독 & 좋아요] 꼭 눌러주세요! 📌","#다이소오메가3,#건강기능식품,#대웅제약,#가성비영양제,#오메가3비교,#약사리뷰,#쇼츠리뷰,#건강정보,#영양제추천,#다이소템,#닥터베어,#영양제입문",7,3095,0,2025-06-11 01:59:35,https://www.youtube.com/watch?v=zyOkzOQfsUA,다이소 오메가 3 5천 원이면 충분해  다이소에서도 건강기능식품이 나온다고요 대웅제약이 만든 오메가3가 5천 원 정말 효과 있을까 약국 제품이랑 뭐가 다른데  가성비 vs 고함량 한눈에 비교해드립니다 처음 오메가3 복용하려는 분들 주목하세요   제품명 닥터베어 rTG 오메가3 다이소 전용  더 많은 건강영양 리뷰가 궁금하다면  구독  좋아요 꼭 눌러주세요  #다이소오메가3#건강기능식품#대웅제약#가성비영양제#오메가3비교#약사리뷰#쇼츠리뷰#건강정보#영양제추천#다이소템#닥터베어#영양제입문,"['다이소', '오메가', '다이소', '건강', '기능', '식품', '나오', '대웅제약', '만들', '오메가', '효과', '약국', '제품', '다르', '가성비', '함량', '비교', '드리', '처음', '오메가', '복용', '주목', '제품', '닥터', '베어', '오메가', '다이소', '전용', '건강', '영양', '리뷰', '구독', '누르']"
2,2,다이소 영양제 쿠팡 특가템 언박싱 - 10초 만에 반하게 됨,"가장 많이팔린 다이소 영양제 영상 속 다이소 영양제 구매링크: https://link.coupang.com/a/cWGYXX 이 포스팅은 쿠팡파트너스 활동의 일환으로, 이에 따른 일정액의 수수료를 제공받습니다. 1위 : 다이소 대웅제약 건강식품 시니어종합 케어 5종 세트 멀티비타민 / 오메가3 / 칼슘 / 코엔자임 Q10 / 비타민D 가격 : 35,200원 링크 : https://link.coupang.com/a/cWGYXX 2위 : 다이소 대웅제약 건강식품 뼈 건강 올인원 3종 세트 칼슘 / 칼슘 마그네슘 비타민D / 비타민D 가격 : 22,900원 링크 : https://link.coupang.com/a/cWGYXZ 3위 : 안국약품 V-pack 브이팩 여성용 종합영양제 히알루론산 비타민 칼슘(4정 X 7포) 가격 : 9,400원 링크 : https://link.coupang.com/a/cWGYX0 4위 : [국민건강 프로젝트] 대웅제약 마그네슘 에너지케어 가격 : 19,900원 링크 : https://link.coupang.com/a/cWGYX2 5위 : 다이소 대웅제약 건강식품 여성 데일리 루틴 4종세트 철분 / 코엔자임 Q10 / 비타민D / 락토핏 골드 가격 : 26,600원 링크 : https://link.coupang.com/a/cWGYX6 6위 : 다이소 대웅제약 건강식품 눈 건강 & 혈행 개선 3종 세트 오메가3 / 코엔자임 Q10 / 멀티비타민 미네랄 가격 : 25,300원 링크 : https://link.coupang.com/a/cWGYX8 7위 : 일상속반짝 3칸 약통 블루 가격 : 6,800원 링크 : https://link.coupang.com/a/cWGYX9 8위 : 산화마그네슘 프리미엄 마그네슘 캐나다 90정 3개월분 가격 : 22,000원 링크 : https://link.coupang.com/a/cWGYYe 9위 : 락피도 티니핑 칼슘스틱 12포 복숭아 가격 : 16,900원 링크 : https://link.coupang.com/a/cWGYYh 10위 : 대웅제약 DR BEAR 닥터베어 멀티비타민 미네랄 (30일분) 가격 : 24,800원 링크 : https://link.coupang.com/a/cWGYYi 감사합니다.",,0,4,1,2025-10-15 09:42:59,https://www.youtube.com/watch?v=6y6wVZtxYyM,다이소 영양제 쿠팡 특가템 언박싱  10초 만에 반하게 됨 가장 많이팔린 다이소 영양제 영상 속 다이소 영양제 구매링크 httpslinkcoupangcomacWGYXX 이 포스팅은 쿠팡파트너스 활동의 일환으로 이에 따른 일정액의 수수료를 제공받습니다 1위  다이소 대웅제약 건강식품 시니어종합 케어 5종 세트 멀티비타민  오메가3  칼슘  코엔자임 Q10  비타민D 가격  35200원 링크  httpslinkcoupangcomacWGYXX 2위  다이소 대웅제약 건강식품 뼈 건강 올인원 3종 세트 칼슘  칼슘 마그네슘 비타민D  비타민D 가격  22900원 링크  httpslinkcoupangcomacWGYXZ 3위  안국약품 Vpack 브이팩 여성용 종합영양제 히알루론산 비타민 칼슘4정 X 7포 가격  9400원 링크  httpslinkcoupangcomacWGYX0 4위  국민건강 프로젝트 대웅제약 마그네슘 에너지케어 가격  19900원 링크  httpslinkcoupangcomacWGYX2 5위  다이소 대웅제약 건강식품 여성 데일리 루틴 4종세트 철분  코엔자임 Q10  비타민D  락토핏 골드 가격  26600원 링크  httpslinkcoupangcomacWGYX6 6위  다이소 대웅제약 건강식품 눈 건강  혈행 개선 3종 세트 오메가3  코엔자임 Q10  멀티비타민 미네랄 가격  25300원 링크  httpslinkcoupangcomacWGYX8 7위  일상속반짝 3칸 약통 블루 가격  6800원 링크  httpslinkcoupangcomacWGYX9 8위  산화마그네슘 프리미엄 마그네슘 캐나다 90정 3개월분 가격  22000원 링크  httpslinkcoupangcomacWGYYe 9위  락피도 티니핑 칼슘스틱 12포 복숭아 가격  16900원 링크  httpslinkcoupangcomacWGYYh 10위  대웅제약 DR BEAR 닥터베어 멀티비타민 미네랄 30일분 가격  24800원 링크  httpslinkcoupangcomacWGYYi 감사합니다 ,"['다이소', '영양제', '쿠팡', '특가', '언박싱', '팔리', '다이소', '영양제', '영상', '다이소', '영양제', '구매', '링크', '포스팅', '쿠팡', '파트너스', '활동', '일환', '따르', '일정액', '수수료', '제공', '대웅제약', '건강식품', '시니어', '종합', '케어', '세트', '멀티', '비타민', '오메가', '칼슘', '코엔자임', '비타민', '가격', '링크', '대웅제약', '건강식품', '건강', '인원', '세트', '칼슘', '칼슘', '마그네슘', '비타민', '비타민', '가격', '링크', '안국', '약품', '브이', '여성', '종합', '영양제', '히알루론산', '비타민', '칼슘', '가격', '링크', '국민', '건강', '프로젝트', '대웅제약', '마그네슘', '에너지', '케어', '가격', '링크', '대웅제약', '건강식품', '여성', '데일리', '루틴', '세트', '철분', '코엔자임', '비타민', '락토핏', '골드', '가격', '링크', '대웅제약', '건강식품', '건강', '개선', '세트', '오메가', '코엔자임', '멀티', '비타민', '미네랄', '가격', '링크', '일상', '블루', '가격', '링크', '산화 마그네슘', '프리미엄', '마그네슘', '캐나다', '개월', '가격', '링크', '락피도', '티니핑', '칼슘', '스틱', '복숭아', '가격', '링크', '대웅제약', '닥터', '베어', '멀티', '비타민', '미네랄', '가격', '링크', '감사']"
2,2,딸이 #다이소영양제 를 사다준 김에 하는 리뷰 :) #다이소카테킨,"정말 파격적인 가격이에요 :) 큰 기대하지는 마시고, 보조적으로 섭취하면 좋을 것 같아요. 매일 녹차 한잔 마신다고 생각하시고 한 알씩 !",,58,6979,0,2025-06-23 05:12:52,https://www.youtube.com/watch?v=5wIJ3qyTEkE,딸이 #다이소영양제 를 사다준 김에 하는 리뷰  #다이소카테킨 정말 파격적인 가격이에요  큰 기대하지는 마시고 보조적으로 섭취하면 좋을 것 같아요 매일 녹차 한잔 마신다고 생각하시고 한 알씩  ,"['리뷰', '파격', '가격', '기대', '보조', '섭취', '녹차', '한잔', '마시', '생각']"
2,2,"직장인 푹 자도 피곤할 때, 극강의 가성비 다이소 영양제 추천","직장인 피로회복템 찾고 계시다면, 다이소 영양제 솔직 리뷰 보세요! 직장인이라면 누구나 공감할 ‘푹 자도 피곤한 상황’에 맞춰 리뷰했으니, 선택할 때 참고해보세요.","#제품리뷰,#추천,#후기,#직장인필수템,#리뷰뷰,#다이소영양제,#피로회복,#직장인건강,#가성비영양제,#직장인필수템",13,2198,4,2025-09-16 02:00:06,https://www.youtube.com/watch?v=8Bc1m5zUyx8,직장인 푹 자도 피곤할 때 극강의 가성비 다이소 영양제 추천 직장인 피로회복템 찾고 계시다면 다이소 영양제 솔직 리뷰 보세요 직장인이라면 누구나 공감할 푹 자도 피곤한 상황에 맞춰 리뷰했으니 선택할 때 참고해보세요 #제품리뷰#추천#후기#직장인필수템#리뷰뷰#다이소영양제#피로회복#직장인건강#가성비영양제#직장인필수템,"['직장인', '피곤', '가성비', '다이소', '영양제', '추천', '직장인', '피로', '회복', '계시', '다이소', '영양제', '리뷰', '직장인', '누구', '공감', '피곤', '상황', '맞추', '리뷰', '선택', '참고']"
2,2,다이소 영양제 코너#다있어#영양제#없는게없다.,,,1,330,0,2025-08-02 07:17:46,https://www.youtube.com/watch?v=iB3gidp1Rlw,다이소 영양제 코너#다있어#영양제#없는게없다  ,"['다이소', '영양제', '코너']"
2,2,다이소 젤리 스틱형 영양제,,,5,556,0,2025-10-01 05:13:38,https://www.youtube.com/watch?v=cnwQObX39YE,다이소 젤리 스틱형 영양제  ,"['다이소', '젤리', '스틱', '영양제']"
2,2,다이소 영양제 보관 쿠팡에서 소문난 꿀템 BEST 5,"가장 많이팔린 다이소 영양제 보관 영상 속 다이소 영양제 보관 구매링크: https://link.coupang.com/a/cD3tUN 이 포스팅은 쿠팡파트너스 활동의 일환으로, 이에 따른 일정액의 수수료를 제공받습니다. 1위 : 스텐레스 알약통 키링 다양한 컬러 비상약통, 실버(대), 1개 가격 : 14,900원 링크 : https://link.coupang.com/a/cD3tUN 2위 : 조빈니타 프리미엄 요일별 휴대용 약통, 블랙, 1개 가격 : 10,900원 링크 : https://link.coupang.com/a/cD3t0W 3위 : 투더 탕비실 정리함 아크릴 보관케이스 7칸, 1개, 투명 가격 : 23,210원 링크 : https://link.coupang.com/a/cD3t6T 4위 : 세븐스타 휴대용 7칸 약통, 2개 가격 : 3,290원 링크 : https://link.coupang.com/a/cD3udx 5위 : 하루잡화 식탁 위 약통 정리함, 1개, 화이트 가격 : 29,700원 링크 : https://link.coupang.com/a/cD3ujw 6위 : 라이프드레그샵 약상자 심플 정리함, 1개, 화이트 가격 : 16,800원 링크 : https://link.coupang.com/a/cD3up2 7위 : 조빈니타 완벽 밀폐 일주일 약통, 블랙 2칸, 1개 가격 : 12,500원 링크 : https://link.coupang.com/a/cD3uvj 8위 : 시스맥스 UP 시스템 멀티박스, 회색, 12단 가격 : 29,330원 링크 : https://link.coupang.com/a/cD3uAN 9위 : 스릴라이프 깊은수납 휴대용 요일별 알약케이스, 2개 가격 : 8,640원 링크 : https://link.coupang.com/a/cD3uGj 10위 : 키펙스 파스텔 컬러 브레드박스 무광화이트, 1개 가격 : 21,400원 링크 : https://link.coupang.com/a/cD3uOv 감사합니다.",,0,4,1,2025-07-10 08:37:07,https://www.youtube.com/watch?v=fXudTcaa0bE,다이소 영양제 보관 쿠팡에서 소문난 꿀템 BEST 5 가장 많이팔린 다이소 영양제 보관 영상 속 다이소 영양제 보관 구매링크 httpslinkcoupangcomacD3tUN 이 포스팅은 쿠팡파트너스 활동의 일환으로 이에 따른 일정액의 수수료를 제공받습니다 1위  스텐레스 알약통 키링 다양한 컬러 비상약통 실버대 1개 가격  14900원 링크  httpslinkcoupangcomacD3tUN 2위  조빈니타 프리미엄 요일별 휴대용 약통 블랙 1개 가격  10900원 링크  httpslinkcoupangcomacD3t0W 3위  투더 탕비실 정리함 아크릴 보관케이스 7칸 1개 투명 가격  23210원 링크  httpslinkcoupangcomacD3t6T 4위  세븐스타 휴대용 7칸 약통 2개 가격  3290원 링크  httpslinkcoupangcomacD3udx 5위  하루잡화 식탁 위 약통 정리함 1개 화이트 가격  29700원 링크  httpslinkcoupangcomacD3ujw 6위  라이프드레그샵 약상자 심플 정리함 1개 화이트 가격  16800원 링크  httpslinkcoupangcomacD3up2 7위  조빈니타 완벽 밀폐 일주일 약통 블랙 2칸 1개 가격  12500원 링크  httpslinkcoupangcomacD3uvj 8위  시스맥스 UP 시스템 멀티박스 회색 12단 가격  29330원 링크  httpslinkcoupangcomacD3uAN 9위  스릴라이프 깊은수납 휴대용 요일별 알약케이스 2개 가격  8640원 링크  httpslinkcoupangcomacD3uGj 10위  키펙스 파스텔 컬러 브레드박스 무광화이트 1개 가격  21400원 링크  httpslinkcoupangcomacD3uOv 감사합니다 ,"['다이소', '영양제', '보관', '쿠팡', '소문나', '팔리', '다이소', '영양제', '보관', '영상', '다이소', '영양제', '보관', '구매', '링크', '포스팅', '쿠팡', '파트너스', '활동', '일환', '따르', '일정액', '수수료', '제공', '스텐', '레스', '알약', '다양', '컬러', '비상', '실버', '가격', '링크', '조빈니타', '프리미엄', '요일', '휴대', '블랙', '가격', '링크', '정리', '아크릴', '보관', '케이스', '투명', '가격', '링크', '세븐', '스타', '휴대', '가격', '링크', '하루', '잡화', '식탁', '정리', '화이트', '가격', '링크', '라이프', '상자', '심플', '정리', '화이트', '가격', '링크', '조빈니타', '완벽', '밀폐', '주일', '블랙', '가격', '링크', '시스', '맥스', '시스템', '멀티', '박스', '회색', '가격', '링크', '스릴', '라이프', '수납', '휴대', '요일', '알약', '케이스', '가격', '링크', '키펙스', '파스텔', '컬러', '브레드', '박스', '화이트', '가격', '링크', '감사']"
2,2,다이소 식물영양제 이제그만! 안전한 고농축 친환경 식물영양제로 관엽식물을 크고 튼튼하게 생육필수 영양분이 최적배합된 식물영양제! #고농축식물영양제 #친환경식물영양제,"실내에서 사용하는 식물영양제로 다이소 식물영양제를 많이 사용합니다. 실제로 사용하다보면 관엽식물의 경우 효과가 있는지 살짝 고민이 됩니다. 안전한 고농축 친환경 식물영양제로 관엽식물의 잎은 크고, 자연색을 더욱진하게! 효과좋은 식물영양제는 안전해야합니다.",,2,96,1,2025-06-24 05:32:53,https://www.youtube.com/watch?v=R07KoRWcgSM,다이소 식물영양제 이제그만 안전한 고농축 친환경 식물영양제로 관엽식물을 크고 튼튼하게 생육필수 영양분이 최적배합된 식물영양제 #고농축식물영양제 #친환경식물영양제 실내에서 사용하는 식물영양제로 다이소 식물영양제를 많이 사용합니다 실제로 사용하다보면 관엽식물의 경우 효과가 있는지 살짝 고민이 됩니다 안전한 고농축 친환경 식물영양제로 관엽식물의 잎은 크고 자연색을 더욱진하게 효과좋은 식물영양제는 안전해야합니다 ,"['다이소', '식물', '영양제', '안전', '농축', '환경', '식물', '영양제', '식물', '생육', '필수', '영양분', '최적', '배합', '식물', '영양제', '실내', '사용', '식물', '영양제', '다이소', '식물', '영양제', '사용', '사용', '식물', '경우', '효과', '고민', '안전', '농축', '환경', '식물', '영양제', '식물', '자연색', '진하', '효과', '식물', '영양제', '안전']"
2,2,강아지 기관지 협착증 영양제 비교!  다이소 라탄 바구니 활용 꿀팁!,"이 포스팅은 쿠팡 파트너스 활동의 일환으로, 이에 따른 일정액의 수수료를 제공받습니다. 5위 - 프로젝트21 강아지 퓨어 영양제, 호흡기/기관지, 1세트 가격 : 31900원 할인제품 : https://link.coupang.com/a/c62Aog 4위 - 펫펫펫 강아지 기관지 영양제 협착증 기침 호흡기 보조제 약 사료 굿랩, 30회분, 호흡기/기관지, 1개 가격 : 31700원 할인제품 : https://link.coupang.com/a/c62Ana 3위 - KAIKOORA 바이탈베르크 100g 강아지기침 기관지협착증 강아지기관지영양제 켁켁거림, 면역/항산화, 2개 가격 : 75800원 할인제품 : https://link.coupang.com/a/c62zjy 2위 - 썬데이펫 강아지 기관지 협착증 영양제 기침 약 켁켁거림 보조제 메디솔브 코큐텐 30g, 메디솔브 코큐텐 30g (영양제), 1개 가격 : 23900원 할인제품 : https://link.coupang.com/a/c62zig 1위 - 닥터바이 브레스 강아지 영양제, 호흡기/기관지, 2세트, 30회분 가격 : 61600원 할인제품 : https://link.coupang.com/a/c62zhb","#TOP5,#베스트상품,#인기상품,#필수템,#가성비좋은제품,#추천상품,#베스트픽,#쇼핑가이드,#핫템",0,7,1,2025-11-23 09:39:39,https://www.youtube.com/watch?v=tnmXaKW70X4,강아지 기관지 협착증 영양제 비교  다이소 라탄 바구니 활용 꿀팁 이 포스팅은 쿠팡 파트너스 활동의 일환으로 이에 따른 일정액의 수수료를 제공받습니다 5위  프로젝트21 강아지 퓨어 영양제 호흡기기관지 1세트 가격  31900원 할인제품  httpslinkcoupangcomac62Aog 4위  펫펫펫 강아지 기관지 영양제 협착증 기침 호흡기 보조제 약 사료 굿랩 30회분 호흡기기관지 1개 가격  31700원 할인제품  httpslinkcoupangcomac62Ana 3위  KAIKOORA 바이탈베르크 100g 강아지기침 기관지협착증 강아지기관지영양제 켁켁거림 면역항산화 2개 가격  75800원 할인제품  httpslinkcoupangcomac62zjy 2위  썬데이펫 강아지 기관지 협착증 영양제 기침 약 켁켁거림 보조제 메디솔브 코큐텐 30g 메디솔브 코큐텐 30g 영양제 1개 가격  23900원 할인제품  httpslinkcoupangcomac62zig 1위  닥터바이 브레스 강아지 영양제 호흡기기관지 2세트 30회분 가격  61600원 할인제품  httpslinkcoupangcomac62zhb #TOP5#베스트상품#인기상품#필수템#가성비좋은제품#추천상품#베스트픽#쇼핑가이드#핫템,"['강아지', '기관지', '협착', '영양제', '비교', '다이소', '바구니', '활용', '포스팅', '쿠팡', '파트너스', '활동', '일환', '따르', '일정액', '수수료', '제공', '프로젝트', '강아지', '퓨어', '영양제', '호흡기', '기관지', '세트', '가격', '할인', '제품', '강아지', '기관지', '영양제', '협착', '기침', '호흡기', '보조제', '사료', '호흡기', '기관지', '가격', '할인', '제품', '바이탈베르크', '강아지', '기침', '기관지', '협착', '강아지', '기관지', '영양제', '켁켁거림', '면역', '항산화', '가격', '할인', '제품', '데이', '강아지', '기관지', '협착', '영양제', '기침', '켁켁거림', '보조제', '메디솔브', '코큐텐', '메디솔브', '코큐텐', '영양제', '가격', '할인', '제품', '닥터', '바이', '브레스', '강아지', '영양제', '호흡기', '기관지', '세트', '가격', '할인', '제품']"
2,2,"[다이소영양제] 초임계RTG 오메가3가 2,000원? #종근당 #오메가3",,,3,590,0,2026-04-29 04:44:45,https://www.youtube.com/watch?v=ikSl1zK68PQ,다이소영양제 초임계RTG 오메가3가 2000원 #종근당 #오메가3  ,"['다이소', '영양제', '초임', '오메가']"
2,2,다이소 영양제 쿠팡 리얼 후기 - 저만 알고 싶었어요,"가장 많이팔린 다이소 영양제 영상 속 다이소 영양제 구매링크: https://link.coupang.com/a/cCdZpQ 이 포스팅은 쿠팡파트너스 활동의 일환으로, 이에 따른 일정액의 수수료를 제공받습니다. 1위 : 고급 식물영양제 모든 식물용 영양공급제 앰플 36ml x 100개 가격 : 9,980원 링크 : https://link.coupang.com/a/cCdZpQ 2위 : 앙플랜트 모든 식물용 알갱이 영양제 코트 가격 : 4,990원 링크 : https://link.coupang.com/a/cCdZpU 3위 : 탐사 전식물용 앰플영양제 40p | 토양활력제 10p 가격 : 8,590원 링크 : https://link.coupang.com/a/cCdZpY 4위 : 탐사 종합식물용 액체 영양제 1.8L 2P 가격 : 9,590원 링크 : https://link.coupang.com/a/cCdZp0 5위 : 모리앤 종합 식물영양제 10p 가격 : 2,250원 링크 : https://link.coupang.com/a/cCdZp1 6위 : 앙플랜트 모든 식물용 식물영양제 가격 : 3,690원 링크 : https://link.coupang.com/a/cCdZp2 7위 : 앙플랜트 전식물용 영양제 40개 | 토양활력제 10개입 가격 : 8,290원 링크 : https://link.coupang.com/a/cCdZp3 8위 : 월드가드닝 NEW 관엽식물 앰플 식물영양제 가격 : 5,240원 링크 : https://link.coupang.com/a/cCdZp6 감사합니다.",,0,2,1,2025-07-01 06:25:30,https://www.youtube.com/watch?v=HRpx3IVbcmE,다이소 영양제 쿠팡 리얼 후기  저만 알고 싶었어요 가장 많이팔린 다이소 영양제 영상 속 다이소 영양제 구매링크 httpslinkcoupangcomacCdZpQ 이 포스팅은 쿠팡파트너스 활동의 일환으로 이에 따른 일정액의 수수료를 제공받습니다 1위  고급 식물영양제 모든 식물용 영양공급제 앰플 36ml x 100개 가격  9980원 링크  httpslinkcoupangcomacCdZpQ 2위  앙플랜트 모든 식물용 알갱이 영양제 코트 가격  4990원 링크  httpslinkcoupangcomacCdZpU 3위  탐사 전식물용 앰플영양제 40p  토양활력제 10p 가격  8590원 링크  httpslinkcoupangcomacCdZpY 4위  탐사 종합식물용 액체 영양제 18L 2P 가격  9590원 링크  httpslinkcoupangcomacCdZp0 5위  모리앤 종합 식물영양제 10p 가격  2250원 링크  httpslinkcoupangcomacCdZp1 6위  앙플랜트 모든 식물용 식물영양제 가격  3690원 링크  httpslinkcoupangcomacCdZp2 7위  앙플랜트 전식물용 영양제 40개  토양활력제 10개입 가격  8290원 링크  httpslinkcoupangcomacCdZp3 8위  월드가드닝 NEW 관엽식물 앰플 식물영양제 가격  5240원 링크  httpslinkcoupangcomacCdZp6 감사합니다 ,"['다이소', '영양제', '쿠팡', '리얼', '후기', '팔리', '다이소', '영양제', '영상', '다이소', '영양제', '구매', '링크', '포스팅', '쿠팡', '파트너스', '활동', '일환', '따르', '일정액', '수수료', '제공', '고급', '식물', '영양제', '식물', '영양', '공급', '앰플', '가격', '링크', '플랜트', '식물', '알갱이', '영양제', '코트', '가격', '링크', '탐사', '식물', '앰플', '영양제', '토양', '활력', '가격', '링크', '탐사', '종합', '식물', '액체', '영양제', '가격', '링크', '모리앤', '종합', '식물', '영양제', '가격', '링크', '플랜트', '식물', '식물', '영양제', '가격', '링크', '플랜트', '식물', '영양제', '토양', '활력', '개입', '가격', '링크', '월드', '가드', '식물', '앰플', '식물', '영양제', '가격', '링크', '감사']"
2,2,"다이소 5,000원 ​​영양제! 죽어가는 남자의 발기력을 되살린 기적의 세트 | 60대, 70대라면 꼭 봐야 할 제품 | 꺅츄 언니","다이소 5,000원 ​​영양제! 죽어가는 남자의 발기력을 되살린 기적의 세트 | 60대, 70대라면 꼭 봐야 할 제품 | 꺅츄 언니 60대와 70대에도 남성의 자신감을 다시 찾을 수 있을까요? 이 영상에서는 약 3만 원 정도의 비용으로, 집 근처 다이소에서 쉽게 구할 수 있는 영양제와 간단한 도구를 활용해 활력과 자신감을 회복하는 실제 방법을 소개합니다. 비싼 해외 제품이나 복잡한 시술 없이, 쏘팔메토, 블랙마카, 비타민 D, 오메가3 같은 기본 영양제부터 지압볼과 스트레칭 밴드 사용법까지 차근차근 설명해드립니다. 이 영상은 단순한 제품 소개가 아니라, ✔ 남성호르몬 균형 ✔ 혈액순환 개선 ✔ 골반과 하체 근력 강화 이 세 가지를 함께 관리할 수 있는 저녁 12분 루틴으로 효과를 높이는 방법을 알려드립니다. 중년 이후 체력과 활력이 떨어져 고민이라면 꼭 끝까지 시청해 보세요. 👉 도움이 되셨다면 구독과 좋아요, 그리고 여러분의 경험도 댓글로 공유해 주세요!","#발기부전,#다이소,#소팔메토,#마카,#비타민D,#지압볼,#스트레칭밴드,#황제루틴,#꽈추언니,#발기부전",3,52,0,2026-04-16 03:32:41,https://www.youtube.com/watch?v=R6fPeHoo4t4,다이소 5000원 영양제 죽어가는 남자의 발기력을 되살린 기적의 세트  60대 70대라면 꼭 봐야 할 제품  꺅츄 언니 다이소 5000원 영양제 죽어가는 남자의 발기력을 되살린 기적의 세트  60대 70대라면 꼭 봐야 할 제품  꺅츄 언니 60대와 70대에도 남성의 자신감을 다시 찾을 수 있을까요 이 영상에서는 약 3만 원 정도의 비용으로 집 근처 다이소에서 쉽게 구할 수 있는 영양제와 간단한 도구를 활용해 활력과 자신감을 회복하는 실제 방법을 소개합니다 비싼 해외 제품이나 복잡한 시술 없이 쏘팔메토 블랙마카 비타민 D 오메가3 같은 기본 영양제부터 지압볼과 스트레칭 밴드 사용법까지 차근차근 설명해드립니다 이 영상은 단순한 제품 소개가 아니라  남성호르몬 균형  혈액순환 개선  골반과 하체 근력 강화 이 세 가지를 함께 관리할 수 있는 저녁 12분 루틴으로 효과를 높이는 방법을 알려드립니다 중년 이후 체력과 활력이 떨어져 고민이라면 꼭 끝까지 시청해 보세요  도움이 되셨다면 구독과 좋아요 그리고 여러분의 경험도 댓글로 공유해 주세요 #발기부전#다이소#소팔메토#마카#비타민D#지압볼#스트레칭밴드#황제루틴#꽈추언니#발기부전,"['다이소', '영양제', '남자', '발기', '되살리', '기적', '세트', '제품', '꺅츄', '언니', '다이소', '영양제', '남자', '발기', '되살리', '기적', '세트', '제품', '꺅츄', '언니', '남성', '자신감', '영상', '정도', '비용', '근처', '다이소', '구하', '영양제', '도구', '활용', '활력', '자신감', '회복', '실제', '방법', '소개', '비싸', '해외', '제품', '시술', '쏘팔메토', '블랙', '비타민', '오메가', '기본', '영양제', '지압', '스트레칭', '밴드', '사용법', '설명', '드리', '영상', '단순', '제품', '소개', '아니', '남성', '호르몬', '균형', '혈액', '순환', '개선', '골반', '하체', '근력', '강화', '가지', '관리', '저녁', '루틴', '효과', '높이', '방법', '알리', '드리', '중년', '이후', '체력', '활력', '떨어지', '고민', '시청', '도움', '구독', '여러분', '경험', '댓글', '공유']"
2,2,[다이소 영양제 세팅] 갈라진 손톱 편,,,6,1755,0,2026-01-11 07:44:44,https://www.youtube.com/watch?v=BefxmCGcHpE,다이소 영양제 세팅 갈라진 손톱 편  ,"['다이소', '영양제', '세팅', '갈라지', '손톱']"
2,2,다이소에서 어린이영양제까지!?,,"#shorts,#다이소추천템,#다이소영양제",8,969,5,2025-10-01 12:53:49,https://www.youtube.com/watch?v=Kv62ohmEmXU,다이소에서 어린이영양제까지  #shorts#다이소추천템#다이소영양제,"['다이소', '어린이', '영양제']"
2,2,"""고추밭' 다이소  2000원짜리"" 영양제 놀라운 비료 효과!!""",화분 텃밭에 심어놓은 고추 이렇게 하면. 풋고추 계속 많이 열려. 오래오래 따먹는 비법 알려드릴게요.,,213,4310,15,2025-08-19 23:15:01,https://www.youtube.com/watch?v=SYomFbUTEeE,고추밭 다이소  2000원짜리 영양제 놀라운 비료 효과 화분 텃밭에 심어놓은 고추 이렇게 하면 풋고추 계속 많이 열려 오래오래 따먹는 비법 알려드릴게요 ,"['고추', '다이소', '영양제', '놀랍', '비료', '효과', '화분', '텃밭', '고추', '이렇', '고추', '열리', '따먹', '비법', '알리', '드리']"
2,2,한달5천원으로눈건강챙기기#눈침침할때#눈관리#50대영양제#40대영양제#루테인지아잔틴 #루테인 #다이소꿀팁 #다이소추천 #다이소득템 #눈노화#안국약품#토비콤#다이소추천템,"👀 하루 종일 컴퓨터·휴대폰 보는 당신, 눈 피로하지 않으세요? 다이소에서 단돈 5,000원으로 안국약품 루테인지아잔틴 챙길 수 있어요! 눈 노화, 침침함, 피로감이 걱정된다면 지금부터라도 관리 시작해보세요💡 ✅ 루테인 20mg + 지아잔틴 + 비타민A ✅ 미니 제품은 더 간편하게! ✅ 약 3~4주 체험 가능 ✅ 전국 다이소 매장 진열 확인! 저는 하루 7시간 이상 컴퓨터 보는 직장인인데, 요즘 눈이 훨씬 덜 피로하더라고요👓 루테인 고민 중이셨다면, 다이소 꼭 들러보세요! made whit Vrew","#눈침침할때#눈관리#50대영양제#40대영양제#루테인지아잔틴,#루테인,#다이소꿀팁,#다이소추천,#다이소득템,#눈노화#안국약품#토비콤#다이소추천템",5,493,1,2025-07-27 06:43:13,https://www.youtube.com/watch?v=ycCEUPVQ7Gc,한달5천원으로눈건강챙기기#눈침침할때#눈관리#50대영양제#40대영양제#루테인지아잔틴 #루테인 #다이소꿀팁 #다이소추천 #다이소득템 #눈노화#안국약품#토비콤#다이소추천템  하루 종일 컴퓨터휴대폰 보는 당신 눈 피로하지 않으세요 다이소에서 단돈 5000원으로 안국약품 루테인지아잔틴 챙길 수 있어요 눈 노화 침침함 피로감이 걱정된다면 지금부터라도 관리 시작해보세요  루테인 20mg  지아잔틴  비타민A  미니 제품은 더 간편하게  약 34주 체험 가능  전국 다이소 매장 진열 확인 저는 하루 7시간 이상 컴퓨터 보는 직장인인데 요즘 눈이 훨씬 덜 피로하더라고요 루테인 고민 중이셨다면 다이소 꼭 들러보세요 made whit Vrew #눈침침할때#눈관리#50대영양제#40대영양제#루테인지아잔틴#루테인#다이소꿀팁#다이소추천#다이소득템#눈노화#안국약품#토비콤#다이소추천템,"['건강', '챙기', '하루', '종일', '컴퓨터', '휴대폰', '당신', '피로', '다이소', '단돈', '안국', '약품', '루테인지아잔틴', '챙기', '노화', '침침하', '피로감', '걱정', '지금', '관리', '시작', '지아', '비타민', '미니', '제품', '간편하', '체험', '가능', '전국', '다이소', '매장', '진열', '확인', '하루', '시간', '이상', '컴퓨터', '직장인', '요즘', '피로', '루테인', '고민', '다이소', '들르']"
2,2,영양제 고민될 때 다이소를 가야하는 이유💊,,"#shorts,#꿀팁,#정보",103,4840,2,2026-02-28 04:00:15,https://www.youtube.com/watch?v=Lbmy_KMRpyg,영양제 고민될 때 다이소를 가야하는 이유  #shorts#꿀팁#정보,"['영양제', '고민', '다이소', '이유']"
2,2,다이소 영양제를 넘어서는 이런 가성비의 영양제가 있습니다.,,#면역#프로폴리스#영양제,50,3208,2,2025-09-08 03:00:09,https://www.youtube.com/watch?v=8t_T8P-jPac,다이소 영양제를 넘어서는 이런 가성비의 영양제가 있습니다  #면역#프로폴리스#영양제,"['다이소', '영양제', '넘어서', '가성비', '영양제']"
2,2,"다이소 강아지 영양제, 건강 기능성 간식 수의사라면 먹일까? (광고X)｜다이소 강아지 간식, 강아지 영양제","다이소에서 판매하는 강아지 기능성 간식, 영양간식들. 눈 건강, 피부·관절, 면역, 히알루론산, 콜라겐, 초유, 보스웰리아, 스피루리나, 코엔자임Q10까지 다양한 성분이 들어간 제품들이 많은데요. 과연 이런 다이소 펫 영양간식은 실제로 강아지 건강에 도움이 될까요? 아니면 그냥 간식으로만 봐야 할까요? 이번 영상에서는 수의사의 관점에서 다이소 기능성 간식과 강아지 영양제 간식을 어떻게 봐야 하는지, 눈 건강 제품, 면역 관련 제품, 관절·피부 관련 성분들을 하나씩 살펴보겠습니다. 특히 보호자분들이 많이 궁금해하시는 “수의사라면 내 강아지에게 먹일까, 먹이지 않을까?”에 대해서도 솔직하게 답변드립니다. 강아지 간식 고를 때 성분표를 어떻게 봐야 하는지, 기능성 간식과 영양제를 구분해서 봐야 하는지 궁금하셨다면 끝까지 확인해 주세요! ⏰ 타임라인 0:00 하이라이트 0:15 다이소 기능성 간식, 영양제 효과 있을까? 2:07 눈 건강 제품 2:35 히알루론산, 콜라겐 2:50 초유, 면역 제품 3:37 보스웰리아, 스피루리나, 코엔자임Q10 3:54 수의사로서 먹인다? 먹이지 않는다? 🤍 예약 문의 : https://map.naver.com/p/entry/place/1... 💙 홈페이지 : https://animalhealthcare.kr 🏥 서울 광진구 구의강변로 46, 2F 📞 02-6930-5747","#다이소강아지영양제,#강아지다이소,#서울대학교동물검진센터,#다이소강아지간식,#강아지영양제,#수의사리뷰",6,118,1,2026-05-11 10:30:24,https://www.youtube.com/watch?v=gS_wcTdq0Z8,다이소 강아지 영양제 건강 기능성 간식 수의사라면 먹일까 광고X다이소 강아지 간식 강아지 영양제 다이소에서 판매하는 강아지 기능성 간식 영양간식들 눈 건강 피부관절 면역 히알루론산 콜라겐 초유 보스웰리아 스피루리나 코엔자임Q10까지 다양한 성분이 들어간 제품들이 많은데요 과연 이런 다이소 펫 영양간식은 실제로 강아지 건강에 도움이 될까요 아니면 그냥 간식으로만 봐야 할까요 이번 영상에서는 수의사의 관점에서 다이소 기능성 간식과 강아지 영양제 간식을 어떻게 봐야 하는지 눈 건강 제품 면역 관련 제품 관절피부 관련 성분들을 하나씩 살펴보겠습니다 특히 보호자분들이 많이 궁금해하시는 수의사라면 내 강아지에게 먹일까 먹이지 않을까에 대해서도 솔직하게 답변드립니다 강아지 간식 고를 때 성분표를 어떻게 봐야 하는지 기능성 간식과 영양제를 구분해서 봐야 하는지 궁금하셨다면 끝까지 확인해 주세요  타임라인 000 하이라이트 015 다이소 기능성 간식 영양제 효과 있을까 207 눈 건강 제품 235 히알루론산 콜라겐 250 초유 면역 제품 337 보스웰리아 스피루리나 코엔자임Q10 354 수의사로서 먹인다 먹이지 않는다  예약 문의  httpsmapnavercompentryplace1  홈페이지  httpsanimalhealthcarekr  서울 광진구 구의강변로 46 2F  0269305747 #다이소강아지영양제#강아지다이소#서울대학교동물검진센터#다이소강아지간식#강아지영양제#수의사리뷰,"['다이소', '강아지', '영양제', '건강', '기능', '간식', '수의사', '먹이', '광고', '다이소', '강아지', '간식', '강아지', '영양제', '다이소', '판매', '강아지', '기능', '간식', '영양', '간식', '건강', '피부', '관절', '면역', '히알루론산', '콜라겐', '초유', '보스', '스피루리', '코엔자임', '다양', '성분', '들어가', '제품', '다이소', '영양', '간식', '강아지', '건강', '도움', '아니', '간식', '이번', '영상', '수의사', '관점', '다이소', '기능', '간식', '강아지', '영양제', '간식', '어떻', '건강', '제품', '면역', '관련', '제품', '관절', '피부', '관련', '성분', '하나', '살피', '보호자', '궁금하', '수의사', '강아지', '먹이', '먹이', '대하', '답변', '드리', '강아지', '간식', '고르', '성분', '어떻', '기능', '간식', '영양제', '구분', '확인', '타임라인', '하이라이트', '다이소', '기능', '간식', '영양제', '효과', '건강', '제품', '히알루론산', '콜라겐', '초유', '면역', '제품', '보스', '스피루리', '코엔자임', '수의사', '먹이', '먹이', '예약', '문의', '홈페이지', '서울', '광진구', '구의', '강변로']"
2,2,식물 영양제와 알비료 그리고 식물과의 일상#다이소  #다이소식물 #꿀템 #식물 #식물영양제 #식물수형#daiso #daisokorea #힐링영상 #힐링 #힐링음악,일상과 함께^^,"#다이소,#식물,#식물영양제,#식물수형,#힐링,#힐링영상",11,2221,1,2026-01-20 07:57:39,https://www.youtube.com/watch?v=hGusi6Eva2Q,식물 영양제와 알비료 그리고 식물과의 일상#다이소  #다이소식물 #꿀템 #식물 #식물영양제 #식물수형#daiso #daisokorea #힐링영상 #힐링 #힐링음악 일상과 함께 #다이소#식물#식물영양제#식물수형#힐링#힐링영상,"['식물', '영양제', '비료', '식물', '일상', '일상']"
2,2,약사가 추천하는 다이소 영양제,"다이소에 가면 영양제 한 달 치를 고작 삼천 원에 살 수 있다고??? 다이소 영양제 궁금했던 사람 주목! 가격이 너무 저렴한데 믿고 먹어도 될지, 어떤 영양제가 좋은 건지 궁금하다멍? - 본 콘텐츠는 10년 차 현직 약사가 직접 작성·검토했습니다.","#강아지강약사,#다이소,#다이소영양제,#다이소마그네슘,#다이소비타민",24,2532,4,2026-04-04 02:00:54,https://www.youtube.com/watch?v=uZjr4JeNMyY,약사가 추천하는 다이소 영양제 다이소에 가면 영양제 한 달 치를 고작 삼천 원에 살 수 있다고 다이소 영양제 궁금했던 사람 주목 가격이 너무 저렴한데 믿고 먹어도 될지 어떤 영양제가 좋은 건지 궁금하다멍  본 콘텐츠는 10년 차 현직 약사가 직접 작성검토했습니다 #강아지강약사#다이소#다이소영양제#다이소마그네슘#다이소비타민,"['약사', '추천', '다이소', '영양제', '다이소', '영양제', '삼천', '다이소', '영양제', '사람', '주목', '가격', '저렴하', '영양제', '콘텐츠', '현직', '약사', '작성', '검토']"
2,2,#다이소영양제 #다이소 #다이소추천 #다이소템,,,1,272,0,2025-08-03 01:57:10,https://www.youtube.com/watch?v=5Hq4IFN3Mew,#다이소영양제 #다이소 #다이소추천 #다이소템  ,[]
2,2,[다이소영양제] 혈압관리편 #다이소 #가성비 #영양제 #건강기능식품 #코엔자임q10,,,14,1646,2,2026-01-13 10:01:25,https://www.youtube.com/watch?v=p-nCtz3lqH8,다이소영양제 혈압관리편 #다이소 #가성비 #영양제 #건강기능식품 #코엔자임q10  ,"['다이소', '영양제', '혈압', '관리']"
2,2,식물영양제 제발 꽂지마세요!❌ | 식물영양제 제대로 쓰는 법 | 다이소템 식물 영양제,"간편하게 사용도 가능하고 저렴한 금액이라 앰플영양제는 부담없이 사용하게 되는데 그냥 꽂아서 준다면 완전 비추에요❌ 꽂기만 한다면 흙 속에 생긴 물길을 따라 그대로 영양이 빠져나가고, 골고루 흡수를 못하게 되거든요 식물영양제를 줄때는 가급적 먼저 수돗물로 물을 한번 듬뿍주세요! 그럼 흙 속 유해가스도 빠지고 뿌리가 숨을 쉬게 돼요🌿 그때 앰플영양제를 물에 희석해서 물을 주게되면 흙 속 뿌리 사이사이로 흡수가 되면서 흡수율이 확 올라가요👍🏻 앰플영양제는 이미 물과 희석되어 나온터라 농도가 약해 1~2주 간격으로 물을 준다면 매번 물 줄때마다 줘도 무방해요 그럼 식물에게 부족한 영양소를 채워주거든요 또 한 달에 한 번 정도는 분무기에 1/3정도 희석해서 잎사귀에 뿌려주면 잎 영양에도 도움이 돼요‼ 📌앞으로 절대 꽂지말고 부어주세요",,362,42009,4,2025-06-12 09:30:07,https://www.youtube.com/watch?v=F6WRJSzVSMU,식물영양제 제발 꽂지마세요  식물영양제 제대로 쓰는 법  다이소템 식물 영양제 간편하게 사용도 가능하고 저렴한 금액이라 앰플영양제는 부담없이 사용하게 되는데 그냥 꽂아서 준다면 완전 비추에요 꽂기만 한다면 흙 속에 생긴 물길을 따라 그대로 영양이 빠져나가고 골고루 흡수를 못하게 되거든요 식물영양제를 줄때는 가급적 먼저 수돗물로 물을 한번 듬뿍주세요 그럼 흙 속 유해가스도 빠지고 뿌리가 숨을 쉬게 돼요 그때 앰플영양제를 물에 희석해서 물을 주게되면 흙 속 뿌리 사이사이로 흡수가 되면서 흡수율이 확 올라가요 앰플영양제는 이미 물과 희석되어 나온터라 농도가 약해 12주 간격으로 물을 준다면 매번 물 줄때마다 줘도 무방해요 그럼 식물에게 부족한 영양소를 채워주거든요 또 한 달에 한 번 정도는 분무기에 13정도 희석해서 잎사귀에 뿌려주면 잎 영양에도 도움이 돼요 앞으로 절대 꽂지말고 부어주세요 ,"['식물', '영양제', '식물', '영양제', '다이소템', '식물', '영양제', '사용', '가능', '금액', '앰플', '영양제', '부담', '사용', '완전', '비추', '생기', '물길', '따르', '영양', '빠져나가', '흡수', '식물', '영양제', '수돗물', '유해', '가스', '빠지', '뿌리', '그때', '앰플', '영양제', '희석', '뿌리', '사이사이', '흡수', '흡수', '올라가', '앰프', '영양제', '희석', '나오', '농도', '약하', '간격', '식물', '부족', '영양소', '채우', '정도', '분무기', '정도', '희석', '잎사귀', '뿌리', '영양', '도움']"
2,2,[다이소영양제] 글루콘산마그네슘 #동화약품 #마그네슘 #다이소,,,6,2163,1,2026-04-09 06:59:31,https://www.youtube.com/watch?v=s8M1Lxo3Hjw,다이소영양제 글루콘산마그네슘 #동화약품 #마그네슘 #다이소  ,"['다이소', '영양제', '마그네슘']"
2,2,"😼💎""까탈냥이도 환장하는 다이소눈 영양제(찹찹찹asmr)""🐾 #shorts #고양이#고양이영양제 #고양이눈물","😼9년전 길냥이 시절 허피스 후유증으로 눈물이 마를 날 없는 루비.. 까다로운 입맛 때문에 영양제 챙겨주기 정말 힘들었는데, 다이소 꿀템 발견했어요! 가성비는 물론 기호성까지 완벽해서 루비가 설거지 먹방 보여주네요. 루비의 눈물 자국 탈출기 응원해 주세요! ✨ ​","#고양이눈영양제,#고양이갈색눈물,#고양이영상,#다이소추천템,#길냥이구조,#고양이먹방asmr,#cute,#다이소꿀템,#고양이먹방,#리베펫,#냥스타그램,#cat",12,1493,3,2025-12-27 05:30:29,https://www.youtube.com/watch?v=qSrpzc_quSs,까탈냥이도 환장하는 다이소눈 영양제찹찹찹asmr #shorts #고양이#고양이영양제 #고양이눈물 9년전 길냥이 시절 허피스 후유증으로 눈물이 마를 날 없는 루비 까다로운 입맛 때문에 영양제 챙겨주기 정말 힘들었는데 다이소 꿀템 발견했어요 가성비는 물론 기호성까지 완벽해서 루비가 설거지 먹방 보여주네요 루비의 눈물 자국 탈출기 응원해 주세요   #고양이눈영양제#고양이갈색눈물#고양이영상#다이소추천템#길냥이구조#고양이먹방asmr#cute#다이소꿀템#고양이먹방#리베펫#냥스타그램#cat,"['까탈', '환장', '다이소', '영양제찹찹찹', '시절', '피스', '후유증', '눈물', '마르', '루비', '까다롭', '입맛', '때문', '영양제', '챙기', '힘들', '다이소', '꿀템', '발견', '가성비', '기호', '완벽', '루비', '설거지', '먹방', '보이', '루비', '눈물', '자국', '탈출기', '응원']"
2,2,다이소 식물 영양제 쿠팡에서 가성비 갑 꿀템 BEST 15,"가장 많이팔린 다이소 식물 영양제 영상 속 다이소 식물 영양제 구매링크: https://link.coupang.com/a/cD383O 이 포스팅은 쿠팡파트너스 활동의 일환으로, 이에 따른 일정액의 수수료를 제공받습니다. 1위 : 자재1번가 하이포넥스 앰플형식물영양제 하이그레이드원액 액비 관엽식물 다육이 장미 화초 화분 수목 리키다스 레이쇼, 1개, 리키다스앰플(노랑), 35ml 가격 : 9,490원 링크 : https://link.coupang.com/a/cD383O 2위 : 탐사 종합식물용 액체 영양제 1.8L 2P, 2개 가격 : 9,110원 링크 : https://link.coupang.com/a/cD3881 3위 : 앙플랜트 모든 식물용 식물영양제, 35ml, 21개 가격 : 3,690원 링크 : https://link.coupang.com/a/cD39d6 4위 : 모리앤 종합 식물영양제 10p, 350ml, 1개 가격 : 2,250원 링크 : https://link.coupang.com/a/cD39jQ 5위 : 앙플랜트 모든 식물용 식물영양제, 35ml, 21개 가격 : 3,690원 링크 : https://link.coupang.com/a/cD39pb 6위 : 꽃피우는시간 제라늄용 식물영양제 제라핌, 1개, 500ml 가격 : 25,800원 링크 : https://link.coupang.com/a/cD39uB 7위 : 고급 식물영양제 모든 식물용 영양공급제 앰플 36ml x 100개, 1세트, 3.6L 가격 : 9,980원 링크 : https://link.coupang.com/a/cD39AE 8위 : 그린캐치 모든 식물용 식물영양제, 1.8L, 1개 가격 : 5,600원 링크 : https://link.coupang.com/a/cD39Fp 9위 : 고급 식물영양제 모든 식물용 영양공급제 앰플 36ml x 100개, 1세트, 3.6L 가격 : 9,980원 링크 : https://link.coupang.com/a/cD39Ln 10위 : 그린캐치 전종 식물영양제, 1.8L, 2개 가격 : 10,200원 링크 : https://link.coupang.com/a/cD39QC 감사합니다.",,0,2,1,2025-07-10 09:38:08,https://www.youtube.com/watch?v=u9193S77--I,다이소 식물 영양제 쿠팡에서 가성비 갑 꿀템 BEST 15 가장 많이팔린 다이소 식물 영양제 영상 속 다이소 식물 영양제 구매링크 httpslinkcoupangcomacD383O 이 포스팅은 쿠팡파트너스 활동의 일환으로 이에 따른 일정액의 수수료를 제공받습니다 1위  자재1번가 하이포넥스 앰플형식물영양제 하이그레이드원액 액비 관엽식물 다육이 장미 화초 화분 수목 리키다스 레이쇼 1개 리키다스앰플노랑 35ml 가격  9490원 링크  httpslinkcoupangcomacD383O 2위  탐사 종합식물용 액체 영양제 18L 2P 2개 가격  9110원 링크  httpslinkcoupangcomacD3881 3위  앙플랜트 모든 식물용 식물영양제 35ml 21개 가격  3690원 링크  httpslinkcoupangcomacD39d6 4위  모리앤 종합 식물영양제 10p 350ml 1개 가격  2250원 링크  httpslinkcoupangcomacD39jQ 5위  앙플랜트 모든 식물용 식물영양제 35ml 21개 가격  3690원 링크  httpslinkcoupangcomacD39pb 6위  꽃피우는시간 제라늄용 식물영양제 제라핌 1개 500ml 가격  25800원 링크  httpslinkcoupangcomacD39uB 7위  고급 식물영양제 모든 식물용 영양공급제 앰플 36ml x 100개 1세트 36L 가격  9980원 링크  httpslinkcoupangcomacD39AE 8위  그린캐치 모든 식물용 식물영양제 18L 1개 가격  5600원 링크  httpslinkcoupangcomacD39Fp 9위  고급 식물영양제 모든 식물용 영양공급제 앰플 36ml x 100개 1세트 36L 가격  9980원 링크  httpslinkcoupangcomacD39Ln 10위  그린캐치 전종 식물영양제 18L 2개 가격  10200원 링크  httpslinkcoupangcomacD39QC 감사합니다 ,"['다이소', '식물', '영양제', '쿠팡', '가성비', '꿀템', '팔리', '다이소', '식물', '영양제', '영상', '다이소', '식물', '영양제', '구매', '링크', '포스팅', '쿠팡', '파트너스', '활동', '일환', '따르', '일정액', '수수료', '제공', '자재', '번가', '하이포넥스', '앰플', '식물', '영양제', '하이', '그레이', '원액', '식물', '장미', '화초', '화분', '리키다스', '레이', '리키다스', '앰플', '노랑', '가격', '링크', '탐사', '종합', '식물', '액체', '영양제', '가격', '링크', '플랜트', '식물', '식물', '영양제', '가격', '링크', '모리앤', '종합', '식물', '영양제', '가격', '링크', '플랜트', '식물', '식물', '영양제', '가격', '링크', '꽃피우', '시간', '제라늄', '식물', '영양제', '제라핌', '가격', '링크', '고급', '식물', '영양제', '식물', '영양', '공급', '앰플', '세트', '가격', '링크', '그린', '캐치', '식물', '식물', '영양제', '가격', '링크', '고급', '식물', '영양제', '식물', '영양', '공급', '앰플', '세트', '가격', '링크', '그린', '캐치', '식물', '영양제', '가격', '링크', '감사']"
2,2,"다이소 5,000원 ​​영양제! 죽어가는 남자의 발기력을 되살린 기적의 세트  60대, 70대라면 꼭 봐야 할 제품  꺅츄 언니","다이소 5,000원 ​​영양제! 죽어가는 남자의 발기력을 되살린 기적의 세트 | 60대, 70대라면 꼭 봐야 할 제품 | 꺅츄 언니 60대, 70대에도 남자의 자신감을 되찾을 수 있을까요? 이 영상에서는 단돈 3만 원, 집 근처 다이소에서 구할 수 있는 영양제와 간단한 도구들로 발기력·활력·자신감을 되살린 실제 루틴을 공개합니다. 비싼 수입 영양제나 복잡한 시술 없이, 쏘팔메토·블랙마카·비타민D·오메가3와 같은 핵심 영양제부터 지압볼, 스트레칭 밴드까지 단계별로 설명합니다. 이 영상의 핵심은 단순한 제품 소개가 아닙니다. ✔ 남성호르몬(테스토스테론) ✔ 혈류 개선 ✔ 골반·하체 근력 이 세 가지를 동시에 자극하는 저녁 12분 황제 루틴을 통해 시너지를 극대화하는 방법을 알려드립니다. 중년 이후 활력 저하로 고민 중이라면, 끝까지 시청해 보세요. 👉 도움이 되셨다면 구독과 좋아요, 그리고 경험담을 댓글로 남겨주세요!","#발기부전,#다이소,#소팔메토,#마카,#비타민D,#지압볼,#스트레칭밴드,#황제루틴,#꽈추언니,#발기부전",1,47,0,2026-04-04 11:32:10,https://www.youtube.com/watch?v=qJTUryRz_vM,다이소 5000원 영양제 죽어가는 남자의 발기력을 되살린 기적의 세트  60대 70대라면 꼭 봐야 할 제품  꺅츄 언니 다이소 5000원 영양제 죽어가는 남자의 발기력을 되살린 기적의 세트  60대 70대라면 꼭 봐야 할 제품  꺅츄 언니 60대 70대에도 남자의 자신감을 되찾을 수 있을까요 이 영상에서는 단돈 3만 원 집 근처 다이소에서 구할 수 있는 영양제와 간단한 도구들로 발기력활력자신감을 되살린 실제 루틴을 공개합니다 비싼 수입 영양제나 복잡한 시술 없이 쏘팔메토블랙마카비타민D오메가3와 같은 핵심 영양제부터 지압볼 스트레칭 밴드까지 단계별로 설명합니다 이 영상의 핵심은 단순한 제품 소개가 아닙니다  남성호르몬테스토스테론  혈류 개선  골반하체 근력 이 세 가지를 동시에 자극하는 저녁 12분 황제 루틴을 통해 시너지를 극대화하는 방법을 알려드립니다 중년 이후 활력 저하로 고민 중이라면 끝까지 시청해 보세요  도움이 되셨다면 구독과 좋아요 그리고 경험담을 댓글로 남겨주세요 #발기부전#다이소#소팔메토#마카#비타민D#지압볼#스트레칭밴드#황제루틴#꽈추언니#발기부전,"['다이소', '영양제', '남자', '발기', '되살리', '기적', '세트', '제품', '꺅츄', '언니', '다이소', '영양제', '남자', '발기', '되살리', '기적', '세트', '제품', '꺅츄', '언니', '남자', '자신감', '되찾', '영상', '단돈', '근처', '다이소', '구하', '영양제', '도구', '발기', '활력', '자신감', '되살리', '실제', '루틴', '공개', '비싸', '수입', '영양제', '시술', '쏘팔메토', '블랙', '비타민', '오메가', '핵심', '영양제', '지압', '스트레칭', '밴드', '단계', '설명', '영상', '핵심', '단순', '제품', '소개', '아니', '남성', '호르몬', '테스토스테론', '혈류', '개선', '골반', '하체', '근력', '가지', '동시', '자극', '저녁', '황제', '루틴', '통하', '시너지', '극대', '방법', '알리', '드리', '중년', '이후', '활력', '저하', '고민', '시청', '도움', '구독', '경험담', '댓글', '남기']"
2,2,[다이소영양제] 카무트효소 #건강기능식품,,,5,830,1,2026-02-04 05:58:27,https://www.youtube.com/watch?v=RzSwsgPy8K8,다이소영양제 카무트효소 #건강기능식품  ,"['다이소', '영양제', '카무트효소']"
2,2,다이소 영양제 정리 수납함,,,3,65,0,2025-12-17 10:25:19,https://www.youtube.com/watch?v=5bSvm-mJ5Kw,다이소 영양제 정리 수납함  ,"['다이소', '영양제', '정리', '수납']"
2,2,다이소에서 만나는 오브맘 다이어트 홀릭 #다이소건강기능식품 #다이소영양제 #다이소쇼핑 #다이소,"5천원으로 시작하는 톡톡 터지는 다이어트! 다이소에서 만나는 오브맘 다이어트 홀릭🔥 입안에서 팡팡! 맛있고 재밌는 다이어트, 지금 바로 체험해보세요.","#다이소,#오브맘,#다이어트홀릭,#팝핑캔디다이어트,#Z세대템,#다이어트간식,#쇼츠챌린지,#헬시Z",15,2616,1,2025-05-27 10:05:17,https://www.youtube.com/watch?v=PGPX9cGrOoI,다이소에서 만나는 오브맘 다이어트 홀릭 #다이소건강기능식품 #다이소영양제 #다이소쇼핑 #다이소 5천원으로 시작하는 톡톡 터지는 다이어트 다이소에서 만나는 오브맘 다이어트 홀릭 입안에서 팡팡 맛있고 재밌는 다이어트 지금 바로 체험해보세요 #다이소#오브맘#다이어트홀릭#팝핑캔디다이어트#Z세대템#다이어트간식#쇼츠챌린지#헬시Z,"['다이소', '만나', '오브', '다이어트', '홀릭', '시작', '터지', '다이어트', '다이소', '만나', '오브', '다이어트', '홀릭', '맛있', '재밌', '다이어트', '체험']"
2,2,[다이소영양제] 생리통편 #건강기능식품,,,7,1234,0,2026-02-07 10:42:55,https://www.youtube.com/watch?v=uiqv0XotOf8,다이소영양제 생리통편 #건강기능식품  ,"['다이소', '영양제', '생리통']"
2,2,"""3천원 다이소 영양제, 진짜 효과 있을까? 60대 리얼 체험!""",,"#6070forever,#다이소영양제,#60대건강,#리얼후기,#가성비건강,#건강정보,#비타민C,#밀크씨슬,#유산균,#시니어추천",0,143,0,2025-05-20 05:04:45,https://www.youtube.com/watch?v=mS84giPkY0s,3천원 다이소 영양제 진짜 효과 있을까 60대 리얼 체험  #6070forever#다이소영양제#60대건강#리얼후기#가성비건강#건강정보#비타민C#밀크씨슬#유산균#시니어추천,"['다이소', '영양제', '효과', '리얼', '체험']"
2,2,다이소 식물 영양제 추천 비료 단돈 2000원!,"안녕하세요, 그냥심자입니다. 오늘은 제가 최근 눈여겨보고 있는 다이소 비료 3종을 이야기 해봤습니다. ​성분표를 뜯어보고 제조사에 직접 확인해 보니, 입문자분들에게 충분히 매력적인 대안이 될 수 있겠다는 확신이 들었습니다. ​무조건 추천드리는 게 아닙니다. 어떤 성분이 들어있는지, 내 식물에게 왜 필요한지 이해하고 전략적으로 사용해 보시길 권해드리는 마음으로 영상을 준비했습니다. ✅️ 영상 타임라인(Timestamp) [00:47] 식물별 핵심 성분 가이드 (질소/칼륨/칼슘의 역할) [01:53] [제품1] 마가모: 뿌리산 흡수 방식과 석회 성분의 특징 [02:35] [제품2] 커피 알비료: 접근성 좋은 미생물 입제의 매력 (뿌리썩음병 예방) [03:17] [제품3] 관엽용 알비료: 잎의 활력을 돕는 NPK 미량 요소 밸런스 [03:40] 실전 분갈이: 아데니움 유묘 비료 배합 및 주의사항 [04:41] 비료 사용법 총정리: 기비(밑거름)의 중요성 [04:51] 비료 철학: 천천히, 그리고 단단하게 키우는 즐거움 아데니움 씨앗에서 키우기 영상 https://youtu.be/5ojNc_IaGFs?si=O6iXTgNanpq57ZCD 💡추가 정보 마가모를 구매하실 때 '농업용(전문가용)'과 '다이소용(범용)'의 성분이 다르다는 점을 꼭 확인하세요! 기르는 작물의 목적에 맞춰 선택하는 것이 중요합니다. 1. 농업용 (전문가용/대용량) 이 제품은 꽃의 분화나 뿌리 발육에 극대화된 배합입니다. 질소 대비 인산(P)과 고토(마그네슘)의 함량이 압도적으로 높아 전문적인 개화 조절이나 육묘에 적합합니다. 성분 구성: 질소(6.0) : 인산(40.0) : 가리(6.0) : 고토(15.0) 2. 다이소용 (일반 범용) 일반 가정에서 기르는 다양한 관엽식물이나 채소류에 맞춰 질소, 인산, 가리가 균형 있게 들어간 형태입니다. 초보자가 어떤 식물에 사용해도 무난하도록 설계되었습니다. 성분 구성: 질소(8.0) : 인산(14.0) : 가리(9.0) : 고토(7.0) : 석회(11.0) + 미량요소 7종","#다이소비료,#마감프K,#식물영양제,#괴근식물,#아데니움",163,8263,15,2026-04-22 01:25:54,https://www.youtube.com/watch?v=TDQW2an0XI4,다이소 식물 영양제 추천 비료 단돈 2000원 안녕하세요 그냥심자입니다 오늘은 제가 최근 눈여겨보고 있는 다이소 비료 3종을 이야기 해봤습니다 성분표를 뜯어보고 제조사에 직접 확인해 보니 입문자분들에게 충분히 매력적인 대안이 될 수 있겠다는 확신이 들었습니다 무조건 추천드리는 게 아닙니다 어떤 성분이 들어있는지 내 식물에게 왜 필요한지 이해하고 전략적으로 사용해 보시길 권해드리는 마음으로 영상을 준비했습니다  영상 타임라인Timestamp 0047 식물별 핵심 성분 가이드 질소칼륨칼슘의 역할 0153 제품1 마가모 뿌리산 흡수 방식과 석회 성분의 특징 0235 제품2 커피 알비료 접근성 좋은 미생물 입제의 매력 뿌리썩음병 예방 0317 제품3 관엽용 알비료 잎의 활력을 돕는 NPK 미량 요소 밸런스 0340 실전 분갈이 아데니움 유묘 비료 배합 및 주의사항 0441 비료 사용법 총정리 기비밑거름의 중요성 0451 비료 철학 천천히 그리고 단단하게 키우는 즐거움 아데니움 씨앗에서 키우기 영상 httpsyoutube5ojNcIaGFssiO6iXTgNanpq57ZCD 추가 정보 마가모를 구매하실 때 농업용전문가용과 다이소용범용의 성분이 다르다는 점을 꼭 확인하세요 기르는 작물의 목적에 맞춰 선택하는 것이 중요합니다 1 농업용 전문가용대용량 이 제품은 꽃의 분화나 뿌리 발육에 극대화된 배합입니다 질소 대비 인산P과 고토마그네슘의 함량이 압도적으로 높아 전문적인 개화 조절이나 육묘에 적합합니다 성분 구성 질소60  인산400  가리60  고토150 2 다이소용 일반 범용 일반 가정에서 기르는 다양한 관엽식물이나 채소류에 맞춰 질소 인산 가리가 균형 있게 들어간 형태입니다 초보자가 어떤 식물에 사용해도 무난하도록 설계되었습니다 성분 구성 질소80  인산140  가리90  고토70  석회110  미량요소 7종 #다이소비료#마감프K#식물영양제#괴근식물#아데니움,"['다이소', '식물', '영양제', '추천', '비료', '단돈', '안녕', '오늘', '최근', '눈여겨보', '다이소', '비료', '이야기', '성분', '제조사', '확인', '입문자', '매력', '대안', '확신', '추천', '드리', '아니', '성분', '식물', '필요', '이해', '전략', '사용', '드리', '마음', '영상', '준비', '영상', '타임라인', '식물', '핵심', '성분', '가이드', '질소', '칼륨', '칼슘', '역할', '제품', '마가', '뿌리', '흡수', '방식', '석회', '성분', '특징', '제품', '커피', '비료', '접근', '미생물', '매력', '뿌리', '예방', '제품', '비료', '활력', '미량', '요소', '밸런스', '실전', '분갈이', '비료', '배합', '주의', '사항', '비료', '사용', '정리', '기비', '밑거름', '중요', '비료', '철학', '키우', '즐거움', '씨앗', '키우', '영상', '추가', '정보', '마가', '구매', '농업', '전문가', '다이소', '범용', '성분', '다르', '확인', '기르', '작물', '목적', '맞추', '선택', '중요', '농업', '전문가', '용량', '제품', '분화', '뿌리', '발육', '극대', '배합', '질소', '대비', '인산', '고토', '마그네슘', '함량', '압도', '전문', '개화', '조절', '육묘', '성분', '구성', '질소', '인산', '고토', '다이소', '일반', '범용', '일반', '가정', '기르', '다양', '식물', '채소', '맞추', '질소', '인산', '가리', '균형', '들어가', '형태', '초보자', '식물', '사용', '설계', '성분', '구성', '질소', '인산', '고토', '석회', '미량', '요소']"
2,2,다이소 비료 영양제,,,0,238,0,2025-09-29 06:39:11,https://www.youtube.com/watch?v=mzGIBvJUyYY,다이소 비료 영양제  ,"['다이소', '비료', '영양제']"
2,2,다이소 신상! 천원짜리 구미 영양제? 💊,,,0,2054,1,2026-04-23 13:27:21,https://www.youtube.com/watch?v=VzskFToD6bM,다이소 신상 천원짜리 구미 영양제   ,"['다이소', '신상', '구미', '영양제']"
2,2,[다이소영양제] 집중력향상편 #건강기능식품,,,1,278,0,2026-02-03 12:39:18,https://www.youtube.com/watch?v=aBsqM1LC8vY,다이소영양제 집중력향상편 #건강기능식품  ,"['다이소', '영양제', '집중력', '향상']"
2,2,다이소 영양제ㅋㅋ,,,0,33,0,2025-08-16 10:27:36,https://www.youtube.com/watch?v=rA_a9PSs60c,다이소 영양제  ,"['다이소', '영양제']"
2,2,다이소 눈영양제 가성비 1위 토비콤 루테인지아잔틴 #다이소추천템,다이소 눈영양제 가성비 1위 토비콤 루테인지아잔틴 Contact Email : usinss@daum.net Hi! It's the beginning of a new week. Sorry for the late upload :( Thanks for watching! ✔️백세청년✔️ 구독👍 좋아요 😍 부탁드려요 ❤️,"#토비콤,#백세청년",4,1136,0,2026-02-21 21:00:00,https://www.youtube.com/watch?v=-r0vDNbbrYw,다이소 눈영양제 가성비 1위 토비콤 루테인지아잔틴 #다이소추천템 다이소 눈영양제 가성비 1위 토비콤 루테인지아잔틴 Contact Email  usinssdaumnet Hi Its the beginning of a new week Sorry for the late upload  Thanks for watching 백세청년 구독 좋아요  부탁드려요  #토비콤#백세청년,"['다이소', '영양제', '가성비', '토비콤', '루테인지아잔틴', '다이소', '영양제', '가성비', '토비콤', '루테인지아잔틴', '청년', '구독', '부탁드리']"
2,2,다이소에서 무조건 먹어야할 영양제 TOP3,다이소에서 무조건 먹어야할 영양제 TOP3,,3,716,0,2026-04-19 10:10:03,https://www.youtube.com/watch?v=R2XkSBQsDNI,다이소에서 무조건 먹어야할 영양제 TOP3 다이소에서 무조건 먹어야할 영양제 TOP3 ,"['다이소', '영양제', '다이소', '영양제']"
2,2,다이소 쿠팡 추천템  속쓰림 영양제 모르는 사람 없지?,,,7,1678,1,2025-08-25 03:42:31,https://www.youtube.com/watch?v=mVzr40YcmZE,다이소 쿠팡 추천템  속쓰림 영양제 모르는 사람 없지  ,"['다이소', '쿠팡', '추천', '속쓰림', '영양제', '모르', '사람']"
2,2,[다이소영양제] 비타민D추천,,,13,3077,0,2026-01-29 07:58:47,https://www.youtube.com/watch?v=w4DddqgySDY,다이소영양제 비타민D추천  ,"['다이소', '영양제', '비타민', '추천']"
2,2,다이소 영양제 어디 둘러볼까?,,,0,307,0,2025-09-23 08:37:11,https://www.youtube.com/watch?v=s451dZH24LE,다이소 영양제 어디 둘러볼까  ,"['다이소', '영양제', '어디', '둘러보']"
2,2,[다이소영양제] 유한양행 100억 유산균 #건강기능식품 #유한양행 #프로바이오틱스,,,3,1475,0,2026-04-16 05:58:01,https://www.youtube.com/watch?v=zPN-591_GjI,다이소영양제 유한양행 100억 유산균 #건강기능식품 #유한양행 #프로바이오틱스  ,"['다이소', '영양제', '유한양행', '유산균']"
2,2,3천원 다이소 영양제! 사도 될까요? 시니어를 위해 전성분 비교한 가성비 영양제 Best3 꼭 드셔보세요. #시니어건강 #다이소영양제 #건강정보,"🚨약국 말고 다이소에서도 영양제를 살 수 있다? 하지만 무엇을 골라야 할까요? 오늘은 시니어분들께 꼭 필요한 건강 영양제를 소개합니다. 40대·50대 이후 심장과 혈압, 혈당, 뼈 건강까지 지켜주는 가성비 최고의 영양제 3가지를 직접 정리했어요. 가격은 3천원~5천원대지만 효능은 절대 가볍지 않습니다. 다이소 영양제, 과연 어떤 게 진짜 도움이 될까요? 끝까지 보시면 답이 나옵니다!",,5,972,0,2025-08-25 14:00:54,https://www.youtube.com/watch?v=W5nDGhXXK9Q,3천원 다이소 영양제 사도 될까요 시니어를 위해 전성분 비교한 가성비 영양제 Best3 꼭 드셔보세요 #시니어건강 #다이소영양제 #건강정보 약국 말고 다이소에서도 영양제를 살 수 있다 하지만 무엇을 골라야 할까요 오늘은 시니어분들께 꼭 필요한 건강 영양제를 소개합니다 40대50대 이후 심장과 혈압 혈당 뼈 건강까지 지켜주는 가성비 최고의 영양제 3가지를 직접 정리했어요 가격은 3천원5천원대지만 효능은 절대 가볍지 않습니다 다이소 영양제 과연 어떤 게 진짜 도움이 될까요 끝까지 보시면 답이 나옵니다 ,"['다이소', '영양제', '시니어', '위하', '성분', '비교', '가성비', '영양제', '드시', '약국', '다이소', '영양제', '무엇', '고르', '오늘', '시니어', '필요', '건강', '영양제', '소개', '이후', '심장', '혈압', '혈당', '건강', '지키', '가성비', '최고', '영양제', '가지', '정리', '가격', '효능', '가볍', '다이소', '영양제', '진짜', '도움', '나오']"
2,2,[다이소 영양제 품질리뷰] 가르시니아 네추럴웨이 #다이소영양제 #다이소 #가르시니아 #다이어트 #다이어트영양제 #건강기능식품 #기분핏 #내돈내산 #영양제추천 #HCA #건강정보,"안녕하세요, 건강한 선택을 도와드리는 [기분핏]입니다. 요즘 다이소에서 판매하는 영양제가 큰 인기를 끌고 있죠? 💊 저렴한 가격 때문에 '과연 품질은 어떨까?' 궁금하셨던 분들을 위해, 오늘은 다이소에서 직접 구매한 네추럴웨이 가르시니아 제품을 샅샅이 파헤쳐 봤습니다. 가르시니아는 체지방 감소에 도움을 주는 대표적인 기능성 원료인데요. HCA 함량에 따라 제품의 효과가 달라질 수 있다는 사실, 알고 계셨나요? 🤔 저희는 믿을 수 있는 **건강기능식품 정밀 분석 앱, '기분핏'**을 활용해 다이소 가르시니아의 진짜 품질을 검증했습니다. 과연 가성비와 품질, 두 마리 토끼를 모두 잡았을까요? 영상에서 자세한 분석 결과를 확인하세요! 💡 더 알아보기 가르시니아 HCA 함량의 비밀 좋은 가르시니아 제품 고르는 법 내게 맞는 다이어트 보조제 찾기 ✅ 영상 보시고 궁금한 점은 댓글로 남겨주세요! 기분핏 앱으로 직접 확인해 보세요! 👉 [www.keyboon.co.kr] 👉 앱 스토어에서 '기분핏' 검색! [기분핏] 구독, 좋아요, 알림 설정으로 더 유용한 건강 정보를 받아보세요! [배경음악] Kevin MacLeod의 Comedic Juggernaut - Music to Delight에는 크리에이티브 커먼즈 저작자 표시 4.0 라이선스가 적용됩니다. https://creativecommons.org/licenses/by/4.0/ 출처: http://incompetech.com/music/royalty-free/index.html?isrc=USUAN1100288 아티스트: http://incompetech.com/","#다이소영양제,#다이소가르시니아,#가르시니아,#체지방감소,#다이어트보조제,#다이소영양제,#다이소,#가르시니아,#다이어트,#다이어트영양제,#건강기능식품,#기분핏,#내돈내산,#영양제추천,#HCA,#건강정보",2,119,0,2025-08-28 02:46:56,https://www.youtube.com/watch?v=rakg_GcuU9g,다이소 영양제 품질리뷰 가르시니아 네추럴웨이 #다이소영양제 #다이소 #가르시니아 #다이어트 #다이어트영양제 #건강기능식품 #기분핏 #내돈내산 #영양제추천 #HCA #건강정보 안녕하세요 건강한 선택을 도와드리는 기분핏입니다 요즘 다이소에서 판매하는 영양제가 큰 인기를 끌고 있죠  저렴한 가격 때문에 과연 품질은 어떨까 궁금하셨던 분들을 위해 오늘은 다이소에서 직접 구매한 네추럴웨이 가르시니아 제품을 샅샅이 파헤쳐 봤습니다 가르시니아는 체지방 감소에 도움을 주는 대표적인 기능성 원료인데요 HCA 함량에 따라 제품의 효과가 달라질 수 있다는 사실 알고 계셨나요  저희는 믿을 수 있는 건강기능식품 정밀 분석 앱 기분핏을 활용해 다이소 가르시니아의 진짜 품질을 검증했습니다 과연 가성비와 품질 두 마리 토끼를 모두 잡았을까요 영상에서 자세한 분석 결과를 확인하세요  더 알아보기 가르시니아 HCA 함량의 비밀 좋은 가르시니아 제품 고르는 법 내게 맞는 다이어트 보조제 찾기  영상 보시고 궁금한 점은 댓글로 남겨주세요 기분핏 앱으로 직접 확인해 보세요  wwwkeybooncokr  앱 스토어에서 기분핏 검색 기분핏 구독 좋아요 알림 설정으로 더 유용한 건강 정보를 받아보세요 배경음악 Kevin MacLeod의 Comedic Juggernaut  Music to Delight에는 크리에이티브 커먼즈 저작자 표시 40 라이선스가 적용됩니다 httpscreativecommonsorglicensesby40 출처 httpincompetechcommusicroyaltyfreeindexhtmlisrcUSUAN1100288 아티스트 httpincompetechcom #다이소영양제#다이소가르시니아#가르시니아#체지방감소#다이어트보조제#다이소영양제#다이소#가르시니아#다이어트#다이어트영양제#건강기능식품#기분핏#내돈내산#영양제추천#HCA#건강정보,"['다이소', '영양제', '품질', '리뷰', '가르시니아', '네추럴웨이', '안녕', '건강', '선택', '드리', '기분', '요즘', '다이소', '판매', '영양제', '인기', '저렴하', '가격', '때문', '품질', '어떻', '위하', '오늘', '다이소', '구매', '네추럴웨이', '가르', '제품', '파헤치', '가르', '체지방', '감소', '도움', '대표', '기능', '원료', '함량', '따르', '제품', '효과', '달라지', '사실', '계시', '저희', '건강', '기능', '식품', '정밀', '분석', '기분', '활용', '다이소', '가르', '진짜', '품질', '검증', '가성비', '품질', '마리', '토끼', '영상', '분석', '결과', '확인', '알아보', '가르', '함량', '비밀', '가르시니아', '제품', '고르', '다이어트', '보조제', '영상', '궁금하', '댓글', '남기', '기분핏', '확인', '스토어', '기분핏', '검색', '기분핏', '구독', '알림', '설정', '유용', '건강', '정보', '배경', '음악', '크리에이티브', '커먼즈', '저작', '표시', '라이선스', '적용', '출처', '아티스트']"
2,2,안 사면 손해! 나만 알고 싶은 | 다이소 영양제 BEST 3,"💊 다이소에서 이 가격에 영양제를 판다고? 가성비 미쳤다는 다이소 영양제 BEST3 알려드릴게요~ ✔ 1. 멀티비타민 / 5,000원 ✔ 2. 비타민D 4000IU / 3,000원 ✔ 3. 코엔자임Q10 / 5,000원 세 개 다 사도 13,000원🔥깡패가격 미쳤죠?? 부담 없이 시작하기 좋은 입문용 영양제로 추천! 📌 이런 분들께 추천 식사가 불규칙한 분 햇빛 볼 시간 없는 직장인 활력 관리가 필요한 분 ⚠ 영양제는 개인 체질과 건강 상태에 따라 다를 수 있으니 참고해주세요 여러분은 다이소 영양제 사보셨나요? 댓글로 추천템 남겨주세요👇","#다이소,#다이소추천템,#다이소영양제,#영양제추천,#비타민D,#멀티비타민,#코큐텐,#가성비템,#건강관리,#shorts",14,3637,0,2026-04-16 07:42:48,https://www.youtube.com/watch?v=hzuto_zmrRw,안 사면 손해 나만 알고 싶은  다이소 영양제 BEST 3  다이소에서 이 가격에 영양제를 판다고 가성비 미쳤다는 다이소 영양제 BEST3 알려드릴게요  1 멀티비타민  5000원  2 비타민D 4000IU  3000원  3 코엔자임Q10  5000원 세 개 다 사도 13000원깡패가격 미쳤죠 부담 없이 시작하기 좋은 입문용 영양제로 추천  이런 분들께 추천 식사가 불규칙한 분 햇빛 볼 시간 없는 직장인 활력 관리가 필요한 분  영양제는 개인 체질과 건강 상태에 따라 다를 수 있으니 참고해주세요 여러분은 다이소 영양제 사보셨나요 댓글로 추천템 남겨주세요 #다이소#다이소추천템#다이소영양제#영양제추천#비타민D#멀티비타민#코큐텐#가성비템#건강관리#shorts,"['손해', '다이소', '영양제', '다이소', '가격', '영양제', '가성비', '미치', '다이소', '영양제', '알리', '드리', '멀티', '비타민', '비타민', '코엔자임', '깡패', '가격', '미치', '부담', '시작', '입문', '영양제', '추천', '추천', '식사', '규칙', '햇빛', '시간', '직장인', '활력', '관리', '필요', '영양제', '개인', '체질', '건강', '상태', '따르', '다르', '참고', '여러분', '다이소', '영양제', '댓글', '추천', '남기']"
2,2,다이소에 우리 댕댕이 영양제가 나왔다고?!,,,0,305,1,2025-05-22 11:43:11,https://www.youtube.com/watch?v=ljModhyNq_k,다이소에 우리 댕댕이 영양제가 나왔다고  ,"['다이소', '우리', '댕댕', '영양제', '나오']"
2,2,#다이소꿀템 #다이소추천템 #다이소 #다이소영양제 #다이소텀블러,,,4,823,1,2026-02-27 13:18:33,https://www.youtube.com/watch?v=fZIV-XlDf-I,#다이소꿀템 #다이소추천템 #다이소 #다이소영양제 #다이소텀블러  ,[]
2,2,[다이소영양제] 츄어블비타민 추천 #비타민c #비타민d #영양제추천 #영양제,,,2,1816,0,2026-04-17 04:06:16,https://www.youtube.com/watch?v=bz7HBGdNWGk,다이소영양제 츄어블비타민 추천 #비타민c #비타민d #영양제추천 #영양제  ,"['다이소', '영양제', '츄어블', '비타민', '추천']"
2,2,집에서 다이소 식물영양제 화분에 꼽아 주기만 하면  풍성하게 자란다,,,0,690,0,2025-09-03 03:06:14,https://www.youtube.com/watch?v=Ifmuvx5804o,집에서 다이소 식물영양제 화분에 꼽아 주기만 하면  풍성하게 자란다  ,"['다이소', '식물', '영양제', '화분', '자라']"
2,2,약사들도 사먹는 다이소 영양제 ,이 영상은 vrew로 제작 되었습니다,"#다이소,#다이소영양제,#영양제추천,#중년건강,#50대건강,#60대건강,#영양관리,#건강정보,#건강팁,#생활정보,#가성비영양제,#비타민D,#오메가3,#루테인,#마그네슘,#칼슘,#혈액순환,#눈건강,#뼈건강,#수면건강,#피로회복,#중년생활,#중년꿀팁,#생활꿀팁,#중년유튜브,#건강채널,#엄마선물,#아빠선물,#부모님선물,#가족건강",5,289,0,2025-08-29 20:00:27,https://www.youtube.com/watch?v=lLcXZ11Fb9Q,약사들도 사먹는 다이소 영양제  이 영상은 vrew로 제작 되었습니다 #다이소#다이소영양제#영양제추천#중년건강#50대건강#60대건강#영양관리#건강정보#건강팁#생활정보#가성비영양제#비타민D#오메가3#루테인#마그네슘#칼슘#혈액순환#눈건강#뼈건강#수면건강#피로회복#중년생활#중년꿀팁#생활꿀팁#중년유튜브#건강채널#엄마선물#아빠선물#부모님선물#가족건강,"['약사', '다이소', '영양제', '영상', '제작']"
2,2,"365일 부담없이 먹을 수 있는 가성비 좋은 건강파트너 추천☺️ 영양제리뷰! 다이소영양제, 가성비영양제 메디트리 비타민추천, 영양제추천, 온가족비타민 매일 건강루틴 챙기기 건행!","https://vo.la/qjSLxd8 영양제리뷰, 다이소영양제, 가성비영양제, 비타민추천, 영양제추천, 메디트리, 온가족비타민 메디트리,영양솔루션,바이탈포켓,가성비영양제추천",,1,34,0,2026-03-09 08:08:56,https://www.youtube.com/watch?v=V-bN2fohheU,365일 부담없이 먹을 수 있는 가성비 좋은 건강파트너 추천 영양제리뷰 다이소영양제 가성비영양제 메디트리 비타민추천 영양제추천 온가족비타민 매일 건강루틴 챙기기 건행 httpsvolaqjSLxd8 영양제리뷰 다이소영양제 가성비영양제 비타민추천 영양제추천 메디트리 온가족비타민 메디트리영양솔루션바이탈포켓가성비영양제추천 ,"['부담', '가성비', '건강', '파트너', '추천', '영양제', '리뷰', '다이소', '영양제', '가성비', '영양제', '메디', '트리', '비타민', '추천', '영양제', '추천', '가족', '비타민', '건강', '루틴', '챙기', '영양 제리', '다이소', '영양제', '가성비', '영양제', '비타민', '추천', '영양제', '추천', '메디', '트리', '가족', '비타민', '메디', '트리', '영양', '솔루션', '이탈', '포켓', '가성비', '영양제', '추천']"
2,2,다이소 영양제 종류,"다이소에서 종합비타민 30일 차를 사긴 사봤는데,, 지켜봐야 알 것 같다. 갑자기 다른 종류도 마구 사고 싶어짐","#다이소,#다이소신상,#다이소영양제,#다이소비타민,#아이허브,#여자영양제,#종합비타민",0,634,2,2025-07-13 04:52:43,https://www.youtube.com/watch?v=p3KiGaIvhy4,다이소 영양제 종류 다이소에서 종합비타민 30일 차를 사긴 사봤는데 지켜봐야 알 것 같다 갑자기 다른 종류도 마구 사고 싶어짐 #다이소#다이소신상#다이소영양제#다이소비타민#아이허브#여자영양제#종합비타민,"['다이소', '영양제', '종류', '다이소', '종합', '비타민', '지켜보', '종류']"
2,2,다이소 학습 집중력 영양제,다이소 아이템 수험생이 집중해서 독서하는데 필요한 영양제 설명,,0,313,0,2025-09-16 08:29:12,https://www.youtube.com/watch?v=-yQOmzKmm8A,다이소 학습 집중력 영양제 다이소 아이템 수험생이 집중해서 독서하는데 필요한 영양제 설명 ,"['다이소', '학습', '집중력', '영양제', '다이소', '아이템', '수험', '집중', '독서', '필요', '영양제', '설명']"
2,2,다이소에서 샀는데 ‘급성간염’…회수 조치 내려진 ‘이것’      #오늘이 #뉴스 #오늘 #이슈,,"#다이소,#다이소추천,#다이소템,#다이소깡,#영양제추천,#영양제,#건강,#건강관리,#건강정보,#shorts,#소식",8,1340,0,2025-09-24 01:47:18,https://www.youtube.com/watch?v=ywJSDyvTxYM,다이소에서 샀는데 급성간염회수 조치 내려진 이것      #오늘이 #뉴스 #오늘 #이슈  #다이소#다이소추천#다이소템#다이소깡#영양제추천#영양제#건강#건강관리#건강정보#shorts#소식,"['다이소', '급성', '간염', '회수', '조치', '내려지', '이것']"
2,2,다이소에서 이런거까지 판다고?,,"#다이소,#영양제추천,#영양제,#보령제약",14,1951,2,2025-05-22 21:00:32,https://www.youtube.com/watch?v=I-AABO_0oCg,다이소에서 이런거까지 판다고  #다이소#영양제추천#영양제#보령제약,['다이소']
2,2,다이소 영양제가 저렴한 이유? #shorts,,,131,24034,3,2026-03-07 04:00:45,https://www.youtube.com/watch?v=u2CtX10nwwI,다이소 영양제가 저렴한 이유 #shorts  ,"['다이소', '영양제', '이유']"
2,2,[다이소영양제] 푸응7days팻버닝 #건강기능식품 #다이어트,,,6,2760,1,2026-01-27 00:36:40,https://www.youtube.com/watch?v=4zC0RD9vFdI,다이소영양제 푸응7days팻버닝 #건강기능식품 #다이어트  ,"['다이소', '영양제', '푸응', '팻버닝']"
2,2,[다이소영양제] 공복혈당잡는 이것은? #건강기능식품,,,10,2333,1,2026-01-22 09:58:17,https://www.youtube.com/watch?v=gxa5zbWP25U,다이소영양제 공복혈당잡는 이것은 #건강기능식품  ,"['다이소', '영양제', '공복', '혈당', '이것']"
2,2,다이소에서 이걸 판다고...?🫢,"다이소에서 5,000원짜리 칼슘제를 발견해서 바로 사봤어요. 가성비 영양제, 진짜 괜찮을까? ✔ 실사용 1주일 후기 : 무릎이 다쳤는데 꾸준히 먹으니 낫는 것 같아요! ✔ 먹는 방법, 성분, 느낌 솔직 리뷰 영상이 도움 됐다면 구독/좋아요/팔로우 부탁드려요 🙌 비슷한 제품 보러가기👇 👉 https://link.coupang.com/a/czHemg ※ 위 링크를 통해 구매 시, 저에게 소정의 수수료가 지급됩니다. 당신의 클릭은 콘텐츠에 큰 힘이 됩니다! 💛","#다이소,#다이소템,#다이소영양제,#다이소추천,#다이소칼슘제,#영양제리뷰,#가성비템,#내돈내산,#찐리뷰,#리얼후기,#건강템,#칼슘보충,#건강보조제,#모야랩,#moya_lab,#템연구소,#생활템,#실사용리뷰,#쇼츠리뷰,#1분리뷰",2,347,0,2025-06-17 06:06:14,https://www.youtube.com/watch?v=biFzJPX6w6s,다이소에서 이걸 판다고 다이소에서 5000원짜리 칼슘제를 발견해서 바로 사봤어요 가성비 영양제 진짜 괜찮을까  실사용 1주일 후기  무릎이 다쳤는데 꾸준히 먹으니 낫는 것 같아요  먹는 방법 성분 느낌 솔직 리뷰 영상이 도움 됐다면 구독좋아요팔로우 부탁드려요  비슷한 제품 보러가기  httpslinkcoupangcomaczHemg  위 링크를 통해 구매 시 저에게 소정의 수수료가 지급됩니다 당신의 클릭은 콘텐츠에 큰 힘이 됩니다  #다이소#다이소템#다이소영양제#다이소추천#다이소칼슘제#영양제리뷰#가성비템#내돈내산#찐리뷰#리얼후기#건강템#칼슘보충#건강보조제#모야랩#moyalab#템연구소#생활템#실사용리뷰#쇼츠리뷰#1분리뷰,"['다이소', '이거', '다이소', '칼슘', '발견', '가성비', '영양제', '괜찮', '사용', '주일', '후기', '무릎', '다치', '방법', '성분', '느낌', '리뷰', '영상', '도움', '구독', '팔로우', '부탁드리', '비슷하', '제품', '링크', '통하', '구매', '소정', '수수료', '지급', '당신', '클릭', '콘텐츠']"
2,2,맛있다고 소문난 다이소 영양제,,,6,1287,0,2025-10-19 10:05:03,https://www.youtube.com/watch?v=liNgmv0_mdw,맛있다고 소문난 다이소 영양제  ,"['맛있', '소문나', '다이소', '영양제']"
2,2,다이소 좁은 주방 수납 정리 추천템 6가지,"주방도 깔끔하게! 다이소 주방 정리템 BEST 6✨ 좁은 주방 정리법, 다이소 수납템, 주방 꿀템 찾고 계신가요? 어수선한 주방을 깔끔하게 바꾸는 가성비 최고 다이소 아이템 6가지를 소개해요! 작은 주방도 아이디어 하나로 쾌적해질 수 있어요. 수세미, 도마, 조리도구, 영양제, 주방 청소도구, 밸브 커버까지! 실용적인 수납 방법과 정리 노하우, 지금 바로 영상에서 확인해보세요 💛 📌영상 속 다이소 주방 정리템 6가지 2단 조립식 선반 – 도마 보관을 깔끔하게! 네오디움 자석 – 조리도구 공중 보관으로 위생 UP 수세미 행주 걸이 – 회전식으로 공간 활용 끝판왕 수건걸이 활용 – 청소도구 숨기기 완벽 수납 스윙 케이스 – 영양제·물컵 정리, 욕실 수납에도 활용 가능 캔버스 액자 – 콘센트·가스밸브 깔끔하게 가리기",#✨좁은,127,15065,15,2025-05-16 15:06:41,https://www.youtube.com/watch?v=PCr12v2wsK8,다이소 좁은 주방 수납 정리 추천템 6가지 주방도 깔끔하게 다이소 주방 정리템 BEST 6 좁은 주방 정리법 다이소 수납템 주방 꿀템 찾고 계신가요 어수선한 주방을 깔끔하게 바꾸는 가성비 최고 다이소 아이템 6가지를 소개해요 작은 주방도 아이디어 하나로 쾌적해질 수 있어요 수세미 도마 조리도구 영양제 주방 청소도구 밸브 커버까지 실용적인 수납 방법과 정리 노하우 지금 바로 영상에서 확인해보세요  영상 속 다이소 주방 정리템 6가지 2단 조립식 선반  도마 보관을 깔끔하게 네오디움 자석  조리도구 공중 보관으로 위생 UP 수세미 행주 걸이  회전식으로 공간 활용 끝판왕 수건걸이 활용  청소도구 숨기기 완벽 수납 스윙 케이스  영양제물컵 정리 욕실 수납에도 활용 가능 캔버스 액자  콘센트가스밸브 깔끔하게 가리기 #좁은,"['다이소', '주방', '수납', '정리', '추천', '가지', '주방', '다이소', '주방', '정리', '주방', '정리', '다이소', '수납', '주방', '계시', '주방', '바꾸', '가성비', '최고', '다이소', '아이템', '가지', '소개', '주방', '아이디어', '하나', '수세미', '도마', '조리', '도구', '영양제', '주방', '청소', '도구', '밸브', '커버', '실용', '수납', '방법', '정리', '노하우', '영상', '확인', '영상', '다이소', '주방', '정리', '가지', '조립식', '선반', '도마', '보관', '깔끔', '네오', '자석', '조리', '도구', '공중', '보관', '위생', '수세미', '행주', '걸이', '회전', '공간', '활용', '끝판왕', '수건', '걸이', '활용', '청소', '도구', '숨기', '완벽', '수납', '스윙', '케이스', '영양제', '정리', '욕실', '수납', '활용', '가능', '캔버스', '액자', '콘센트', '가스', '밸브', '가리']"
2,2,다이소 손톱관리 영양제 추천루틴 + 다이소메니큐어 #asmr #다이소 #review #caddyhun,,,23,3301,1,2026-03-02 00:00:03,https://www.youtube.com/watch?v=4tmmaGpPimw,다이소 손톱관리 영양제 추천루틴  다이소메니큐어 #asmr #다이소 #review #caddyhun  ,"['다이소', '손톱', '관리', '영양제', '추천', '루틴', '다이소메니큐어']"
2,2,다이소 영양제의 가성비를 완전 압도하는 이 영양제는 그냥 드세요,,"#면역,#면역력,#면역영양제",81,4676,11,2025-09-07 03:00:33,https://www.youtube.com/watch?v=Mb7_5oqTaJM,다이소 영양제의 가성비를 완전 압도하는 이 영양제는 그냥 드세요  #면역#면역력#면역영양제,"['다이소', '영양제', '가성비', '압도', '영양제', '드세']"
2,2,"전문가들도 매일 먹는 영양제 ""이걸"" 챙겨 드세요🔥   칼마디, 다이소영양제, 칼마디추천, 뼈건강,가성비영양제,메디트리,동안유지,건강관리,영양제","메디트리 바이탈포켓 칼마디 비타민K https://vo.la/7L900SY 가성비영양제, 칼마디, 다이소영양제, 칼마디추천, 뼈건강",,8,86,3,2026-03-14 11:08:22,https://www.youtube.com/watch?v=1D3zctnksnM,전문가들도 매일 먹는 영양제 이걸 챙겨 드세요   칼마디 다이소영양제 칼마디추천 뼈건강가성비영양제메디트리동안유지건강관리영양제 메디트리 바이탈포켓 칼마디 비타민K httpsvola7L900SY 가성비영양제 칼마디 다이소영양제 칼마디추천 뼈건강 ,"['전문가', '영양제', '이거', '챙기', '드세', '마디', '다이소', '영양제', '마디', '추천', '건강', '가성비', '영양제', '메디', '트리', '동안', '유지', '건강', '관리', '영양제', '메디', '트리', '이탈', '포켓', '마디', '비타민', '가성비', '영양제', '마디', '다이소', '영양제', '마디', '추천', '건강']"
2,2,#다이소추천템 #다이소영양제 #내돈내산 #하루구미 #다이소비타민 #기억력의정석 #땅콩버터스틱 #갓성비 #건강관리 #다이소꿀템#다이소목련시장점 #다이소영양제추천 #다이소영양제후기,,,1,285,0,2026-02-24 09:40:44,https://www.youtube.com/watch?v=F8GxTQ7aF1Y,#다이소추천템 #다이소영양제 #내돈내산 #하루구미 #다이소비타민 #기억력의정석 #땅콩버터스틱 #갓성비 #건강관리 #다이소꿀템#다이소목련시장점 #다이소영양제추천 #다이소영양제후기  ,[]
2,2,리뷰 많은 다이소 건강식품TOP5 #다이소 #다이소건강식품 #다이소영양제 #다이소추천 #다이소인기제품 #건강관리 #영양제추천 #비타민 #유산균 #오메가3 #가성비건강템 #Daiso,"요즘 다이소에서 인기 많은 건강식품 BEST7을 정리했습니다. 가성비 좋은 제품부터 데일리로 챙기기 좋은 건강템까지 한 번에 모았어요. ✔ 비타민 제품 ✔ 유산균 ✔ 오메가3 ✔ 간편 건강보조식품 ✔ 데일리 영양 관리템 1위 대웅제약 rTG 오메가3 30캡슐 30일분 5000원 2위 대웅제약 코엔자임 Q10 30캡슐 30일분 5000원 3위 대웅제약 루테인 30정 30일분 3000원 4위 대웅제약 바나바잎 추출물 30정 30일분 3000원 5위 대웅제약 마그네슘 30정 30일분 3000원 부담 없는 가격으로 가볍게 시작할 수 있는 다이소 건강식품! 제품 특징 위주로 정리했으며, 개인 체질에 따라 차이가 있을 수 있습니다. These are the most popular health supplements from Daiso Korea right now. Affordable wellness items trending in Korea. 건강관리 시작하시는 분들은 참고해보세요 💚 여러분이 챙겨 먹는 건강템도 댓글로 알려주세요 👇","#다이소,#다이소건강식품,#다이소영양제,#다이소추천,#다이소인기제품,#건강관리,#영양제추천,#비타민,#유산균,#오메가3,#가성비건강템,#데일리영양,#건강정보,#헬스케어,#생활건강,#Daiso,#DaisoKorea,#HealthSupplements,#Wellness,#shorts",5,1445,1,2026-02-25 12:04:52,https://www.youtube.com/watch?v=M3YBuW8Imdg,리뷰 많은 다이소 건강식품TOP5 #다이소 #다이소건강식품 #다이소영양제 #다이소추천 #다이소인기제품 #건강관리 #영양제추천 #비타민 #유산균 #오메가3 #가성비건강템 #Daiso 요즘 다이소에서 인기 많은 건강식품 BEST7을 정리했습니다 가성비 좋은 제품부터 데일리로 챙기기 좋은 건강템까지 한 번에 모았어요  비타민 제품  유산균  오메가3  간편 건강보조식품  데일리 영양 관리템 1위 대웅제약 rTG 오메가3 30캡슐 30일분 5000원 2위 대웅제약 코엔자임 Q10 30캡슐 30일분 5000원 3위 대웅제약 루테인 30정 30일분 3000원 4위 대웅제약 바나바잎 추출물 30정 30일분 3000원 5위 대웅제약 마그네슘 30정 30일분 3000원 부담 없는 가격으로 가볍게 시작할 수 있는 다이소 건강식품 제품 특징 위주로 정리했으며 개인 체질에 따라 차이가 있을 수 있습니다 These are the most popular health supplements from Daiso Korea right now Affordable wellness items trending in Korea 건강관리 시작하시는 분들은 참고해보세요  여러분이 챙겨 먹는 건강템도 댓글로 알려주세요  #다이소#다이소건강식품#다이소영양제#다이소추천#다이소인기제품#건강관리#영양제추천#비타민#유산균#오메가3#가성비건강템#데일리영양#건강정보#헬스케어#생활건강#Daiso#DaisoKorea#HealthSupplements#Wellness#shorts,"['리뷰', '다이소', '건강식품', '요즘', '다이소', '인기', '건강식품', '정리', '가성비', '제품', '데일리', '챙기', '건강', '모으', '비타민', '제품', '유산균', '오메가', '건강', '보조', '식품', '데일리', '영양', '관리', '대웅제약', '오메가', '캡슐', '대웅제약', '코엔자임', '캡슐', '대웅제약', '루테', '대웅제약', '추출물', '대웅제약', '마그네슘', '부담', '가격', '가볍', '시작', '다이소', '건강식품', '제품', '특징', '위주', '정리', '개인', '체질', '따르', '차이', '건강', '관리', '시작', '참고', '여러분', '챙기', '건강', '댓글', '알리']"
2,2,다이소에 약국있대 대기업 영양제가 5천원! 이 영상을 약사들이 싫어합니다 #다이소 #다이소영양제 #건강기능식품 #가성비영양제 #다이소꿀템 #영양제추천 #현명한소비 #다이소쇼핑,"엄마, 혹시 아직도 비싼 돈 주고 약국에서 영양제 사요? 이제 그럴 필요 없어~ 다이소에 약국이 있대~","#다이소,#다이소영양제,#건강기능식품,#가성비영양제,#다이소꿀템,#영양제추천,#현명한소비,#다이소쇼핑",7,528,1,2025-08-25 11:11:45,https://www.youtube.com/watch?v=cja30o0IVcY,다이소에 약국있대 대기업 영양제가 5천원 이 영상을 약사들이 싫어합니다 #다이소 #다이소영양제 #건강기능식품 #가성비영양제 #다이소꿀템 #영양제추천 #현명한소비 #다이소쇼핑 엄마 혹시 아직도 비싼 돈 주고 약국에서 영양제 사요 이제 그럴 필요 없어 다이소에 약국이 있대 #다이소#다이소영양제#건강기능식품#가성비영양제#다이소꿀템#영양제추천#현명한소비#다이소쇼핑,"['다이소', '약국', '기업', '영양제', '영상', '약사', '싫어하', '엄마', '비싸', '약국', '영양제', '그러', '필요', '다이소', '약국']"
2,2,"다이소, 강아지 영양제도 판다고?","다이소, 강아지, 반려견, 반려묘, 영양제",,6,1651,0,2025-05-22 07:06:19,https://www.youtube.com/watch?v=_vsnQQgVdhA,다이소 강아지 영양제도 판다고 다이소 강아지 반려견 반려묘 영양제 ,"['다이소', '강아지', '영양제', '다이소', '강아지', '반려견', '반려', '영양제']"
2,2,다이소에 티니핑 영양제가 나왔어요!! 스티커 모으고 응모도 해봐요!!,,,115,11022,24,2026-03-07 08:45:04,https://www.youtube.com/watch?v=MccM3ba0jPM,다이소에 티니핑 영양제가 나왔어요 스티커 모으고 응모도 해봐요  ,"['다이소', '영양제', '나오', '스티커', '모으', '응모']"
2,2,"다이소,  식물영양제#DAISO, fertilizer♡",,,9,1081,0,2026-03-10 06:08:03,https://www.youtube.com/watch?v=Ry1Bw-V_gZU,다이소  식물영양제#DAISO fertilizer  ,"['다이소', '식물', '영양제']"
2,2,[다이소영양제] 식물성오메가3 #건강기능식품 #오메가3,,,1,322,0,2026-04-29 22:40:59,https://www.youtube.com/watch?v=EKhqGUkzdhk,다이소영양제 식물성오메가3 #건강기능식품 #오메가3  ,"['다이소', '영양제', '식물', '오메가']"
2,2,"[1분 브리핑] “다이소, 3000원 펫 건강템 출시…브랜드·기능 전격 분석!”｜이슈브리핑365 #다이소영양제 #반려생활 #가성비건강템 #리베펫 #펫정보 #shorts","🗓 이슈브리핑365 – 오늘의 이슈, 1분 요약으로 끝낸다! 매일 터지는 사건·사고, 연예계 핫이슈, 사회적 논란까지! 지금 무슨 일이 일어났는지 궁금하다면? ✅ 딱 1분이면 핵심 정리 ✅ 출처 기반 팩트 요약 ✅ 빠르고 정확한 이슈 전달 바쁜 당신을 위한 뉴스 요약 서비스, ‘이슈브리핑365’가 매일 브리핑해드립니다.",,0,270,0,2025-05-23 11:00:20,https://www.youtube.com/watch?v=tnbOF3u76bw,1분 브리핑 다이소 3000원 펫 건강템 출시브랜드기능 전격 분석이슈브리핑365 #다이소영양제 #반려생활 #가성비건강템 #리베펫 #펫정보 #shorts  이슈브리핑365  오늘의 이슈 1분 요약으로 끝낸다 매일 터지는 사건사고 연예계 핫이슈 사회적 논란까지 지금 무슨 일이 일어났는지 궁금하다면  딱 1분이면 핵심 정리  출처 기반 팩트 요약  빠르고 정확한 이슈 전달 바쁜 당신을 위한 뉴스 요약 서비스 이슈브리핑365가 매일 브리핑해드립니다 ,"['브리핑', '다이소', '건강', '출시', '브랜드', '기능', '전격', '분석', '이슈', '브리핑', '이슈', '브리핑', '오늘', '이슈', '요약', '끝내', '터지', '사건', '사고', '연예', '이슈', '사회', '논란', '일어나', '핵심', '정리', '출처', '기반', '팩트', '요약', '빠르', '정확', '이슈', '전달', '바쁘', '당신', '위하', '뉴스', '요약', '서비스', '이슈', '브리핑', '브리핑', '드리']"
2,2,[다이소영양제] 엑스트라버진올리브유 #건강식단,,,3,1635,0,2026-04-20 03:36:20,https://www.youtube.com/watch?v=zX5V_D9P9Fk,다이소영양제 엑스트라버진올리브유 #건강식단  ,"['다이소', '영양제', '엑스트라', '버진', '올리브유']"
2,2,"""가성비 끝판왕! 다이소""5,000원의 행복! 우리 아이 관절, 눈, 장 건강 한번에 끝내는 법"" 💛우리 강아지 건강 챙기려고 직접 먹여본 강아지영양제 추천✨","우리 강아지 건강 챙기려고 직접 먹여본 강아지영양제 추천✨ 가성비 좋고 꾸준히 먹이기 괜찮았던 제품들을 소개합니다! 장 건강 관리에 도움 되는 강아지유산균 부터 활동량 많은 아이들을 위한 강아지관절영양제 후기까지 담아봤어요💛 특히 눈 건강 신경 쓰는 분들에게 관심 많은 강아지눈영양제 제품도 함께 소개합니다👍 가성비강아지영양제 선택 팁과 함께 먹이는 방법도 같이 담아봤어요😊 요즘 반려인들 사이에서 인기 많은 다이소꿀템 과 쿠팡꿀템 중에서도 실제로 만족도 높았던 다이소추천템 느낌의 제품들을 정리해봤습니다✨ 평소 강아지영양제 어떤 걸 먹여야 할지 고민이었다면 이번 강아지유산균 리뷰 꼭 참고해보세요💛 특히 관절 관리 필요한 아이들에게는 강아지관절영양제 선택이 정말 중요하더라구요👍 눈물 관리나 눈 건강 관심 있는 분들에게도 강아지눈영양제 정보가 도움이 될 수 있을 거예요✨ 앞으로도 다양한 반려견 관리 꿀팁과 함께 가성비강아지영양제 후기, 쿠팡꿀템 추천, 다이소추천템 리뷰 꾸준히 업로드 예정입니다💛","#강아지영양제,#강아지유산균,#강아지관절영양제,#강아지눈영양제,#가성비강아지영양제#다이소꿀템,#쿠팡꿀템#다이소추천템#다이소강아지꿀템",8,4594,1,2026-04-25 17:36:05,https://www.youtube.com/watch?v=EOtDjmwyt1Q,가성비 끝판왕 다이소5000원의 행복 우리 아이 관절 눈 장 건강 한번에 끝내는 법 우리 강아지 건강 챙기려고 직접 먹여본 강아지영양제 추천 우리 강아지 건강 챙기려고 직접 먹여본 강아지영양제 추천 가성비 좋고 꾸준히 먹이기 괜찮았던 제품들을 소개합니다 장 건강 관리에 도움 되는 강아지유산균 부터 활동량 많은 아이들을 위한 강아지관절영양제 후기까지 담아봤어요 특히 눈 건강 신경 쓰는 분들에게 관심 많은 강아지눈영양제 제품도 함께 소개합니다 가성비강아지영양제 선택 팁과 함께 먹이는 방법도 같이 담아봤어요 요즘 반려인들 사이에서 인기 많은 다이소꿀템 과 쿠팡꿀템 중에서도 실제로 만족도 높았던 다이소추천템 느낌의 제품들을 정리해봤습니다 평소 강아지영양제 어떤 걸 먹여야 할지 고민이었다면 이번 강아지유산균 리뷰 꼭 참고해보세요 특히 관절 관리 필요한 아이들에게는 강아지관절영양제 선택이 정말 중요하더라구요 눈물 관리나 눈 건강 관심 있는 분들에게도 강아지눈영양제 정보가 도움이 될 수 있을 거예요 앞으로도 다양한 반려견 관리 꿀팁과 함께 가성비강아지영양제 후기 쿠팡꿀템 추천 다이소추천템 리뷰 꾸준히 업로드 예정입니다 #강아지영양제#강아지유산균#강아지관절영양제#강아지눈영양제#가성비강아지영양제#다이소꿀템#쿠팡꿀템#다이소추천템#다이소강아지꿀템,"['가성비', '끝판왕', '다이소', '행복', '우리', '아이', '관절', '건강', '끝내', '우리', '강아지', '건강', '챙기', '먹이', '강아지', '영양제', '추천', '우리', '강아지', '건강', '챙기', '먹이', '강아지', '영양제', '추천', '가성비', '먹이', '괜찮', '제품', '소개', '건강', '관리', '도움', '강아지', '유산균', '활동량', '아이', '위하', '강아지', '관절', '영양제', '후기', '건강', '신경', '관심', '강아지', '영양제', '제품', '소개', '가성비', '강아지', '영양제', '선택', '먹이', '방법', '요즘', '반려', '사이', '인기', '다이소꿀템', '쿠팡꿀템', '만족도', '다이소', '추천', '느낌', '제품', '정리', '평소', '강아지', '영양제', '먹이', '고민', '이번', '강아지', '유산균', '리뷰', '참고', '관절', '관리', '필요', '아이', '강아지', '관절', '영양제', '선택', '중요', '눈물', '관리', '건강', '관심', '강아지', '영양제', '정보', '도움', '다양', '반려견', '관리', '가성비', '강아지', '영양제', '후기', '쿠팡', '추천', '다이소', '추천', '리뷰', '업로드', '예정']"
2,2,다이소 수납함으로 아이 영양제정리하기 #다이소 #다이소템 #영양제정리 #정리팁,,,8,2335,1,2026-02-10 12:53:22,https://www.youtube.com/watch?v=7oQ4zfnjfmw,다이소 수납함으로 아이 영양제정리하기 #다이소 #다이소템 #영양제정리 #정리팁  ,"['다이소', '수납', '영양제', '정리']"
2,2,약사 추천!! 다이소 영양제 5종!! #다이소영양제 #50대건강 #중장년건강 #마그네슘 #비타민D #루테인 #칼슘마그네슘 #종합비타민 #시니어건강 #가성비영양제 #건강한중년,"50대 이후 건강, 다이소에서 챙길 수 있습니다! 약사 추천률 높은 마그네슘, 비타민 D부터 눈 건강에 좋은 루테인까지, 가성비 좋은 다이소 영양제 TOP 5를 소개합니다. 작은 습관이 건강한 내일을 만듭니다. 오늘부터 하나씩 챙겨보세요~ 😊 🔔 구독과 좋아요는 콘텐츠 제작에 큰 힘이 됩니다 😊 @오늘팁하나 made with vrew","#다이소영양제,#50대건강,#중장년건강,#마그네슘,#비타민D,#루테인,#칼슘마그네슘,#종합비타민,#시니어건강,#가성비영양제,#건강한중년,#시니어건강,#시니어건강정보,#생활꿀팁",15,1717,0,2025-08-17 03:00:30,https://www.youtube.com/watch?v=LSyAX3Eg--0,약사 추천 다이소 영양제 5종 #다이소영양제 #50대건강 #중장년건강 #마그네슘 #비타민D #루테인 #칼슘마그네슘 #종합비타민 #시니어건강 #가성비영양제 #건강한중년 50대 이후 건강 다이소에서 챙길 수 있습니다 약사 추천률 높은 마그네슘 비타민 D부터 눈 건강에 좋은 루테인까지 가성비 좋은 다이소 영양제 TOP 5를 소개합니다 작은 습관이 건강한 내일을 만듭니다 오늘부터 하나씩 챙겨보세요   구독과 좋아요는 콘텐츠 제작에 큰 힘이 됩니다  오늘팁하나 made with vrew #다이소영양제#50대건강#중장년건강#마그네슘#비타민D#루테인#칼슘마그네슘#종합비타민#시니어건강#가성비영양제#건강한중년#시니어건강#시니어건강정보#생활꿀팁,"['약사', '추천', '다이소', '영양제', '이후', '건강', '다이소', '챙기', '약사', '추천', '마그네슘', '비타민', '건강', '루테인', '가성비', '다이소', '영양제', '소개', '습관', '건강', '내일', '만들', '오늘', '하나', '챙기', '구독', '콘텐츠', '제작', '하나']"
2,2,[다이소영양제] 프로바이오틱스편 #건강기능식품 #락토핏,,,1,427,0,2026-02-04 05:58:19,https://www.youtube.com/watch?v=aDvpJb0fkgs,다이소영양제 프로바이오틱스편 #건강기능식품 #락토핏  ,"['다이소', '영양제', '프로바이오틱스']"
2,2,약국 대신 다이소 가성비인정!! 다이소영양제!!,약국대신 다이소!!가성비인정!! 다이소 영양제 사봤어요,,9,721,6,2025-08-02 10:40:00,https://www.youtube.com/watch?v=Yk-vRUFCtTI,약국 대신 다이소 가성비인정 다이소영양제 약국대신 다이소가성비인정 다이소 영양제 사봤어요 ,"['약국', '대신', '다이소', '가성비', '인정', '다이소', '영양제', '약국', '대신', '다이소', '가성비', '인정', '다이소', '영양제']"
2,2,30대 여자 치과의사의 항산화 루틴 & 영양제리뷰,"영양제리뷰, 다이소영양제, 가성비영양제, 비타민추천, 영양제추천, 메디트리, 온가족비타민 https://vo.la/qjSLxd8",,1,70,0,2026-03-15 06:00:49,https://www.youtube.com/watch?v=yh4dX7DI9fs,30대 여자 치과의사의 항산화 루틴  영양제리뷰 영양제리뷰 다이소영양제 가성비영양제 비타민추천 영양제추천 메디트리 온가족비타민 httpsvolaqjSLxd8 ,"['여자', '치과', '의사', '항산화', '루틴', '영양제', '리뷰', '영양제', '리뷰', '다이소', '영양제', '가성비', '영양제', '비타민', '추천', '영양제', '추천', '메디', '트리', '가족', '비타민']"
2,2,다이소에서 젤리 영양제를 사봤어요 #shorts #다이소 #영양제 #젤리,,,1,306,0,2026-02-15 08:04:37,https://www.youtube.com/watch?v=vJn3pq9Zdpk,다이소에서 젤리 영양제를 사봤어요 #shorts #다이소 #영양제 #젤리  ,"['다이소', '젤리', '영양제']"
2,2,[다이소영양제] 자연관 이뮨 오쏘몰 #건강기능식품 #가성비,,,2,3029,1,2026-01-26 08:11:55,https://www.youtube.com/watch?v=UytVuzSf7Sw,다이소영양제 자연관 이뮨 오쏘몰 #건강기능식품 #가성비  ,"['다이소', '영양제', '자연관', '이뮨', '오쏘몰']"
2,2,다이소 다이어트 영양제 효과있을까..?,,,7,2049,1,2025-08-01 04:10:47,https://www.youtube.com/watch?v=F_7qJZ4CJcw,다이소 다이어트 영양제 효과있을까  ,"['다이소', '다이어트', '영양제', '효과']"
2,2,다이소 영양제 알로에편! 바르는 거만 알았는데 먹는 거 효과 실화?!  | 약사가 알려주는 다이소 가성비템 #koreanpharmacy  #다이소영양제 #알로에겔,,,6,1593,0,2025-10-06 12:31:09,https://www.youtube.com/watch?v=qtj5GMonIVU,다이소 영양제 알로에편 바르는 거만 알았는데 먹는 거 효과 실화   약사가 알려주는 다이소 가성비템 #koreanpharmacy  #다이소영양제 #알로에겔  ,"['다이소', '영양제', '알로에', '바르', '효과', '실화', '약사', '알리', '다이소', '가성비']"
2,2,다이소 품절대란템! 가성비 강아지 영양제 1개 5천원 실화냐면서 ! #광고,저번에 견세린도 그렇고 영양제도 품절대란이었는데 이번에 헬로마이펫이 다이소에 영양제 8종을 출시했대요! 1개에 5천원이라는 가격.. 강아지 영양제 사보신 분들은 이게 얼마나 가성비인지 아시죠? 정말 없는게 없고 영양제마다 모양도 달라서 헷갈리지 않게 먹이기 너무 좋아요.. 무엇보다 기호성도 너무 좋습니다 ! (영상 보시면 아실거에요 ㅎㅎ) 이번에도 품절 대란일까봐 누둥이는 벌써 몇통 쟁여놨어요 ㅎㅎ 다들 다이소로 달려 가세여 !!,"#dog,#강아지,#retreiver,#반려견,#반려동물,#동물,#goldenretreiver,#pets,#댕댕이,#강아지영양제",15,628,5,2026-05-15 12:01:24,https://www.youtube.com/watch?v=r9xcqgQ-BTg,다이소 품절대란템 가성비 강아지 영양제 1개 5천원 실화냐면서  #광고 저번에 견세린도 그렇고 영양제도 품절대란이었는데 이번에 헬로마이펫이 다이소에 영양제 8종을 출시했대요 1개에 5천원이라는 가격 강아지 영양제 사보신 분들은 이게 얼마나 가성비인지 아시죠 정말 없는게 없고 영양제마다 모양도 달라서 헷갈리지 않게 먹이기 너무 좋아요 무엇보다 기호성도 너무 좋습니다  영상 보시면 아실거에요  이번에도 품절 대란일까봐 누둥이는 벌써 몇통 쟁여놨어요  다들 다이소로 달려 가세여  #dog#강아지#retreiver#반려견#반려동물#동물#goldenretreiver#pets#댕댕이#강아지영양제,"['다이소', '품절', '대란', '가성비', '강아지', '영양제', '실화', '저번', '그렇', '영양제', '품절', '대란', '이번', '헬로', '마이', '다이소', '영양제', '출시', '가격', '강아지', '영양제', '이것', '가성비', '영양제', '모양', '다르', '헷갈리', '먹이', '무엇', '기호', '영상', '이번', '품절', '대란', '쟁이', '다이소', '달리']"
2,2,다이소 하다하다 이제 3000원 반려동물 영양제도 출시?!  너무 저렴해서 먹여도 될까요,"* made with Vrew, the AI video editor",,14,1344,8,2025-06-10 12:01:27,https://www.youtube.com/watch?v=qvGZAFfds6s,다이소 하다하다 이제 3000원 반려동물 영양제도 출시  너무 저렴해서 먹여도 될까요  made with Vrew the AI video editor ,"['다이소', '반려동물', '영양제', '출시', '저렴하', '먹이']"
2,2,다이소 약품 리뷰다.(그 중 눈건강! 루테인!)🤸‍♀️ #다이소 #영양제 #다이소추천템 #asmr #루테인,,,6,468,2,2025-07-24 14:18:13,https://www.youtube.com/watch?v=bYhm1GSPKJo,다이소 약품 리뷰다그 중 눈건강 루테인 #다이소 #영양제 #다이소추천템 #asmr #루테인  ,"['다이소', '약품', '리뷰', '건강', '루테']"
2,2,[다이소영양제] 가성비1편 #건강기능식품,,,5,1909,1,2026-01-21 06:54:20,https://www.youtube.com/watch?v=eEcXbZL1ysY,다이소영양제 가성비1편 #건강기능식품  ,"['다이소', '영양제', '가성비']"
2,2,약사들도 추천하는 다이소 최고 가성비 영양제 3가지!!,최고 가성비 겨울철 영양제 3가지!!,,3,559,0,2025-12-04 15:22:41,https://www.youtube.com/watch?v=TTamCcN_ato,약사들도 추천하는 다이소 최고 가성비 영양제 3가지 최고 가성비 겨울철 영양제 3가지 ,"['약사', '추천', '다이소', '최고', '가성비', '영양제', '가지', '최고', '가성비', '겨울철', '영양제', '가지']"
2,2,다이소꿀템 #다이소추천템 #다이소영양제 #다이소,,,4,1241,1,2026-03-02 11:49:19,https://www.youtube.com/watch?v=QHPcVMtuqQA,다이소꿀템 #다이소추천템 #다이소영양제 #다이소  ,['다이소']
2,2,[다이소영양제] 성장기편 #건강기능식품,,,1,274,0,2026-02-04 00:26:06,https://www.youtube.com/watch?v=Cz1D_g2L7Qk,다이소영양제 성장기편 #건강기능식품  ,"['다이소', '영양제', '성장기']"
2,2,[다이소영양제] 눈 영양제 골라드림 #가성비 #건강기능식품,,,4,1977,1,2026-01-20 05:42:33,https://www.youtube.com/watch?v=NaDfwUpNIqw,다이소영양제 눈 영양제 골라드림 #가성비 #건강기능식품  ,"['다이소', '영양제', '영양제', '고르', '드리']"
2,2,"💊 다이소에서 파는 영양제, 진짜 먹어도 될까요?  #다이소 #영양제추천 #건강정보 #다이소템 #쇼츠리뷰 #마그네슘 #오메가3 #멀티비타민 #다이소리뷰 #시니어건강 #건강꿀팁","💊 다이소 영양제, 진짜 괜찮을까? 저렴한 가격에 혹해서 샀는데… 효과는? 👀 직접 분석해봤어요! ✅ 마그네슘, 오메가3, 유산균까지 ✔️ 가성비 좋지만, 성분은 체크하고 드세요!","#다이소,#영양제추천,#건강정보,#다이소템,#쇼츠리뷰,#마그네슘,#오메가3,#멀티비타민,#다이소리뷰,#시니어건강,#건강꿀팁",7,1818,3,2025-07-18 04:02:13,https://www.youtube.com/watch?v=mAWMgm-qgjY, 다이소에서 파는 영양제 진짜 먹어도 될까요  #다이소 #영양제추천 #건강정보 #다이소템 #쇼츠리뷰 #마그네슘 #오메가3 #멀티비타민 #다이소리뷰 #시니어건강 #건강꿀팁  다이소 영양제 진짜 괜찮을까 저렴한 가격에 혹해서 샀는데 효과는  직접 분석해봤어요  마그네슘 오메가3 유산균까지  가성비 좋지만 성분은 체크하고 드세요 #다이소#영양제추천#건강정보#다이소템#쇼츠리뷰#마그네슘#오메가3#멀티비타민#다이소리뷰#시니어건강#건강꿀팁,"['다이소', '영양제', '다이소', '영양제', '괜찮', '저렴하', '가격', '혹하', '효과', '분석', '마그네슘', '오메가', '유산균', '가성비', '성분', '체크', '드세']"
2,2,다이소 영양제#다이소영양제 #영양제진실 #건강관리 #코치조 #가성비영양제,,,1,85,0,2026-04-25 20:50:46,https://www.youtube.com/watch?v=TWuTsAGcWcU,다이소 영양제#다이소영양제 #영양제진실 #건강관리 #코치조 #가성비영양제  ,"['다이소', '영양제']"
2,2,"[내돈내몸 연구소]다이소 종근당 영양제, 성분까지 대박? 비타민B 300%에 질건강 유산균까지!","""다이소에서 만나는 종근당의 기술력! 데일리와이즈 13종 상세 분석"" 💊🔍 단순한 가성비 제품이 아닙니다. 종근당이 소용량·소포장 전략으로 야심 차게 출시한 '데일리와이즈'! 식약처 인증 기능성 원료부터 고함량 비타민까지, 기사 내용을 바탕으로 알짜배기 정보만 정리해 드립니다. 📌 [Check 1] 건강기능식품 6종 핵심 포인트 멀티비타민미네랄: 비타민 13종+미네랄 7종! 특히 비타민 B군은 1일 권장량 300% 고함량! 혈당컷 다이어트: 바나바잎+녹차추출물로 체지방과 혈당을 동시에! (12일분 2,000원) 리스펙타 유산균: ★다이소 최초★ 질 건강 기능성 인정 원료 사용! 50억 보장 유산균 (6일분 5,000원) 코엔자임Q10: 초소형 캡슐로 목 넘김은 편하게, 혈압 관리는 확실하게! 초임계 오메가3: 혈행+눈 건강+항산화 3중 케어 밀크씨슬: 간 건강을 위한 실리마린 성분 1일 기준치 100% 충족! 📌 [Check 2] 데일리 케어 구미 7종 (각 1,000원) 글루타치온+PDRN, 아르기닌, 테아닌, 푸룬 등 핫한 성분을 젤리로! 7일분 소포장 파우치로 사무실 책상 위나 가방 속에 쏙~","#다이소신상,#종근당,#데일리와이즈,#다이소추천템,#가성비영양제,#리스펙타유산균,#혈당컷다이어트,#다이소꿀템,#비타민B고함량,#직장인영양제,#구미영양제,#다이소몰",1,110,0,2026-05-08 03:10:10,https://www.youtube.com/watch?v=cCPl-32iXOc,내돈내몸 연구소다이소 종근당 영양제 성분까지 대박 비타민B 300에 질건강 유산균까지 다이소에서 만나는 종근당의 기술력 데일리와이즈 13종 상세 분석  단순한 가성비 제품이 아닙니다 종근당이 소용량소포장 전략으로 야심 차게 출시한 데일리와이즈 식약처 인증 기능성 원료부터 고함량 비타민까지 기사 내용을 바탕으로 알짜배기 정보만 정리해 드립니다  Check 1 건강기능식품 6종 핵심 포인트 멀티비타민미네랄 비타민 13종미네랄 7종 특히 비타민 B군은 1일 권장량 300 고함량 혈당컷 다이어트 바나바잎녹차추출물로 체지방과 혈당을 동시에 12일분 2000원 리스펙타 유산균 다이소 최초 질 건강 기능성 인정 원료 사용 50억 보장 유산균 6일분 5000원 코엔자임Q10 초소형 캡슐로 목 넘김은 편하게 혈압 관리는 확실하게 초임계 오메가3 혈행눈 건강항산화 3중 케어 밀크씨슬 간 건강을 위한 실리마린 성분 1일 기준치 100 충족  Check 2 데일리 케어 구미 7종 각 1000원 글루타치온PDRN 아르기닌 테아닌 푸룬 등 핫한 성분을 젤리로 7일분 소포장 파우치로 사무실 책상 위나 가방 속에 쏙 #다이소신상#종근당#데일리와이즈#다이소추천템#가성비영양제#리스펙타유산균#혈당컷다이어트#다이소꿀템#비타민B고함량#직장인영양제#구미영양제#다이소몰,"['연구소', '종근당', '영양제', '성분', '비타민', '건강', '유산균', '다이소', '만나', '종근당', '기술력', '데일리', '와이즈', '분석', '단순', '가성비', '제품', '아니', '종근당', '용량', '포장', '전략', '야심', '출시', '데일리', '와이즈', '식약처', '인증', '기능', '원료', '함량', '비타민', '기사', '내용', '바탕', '알짜배기', '정보', '정리', '드리', '건강', '기능', '식품', '핵심', '포인트', '멀티', '비타민', '미네랄', '비타민', '미네랄', '비타민', '권장량', '함량', '혈당', '다이어트', '녹차', '추출물', '체지방', '혈당', '동시', '리스펙타', '유산균', '다이소', '최초', '건강', '기능', '인정', '원료', '사용', '보장', '유산균', '코엔자임', '소형', '캡슐', '넘기', '편하', '혈압', '관리', '임계', '오메가', '건강', '항산화', '케어', '밀크', '건강', '위하', '실리', '성분', '기준', '충족', '데일리', '케어', '구미', '아르기닌', '테아닌', '푸룬', '핫하', '성분', '젤리', '포장', '파우치', '사무실', '책상', '가방']"
2,2,[다이소영양제] 유기농레몬즙 #건강식단 #건강정보 #레몬즙,,,7,2034,0,2026-04-28 12:48:34,https://www.youtube.com/watch?v=pRD6SR9fwcw,다이소영양제 유기농레몬즙 #건강식단 #건강정보 #레몬즙  ,"['다이소', '영양제', '유기농', '레몬즙']"
2,2,다이소 영양제 코엔자임Q10 30일분 5천원 고혈압영양제,,,5,678,0,2025-12-01 00:53:49,https://www.youtube.com/watch?v=UEXiHPw9bL4,다이소 영양제 코엔자임Q10 30일분 5천원 고혈압영양제  ,"['다이소', '영양제', '코엔자임', '혈압', '영양제']"
2,2,[다이소영양제] 다이소 오쏘몰 4가지 비교 #건강기능식품 #가성비,,,10,2239,0,2026-01-29 05:24:24,https://www.youtube.com/watch?v=M777h6Kit2Q,다이소영양제 다이소 오쏘몰 4가지 비교 #건강기능식품 #가성비  ,"['다이소', '영양제', '다이소', '오쏘몰', '가지', '비교']"
2,2,[다이소 영양제 품질리뷰] 브이팩 여성용 / 코스팜 #다이소 #다이소영양제 #다이소꿀템 #브이팩여성용 #영양제추천 #영양제성분 #가성비영양제 #내돈내산 #건강기능식품 #기분핏,"다이소의 가성비 영양제, 품질은 좋을까? 다이소에서 판매 중인 가성비 영양제. 품질은 어느정도 수준일까요? 오늘은 여러분의 궁금증을 해결해 드리기 위해 [다이소 브이팩 여성용] 영양제를 꼼꼼하게 파헤쳐 봤습니다. 건강기능식품 정밀 분석 앱 **'기분핏'**을 활용해서, 이 제품의 성분과 품질을 객관적인 점수로 평가해 봤는데요. 스트레스 완화, 눈 건강, 피부 보습에 좋다는 테아닌, 아스타잔틴, 히알루론산 성분들은 과연 얼마나 들어있을까요? 저렴한 가격 뒤에 숨겨진 비밀! 과연 다이소 영양제, 믿고 먹어도 될까요? 영상을 끝까지 보시면, 가성비만 보고 샀다가는 놓칠 수 있는 중요한 정보들을 얻어가실 수 있습니다! 지금 바로 영상에서 확인하세요! [배경음악] Kevin MacLeod의 Corncob - Country에는 크리에이티브 커먼즈 저작자 표시 4.0 라이선스가 적용됩니다. https://creativecommons.org/licenses/by/4.0/ 출처: http://incompetech.com/music/royalty-free/index.html?isrc=USUAN1100565 아티스트: http://incompetech.com/","#다이소,#다이소영양제,#다이소꿀템,#브이팩여성용,#영양제추천,#영양제성분,#가성비영양제,#내돈내산,#건강기능식품,#기분핏",3,881,0,2025-08-13 00:31:59,https://www.youtube.com/watch?v=WYg3eqwLYdI,다이소 영양제 품질리뷰 브이팩 여성용  코스팜 #다이소 #다이소영양제 #다이소꿀템 #브이팩여성용 #영양제추천 #영양제성분 #가성비영양제 #내돈내산 #건강기능식품 #기분핏 다이소의 가성비 영양제 품질은 좋을까 다이소에서 판매 중인 가성비 영양제 품질은 어느정도 수준일까요 오늘은 여러분의 궁금증을 해결해 드리기 위해 다이소 브이팩 여성용 영양제를 꼼꼼하게 파헤쳐 봤습니다 건강기능식품 정밀 분석 앱 기분핏을 활용해서 이 제품의 성분과 품질을 객관적인 점수로 평가해 봤는데요 스트레스 완화 눈 건강 피부 보습에 좋다는 테아닌 아스타잔틴 히알루론산 성분들은 과연 얼마나 들어있을까요 저렴한 가격 뒤에 숨겨진 비밀 과연 다이소 영양제 믿고 먹어도 될까요 영상을 끝까지 보시면 가성비만 보고 샀다가는 놓칠 수 있는 중요한 정보들을 얻어가실 수 있습니다 지금 바로 영상에서 확인하세요 배경음악 Kevin MacLeod의 Corncob  Country에는 크리에이티브 커먼즈 저작자 표시 40 라이선스가 적용됩니다 httpscreativecommonsorglicensesby40 출처 httpincompetechcommusicroyaltyfreeindexhtmlisrcUSUAN1100565 아티스트 httpincompetechcom #다이소#다이소영양제#다이소꿀템#브이팩여성용#영양제추천#영양제성분#가성비영양제#내돈내산#건강기능식품#기분핏,"['다이소', '영양제', '품질', '리뷰', '브이', '여성', '코스', '다이소', '가성비', '영양제', '품질', '다이소', '판매', '가성비', '영양제', '품질', '정도', '수준', '여러분', '궁금증', '해결', '드리', '위하', '다이소', '브이', '여성', '영양제', '파헤치', '건강', '기능', '식품', '정밀', '분석', '기분', '활용', '제품', '성분', '품질', '객관', '점수', '평가', '스트레스', '완화', '건강', '피부', '보습', '아니', '스타', '히알루론산', '성분', '저렴하', '가격', '숨기', '비밀', '다이소', '영양제', '영상', '가성비', '놓치', '중요', '정보', '영상', '확인', '배경', '음악', '크리에이티브', '커먼즈', '저작', '표시', '라이선스', '적용', '출처', '아티스트']"
2,2,다이소 영양제 #다이소꿀템 #다이소추천템 #다이소젤리영양제 #다이소품절템 #shorts,,,2,292,1,2026-02-15 13:55:04,https://www.youtube.com/watch?v=ifO6sSdB_2I, 양제 #다이소꿀템 #다이소추천템 #다이소젤리영양제 #다이소품절템 #shorts  ,['양제']
2,2,와우~ 대박 다이소에 영양제와 비타민 나와 있네,,#주부생활#다이소#영양제#비타민#저렴함,0,1562,0,2025-06-03 10:00:24,https://www.youtube.com/watch?v=8GyE-QmXQjg,와우 대박 다이소에 영양제와 비타민 나와 있네  #주부생활#다이소#영양제#비타민#저렴함,"['다이소', '영양제', '비타민', '나오']"
2,2,다이소 영양제,,,2,311,0,2026-02-04 07:29:04,https://www.youtube.com/watch?v=x5PhxwGbk78,다이소 영양제  ,"['다이소', '영양제']"
2,2,"다이소 영양제 코너 갔다가 깜놀!!! 다 5,000원 이네요. #영양제 #다이소 #갓성비",,,3,464,1,2026-02-15 09:53:08,https://www.youtube.com/watch?v=1DfoWF6m7jI,다이소 영양제 코너 갔다가 깜놀 다 5000원 이네요 #영양제 #다이소 #갓성비  ,"['다이소', '영양제', '코너']"
2,2,다이소 펫 영양제까지?!,"반려동물 1000만 시대, 다이소가 이번엔 반려동물 영양제를 출시했다. 매출이 급상승 했다는데…….",,5,1392,1,2025-05-23 09:00:10,https://www.youtube.com/watch?v=58KcWZVaNMI,다이소 펫 영양제까지 반려동물 1000만 시대 다이소가 이번엔 반려동물 영양제를 출시했다 매출이 급상승 했다는데 ,"['다이소', '영양제', '반려동물', '시대', '다이소', '이번', '반려동물', '영양제', '출시', '매출', '급상승']"
2,2,[다이소영양제] 영유아 어린이 유산균 #프로바이오틱스 #유산균,,,0,408,0,2026-04-15 12:13:25,https://www.youtube.com/watch?v=BLu7iiWZfQA,다이소영양제 영유아 어린이 유산균 #프로바이오틱스 #유산균  ,"['다이소', '영양제', '영유아', '어린이', '유산균']"
2,2,"다이소 3천원 루테인, 진짜 먹어도 되나요?","3천 원짜리 루테인, 진짜 괜찮을까요? 스마트폰, 모니터 많이 보는데 눈이 자꾸 침침하고 뻑뻑하다면… 입문용 루테인으로는 충분합니다. 하지만 시력 저하나 빛 번짐, 야간 눈부심이 있다면? 이제는 루테인만으로는 부족합니다. 지아잔틴, 아스타잔틴, 비타민C까지 함께 들어간 복합 고함량 루테인 제품이 필요할 수 있어요.","#루테인,#눈건강,#지아잔틴,#아스타잔틴,#다이소영양제,#루테인비교,#영양제추천,#가성비영양제,#쿠팡파트너스",11,1351,2,2025-06-07 00:00:07,https://www.youtube.com/watch?v=38cqUEMSQxQ,다이소 3천원 루테인 진짜 먹어도 되나요 3천 원짜리 루테인 진짜 괜찮을까요 스마트폰 모니터 많이 보는데 눈이 자꾸 침침하고 뻑뻑하다면 입문용 루테인으로는 충분합니다 하지만 시력 저하나 빛 번짐 야간 눈부심이 있다면 이제는 루테인만으로는 부족합니다 지아잔틴 아스타잔틴 비타민C까지 함께 들어간 복합 고함량 루테인 제품이 필요할 수 있어요 #루테인#눈건강#지아잔틴#아스타잔틴#다이소영양제#루테인비교#영양제추천#가성비영양제#쿠팡파트너스,"['다이소', '루테', '진짜', '루테', '괜찮', '스마트폰', '모니터', '뻑뻑하', '입문', '루테', '시력', '저하', '번지', '야간', '눈부시', '이제', '루테', '부족', '지아', '스타', '비타민', '들어가', '복합', '함량', '루테인', '제품', '필요']"
2,2,"다이소 영양제 보관법, 절대 하지 마세요 #다이소영양제",영양제 = 건강기능식품 식품 보관이 중요하듯이 영양제도 보관을 철저하게 하세요😊,"#시니어,#다이소영양제,#영양제보관,#비타민c햇빛,#영양제,#50대,#영양제산화,#산화,#생활꿀팁,#인생조언,#60대,#shorts",1,1254,0,2025-08-25 11:01:07,https://www.youtube.com/watch?v=R4Jj7wq1c78,다이소 영양제 보관법 절대 하지 마세요 #다이소영양제 영양제  건강기능식품 식품 보관이 중요하듯이 영양제도 보관을 철저하게 하세요 #시니어#다이소영양제#영양제보관#비타민c햇빛#영양제#50대#영양제산화#산화#생활꿀팁#인생조언#60대#shorts,"['다이소', '영양제', '보관', '영양제', '건강', '기능', '식품', '식품', '보관', '중요', '영양제', '보관', '철저']"
2,2,[다이소영양제] 스트레스케어편 #건강기능식품,,,9,2259,1,2026-01-21 04:39:52,https://www.youtube.com/watch?v=SLLD_CU_GHU,다이소영양제 스트레스케어편 #건강기능식품  ,"['다이소', '영양제', '스트레스', '케어']"
2,2,다이소 영양제 3탄!  #다이소#다이소건강템#레몬즙#디톡스 #다이소 영양제 #KoreaTrip#KoreanProducts#KoreanLifestyle #KoreaMustBuy,레몬 직접 짜보신 분들은 아시죠… ✔ 힘들게 짜도 얼마 안 나오고 ✔ 금방 상하고 ✔ 손만 아픔 👉 언발란스 그래서 나온 홀베리 유기농 레몬즙 ✔ 레몬 1개 = 한 포 ✔ NFC 착즙 100% ✔ 물 한 방울 X 이걸로 👉 1리터 레몬수까지 가능 가격 보면… 이자뿌쓰요 😆 “1 lemon in 1 stick 🍋” “Must buy in Korea 🇰🇷”,,3,636,0,2026-03-17 14:59:43,https://www.youtube.com/watch?v=PRYvDAOQI-0,다이소 영양제 3탄  #다이소#다이소건강템#레몬즙#디톡스 #다이소 영양제 #KoreaTrip#KoreanProducts#KoreanLifestyle #KoreaMustBuy 레몬 직접 짜보신 분들은 아시죠  힘들게 짜도 얼마 안 나오고  금방 상하고  손만 아픔  언발란스 그래서 나온 홀베리 유기농 레몬즙  레몬 1개  한 포  NFC 착즙 100  물 한 방울 X 이걸로  1리터 레몬수까지 가능 가격 보면 이자뿌쓰요  1 lemon in 1 stick  Must buy in Korea  ,"['다이소', '영양제', '영양제', '레몬', '힘들', '얼마', '나오', '상하', '아프', '발란스', '나오', '베리', '유기농', '레몬즙', '레몬', '방울', '리터', '레몬', '가능', '가격', '이자뿌쓰요']"
2,2,[다이소영양제] 종근당 기능성 영양젤리 #건강기능식품,,,0,266,0,2026-05-07 10:47:51,https://www.youtube.com/watch?v=MNWEq3RpcAA,다이소영양제 종근당 기능성 영양젤리 #건강기능식품  ,"['다이소', '영양제', '종근당', '기능', '영양', '젤리']"
2,2,[다이소영양제] 까스활명수가 다이소에?#소화불량 #동화약품 #다이소,,,1,2211,0,2026-04-09 03:33:12,https://www.youtube.com/watch?v=VaxeZ85Yz28,다이소영양제 까스활명수가 다이소에#소화불량 #동화약품 #다이소  ,"['다이소', '영양제', '까스', '명수', '다이소']"
2,2,꼭 챙겨 먹어야 할 필수 영양제 TOP5 다이소,"""이 포스팅은 쿠팡 파트너스, 활동의 일환으로, 이에 따른 일정액의 수수료를 제공받습니다."" 🌈꼭 챙겨 먹어야 할 필수 영양제 TOP5 다이소 1️⃣ 대웅제약 멀티비타민 미네랄 2️⃣ 대웅제약 rtg 오메가3 3️⃣ 대웅제약 칼슘 마그네슘 비타민D 4️⃣ 대웅제약 루테인 5️⃣ 대웅제약 맥주효모 비오틴 💜프로필에 구매링크 누른뒤 검색창에 4️⃣번 간혹 영상속 동일 상품이 없는경우 비슷한 상품및 동일 기능의 유사 상품이 연동 될수 있는점 양해 부탁 드립니다 꾸벅🙃 ✅️쿠팡에서 비슷한 용도 + 평점 높은 대체템 정리해두었습니다 (기능 동일👌 높은 평점⭐️)","#맥주효모비오틴,#루테인,#다이소생활템,#다이소꿀템,#다이소영양제,#칼슘,#마그네슘,#쇼츠,#shorts",11,2291,1,2026-02-01 09:00:27,https://www.youtube.com/watch?v=NCz0T47tCiw,꼭 챙겨 먹어야 할 필수 영양제 TOP5 다이소 이 포스팅은 쿠팡 파트너스 활동의 일환으로 이에 따른 일정액의 수수료를 제공받습니다 꼭 챙겨 먹어야 할 필수 영양제 TOP5 다이소 1 대웅제약 멀티비타민 미네랄 2 대웅제약 rtg 오메가3 3 대웅제약 칼슘 마그네슘 비타민D 4 대웅제약 루테인 5 대웅제약 맥주효모 비오틴 프로필에 구매링크 누른뒤 검색창에 4번 간혹 영상속 동일 상품이 없는경우 비슷한 상품및 동일 기능의 유사 상품이 연동 될수 있는점 양해 부탁 드립니다 꾸벅 쿠팡에서 비슷한 용도  평점 높은 대체템 정리해두었습니다 기능 동일 높은 평점 #맥주효모비오틴#루테인#다이소생활템#다이소꿀템#다이소영양제#칼슘#마그네슘#쇼츠#shorts,"['챙기', '필수', '영양제', '다이소', '포스팅', '쿠팡', '파트너스', '활동', '일환', '따르', '일정액', '수수료', '제공', '챙기', '필수', '영양제', '다이소', '대웅제약', '멀티', '비타민', '미네랄', '대웅제약', '오메가', '대웅제약', '칼슘', '마그네슘', '비타민', '대웅제약', '루테', '대웅제약', '맥주', '효모', '비오', '프로필', '구매', '링크', '누르', '검색창', '영상', '동일', '상품', '경우', '상품', '동일', '기능', '유사', '상품', '연동', '양해', '부탁', '드리', '쿠팡', '용도', '평점', '대체', '정리', '기능', '동일', '평점']"
2,2,다이소 vs 올영 영양제 차이? 술 먹는 남편 위해 옥이가 싹 털어옴! 건강,"다이소랑 올리브영 영양제 코너 다 가봤어요! 🏃‍♀️💨 술 자주 마시는 우리 이서방 간 건강용 밀크씨슬부터, 함량 차이까지 꼼꼼하게 따져봤는데... ""어머, 이거 똑같은 거 아냐?"" 소리 절로 나오네요! 😂 가성비 챙길지, 함량 챙길지 영상 보시고 결정하세요! 📌 옥이의 영양제 쇼핑 결론! 이서방 간 보호엔 밀크씨슬이 1순위! (술 자주 드시면 필수) 다이소는 소포장이라 싸게 느껴지지만, 꾸준히 먹으려면 함량/일수 확인 필수! 여행용이나 선물용으론 다이소 올레샷, 이뮨샷 가성비 최고! 👍 옥이머해 (OK-HE-DONE) “잘 먹고, 잘 살고, 잘 사는(Buy) 건강 솔루션” 안녕하세요! 건강을 위해 부지런히 발로 뛰는 옥토끼, 옥이입니다. 치열한 일상 속에서 놓치기 쉬운 '진짜 건강'을 찾기 위해 이 채널을 시작했습니다. 까다롭지만 정직하게, 몸을 살리는 정보만 쏙쏙 골라 드릴게요! ✨ 옥이의 3가지 건강 약속 🥗 옥이 머먹어? | 몸을 살리는 제철 식재료와 건강한 식단 레시피 🧘‍♀️ 옥이 머해? | 일상에 활력을 불어넣는 올바른 습관과 루틴 🛒 옥이 뭐 사? | 성분 하나하나 꼼꼼하게 따진 똑똑한 소비 가이드 혼자 고민하지 마세요. 옥토끼가 대신 공부하고 채워드릴게요. 좋은 건 같이 사고, 건강은 함께 지켜요! 🏃‍♀️💨 📧 비즈니스 문의: hm9099999@gmail.com","#다이소꿀템,#올리브영추천템,#영양제비교,#밀크씨슬,#이뮨샷,#올레샷,#비타민추천,#가성비쇼핑,#남편건강,#옥이머해,#shorts🐰",1,490,1,2026-02-22 03:44:00,https://www.youtube.com/watch?v=Y9KL3vWtVOk,다이소 vs 올영 영양제 차이 술 먹는 남편 위해 옥이가 싹 털어옴 건강 다이소랑 올리브영 영양제 코너 다 가봤어요  술 자주 마시는 우리 이서방 간 건강용 밀크씨슬부터 함량 차이까지 꼼꼼하게 따져봤는데 어머 이거 똑같은 거 아냐 소리 절로 나오네요  가성비 챙길지 함량 챙길지 영상 보시고 결정하세요  옥이의 영양제 쇼핑 결론 이서방 간 보호엔 밀크씨슬이 1순위 술 자주 드시면 필수 다이소는 소포장이라 싸게 느껴지지만 꾸준히 먹으려면 함량일수 확인 필수 여행용이나 선물용으론 다이소 올레샷 이뮨샷 가성비 최고  옥이머해 OKHEDONE 잘 먹고 잘 살고 잘 사는Buy 건강 솔루션 안녕하세요 건강을 위해 부지런히 발로 뛰는 옥토끼 옥이입니다 치열한 일상 속에서 놓치기 쉬운 진짜 건강을 찾기 위해 이 채널을 시작했습니다 까다롭지만 정직하게 몸을 살리는 정보만 쏙쏙 골라 드릴게요  옥이의 3가지 건강 약속  옥이 머먹어  몸을 살리는 제철 식재료와 건강한 식단 레시피  옥이 머해  일상에 활력을 불어넣는 올바른 습관과 루틴  옥이 뭐 사  성분 하나하나 꼼꼼하게 따진 똑똑한 소비 가이드 혼자 고민하지 마세요 옥토끼가 대신 공부하고 채워드릴게요 좋은 건 같이 사고 건강은 함께 지켜요   비즈니스 문의 hm9099999gmailcom #다이소꿀템#올리브영추천템#영양제비교#밀크씨슬#이뮨샷#올레샷#비타민추천#가성비쇼핑#남편건강#옥이머해#shorts,"['다이소', '영양제', '차이', '남편', '위하', '옥이', '건강', '다이소', '올리브', '영양제', '코너', '마시', '우리', '서방', '건강', '밀크', '함량', '차이', '따지', '이거', '똑같', '소리', '나오', '가성비', '챙기', '함량', '챙기', '영상', '결정', '옥이', '영양제', '쇼핑', '결론', '서방', '보호', '밀크', '순위', '드시', '필수', '다이소', '포장', '느끼', '함량', '확인', '필수', '여행', '선물', '다이소', '올레', '이뮨샷', '가성비', '최고', '옥이머해', '건강', '솔루션', '안녕', '건강', '위하', '옥토끼', '옥이', '치열', '일상', '놓치', '진짜', '건강', '위하', '채널', '시작', '까다롭', '정직', '살리', '정보', '고르', '드리', '옥이', '가지', '건강', '약속', '살리', '제철', '식재료', '건강', '식단', '레시피', '일상', '활력', '불어넣', '올바르', '습관', '루틴', '성분', '따지', '똑똑하', '소비', '가이드', '혼자', '고민', '옥토끼', '대신', '공부', '채우', '드리', '건강', '지키', '비즈니스', '문의']"
2,2,"다이소에서 사온 가성비영양제 삼총사(눈, 비타민, 머리카락)",,"#눈영양제,#모발영양제,#종합비타민",2,482,0,2025-12-21 13:00:58,https://www.youtube.com/watch?v=z6RlnSnMJdI,다이소에서 사온 가성비영양제 삼총사눈 비타민 머리카락  #눈영양제#모발영양제#종합비타민,"['다이소', '가성비', '영양제', '삼총사', '비타민', '머리카락']"
2,2,다이소 영양제 24종 총정리 5천원으로 한 달 건강 챙기기! #다이소영양제  #가성비건강템  #₩5000건강루틴  #직장인영양제,👉 https://www.youtube.com/shorts/s7YYqRyVw2A 다음 쇼츠에서 계속됩니다!,,4,380,0,2025-06-22 06:51:14,https://www.youtube.com/watch?v=P66ucXQI2_s,다이소 영양제 24종 총정리 5천원으로 한 달 건강 챙기기 #다이소영양제  #가성비건강템  #5000건강루틴  #직장인영양제  httpswwwyoutubecomshortss7YYqRyVw2A 다음 쇼츠에서 계속됩니다 ,"['다이소', '영양제', '정리', '건강', '챙기', '다음', '쇼츠', '계속']"
2,2,다이소 영양제 추천 3가지 #영양제 #다이소,,,1,23,0,2026-03-24 08:21:32,https://www.youtube.com/watch?v=xg8zJVFseAc,다이소 영양제 추천 3가지 #영양제 #다이소  ,"['다이소', '영양제', '추천', '가지']"
2,2,[다이소 영양제] 애플 사이다 비니거 #영양식 #애사비,,,0,404,0,2026-04-07 11:06:57,https://www.youtube.com/watch?v=VXz6RhuSjDk,다이소 영양제 애플 사이다 비니거 #영양식 #애사비  ,"['다이소', '영양제', '애플', '비니거']"
2,2,[다이소영양제] 에너지활력편 #건강기능식품,,,0,255,0,2026-02-02 12:52:20,https://www.youtube.com/watch?v=ziy2e9mHFtU,다이소영양제 에너지활력편 #건강기능식품  ,"['다이소', '영양제', '에너지', '활력']"
2,2,팝핑캔디 리액션 챌린지? 먹어보고 느껴봐요! #다이소살림템 #다이소살림템 #다이소다이어트 #다이어트 #영양제추천 #다이소신상,팝핑캔디가 들어있어! 다이어트도 즐겁게 친구와 함께하면 2배 더 즐거워요!,"#다이소살림템,#다이소살림템,#다이소다이어트,#다이어트,#영양제추천,#다이소신상",0,1261,0,2025-05-23 09:37:31,https://www.youtube.com/watch?v=2p5eC3gHAb4,   먹어보고 느껴봐요 #다이소살림템 #다이소살림템 #다이소다이어트 #다이어트 #영양제추천 #다이소신상 팝핑캔디가 들어있어 다이어트도 즐겁게 친구와 함께하면 2배 더 즐거워요 #다이소살림템#다이소살림템#다이소다이어트#다이어트#영양제추천#다이소신상,"['느끼', '캔디', '다이어트', '즐겁', '친구', '즐겁']"
2,2,마운자로 맞았습니다 + 다이소 영양제 제품 소개,고민 끝에 마운자로를 맞았습니다 효과가 있었으면 좋겠네요 다이소 영양제 소개도 해보았습니다,"#초고도비만,#다이어트,#마운자로,#다이소영양제",11,1453,7,2025-10-18 06:25:48,https://www.youtube.com/watch?v=7knz6LNAf6E,마운자로 맞았습니다  다이소 영양제 제품 소개 고민 끝에 마운자로를 맞았습니다 효과가 있었으면 좋겠네요 다이소 영양제 소개도 해보았습니다 #초고도비만#다이어트#마운자로#다이소영양제,"['다이소', '영양제', '제품', '소개', '고민', '마운', '효과', '다이소', '영양제', '소개']"
2,2,다이소에서 만나보는 반려동물 영양제!🔋 어디 제품일까?😮,,"#반려견동반,#애견동반,#반려동물뉴스,#반려동물정보,#반려인,#반려동물전,#DCN뉴스",4,1814,1,2025-05-23 08:03:58,https://www.youtube.com/watch?v=GC7nP4PiSlo,다이소에서 만나보는 반려동물 영양제 어디 제품일까  #반려견동반#애견동반#반려동물뉴스#반려동물정보#반려인#반려동물전#DCN뉴스,"['다이소', '만나', '반려동물', '영양제', '어디', '제품']"
2,2,[다이소영양제] 종근당 브이퍼센트 #애사비 #영양식,,,2,1892,0,2026-04-08 08:34:09,https://www.youtube.com/watch?v=Iz2_ekDppoE,다이소영양제 종근당 브이퍼센트 #애사비 #영양식  ,"['다이소', '영양제', '종근당', '브이', '퍼센트']"
2,2,어르신을 위한 다이소 영양제 TOP5 #어르신을위한다이소영양제#시니어를위한다이소영양제#다이소영양제#다이소영양제추천#다이소가성비영양제#다이소대웅제약#대웅제약영양제,,,4,870,0,2025-06-28 08:50:55,https://www.youtube.com/watch?v=YrFrYunk5dc,어르신을 위한 다이소 영양제 TOP5 #어르신을위한다이소영양제#시니어를위한다이소영양제#다이소영양제#다이소영양제추천#다이소가성비영양제#다이소대웅제약#대웅제약영양제  ,"['어르신', '위하', '다이소', '영양제']"
2,2,다이소 여자 영양제,,,0,134,0,2026-05-06 06:27:31,https://www.youtube.com/watch?v=d3R2vHphyAo,다이소 여자 영양제  ,"['다이소', '여자', '영양제']"
2,2,다이소영양제 #다이소추천  #다이소추천템 #다이소영양제 #가성비영양제 #다이소추천제품,저들밖에한밤중에 D키 피아노반주,"#저들밖에한밤중에,#저들밖에한밤중에피아노,#저들밖에한밤중에피아노반주,#ccm,#ccm반주,#느린찬양,#쉬운반주",0,181,0,2025-12-03 02:57:55,https://www.youtube.com/watch?v=Gupc-vN9ueo,다이소영양제 #다이소추천  #다이소추천템 #다이소영양제 #가성비영양제 #다이소추천제품 저들밖에한밤중에 D키 피아노반주 #저들밖에한밤중에#저들밖에한밤중에피아노#저들밖에한밤중에피아노반주#ccm#ccm반주#느린찬양#쉬운반주,"['다이소', '영양제', '밤중', '피아노', '반주']"
2,2,"[다이소 영양제 품질체크] 스트레스,쉼 / 한국바이오팜 #다이소 #다이소영양제 #영양제추천 #가성비영양제 #스트레스 #테아닌 #건강기능식품 #영양제리뷰 #솔직리뷰 #기분핏","📌 [솔직 리뷰] 다이소 영양제, 과연 효과 있을까? 💊 다이소에서 파는 가성비 영양제, 정말 믿고 먹어도 될까요? 오늘은 많은 분들이 궁금해하시는 다이소 영양제의 숨겨진 비밀을 파헤쳐 봅니다! '스트레스, 쉼'이라는 제품을 직접 분석하고, 성분부터 품질까지 낱낱이 파헤쳐 봤어요. 🔍 영상에서 확인할 수 있는 내용: 다이소 영양제의 실제 품질은? '스트레스, 쉼' 제품 성분 전격 분석! 테아닌: 스트레스 완화에 도움을 주는 핵심 성분 ****기분핏 앱을 활용한 객관적인 품질 점수 공개! 다이소에서 영양제 구매를 고민하고 있다면, 이 영상이 현명한 선택을 하는 데 큰 도움이 될 거예요! 영상을 통해 다이소 영양제의 진짜 가치를 확인하세요! 좋아요와 구독은 좋은 컨텐츠를 만드는 데 큰 힘이 됩니다 😊 [배경음악] Twin Musicom의 Hat the Jazz에는 크리에이티브 커먼즈 저작자 표시 4.0 라이선스가 적용됩니다. https://creativecommons.org/licenses/by/4.0/ 출처: http://www.twinmusicom.org/song/289/hat-the-jazz 아티스트: http://www.twinmusicom.org","#다이소,#다이소영양제,#영양제추천,#가성비영양제,#스트레스,#테아닌,#건강기능식품,#영양제리뷰,#솔직리뷰,#기분핏",3,539,0,2025-08-14 02:42:12,https://www.youtube.com/watch?v=ExBB97M4wQA,다이소 영양제 품질체크 스트레스쉼  한국바이오팜 #다이소 #다이소영양제 #영양제추천 #가성비영양제 #스트레스 #테아닌 #건강기능식품 #영양제리뷰 #솔직리뷰 #기분핏  솔직 리뷰 다이소 영양제 과연 효과 있을까  다이소에서 파는 가성비 영양제 정말 믿고 먹어도 될까요 오늘은 많은 분들이 궁금해하시는 다이소 영양제의 숨겨진 비밀을 파헤쳐 봅니다 스트레스 쉼이라는 제품을 직접 분석하고 성분부터 품질까지 낱낱이 파헤쳐 봤어요  영상에서 확인할 수 있는 내용 다이소 영양제의 실제 품질은 스트레스 쉼 제품 성분 전격 분석 테아닌 스트레스 완화에 도움을 주는 핵심 성분 기분핏 앱을 활용한 객관적인 품질 점수 공개 다이소에서 영양제 구매를 고민하고 있다면 이 영상이 현명한 선택을 하는 데 큰 도움이 될 거예요 영상을 통해 다이소 영양제의 진짜 가치를 확인하세요 좋아요와 구독은 좋은 컨텐츠를 만드는 데 큰 힘이 됩니다  배경음악 Twin Musicom의 Hat the Jazz에는 크리에이티브 커먼즈 저작자 표시 40 라이선스가 적용됩니다 httpscreativecommonsorglicensesby40 출처 httpwwwtwinmusicomorgsong289hatthejazz 아티스트 httpwwwtwinmusicomorg #다이소#다이소영양제#영양제추천#가성비영양제#스트레스#테아닌#건강기능식품#영양제리뷰#솔직리뷰#기분핏,"['다이소', '영양제', '품질', '체크', '스트레스', '한국', '바이오', '리뷰', '다이소', '영양제', '효과', '다이소', '가성비', '영양제', '오늘', '궁금하', '다이소', '영양제', '숨기', '비밀', '파헤치', '스트레스', '제품', '분석', '성분', '품질', '파헤치', '영상', '확인', '내용', '다이소', '영양제', '실제', '품질', '스트레스', '제품', '성분', '전격', '분석', '아니', '스트레스', '완화', '도움', '핵심', '성분', '기분핏', '활용', '객관', '품질', '점수', '공개', '다이소', '영양제', '구매', '고민', '영상', '현명', '선택', '도움', '영상', '통하', '다이소', '영양제', '진짜', '가치', '확인', '구독', '컨텐츠', '만들', '배경', '음악', '크리에이티브', '커먼즈', '저작', '표시', '라이선스', '적용', '출처', '아티스트']"
2,2,#영양제#다이소#싸다싸#모든게#다있다.,,,25,2044,5,2025-08-21 02:38:29,https://www.youtube.com/watch?v=ckP53z90tMk,#영양제#다이소#싸다싸#모든게#다있다  ,[]
2,2,"다이소(텃밭세트, 화분, 화분 받침, 영양제, 원예 가위, 호스 분사기) 보고 가실게요~",오늘도 구독해주셔서 정말 감사합니다~💗,#매직호스,0,100,0,2026-03-25 14:57:00,https://www.youtube.com/watch?v=2-iHSH2klSw,다이소텃밭세트 화분 화분 받침 영양제 원예 가위 호스 분사기 보고 가실게요 오늘도 구독해주셔서 정말 감사합니다 #매직호스,"['다이소', '텃밭', '세트', '화분', '화분', '받침', '영양제', '원예', '가위', '호스', '분사', '오늘', '구독', '감사']"
2,2,다이소엔 없는 진짜 꿀템3가지💓,,"#제품제공,#옵티젠#비타민추천,#바이탈#이뮨#밀크시슬추천#영양제추천#해면#아뜨아#왁싱템#왁싱추천템#제모추천템#쿠팡추천템",8,1990,0,2026-04-30 09:18:33,https://www.youtube.com/watch?v=G0ZAfn5bups,다이소엔 없는 진짜 꿀템3가지  #제품제공#옵티젠#비타민추천#바이탈#이뮨#밀크시슬추천#영양제추천#해면#아뜨아#왁싱템#왁싱추천템#제모추천템#쿠팡추천템,"['다이소', '진짜', '가지']"
2,2,다이소 영양제,,,0,618,0,2025-08-23 05:37:36,https://www.youtube.com/watch?v=IZHx0-Wz88U,다이소 영양제  ,"['다이소', '영양제']"
2,2,피부에 좋은 영양제 #다이소 #약통  #영양제 #아연 #비타민e #비타민d #엘라이신 #피부영양제,,,0,501,0,2025-11-12 04:03:51,https://www.youtube.com/watch?v=aZcf_Og51dw,피부에 좋은 영양제 #다이소 #약통  #영양제 #아연 #비타민e #비타민d #엘라이신 #피부영양제  ,"['피부', '영양제']"
2,2,"다이소 5천원 영양제 ! 죽어가던 남성의 그것 벌떡 일으킨 기적의 득템세트ㅣ60대,70대 필수 시청 ㅣ꽈추언니","다이소 5천원 영양제 ! 죽어가던 남성의 그것 벌떡 일으킨 기적의 득템세트ㅣ60대,70대 필수 시청 ㅣ꽈추언니 다이소 5천원 영양제, 60대 남성 활력 되살린 충격 비밀을 직접 확인해보세요. 단돈 5천원으로 구매할 수 있는 이 가성비 영양제가 요즘 많은 사람들 사이에서 화제가 되고 있습니다. 특히 60대, 70대 분들에게 필요한 활력과 에너지 회복에 도움을 준다는 후기가 이어지며 관심이 급증하고 있는데요. 과연 실제 효과가 있는지, 어떤 성분이 들어있는지, 그리고 누구에게 추천할 수 있는지 솔직하게 알려드립니다. 부모님 선물이나 건강 관리를 고민하는 분들에게 현실적인 선택지가 될 수 있습니다. 영상에서는 실제 사용 후기와 함께 장단점을 비교 분석해 드리니 끝까지 시청해보세요. 요즘 가장 핫한 다이소 꿀템, 지금 확인하세요!","#발기부전,#다이소,#소팔메토,#마카,#비타민D,#지압볼,#스트레칭밴드,#황제루틴,#꽈추언니,#발기부전",0,6,0,2026-03-20 10:48:43,https://www.youtube.com/watch?v=bLqhaRIqm1w,다이소 5천원 영양제  죽어가던 남성의 그것 벌떡 일으킨 기적의 득템세트60대70대 필수 시청 꽈추언니 다이소 5천원 영양제  죽어가던 남성의 그것 벌떡 일으킨 기적의 득템세트60대70대 필수 시청 꽈추언니 다이소 5천원 영양제 60대 남성 활력 되살린 충격 비밀을 직접 확인해보세요 단돈 5천원으로 구매할 수 있는 이 가성비 영양제가 요즘 많은 사람들 사이에서 화제가 되고 있습니다 특히 60대 70대 분들에게 필요한 활력과 에너지 회복에 도움을 준다는 후기가 이어지며 관심이 급증하고 있는데요 과연 실제 효과가 있는지 어떤 성분이 들어있는지 그리고 누구에게 추천할 수 있는지 솔직하게 알려드립니다 부모님 선물이나 건강 관리를 고민하는 분들에게 현실적인 선택지가 될 수 있습니다 영상에서는 실제 사용 후기와 함께 장단점을 비교 분석해 드리니 끝까지 시청해보세요 요즘 가장 핫한 다이소 꿀템 지금 확인하세요 #발기부전#다이소#소팔메토#마카#비타민D#지압볼#스트레칭밴드#황제루틴#꽈추언니#발기부전,"['다이소', '영양제', '남성', '그것', '일으키', '기적', '득템', '세트', '필수', '시청', '꽈추', '언니', '다이소', '영양제', '남성', '그것', '일으키', '기적', '득템', '세트', '필수', '시청', '꽈추', '언니', '다이소', '영양제', '남성', '활력', '되살리', '충격', '비밀', '확인', '단돈', '구매', '가성비', '영양제', '요즘', '사람', '사이', '화제', '필요', '활력', '에너지', '회복', '도움', '후기', '이어지', '관심', '급증', '실제', '효과', '성분', '누구', '추천', '알리', '드리', '부모', '선물', '건강', '관리', '고민', '현실', '선택지', '영상', '실제', '사용', '후기', '장단점', '비교', '분석', '드리', '시청', '요즘', '핫하', '다이소', '확인']"
2,2,"""약사님들 죄송합니다.. 저 다이소 갑니다""","약국에서 비싸게 사던 영양제, 이제 다이소에서도 살 수 있습니다. 그런데 왜 약국은 긴장하고 있을까요? 단순히 가격 문제가 아니라 우리가 몰랐던 ‘구조’의 이야기일지도 모릅니다. 여러분의 선택은?","#다이소영양제,#약국영양제,#비타민추천,#건강기능식품,#약사현실,#다이소추천템,#가성비영양제,#영양제비교,#건강정보,#아이비타민,#생활꿀팁,#소비트렌드",6,431,1,2026-04-28 09:25:09,https://www.youtube.com/watch?v=BnysLcAGlOg,약사님들 죄송합니다 저 다이소 갑니다 약국에서 비싸게 사던 영양제 이제 다이소에서도 살 수 있습니다 그런데 왜 약국은 긴장하고 있을까요 단순히 가격 문제가 아니라 우리가 몰랐던 구조의 이야기일지도 모릅니다 여러분의 선택은 #다이소영양제#약국영양제#비타민추천#건강기능식품#약사현실#다이소추천템#가성비영양제#영양제비교#건강정보#아이비타민#생활꿀팁#소비트렌드,"['약사', '죄송하', '다이소', '약국', '비싸', '영양제', '다이소', '약국', '긴장', '가격', '문제', '아니', '우리', '모르', '구조', '이야기', '모르', '여러분', '선택']"
2,2,"티니핑 영양제 3종, 다이소 입점!  #다이소 #Daiso #다이소추천 #다이소꿀템 #다이소하울 #다이소깡 #다이소하울 #다이소추천템 #다이소여름 #꿀템","성장·배변·활력까지, 다이소에서 한 번에 여행템","#다이소생활용품,#소확행소비,#다이소정리템,#싼게찐이야,#이건사야해,#이건못참지,#다이소실화냐,#다이소영업글,#다이소정리템,#다이소수납템,#다이소살림템,#다이소주방템,#육아템추천,#육아꿀템,#육아맘필수템,#육아꿀정보,#아이와여행,#육아브이로그,#육아맘공감,#아이랑여행,#육아템리뷰,#여행준비물,#육아여행,#아이와여행템,#여행필수템,#차박준비물,#가족여행템,#물놀이필수템,#휴가템,#휴대용화장실,#바디샤워티슈,#물놀이색종이,#여행육아템,#캠핑육아템,#이것만있으면끝,#실용템추천,#다이소,#Daiso,#다이소추천템,#다이소하울,#다이소육아템,#Shorts,#YouTubeShorts,#1분정보,#쇼츠템,#릴스추천",9,2077,0,2025-09-30 02:01:04,https://www.youtube.com/watch?v=zOfUGbQTfXE,티니핑 영양제 3종 다이소 입점  #다이소 #Daiso #다이소추천 #다이소꿀템 #다이소하울 #다이소깡 #다이소하울 #다이소추천템 #다이소여름 #꿀템 성장배변활력까지 다이소에서 한 번에 여행템 #다이소생활용품#소확행소비#다이소정리템#싼게찐이야#이건사야해#이건못참지#다이소실화냐#다이소영업글#다이소정리템#다이소수납템#다이소살림템#다이소주방템#육아템추천#육아꿀템#육아맘필수템#육아꿀정보#아이와여행#육아브이로그#육아맘공감#아이랑여행#육아템리뷰#여행준비물#육아여행#아이와여행템#여행필수템#차박준비물#가족여행템#물놀이필수템#휴가템#휴대용화장실#바디샤워티슈#물놀이색종이#여행육아템#캠핑육아템#이것만있으면끝#실용템추천#다이소#Daiso#다이소추천템#다이소하울#다이소육아템#Shorts#YouTubeShorts#1분정보#쇼츠템#릴스추천,"['영양제', '다이소', '입점', '성장', '배변', '활력', '다이소', '여행']"
2,2,"다이소(화분, 과일 모형, 아우터, 영양제, 박스, 분무기, 양말, 바구니) 보고 가실게요~",오늘도 구독해주셔서 정말 감사합니다~💗,"#캐주얼아우터,#조끼",0,194,0,2026-04-12 14:59:01,https://www.youtube.com/watch?v=GqnFjCSFeVs,다이소화분 과일 모형 아우터 영양제 박스 분무기 양말 바구니 보고 가실게요 오늘도 구독해주셔서 정말 감사합니다 #캐주얼아우터#조끼,"['다이소', '화분', '과일', '모형', '아우터', '영양제', '박스', '분무기', '양말', '바구니', '오늘', '구독', '감사']"
2,2,약국 파스보다 낫네 다이소 영양제랑 이거 뿌렸더니 무릎 통증이 싹!,,,10,750,0,2026-02-27 21:01:08,https://www.youtube.com/watch?v=r8tD2igIxtE,약국 파스보다 낫네 다이소 영양제랑 이거 뿌렸더니 무릎 통증이 싹  ,"['약국', '파스', '다이소', '영양제', '이거', '뿌리', '무릎', '통증']"
2,2,다이소에서 마그네슘10개 ₩1000원 필수영양제(당뇨인 불면증 눈떨림 등 등),,,4,367,0,2026-05-03 10:09:42,https://www.youtube.com/watch?v=lQ4z6PLfoGs,다이소에서 마그네슘10개 1000원 필수영양제당뇨인 불면증 눈떨림 등 등  ,"['다이소', '마그네슘', '필수', '영양제', '당뇨', '불면증', '떨리']"
2,2,다이소 영양제 사도 괜찮아요?,,,2,1155,0,2025-08-10 22:20:42,https://www.youtube.com/watch?v=t7oImlUTjTA,다이소 영양제 사도 괜찮아요  ,"['다이소', '영양제', '괜찮']"
2,2,다이소 효자템! 시니어 생활 영양 필수템 TOP5 공개 #다이소 #다이소템 #다이소시니어 #시니어건강 #시니어정보 #중년 #중년건강 #시니어용품 #부모님 #효도템 #가성비,"💡 다이소에서 5천 원도 안 하는데 시니어분들이 난리 난 효도템, TOP5 공개합니다! 부모님 건강과 생활을 동시에 챙길 수 있는 미끄럼 방지 양말, 휴대용 약통, 효자손, 시니어 비타민 앰플, 시니어 영양제까지! 누구나 쉽게 구할 수 있고, 가격까지 착한 다이소 제품을 영상에서 확인해보세요. 👉 더 고급형 제품이 필요하신 분들은 쿠팡 추천 링크에서 확인하세요. (파트너스 링크를 사용해 구매 시 소정의 수수료가 발생할 수 있습니다.) --- 📌 영상에서 소개한 다이소 시니어템 TOP5 1) 미끄럼 방지 양말 – 낙상 예방 필수템 2) 휴대용 약통 – 복약 실수 방지 3) 효자손 – 시니어 스트레스 완화템 4) 시니어 비타민 앰플 – 피로 회복 & 면역력 강화 5) 시니어 영양제 – 뼈 건강 필수 영양소 ---","#다이소시니어템,#시니어생활템,#효도템추천,#부모님선물,#60대건강관리,#시니어영양제,#다이소건강템",1,360,0,2025-07-27 06:07:05,https://www.youtube.com/watch?v=N1MZ4gCIgXA,다이소 효자템 시니어 생활 영양 필수템 TOP5 공개 #다이소 #다이소템 #다이소시니어 #시니어건강 #시니어정보 #중년 #중년건강 #시니어용품 #부모님 #효도템 #가성비  다이소에서 5천 원도 안 하는데 시니어분들이 난리 난 효도템 TOP5 공개합니다 부모님 건강과 생활을 동시에 챙길 수 있는 미끄럼 방지 양말 휴대용 약통 효자손 시니어 비타민 앰플 시니어 영양제까지 누구나 쉽게 구할 수 있고 가격까지 착한 다이소 제품을 영상에서 확인해보세요  더 고급형 제품이 필요하신 분들은 쿠팡 추천 링크에서 확인하세요 파트너스 링크를 사용해 구매 시 소정의 수수료가 발생할 수 있습니다   영상에서 소개한 다이소 시니어템 TOP5 1 미끄럼 방지 양말  낙상 예방 필수템 2 휴대용 약통  복약 실수 방지 3 효자손  시니어 스트레스 완화템 4 시니어 비타민 앰플  피로 회복  면역력 강화 5 시니어 영양제  뼈 건강 필수 영양소  #다이소시니어템#시니어생활템#효도템추천#부모님선물#60대건강관리#시니어영양제#다이소건강템,"['다이소', '효자', '시니어', '생활', '영양', '필수', '공개', '다이소', '시니어', '난리', '효도템', '공개', '부모', '건강', '생활', '동시', '챙기', '미끄럼', '방지', '양말', '휴대', '효자손', '시니어', '비타민', '앰플', '시니어', '영양제', '누구', '구하', '가격', '착하', '다이소', '제품', '영상', '확인', '고급', '제품', '필요', '쿠팡', '추천', '링크', '확인', '파트너스', '링크', '사용', '구매', '소정', '수수료', '발생', '영상', '소개', '다이소', '시니어', '미끄럼', '방지', '양말', '낙상', '예방', '필수', '휴대', '복약', '실수', '방지', '효자손', '시니어', '스트레스', '완화', '시니어', '비타민', '앰플', '피로', '회복', '면역력', '강화', '시니어', '영양제', '건강', '필수', '영양소']"
2,2,"다이소 5천원 영양제 ! 죽어가던 남성의 그것 벌떡 일으킨 기적의 득템세트 ㅣ60대,70대 필수 시청 ㅣ발기","⚠️ 본 영상은 중장년 남성의 건강 증진을 위한 순수 교육 목적의 의학 정보 콘텐츠입니다. 성적인 의도나 부적절한 내용을 포함하지 않으며, 건강한 노후 생활과 부부 관계의 질 향상을 위한 정보를 제공합니다. 단돈 3만 원으로 60대 남성의 활력이 완전히 되살아났습니다. 병원도 아니고, 비싼 약도 아닙니다. 바로 동네 다이소에서 구할 수 있는 8가지 아이템이 그 기적을 만들었습니다. 혹시 지금 이런 경험을 하고 계십니까? 아침에 눈을 떠도 몸에 활력이 없고, 아내 앞에서 자꾸 자신감을 잃어가고 계십니까? ""나이 들어서 어쩔 수 없지""라고 스스로를 달래고 계십니까? 그 생각, 오늘 이 영상 하나로 완전히 바뀌실 겁니다. 40년 경력의 비뇨의학과 전문의 Dr. Mily가 말합니다. ""활력 저하는 나이의 문제가 아닙니다. 호르몬, 혈류, 근육 — 이 세 가지가 동시에 무너지는 것이 진짜 원인입니다. 그리고 이 세 가지는 올바른 방법만 알면 누구든 되살릴 수 있습니다."" Dr. Mily는 지난 40년간 수만 명의 중장년 남성 환자를 진료하며, 가장 단순하면서도 가장 효과적인 방법만을 추려왔습니다. 복잡한 시술도, 고가의 약도 필요 없습니다. 오늘 공개하는 방법은 어르신 누구나 오늘 저녁부터 바로 실천하실 수 있는 것들입니다. ✨ 오늘 영상에서 알게 될 핵심 내용 ✨ ✅ 60대 남성의 활력이 떨어지는 진짜 원인 3가지 — 대부분의 분들이 모르고 계십니다 ✅ 다이소에서 단돈 5,000원에 살 수 있는 소팔메토가 남성 호르몬을 지키는 놀라운 원리 ✅ 3,000원짜리 지압볼로 막힌 혈류를 뚫는 '3초 지압법' — 진료실에서만 알려주던 비법 ✅ 블랙 마카가 사라진 성욕을 67% 되살리는 과학적 근거 (페루 대학 연구 결과 포함) ✅ 비타민 D가 테스토테론 수치를 25% 이상 높이는 이유 (오스트리아 의대 연구) ✅ 종아리를 제2의 심장으로 만드는 튜빙 밴드 사용법 — 하체 혈류를 완전히 바꿉니다 ✅ 골반이 굳으면 절대 안 되는 이유 — 스트레칭 밴드로 5분 만에 푸는 방법 ✅ 오메가-3가 혈관을 청소하고 혈류 속도를 높이는 원리 ✅ 힙업 밴드로 허벅지 근력을 키우면 호르몬 활용 능력이 올라가는 이유 ✅ 이 모든 것을 하나로 합치는 '저녁 12분 황제의 루틴' — 순서와 타이밍이 전부입니다 ✅ 혼자 따로따로 쓰면 안 되는 이유 — 정확한 순서로 써야 시너지가 폭발합니다 ✅ 실제 환자 9명의 생생한 변화 — 2주 만에 아내의 반응이 달라졌습니다 ✅ 지금 당장 하지 말아야 할 실수 3가지 — 잘못 쓰면 효과가 절반도 안 납니다 🔔 이런 분께 오늘 영상을 강력히 추천드립니다 → 아침에 몸의 활력이 예전 같지 않은 60대, 70대 남성분 → 밤에 화장실을 자주 가서 숙면을 못 이루시는 분 → 아내 앞에서 자신감을 잃어가고 있는 분 → 비싼 영양제를 드셔도 효과를 못 보신 분 → 몸은 멀쩡한데 성욕 자체가 사라진 것 같은 분 → 골반과 허리가 뻣뻣하고 하체에 힘이 없는 분 → 복잡하지 않고 집에서 간단히 실천할 수 있는 방법을 찾으시는 분 💬 영상을 보신 후 꼭 댓글로 알려주세요! ""저도 오늘부터 황제의 루틴 시작합니다!"" 라고 한 줄만 남겨 주세요. 댓글 하나가 지금 이 순간에도 혼자서 끙끙 앓고 있는 수많은 어르신들께 가장 큰 용기가 됩니다. 여러분의 경험담이 누군가의 인생을 바꾸는 한 줄이 될 수 있습니다. 2주 뒤 변화를 경험하신 분들, 꼭 댓글로 돌아와 주십시오. Dr. Mily가 직접 읽고 답변 드립니다. 👍 영상이 도움이 되셨다면 → 좋아요 한 번이 이 정보를 더 많은 분들께 전달해 드립니다 → 구독 버튼을 눌러 주시면 매주 어르신 건강에 꼭 필요한 정보를 가장 먼저 받아보실 수 있습니다 → 알림 🔔 버튼까지 눌러 두시면 중요한 영상을 절대 놓치지 않으실 수 있습니다 혼자 알고 계시기 아까운 내용이라면, 주변의 소중한 분들께 공유해 주십시오. 남편, 형제, 친구분께 이 영상 하나가 큰 선물이 될 수 있습니다. 📌 함께 보시면 더욱 좋은 영상 → 전립선 건강을 지키는 5가지 생활 습관 → 60대 남성 호르몬을 자연스럽게 높이는 음식 TOP 7 → 하루 10분 골반 운동으로 허리 통증 완전히 없애는 방법 → 수면의 질을 높이는 저녁 루틴 — 숙면이 남성 활력의 기초입니다 ⚕️ 의학적 고지사항 본 영상에서 제공되는 모든 정보는 일반적인 건강 교육 목적으로 제작되었으며, 개인의 의학적 진단, 치료, 처방을 대체하지 않습니다. 건강 상태나 증상에 따라 개인차가 있을 수 있으므로, 구체적인 증상이 있으시거나 현재 약물을 복용 중이신 경우 반드시 담당 의사 또는 전문의와 상담하신 후 실천하시기 바랍니다. 영양제 및 운동 방법의 효과는 개인의 건강 상태에 따라 다를 수 있습니다.","#노후건강,#남성건강,#60대건강,#70대건강,#중년남성건강,#테스토테론,#전립선건강,#소팔메토,#남성활력,#부부건강,#다이소영양제,#갱년기남성,#혈액순환,#장수비결,#건강정보",3,65,0,2026-04-07 10:02:01,https://www.youtube.com/watch?v=veL5ACsJGS8,다이소 5천원 영양제  죽어가던 남성의 그것 벌떡 일으킨 기적의 득템세트 60대70대 필수 시청 발기  본 영상은 중장년 남성의 건강 증진을 위한 순수 교육 목적의 의학 정보 콘텐츠입니다 성적인 의도나 부적절한 내용을 포함하지 않으며 건강한 노후 생활과 부부 관계의 질 향상을 위한 정보를 제공합니다 단돈 3만 원으로 60대 남성의 활력이 완전히 되살아났습니다 병원도 아니고 비싼 약도 아닙니다 바로 동네 다이소에서 구할 수 있는 8가지 아이템이 그 기적을 만들었습니다 혹시 지금 이런 경험을 하고 계십니까 아침에 눈을 떠도 몸에 활력이 없고 아내 앞에서 자꾸 자신감을 잃어가고 계십니까 나이 들어서 어쩔 수 없지라고 스스로를 달래고 계십니까 그 생각 오늘 이 영상 하나로 완전히 바뀌실 겁니다 40년 경력의 비뇨의학과 전문의 Dr Mily가 말합니다 활력 저하는 나이의 문제가 아닙니다 호르몬 혈류 근육  이 세 가지가 동시에 무너지는 것이 진짜 원인입니다 그리고 이 세 가지는 올바른 방법만 알면 누구든 되살릴 수 있습니다 Dr Mily는 지난 40년간 수만 명의 중장년 남성 환자를 진료하며 가장 단순하면서도 가장 효과적인 방법만을 추려왔습니다 복잡한 시술도 고가의 약도 필요 없습니다 오늘 공개하는 방법은 어르신 누구나 오늘 저녁부터 바로 실천하실 수 있는 것들입니다  오늘 영상에서 알게 될 핵심 내용   60대 남성의 활력이 떨어지는 진짜 원인 3가지  대부분의 분들이 모르고 계십니다  다이소에서 단돈 5000원에 살 수 있는 소팔메토가 남성 호르몬을 지키는 놀라운 원리  3000원짜리 지압볼로 막힌 혈류를 뚫는 3초 지압법  진료실에서만 알려주던 비법  블랙 마카가 사라진 성욕을 67 되살리는 과학적 근거 페루 대학 연구 결과 포함  비타민 D가 테스토테론 수치를 25 이상 높이는 이유 오스트리아 의대 연구  종아리를 제2의 심장으로 만드는 튜빙 밴드 사용법  하체 혈류를 완전히 바꿉니다  골반이 굳으면 절대 안 되는 이유  스트레칭 밴드로 5분 만에 푸는 방법  오메가3가 혈관을 청소하고 혈류 속도를 높이는 원리  힙업 밴드로 허벅지 근력을 키우면 호르몬 활용 능력이 올라가는 이유  이 모든 것을 하나로 합치는 저녁 12분 황제의 루틴  순서와 타이밍이 전부입니다  혼자 따로따로 쓰면 안 되는 이유  정확한 순서로 써야 시너지가 폭발합니다  실제 환자 9명의 생생한 변화  2주 만에 아내의 반응이 달라졌습니다  지금 당장 하지 말아야 할 실수 3가지  잘못 쓰면 효과가 절반도 안 납니다  이런 분께 오늘 영상을 강력히 추천드립니다  아침에 몸의 활력이 예전 같지 않은 60대 70대 남성분  밤에 화장실을 자주 가서 숙면을 못 이루시는 분  아내 앞에서 자신감을 잃어가고 있는 분  비싼 영양제를 드셔도 효과를 못 보신 분  몸은 멀쩡한데 성욕 자체가 사라진 것 같은 분  골반과 허리가 뻣뻣하고 하체에 힘이 없는 분  복잡하지 않고 집에서 간단히 실천할 수 있는 방법을 찾으시는 분  영상을 보신 후 꼭 댓글로 알려주세요 저도 오늘부터 황제의 루틴 시작합니다 라고 한 줄만 남겨 주세요 댓글 하나가 지금 이 순간에도 혼자서 끙끙 앓고 있는 수많은 어르신들께 가장 큰 용기가 됩니다 여러분의 경험담이 누군가의 인생을 바꾸는 한 줄이 될 수 있습니다 2주 뒤 변화를 경험하신 분들 꼭 댓글로 돌아와 주십시오 Dr Mily가 직접 읽고 답변 드립니다  영상이 도움이 되셨다면  좋아요 한 번이 이 정보를 더 많은 분들께 전달해 드립니다  구독 버튼을 눌러 주시면 매주 어르신 건강에 꼭 필요한 정보를 가장 먼저 받아보실 수 있습니다  알림  버튼까지 눌러 두시면 중요한 영상을 절대 놓치지 않으실 수 있습니다 혼자 알고 계시기 아까운 내용이라면 주변의 소중한 분들께 공유해 주십시오 남편 형제 친구분께 이 영상 하나가 큰 선물이 될 수 있습니다  함께 보시면 더욱 좋은 영상  전립선 건강을 지키는 5가지 생활 습관  60대 남성 호르몬을 자연스럽게 높이는 음식 TOP 7  하루 10분 골반 운동으로 허리 통증 완전히 없애는 방법  수면의 질을 높이는 저녁 루틴  숙면이 남성 활력의 기초입니다  의학적 고지사항 본 영상에서 제공되는 모든 정보는 일반적인 건강 교육 목적으로 제작되었으며 개인의 의학적 진단 치료 처방을 대체하지 않습니다 건강 상태나 증상에 따라 개인차가 있을 수 있으므로 구체적인 증상이 있으시거나 현재 약물을 복용 중이신 경우 반드시 담당 의사 또는 전문의와 상담하신 후 실천하시기 바랍니다 영양제 및 운동 방법의 효과는 개인의 건강 상태에 따라 다를 수 있습니다 #노후건강#남성건강#60대건강#70대건강#중년남성건강#테스토테론#전립선건강#소팔메토#남성활력#부부건강#다이소영양제#갱년기남성#혈액순환#장수비결#건강정보,"['다이소', '영양제', '남성', '그것', '일으키', '기적', '득템', '세트', '필수', '시청', '발기', '영상', '중장년', '남성', '건강', '증진', '위하', '순수', '교육', '목적', '의학', '정보', '콘텐츠', '의도', '내용', '포함', '건강', '노후', '생활', '부부', '관계', '향상', '위하', '정보', '제공', '단돈', '남성', '활력', '되살아나', '병원', '아니', '비싸', '아니', '동네', '다이소', '구하', '가지', '아이템', '기적', '만들', '경험', '계시', '아침', '활력', '아내', '자신감', '계시', '나이', '어쩌', '스스로', '달래', '계시', '생각', '영상', '하나', '바뀌', '경력', '비뇨', '의학과', '전문의', '활력', '저하', '나이', '문제', '아니', '호르몬', '혈류', '근육', '가지', '동시', '무너지', '진짜', '원인', '가지', '올바르', '방법', '누구', '되살리', '지나', '수만', '중장년', '남성', '환자', '진료', '단순', '효과', '방법', '추리', '시술', '고가', '필요', '공개', '방법', '어르신', '누구', '오늘', '저녁', '실천', '영상', '핵심', '내용', '남성', '활력', '떨어지', '진짜', '원인', '가지', '대부분', '모르', '계시', '다이소', '단돈', '소팔메토', '남성', '호르몬', '지키', '놀랍', '원리', '지압', '막히', '혈류', '지압', '진료실', '알리', '비법', '블랙', '사라지', '성욕', '되살리', '과학', '근거', '페루', '대학', '연구', '결과', '포함', '비타민', '테스토테', '수치', '이상', '높이', '이유', '오스트리아', '의대', '연구', '종아리', '심장', '만들', '튜빙', '밴드', '사용법', '하체', '혈류', '바꾸', '골반', '이유', '스트레칭', '밴드', '방법', '오메가', '혈관', '청소', '혈류', '속도', '높이', '원리', '밴드', '허벅지', '근력', '키우', '호르몬', '활용', '능력', '올라가', '이유', '하나', '합치', '저녁', '황제', '루틴', '순서', '타이밍', '전부', '이유', '정확', '순서', '시너지', '폭발', '환자', '변화', '아내', '반응', '달라지', '당장', '실수', '가지', '효과', '절반', '영상', '추천', '드리', '아침', '활력', '예전', '남성', '화장실', '숙면', '이루', '아내', '자신감', '비싸', '영양제', '드시', '효과', '성욕', '자체', '사라지', '골반', '허리', '하체', '실천', '방법', '영상', '댓글', '알리', '오늘', '황제', '루틴', '시작', '남기', '댓글', '하나', '순간', '혼자', '수많', '어르신', '용기', '여러분', '경험담', '누구', '인생', '바꾸', '변화', '경험', '댓글', '돌아오', '답변', '드리', '영상', '도움', '정보', '전달', '드리', '구독', '버튼', '누르', '어르신', '건강', '필요', '정보', '알리', '버튼', '누르', '중요', '영상', '놓치', '계시', '아깝', '내용', '주변', '소중하', '공유', '남편', '형제', '친구', '영상', '하나', '선물', '영상', '전립선', '건강', '지키', '가지', '생활', '습관', '남성', '호르몬', '자연', '높이', '음식', '하루', '골반', '운동', '허리', '통증', '없애', '방법', '수면', '높이', '저녁', '루틴', '숙면', '남성', '활력', '기초', '의학', '고지', '사항', '영상', '제공', '정보', '일반', '건강', '교육', '목적', '제작', '개인', '의학', '진단', '치료', '처방', '대체', '건강', '상태', '증상', '따르', '개인차', '구체', '증상', '약물', '복용', '경우', '담당', '의사', '전문의', '상담', '실천', '바라', '영양제', '운동', '방법', '효과', '개인', '건강', '상태', '따르', '다르']"
2,2,"다이소 5천원 영양제 ! 죽어가던 남성의 그것 벌떡 일으킨 기적의 득템세트 ㅣ60대,70대 필수 시청 ㅣ꽈추언니","비뇨기과 의사 경고 잠들기 전 이 습관, 밤새 화장실 깨며 심장·뇌까지 위험합니다딱 '한 스푼'으로 야간뇨 줄이는 법 | 숙면 비법 비뇨기과 의사의 경고, 지금 반드시 확인하셔야 합니다 — 잠들기 전 무심코 반복하는 그 습관이 밤새 화장실을 들락날락하게 만들고, 심장과 뇌 건강까지 심각하게 위협하고 있다는 충격적인 사실이 임상을 통해 밝혀졌습니다. 야간뇨는 단순한 불편함이 아닙니다. 깊은 수면을 방해하고, 혈압을 불안정하게 만들며, 심혈관계와 뇌 기능에 누적 손상을 일으키는 심각한 건강 경보입니다. 오늘 영상에서는 비뇨기과 전문의가 직접 검증한 단 한 스푼의 자연 요법으로 야간뇨를 획기적으로 줄이고, 깊고 끊김 없는 숙면을 되찾는 구체적인 실천법을 처음으로 공개합니다. 밤마다 화장실 때문에 잠을 설치는 분, 아침마다 피로감이 사라지지 않는 분, 심장과 뇌 건강이 걱정되는 모든 분들께 이 영상이 바로 그 해답입니다. 영상 끝까지 꼭 시청하시고 오늘 밤부터 바로 실천해 보세요. 지금 소중한 가족과 함께 공유해 주세요.","#발기부전,#다이소,#소팔메토,#마카,#비타민D,#지압볼,#스트레칭밴드,#황제루틴,#꽈추언니,#발기부전#비뇨기과의사경고,#야간뇨완전해결,#잠들기전나쁜습관,#숙면비법공개,#야간뇨와심장건강,#한스푼수면비법,#수면장애해결법,#야간빈뇨원인치료,#뇌건강수면관리,#깊은잠자는비결",6,189,1,2026-03-10 10:58:32,https://www.youtube.com/watch?v=84zVrtQAyZc,다이소 5천원 영양제  죽어가던 남성의 그것 벌떡 일으킨 기적의 득템세트 60대70대 필수 시청 꽈추언니 비뇨기과 의사 경고 잠들기 전 이 습관 밤새 화장실 깨며 심장뇌까지 위험합니다딱 한 스푼으로 야간뇨 줄이는 법  숙면 비법 비뇨기과 의사의 경고 지금 반드시 확인하셔야 합니다  잠들기 전 무심코 반복하는 그 습관이 밤새 화장실을 들락날락하게 만들고 심장과 뇌 건강까지 심각하게 위협하고 있다는 충격적인 사실이 임상을 통해 밝혀졌습니다 야간뇨는 단순한 불편함이 아닙니다 깊은 수면을 방해하고 혈압을 불안정하게 만들며 심혈관계와 뇌 기능에 누적 손상을 일으키는 심각한 건강 경보입니다 오늘 영상에서는 비뇨기과 전문의가 직접 검증한 단 한 스푼의 자연 요법으로 야간뇨를 획기적으로 줄이고 깊고 끊김 없는 숙면을 되찾는 구체적인 실천법을 처음으로 공개합니다 밤마다 화장실 때문에 잠을 설치는 분 아침마다 피로감이 사라지지 않는 분 심장과 뇌 건강이 걱정되는 모든 분들께 이 영상이 바로 그 해답입니다 영상 끝까지 꼭 시청하시고 오늘 밤부터 바로 실천해 보세요 지금 소중한 가족과 함께 공유해 주세요 #발기부전#다이소#소팔메토#마카#비타민D#지압볼#스트레칭밴드#황제루틴#꽈추언니#발기부전#비뇨기과의사경고#야간뇨완전해결#잠들기전나쁜습관#숙면비법공개#야간뇨와심장건강#한스푼수면비법#수면장애해결법#야간빈뇨원인치료#뇌건강수면관리#깊은잠자는비결,"['다이소', '영양제', '남성', '그것', '일으키', '기적', '득템', '세트', '필수', '시청', '꽈추', '언니', '비뇨기과', '의사', '경고', '잠들', '습관', '밤새', '화장실', '심장', '위험', '스푼', '야간', '줄이', '숙면', '비법', '비뇨기과', '의사', '경고', '확인', '잠들', '반복', '습관', '밤새', '화장실', '만들', '심장', '건강', '심각하', '위협', '충격', '사실', '임상', '통하', '밝히', '야간뇨', '단순', '불편', '아니', '수면', '방해', '혈압', '안정', '만들', '심혈관', '기능', '누적', '손상', '일으키', '건강', '경보', '영상', '비뇨기과', '전문의', '검증', '스푼', '자연', '요법', '야간뇨', '획기적', '줄이', '끊기', '숙면', '되찾', '구체', '실천', '처음', '공개', '화장실', '때문', '설치', '아침', '피로감', '사라지', '심장', '건강', '걱정', '영상', '해답', '영상', '시청', '오늘', '실천', '소중하', '가족', '공유']"
2,2,"다이소 5천원 영양제 ! 죽어가던 남성의 그것 벌떡 일으킨 기적의 득템세트 ㅣ60대,70대 필수 시청 ㅣ꽈추언니ㅣ발기","📌 본 영상은 60대 이상 남성 어르신들의 건강한 노후 생활을 돕기 위한 순수 교육 목적의 건강 정보 콘텐츠입니다. 의학적 치료나 성적 목적과는 전혀 관계가 없으며, 비뇨의학과 전문가의 관점에서 건강 정보를 전달하는 내용임을 먼저 밝혀 드립니다. ─────────────────────────── 단돈 5천 원짜리 다이소 영양제 하나가 수년째 꺼져 있던 60대 남성의 활력을 단 2주 만에 되살렸습니다. 비싼 병원도, 복잡한 시술도 아닌, 바로 여러분 동네 다이소에 그 비밀이 숨어 있었습니다. ─────────────────────────── 어르신, 혹시 아침에 눈을 떴을 때 예전 같은 기운이 없어진 게 언제부터인지 기억하십니까? 밤에 화장실을 두세 번씩 가는 게 이제 당연한 일이 되어버리셨나요? 아내 앞에서 자신 없어진 지 너무 오래되셨나요? 흑마늘, 오메가3, 비싼 수입 영양제까지 다 드셔봤는데도 변화가 없으셨나요? 대부분의 어르신들이 이걸 그냥 나이 탓이라고 체념하십니다. 하지만 그것이 바로 함정입니다. 28년 경력의 비뇨의학과 전문의 Dr. Mily가 밝히는 진짜 원인과 단돈 3만 원으로 완성하는 해결책, 오늘 이 영상에 전부 담았습니다. ─────────────────────────── ✨ 오늘 영상에서 반드시 알게 될 핵심 내용 ✨ ✅ 60대 남성 활력 저하의 진짜 원인은 나이가 아니라 이 세 가지였습니다 ✅ 다이소에서 살 수 있는 5천 원짜리 영양제가 테스토테론 회복에 효과적인 놀라운 이유 ✅ 회음부 단 3분 자극만으로 혈류가 달라지는 의학적으로 검증된 방법 ✅ 소팔매토·블랙마카·비타민D를 따로 먹으면 안 되는 결정적인 이유 ✅ 매일 저녁 12분 황제의 루틴 — 순서 하나 틀리면 효과가 절반으로 줄어듭니다 ✅ 다이소 득템 세트 8가지 완전 공개 + 각각 어떻게 써야 하는지 정확한 방법 ✅ 절대 같이 먹으면 안 되는 조합과 복용 시 주의사항 ─────────────────────────── 28년간 수천 명의 남성 어르신들을 직접 진료해 온 비뇨의학과 전문의 Dr. Mily가 오늘 처음으로 진료실 밖에서 공개하는 내용입니다. 비싼 약도, 복잡한 치료도 아닙니다. 우리 몸이 진짜 필요로 하는 것은 언제나 놀랍도록 단순했습니다. 이 영상 하나로 지난 수년간 포기하셨던 것들을 다시 시작할 수 있습니다. 끝까지 꼭 시청해 주십시오. 영상 맨 마지막에 공개되는 황제의 루틴이 오늘 이 영상의 핵심입니다. ─────────────────────────── 💬 영상을 보신 후 댓글에 꼭 한 줄 남겨 주십시오. 👉 ""오늘부터 황제의 루틴 시작합니다"" 👉 ""다이소 당장 다녀오겠습니다"" 👉 ""2주 후에 결과 보고하겠습니다"" 어르신의 댓글 한 줄이 지금 이 순간 혼자 힘들어하고 있을 수많은 다른 어르신들께 가장 큰 용기와 희망이 됩니다. 우리 함께 서로를 응원합시다. ─────────────────────────── 🔔 이 채널은 60대·70대·80대 어르신들의 건강하고 활기찬 노후를 위한 실질적인 건강 정보를 매주 제공합니다. ▶ 구독 버튼을 눌러 주시면 매주 새로운 건강 비법을 가장 먼저 받아보실 수 있습니다. ▶ 좋아요 한 번이 이 정보를 더 많은 어르신들께 전달하는 가장 강력한 힘이 됩니다. ▶ 옆에 계신 소중한 분께 지금 바로 공유해 주십시오. 그 한 번의 공유가 그 분의 남은 인생을 바꿔드릴 수 있습니다. ─────────────────────────── ⚕️ 의학적 고지 사항 본 영상의 모든 내용은 일반적인 건강 정보 제공을 목적으로 하며, 개인의 의학적 진단이나 치료를 대체하지 않습니다. 개인의 건강 상태에 따라 효과가 다를 수 있으며, 지병이 있으시거나 현재 약을 복용 중이신 분은 반드시 담당 의사 또는 전문 의료진과 상담하신 후 실천하시기 바랍니다. 영상 속 사례는 개인의 경험을 바탕으로 한 것으로 동일한 결과를 보장하지 않습니다. ───────────────────────────","#노후건강,#남성건강,#60대건강,#70대건강,#발기부전,#남성갱년기,#테스토테론,#다이소영양제,#소팔매토,#블랙마카,#비타민D,#전립선건강,#혈액순환,#장수비결,#건강정보",2,48,0,2026-04-03 09:42:01,https://www.youtube.com/watch?v=lBHJX2kmiN4,다이소 5천원 영양제  죽어가던 남성의 그것 벌떡 일으킨 기적의 득템세트 60대70대 필수 시청 꽈추언니발기  본 영상은 60대 이상 남성 어르신들의 건강한 노후 생활을 돕기 위한 순수 교육 목적의 건강 정보 콘텐츠입니다 의학적 치료나 성적 목적과는 전혀 관계가 없으며 비뇨의학과 전문가의 관점에서 건강 정보를 전달하는 내용임을 먼저 밝혀 드립니다  단돈 5천 원짜리 다이소 영양제 하나가 수년째 꺼져 있던 60대 남성의 활력을 단 2주 만에 되살렸습니다 비싼 병원도 복잡한 시술도 아닌 바로 여러분 동네 다이소에 그 비밀이 숨어 있었습니다  어르신 혹시 아침에 눈을 떴을 때 예전 같은 기운이 없어진 게 언제부터인지 기억하십니까 밤에 화장실을 두세 번씩 가는 게 이제 당연한 일이 되어버리셨나요 아내 앞에서 자신 없어진 지 너무 오래되셨나요 흑마늘 오메가3 비싼 수입 영양제까지 다 드셔봤는데도 변화가 없으셨나요 대부분의 어르신들이 이걸 그냥 나이 탓이라고 체념하십니다 하지만 그것이 바로 함정입니다 28년 경력의 비뇨의학과 전문의 Dr Mily가 밝히는 진짜 원인과 단돈 3만 원으로 완성하는 해결책 오늘 이 영상에 전부 담았습니다   오늘 영상에서 반드시 알게 될 핵심 내용   60대 남성 활력 저하의 진짜 원인은 나이가 아니라 이 세 가지였습니다  다이소에서 살 수 있는 5천 원짜리 영양제가 테스토테론 회복에 효과적인 놀라운 이유  회음부 단 3분 자극만으로 혈류가 달라지는 의학적으로 검증된 방법  소팔매토블랙마카비타민D를 따로 먹으면 안 되는 결정적인 이유  매일 저녁 12분 황제의 루틴  순서 하나 틀리면 효과가 절반으로 줄어듭니다  다이소 득템 세트 8가지 완전 공개  각각 어떻게 써야 하는지 정확한 방법  절대 같이 먹으면 안 되는 조합과 복용 시 주의사항  28년간 수천 명의 남성 어르신들을 직접 진료해 온 비뇨의학과 전문의 Dr Mily가 오늘 처음으로 진료실 밖에서 공개하는 내용입니다 비싼 약도 복잡한 치료도 아닙니다 우리 몸이 진짜 필요로 하는 것은 언제나 놀랍도록 단순했습니다 이 영상 하나로 지난 수년간 포기하셨던 것들을 다시 시작할 수 있습니다 끝까지 꼭 시청해 주십시오 영상 맨 마지막에 공개되는 황제의 루틴이 오늘 이 영상의 핵심입니다   영상을 보신 후 댓글에 꼭 한 줄 남겨 주십시오  오늘부터 황제의 루틴 시작합니다  다이소 당장 다녀오겠습니다  2주 후에 결과 보고하겠습니다 어르신의 댓글 한 줄이 지금 이 순간 혼자 힘들어하고 있을 수많은 다른 어르신들께 가장 큰 용기와 희망이 됩니다 우리 함께 서로를 응원합시다   이 채널은 60대70대80대 어르신들의 건강하고 활기찬 노후를 위한 실질적인 건강 정보를 매주 제공합니다  구독 버튼을 눌러 주시면 매주 새로운 건강 비법을 가장 먼저 받아보실 수 있습니다  좋아요 한 번이 이 정보를 더 많은 어르신들께 전달하는 가장 강력한 힘이 됩니다  옆에 계신 소중한 분께 지금 바로 공유해 주십시오 그 한 번의 공유가 그 분의 남은 인생을 바꿔드릴 수 있습니다   의학적 고지 사항 본 영상의 모든 내용은 일반적인 건강 정보 제공을 목적으로 하며 개인의 의학적 진단이나 치료를 대체하지 않습니다 개인의 건강 상태에 따라 효과가 다를 수 있으며 지병이 있으시거나 현재 약을 복용 중이신 분은 반드시 담당 의사 또는 전문 의료진과 상담하신 후 실천하시기 바랍니다 영상 속 사례는 개인의 경험을 바탕으로 한 것으로 동일한 결과를 보장하지 않습니다  #노후건강#남성건강#60대건강#70대건강#발기부전#남성갱년기#테스토테론#다이소영양제#소팔매토#블랙마카#비타민D#전립선건강#혈액순환#장수비결#건강정보,"['다이소', '영양제', '남성', '그것', '일으키', '기적', '득템', '세트', '필수', '시청', '꽈추', '언니', '발기', '영상', '이상', '남성', '어르신', '건강', '노후', '생활', '위하', '순수', '교육', '목적', '건강', '정보', '콘텐츠', '의학', '치료', '목적', '관계', '비뇨', '의학과', '전문가', '관점', '건강', '정보', '전달', '내용', '밝히', '드리', '단돈', '다이소', '영양제', '하나', '수년', '꺼지', '남성', '활력', '되살리', '비싸', '병원', '시술', '아니', '여러분', '동네', '다이소', '비밀', '어르신', '아침', '예전', '기운', '언제', '기억', '화장실', '버리', '자신', '마늘', '오메가', '비싸', '수입', '영양제', '드시', '변화', '대부분', '어르신', '이거', '나이', '체념', '그것', '함정', '경력', '비뇨', '의학과', '전문의', '밝히', '진짜', '원인', '단돈', '완성', '해결책', '영상', '영상', '핵심', '내용', '남성', '활력', '저하', '진짜', '원인', '나이', '아니', '가지', '다이소', '영양제', '테스토테', '회복', '효과', '놀랍', '이유', '회음부', '자극', '혈류', '달라지', '의학', '검증', '방법', '소팔매토', '블랙', '비타민', '결정', '이유', '저녁', '황제', '루틴', '순서', '하나', '틀리', '효과', '절반', '다이소', '득템', '세트', '가지', '완전', '공개', '어떻', '정확', '방법', '조합', '복용', '주의', '사항', '수천', '남성', '어르신', '진료', '비뇨', '의학과', '전문의', '오늘', '처음', '진료실', '공개', '내용', '비싸', '치료', '아니', '우리', '필요', '놀랍', '단순', '영상', '하나', '지나', '수년', '포기', '시작', '시청', '영상', '마지막', '공개', '황제', '루틴', '오늘', '영상', '핵심', '영상', '댓글', '남기', '오늘', '황제', '루틴', '시작', '다이소', '당장', '다녀오', '결과', '보고', '어르신', '댓글', '순간', '혼자', '힘들', '수많', '어르신', '용기', '희망', '우리', '서로', '응원', '채널', '어르신', '건강', '활기차', '노후', '위하', '실질', '건강', '정보', '제공', '구독', '버튼', '누르', '새롭', '건강', '비법', '정보', '어르신', '전달', '계시', '공유', '공유', '인생', '바꾸', '드리', '의학', '고지', '사항', '영상', '내용', '일반', '건강', '정보', '제공', '목적', '개인', '의학', '진단', '치료', '대체', '개인', '건강', '상태', '따르', '효과', '다르', '지병', '복용', '담당', '의사', '전문', '의료진', '상담', '실천', '바라', '영상', '사례', '개인', '경험', '바탕', '동일', '결과', '보장']"
2,2,[다이소영양제] 운동전후 먹는 링티유산균?,,,1,536,0,2026-05-01 13:43:20,https://www.youtube.com/watch?v=RvMU8CkuiV0,다이소영양제 운동전후 먹는 링티유산균  ,"['다이소', '영양제', '운동', '전후', '유산균']"
2,2,사랑의 약봉투 만들기 💊 영양제 소분 약 정리 꿀팁,"약사처럼 영양제 소분을 할 수 있다구요? 매일 챙겨먹는 영양제 일일히 갯수 세고, 종류 맞춰먹기 너무 힘들고 귀찮잖아요😢 소분 통은 너무 크고 휴대하기도 어려워요 다이소에서 파는 실링리기는 너무 작아서 불편해요 저와 같은 사람들을 위한 똑똑한 소분 아이템! 실제 약국에서 사용하는 약봉투 재질에 귀여움 한 스푼 추가, 실링기는 약국에서 쓰는 큰 공업용 실링기를 자리차지하지 않게 무선으로 작고 예쁘게 만들어졌어요✨ 약주걱, 약봉투, 실링기 따로 알아보는 번거로움 없이 약봉투 만들기 세트로 한 번에 구성되어있어서 정말 편리해요☺️ 삶질향과 함께 건강챙기며 삶의 질 향상하세요!","#삶질향,#약국,#약봉투만들기,#사랑의,#약봉투,#영양제,#소분,#꿀팁,#다이소,#쿠팡템추천,#실링기,#약사추천,#세트,#휴대용,#살림꿀템",5,1821,0,2026-04-27 07:37:33,https://www.youtube.com/watch?v=uzZc7R8ePyM,사랑의 약봉투 만들기  영양제 소분 약 정리 꿀팁 약사처럼 영양제 소분을 할 수 있다구요 매일 챙겨먹는 영양제 일일히 갯수 세고 종류 맞춰먹기 너무 힘들고 귀찮잖아요 소분 통은 너무 크고 휴대하기도 어려워요 다이소에서 파는 실링리기는 너무 작아서 불편해요 저와 같은 사람들을 위한 똑똑한 소분 아이템 실제 약국에서 사용하는 약봉투 재질에 귀여움 한 스푼 추가 실링기는 약국에서 쓰는 큰 공업용 실링기를 자리차지하지 않게 무선으로 작고 예쁘게 만들어졌어요 약주걱 약봉투 실링기 따로 알아보는 번거로움 없이 약봉투 만들기 세트로 한 번에 구성되어있어서 정말 편리해요 삶질향과 함께 건강챙기며 삶의 질 향상하세요 #삶질향#약국#약봉투만들기#사랑의#약봉투#영양제#소분#꿀팁#다이소#쿠팡템추천#실링기#약사추천#세트#휴대용#살림꿀템,"['사랑', '봉투', '만들', '영양제', '정리', '약사', '영양제', '챙기', '영양제', '갯수', '종류', '맞추', '힘들', '귀찮', '휴대', '어렵', '다이소', '실링', '불편', '사람', '위하', '아이템', '실제', '약국', '사용', '봉투', '재질', '귀여움', '스푼', '추가', '실링', '약국', '공업', '실링', '자리', '차지', '무선', '예쁘', '만들', '주걱', '봉투', '실링', '알아보', '번거롭', '봉투', '만들', '세트', '구성', '편리', '건강', '챙기', '향상']"
2,2,눈 피로 쌓였다면? 하루 한 포 루틴으로 리셋하세요👀 #다이소살림템 소#다이소영양제 제 #다이소건강기능식품,하루종일 스마트폰+컴퓨터… 눈 피로 쌓였다면? ✔ 루테인 20mg (마리골드꽃추출물) ✔ 비타민A로 눈 건조·피로까지 관리 ✔ 입에서 팝! 터지는 베리맛 간식 타입 하루 1포면 OK! 5천원으로 다이소에서 바로 눈 건강 루틴 시작하세요👁️,,1,2271,0,2025-06-12 09:23:45,https://www.youtube.com/watch?v=g66O4me8XkM,눈 피로 쌓였다면 하루 한 포 루틴으로 리셋하세요 #다이소살림템 소#다이소영양제 제 #다이소건강기능식품 하루종일 스마트폰컴퓨터 눈 피로 쌓였다면  루테인 20mg 마리골드꽃추출물  비타민A로 눈 건조피로까지 관리  입에서 팝 터지는 베리맛 간식 타입 하루 1포면 OK 5천원으로 다이소에서 바로 눈 건강 루틴 시작하세요 ,"['피로', '쌓이', '하루', '루틴', '리셋', '하루', '종일', '스마트폰', '컴퓨터', '피로', '쌓이', '루테', '마리', '골드', '추출물', '비타민', '건조', '피로', '관리', '터지', '베리', '간식', '타입', '하루', '다이소', '건강', '루틴', '시작']"
2,2,"[5,000원의 기적] 다이소 영양제가 '남성 파워'를 즉시 되살리는 비밀! (가성비 최강 노후 활력템)","Welcome to your dedicated resource for men's health, focusing on prostate health and vibrant aging. Our mission is to equip you with reliable, actionable medical knowledge to help you stay healthy, confident, and vibrant well into your later years. ⭐ What You'll Discover: Prostate Care & BPH: Latest strategies for managing and treating Benign Prostatic Hyperplasia (BPH). Prostate Cancer: Crucial information on prevention and early detection techniques. Optimal Aging: Practical tips and secrets to longevity and overall aging management. Natural Vitality: Methods for natural testosterone maintenance and improving urinary function. Sexual & Nutritional Health: Solutions for sexual health in men over 50 and customized male nutrition. Health Checkups: Emphasizing the importance of regular health screenings. 🔔 Stay Informed! New videos are uploaded daily. Subscribe and turn on notifications so you never miss essential health information and practical tips!","#MensHealth,#ProstateHealth,#AgingWell,#TestosteroneBoost,#BPH,#ProstateCancerPrevention,#SexualHealth,#LongevitySecrets,#HealthTips",0,8,0,2025-11-24 10:00:16,https://www.youtube.com/watch?v=BeErJxvsoWY,5000원의 기적 다이소 영양제가 남성 파워를 즉시 되살리는 비밀 가성비 최강 노후 활력템 Welcome to your dedicated resource for mens health focusing on prostate health and vibrant aging Our mission is to equip you with reliable actionable medical knowledge to help you stay healthy confident and vibrant well into your later years  What Youll Discover Prostate Care  BPH Latest strategies for managing and treating Benign Prostatic Hyperplasia BPH Prostate Cancer Crucial information on prevention and early detection techniques Optimal Aging Practical tips and secrets to longevity and overall aging management Natural Vitality Methods for natural testosterone maintenance and improving urinary function Sexual  Nutritional Health Solutions for sexual health in men over 50 and customized male nutrition Health Checkups Emphasizing the importance of regular health screenings  Stay Informed New videos are uploaded daily Subscribe and turn on notifications so you never miss essential health information and practical tips #MensHealth#ProstateHealth#AgingWell#TestosteroneBoost#BPH#ProstateCancerPrevention#SexualHealth#LongevitySecrets#HealthTips,"['기적', '다이소', '영양제', '남성', '파워', '되살리', '비밀', '가성비', '최강', '노후', '활력']"
2,2,다이소 5천원 영양제 – 남성의 힘을 즉시 되살리는 비결!   노후건강   노후지혜   남성건강   오디오북,"🌸 오늘은 마음이 잔잔해지는 이야기를 준비했어요. 조급하지 않게, 천천히 이야기에 귀를 기울이며 휴식의 시간을 가져보세요. 💭 짧은 위로가 필요할 때 잠시 멈추고 듣기 좋은 감성 이야기입니다",,0,11,0,2026-02-13 02:00:22,https://www.youtube.com/watch?v=U7zBOYSdOo0,다이소 5천원 영양제  남성의 힘을 즉시 되살리는 비결   노후건강   노후지혜   남성건강   오디오북  오늘은 마음이 잔잔해지는 이야기를 준비했어요 조급하지 않게 천천히 이야기에 귀를 기울이며 휴식의 시간을 가져보세요  짧은 위로가 필요할 때 잠시 멈추고 듣기 좋은 감성 이야기입니다 ,"['다이소', '영양제', '남성', '되살리', '비결', '노후', '건강', '노후', '지혜', '남성', '건강', '오디오', '오늘', '마음', '이야기', '준비', '이야기', '기울이', '휴식', '시간', '가지', '위로', '필요', '멈추', '감성', '이야기']"
2,2,"다이소 5천원 영양제 ! 죽어가던 남성의 그것 벌떡 일으킨 기적의 득템세트 ㅣ60대,70대 필수 시청 ㅣ꽈추언니","비뇨기과 의사들이 돈벌이가 막힐까 봐 쉬쉬하는 바로 그 방법! 집에서 아내에게 사랑받으세요. 발기부전 치료에 수백만 원을 쓰기 전에, 단 8천 원으로 아내가 먼저 놀라는 기적을 경험해보세요. 병원에 가기 전에 집에서 할 수 있는 가장 현실적이고 강력한 **‘남성 활력 3종 세트’**의 모든 것을 공개합니다. 포기했던 남자의 자신감, 오늘 밤 되찾으실 수 있습니다! 오늘 영상이 도움이 되셨다면 **‘구독’**과 **‘좋아요’**는 **서윤(Seo-yun)**에게 큰 힘이 됩니다! 구독하기 ▶ (채널 구독 링크를 여기에 넣어주세요) 💪 ‘저녁 12분, 황제의 루틴’ 요약 효과를 극대화하려면 이 순서대로 따라 하세요! (샤워 직전에 하시는 것을 추천합니다.) 1단계 (5분) 폼롤러를 사용해 엉덩이와 허벅지의 긴장을 풀어 혈액 순환의 길을 열어줍니다. 2단계 (2분) 미니 마사지볼을 사용해 회음부 주변의 핵심 부위를 정밀하게 자극하여 신경을 깨웁니다. 3단계 (5분) 지압 슬리퍼를 신고 집안을 걸으며 온몸의 혈액 순환을 활발하게 만듭니다. 🙋‍♂️ 서윤(Seo-yun)과 소통하기 오늘 영상의 핵심입니다! 구독자님들과의 약속입니다. 댓글로 여러분의 동네를 남겨주세요. 그러면 **서윤(Seo-yun)**이 직접 확인하고 다이소 꿀팁이나 근처에서 구할 수 있는 유용한 제품들을 알려드리겠습니다. 여러분의 성공 후기와 경험도 자유롭게 공유해주세요. 여러분의 용기 있는 댓글 하나가 다른 분들에게 큰 희망이 될 수 있습니다. ⚠️ 중요 안내 (부인 성명) 본 영상에서 제공하는 정보는 건강 증진을 위한 교육 및 참고 자료이며, 전문적인 의학적 진단이나 치료를 대체할 수 없습니다. 개인의 건강 상태는 모두 다르므로, 심각한 질환이 있거나 통증 또는 부작용이 발생하는 경우 즉시 사용을 중단하고 반드시 의료 전문가와 상담하시기 바랍니다.","#발기부전,#남성활력,#다이소꿀템,#남성건강,#혈액순환,#50대남성,#60대남성,#서윤,#폼롤러,#지압슬리퍼",2,38,0,2026-03-18 11:49:34,https://www.youtube.com/watch?v=kSBJScR7uuQ,다이소 5천원 영양제  죽어가던 남성의 그것 벌떡 일으킨 기적의 득템세트 60대70대 필수 시청 꽈추언니 비뇨기과 의사들이 돈벌이가 막힐까 봐 쉬쉬하는 바로 그 방법 집에서 아내에게 사랑받으세요 발기부전 치료에 수백만 원을 쓰기 전에 단 8천 원으로 아내가 먼저 놀라는 기적을 경험해보세요 병원에 가기 전에 집에서 할 수 있는 가장 현실적이고 강력한 남성 활력 3종 세트의 모든 것을 공개합니다 포기했던 남자의 자신감 오늘 밤 되찾으실 수 있습니다 오늘 영상이 도움이 되셨다면 구독과 좋아요는 서윤Seoyun에게 큰 힘이 됩니다 구독하기  채널 구독 링크를 여기에 넣어주세요  저녁 12분 황제의 루틴 요약 효과를 극대화하려면 이 순서대로 따라 하세요 샤워 직전에 하시는 것을 추천합니다 1단계 5분 폼롤러를 사용해 엉덩이와 허벅지의 긴장을 풀어 혈액 순환의 길을 열어줍니다 2단계 2분 미니 마사지볼을 사용해 회음부 주변의 핵심 부위를 정밀하게 자극하여 신경을 깨웁니다 3단계 5분 지압 슬리퍼를 신고 집안을 걸으며 온몸의 혈액 순환을 활발하게 만듭니다  서윤Seoyun과 소통하기 오늘 영상의 핵심입니다 구독자님들과의 약속입니다 댓글로 여러분의 동네를 남겨주세요 그러면 서윤Seoyun이 직접 확인하고 다이소 꿀팁이나 근처에서 구할 수 있는 유용한 제품들을 알려드리겠습니다 여러분의 성공 후기와 경험도 자유롭게 공유해주세요 여러분의 용기 있는 댓글 하나가 다른 분들에게 큰 희망이 될 수 있습니다  중요 안내 부인 성명 본 영상에서 제공하는 정보는 건강 증진을 위한 교육 및 참고 자료이며 전문적인 의학적 진단이나 치료를 대체할 수 없습니다 개인의 건강 상태는 모두 다르므로 심각한 질환이 있거나 통증 또는 부작용이 발생하는 경우 즉시 사용을 중단하고 반드시 의료 전문가와 상담하시기 바랍니다 #발기부전#남성활력#다이소꿀템#남성건강#혈액순환#50대남성#60대남성#서윤#폼롤러#지압슬리퍼,"['다이소', '영양제', '남성', '그것', '일으키', '기적', '득템', '세트', '필수', '시청', '꽈추', '언니', '비뇨기과', '의사', '돈벌이', '막히', '방법', '아내', '사랑', '발기', '부전', '치료', '수백만', '아내', '놀라', '기적', '경험', '병원', '현실', '남성', '활력', '세트', '공개', '포기', '남자', '자신감', '오늘', '되찾', '영상', '도움', '구독', '구독', '채널', '구독', '링크', '여기', '저녁', '황제', '루틴', '요약', '효과', '극대', '순서', '따르', '샤워', '직전', '추천', '단계', '롤러', '사용', '엉덩이', '허벅지', '긴장', '혈액', '순환', '단계', '미니', '마사지', '사용', '회음부', '주변', '핵심', '부위', '정밀', '자극', '신경', '깨우', '단계', '지압', '슬리퍼', '온몸', '혈액', '순환', '만들', '소통', '영상', '핵심', '구독자', '약속', '댓글', '여러분', '동네', '남기', '확인', '다이소', '근처', '구하', '유용', '제품', '알리', '드리', '여러분', '성공', '후기', '경험', '자유', '공유', '여러분', '용기', '댓글', '하나', '희망', '중요', '안내', '부인', '성명', '영상', '제공', '정보', '건강', '증진', '위하', '교육', '참고', '자료', '전문', '의학', '진단', '치료', '대체', '개인', '건강', '상태', '다르', '질환', '통증', '부작용', '발생', '경우', '즉시', '사용', '중단', '의료', '전문가', '상담', '바라']"
3,2,약사가 직접 보고 분석한 가성비 5900원 영양제 무조건 사야 할 추천템 3 & 아쉬운템 3 | 올리브영의 새로운 브랜드 올리브베러 방문 후기까지?!,"[목차] 00:00 가성비 5900원 영양제 10종 싹 다 구매 00:58 올리브베러 광화문 1호점 방문 후기 01:49 5900원 영양제 비추천 3가지 03:17 5900원 영양제 추천 3가지 04:36 최종 총평 & 영양제 고르는 법 💙소통채널: 인스타그램: https://www.instagram.com/bada_yaksa TikTok: http://www.tiktok.com/@bada.yaksa 🔔 이벤트공지, 제품추천은 아래로 https://bit.ly/4bm0H20 🛒바다약사 스토어 https://smartstore.naver.com/pharmbucks 📄참고문헌: ⚠️ 안내 말씀 ✅ 이 영상은 건강 정보 공유를 목적으로 제작되었으며, 의학적 진단이나 치료를 대신하지 않습니다. 영상에서 다루는 내용은 일반적인 건강 정보이며, 개인의 건강 상태에 따라 다르게 적용될 수 있습니다. ✅ 현재 질환이 있거나 약을 복용 중이신 분은 반드시 담당 의사 또는 약사와 상담 후 적용해 주세요. 영상 속 정보 활용에 따른 결과는 본인의 책임이며, 채널 운영자는 이에 대한 법적 책임을 지지 않습니다.","#영양제,#영양제추천,#비타민d,#오메가3",21,916,7,2026-02-23 04:45:50,https://www.youtube.com/watch?v=Nv1aihkNLhw,약사가 직접 보고 분석한 가성비 5900원 영양제 무조건 사야 할 추천템 3  아쉬운템 3  올리브영의 새로운 브랜드 올리브베러 방문 후기까지 목차 0000 가성비 5900원 영양제 10종 싹 다 구매 0058 올리브베러 광화문 1호점 방문 후기 0149 5900원 영양제 비추천 3가지 0317 5900원 영양제 추천 3가지 0436 최종 총평  영양제 고르는 법 소통채널 인스타그램 httpswwwinstagramcombadayaksa TikTok httpwwwtiktokcombadayaksa  이벤트공지 제품추천은 아래로 httpsbitly4bm0H20 바다약사 스토어 httpssmartstorenavercompharmbucks 참고문헌  안내 말씀  이 영상은 건강 정보 공유를 목적으로 제작되었으며 의학적 진단이나 치료를 대신하지 않습니다 영상에서 다루는 내용은 일반적인 건강 정보이며 개인의 건강 상태에 따라 다르게 적용될 수 있습니다  현재 질환이 있거나 약을 복용 중이신 분은 반드시 담당 의사 또는 약사와 상담 후 적용해 주세요 영상 속 정보 활용에 따른 결과는 본인의 책임이며 채널 운영자는 이에 대한 법적 책임을 지지 않습니다 #영양제#영양제추천#비타민d#오메가3,"['약사', '분석', '가성비', '영양제', '추천', '아쉽', '올리브', '새롭', '브랜드', '올리브', '방문', '후기', '목차', '가성비', '영양제', '구매', '올리브', '광화문', '호점', '방문', '후기', '영양제', '추천', '가지', '영양제', '추천', '가지', '최종', '총평', '영양제', '고르', '소통', '채널', '인스타그램', '이벤트', '공지', '제품', '추천', '아래', '바다', '스토어', '참고', '문헌', '안내', '말씀', '영상', '건강', '정보', '공유', '목적', '제작', '의학', '진단', '치료', '대신', '영상', '다루', '내용', '일반', '건강', '정보', '개인', '건강', '상태', '따르', '다르', '적용', '질환', '복용', '담당', '의사', '약사', '상담', '적용', '영상', '정보', '활용', '따르', '결과', '본인', '책임', '채널', '운영자', '대하', '책임']"
3,2,올리브영 영양제 괜찮을까? 리틀약사,,"#건강,#건강정보,#영양제,#올리브영,#올리브영영양제",14864,1538035,87,2026-04-28 12:00:00,https://www.youtube.com/watch?v=hx6kfUiOn1Y,올리브영 영양제 괜찮을까 리틀약사  #건강#건강정보#영양제#올리브영#올리브영영양제,"['올리브', '영양제', '괜찮', '리틀', '약사']"
3,2,운동없이 -3kg 비법🏋🏻‍♀️ 영양제에 미친자의 꿀팁까지 탈탈 털어온 vlog🍯 안광 찾는법 | PMS 종결템 | 물 이렇게 마시면 잘못 마시고 있는것!!💧,"*함께 촬영된 콜레올로지 컷 pro 60정은 브랜드에 제공 받은 제품으로 동일한 다이어트 보조제 제품군이지만 올리브영 미판매 제품입니다. 3년 연속 1위! 콜레올로지 PRO 30정을 이번 9월 올영세일 기간 동안 좋은 가격에 만나보세요! ❤️콜레올로지 PRO 30정 ▪️정상가 : 22,900원 ➡️ 올영세일가 : 16,570원 (28%) ▪️https://rebrand.ly/yt81w7j *이 영상은 푸드올로지의 유료광고를 포함하고 있습니다. 📍약국인지 집인지 헷갈리는 여성의 타임라인 정리 00:00 intro 00:31 start 01:09 아침 공복 영양제 - 질 유산균, 장 유산균, 글루타민 01:46 몸 차가운데 땀많은 사람을 위한 차 02:20 평소 아침 식사 03:06 ✔️다이어트 식단 추천 03:32 양념치킨,후라이드치킨 닭가슴살, 계란 05:17 삶을 필요 없는 0초 고구마 06:26 초코에몽맛 단백질 음료 06:50 수분섭취 끝장템💧 땀쟁이 필수시청 09:17 식후 영양제 소개 09:57 안광 생기고 PMS 사라지는 오메가3 11:30 팬트리 최고공개 (ft. 약쟁이🏥) 12:05 기립성 저혈압 주목📢 맛있는 철분 등장 13:11 살찐 이유 (bgm. 김건모-핑계) 14:00 본론‼️ 다이어트 어케 했는데!!! 16:50 저녁 식사 18:25 저녁 식후 영양제💊 18:30 피지조절제 - 먹는 이유, 효과 18:55 칼륨 - 붓기 빼주는 메인 영양제 19:51 취침 전 영양제 루틴 20:02 1. 마그네슘 - 눈 경련/숙면 21:03 2. 콜라겐 - 피부 22:03 ⭐️ 알약 쉽게 먹는 꿀팁 ⭐️ 22:38 3. 테아닌 - 신경안정/숙면 23:55 세안 with ASMR🫧","#푸드올로지,#콜레올로지PRO,#올영추천템",963,62396,72,2025-08-29 10:23:45,https://www.youtube.com/watch?v=R_LFDDpQ1Y8,운동없이 3kg 비법 영양제에 미친자의 꿀팁까지 탈탈 털어온 vlog 안광 찾는법  PMS 종결템  물 이렇게 마시면 잘못 마시고 있는것 함께 촬영된 콜레올로지 컷 pro 60정은 브랜드에 제공 받은 제품으로 동일한 다이어트 보조제 제품군이지만 올리브영 미판매 제품입니다 3년 연속 1위 콜레올로지 PRO 30정을 이번 9월 올영세일 기간 동안 좋은 가격에 만나보세요 콜레올로지 PRO 30정 정상가  22900원  올영세일가  16570원 28 httpsrebrandlyyt81w7j 이 영상은 푸드올로지의 유료광고를 포함하고 있습니다 약국인지 집인지 헷갈리는 여성의 타임라인 정리 0000 intro 0031 start 0109 아침 공복 영양제  질 유산균 장 유산균 글루타민 0146 몸 차가운데 땀많은 사람을 위한 차 0220 평소 아침 식사 0306 다이어트 식단 추천 0332 양념치킨후라이드치킨 닭가슴살 계란 0517 삶을 필요 없는 0초 고구마 0626 초코에몽맛 단백질 음료 0650 수분섭취 끝장템 땀쟁이 필수시청 0917 식후 영양제 소개 0957 안광 생기고 PMS 사라지는 오메가3 1130 팬트리 최고공개 ft 약쟁이 1205 기립성 저혈압 주목 맛있는 철분 등장 1311 살찐 이유 bgm 김건모핑계 1400 본론 다이어트 어케 했는데 1650 저녁 식사 1825 저녁 식후 영양제 1830 피지조절제  먹는 이유 효과 1855 칼륨  붓기 빼주는 메인 영양제 1951 취침 전 영양제 루틴 2002 1 마그네슘  눈 경련숙면 2103 2 콜라겐  피부 2203  알약 쉽게 먹는 꿀팁  2238 3 테아닌  신경안정숙면 2355 세안 with ASMR #푸드올로지#콜레올로지PRO#올영추천템,"['운동', '비법', '영양제', '미치', '안광', '종결', '이렇', '마시', '마시', '촬영', '콜레올로지', '브랜드', '제공', '제품', '동일', '다이어트', '보조제', '제품군', '올리브', '판매', '제품', '연속', '콜레올로지', '이번', '세일', '기간', '동안', '가격', '만나', '콜레올로지', '정상', '세일', '영상', '푸드올로지', '유료', '광고', '포함', '약국', '헷갈리', '여성', '타임라인', '정리', '아침', '공복', '영양제', '유산균', '유산균', '글루타민', '차갑', '사람', '위하', '평소', '아침', '식사', '다이어트', '식단', '추천', '양념', '치킨', '후라이드', '치킨', '가슴살', '계란', '필요', '고구마', '초코에몽맛', '단백질', '음료', '수분', '섭취', '필수', '시청', '식후', '영양제', '소개', '안광', '생기', '사라지', '오메가', '트리', '최고', '공개', '기립', '혈압', '주목', '맛있', '철분', '살찌', '이유', '김건모', '핑계', '본론', '다이어트', '저녁', '식사', '저녁', '식후', '영양제', '피지', '조절', '이유', '효과', '칼륨', '메인', '영양제', '취침', '영양제', '루틴', '마그네슘', '경련', '숙면', '콜라겐', '피부', '알약', '아니', '신경', '안정', '숙면', '세안']"
3,2,"이 달의 잘산템 제출합니다🙌🏻 안경, 비타민, 덕질 등등",,"#올영추천템,#올영세일,#올리브영추천템",467,36364,9,2026-02-27 09:00:20,https://www.youtube.com/watch?v=DgmuxWScKUk,이 달의 잘산템 제출합니다 안경 비타민 덕질 등등  #올영추천템#올영세일#올리브영추천템,"['제출', '안경', '비타민', '덕질', '등등']"
3,2,요즘 피곤한 사람?🥱 올영세일에 이거 꼭사‼️,,"#올영세일,#올영추천,#올리브영세일,#비타민추천,#영양제추천,#올리브영,#kbeauty,#shorts",212,20454,14,2025-12-02 09:00:26,https://www.youtube.com/watch?v=JjBSBxbaqC8,요즘 피곤한 사람 올영세일에 이거 꼭사  #올영세일#올영추천#올리브영세일#비타민추천#영양제추천#올리브영#kbeauty#shorts,"['요즘', '피곤', '사람', '영세', '이거']"
3,2,그린몬스터 제품 맞히기 START 🚀,정답 맞히면 바로 GET! 전부 클리어 가능할까?👀,"#그린몬스터,#GREENMONSTER,#건강기능식품,#건기식,#혈당관리,#점심시간,#점메추,#올리브영,#올영추천템,#올리브영다이어트,#다이어트템,#다이어트,#다이어트보조제,#유지어터,#체중관리,#체지방관리템,#game,#gameplay,#matchinggame,#matchgame,#challenge,#shorts",1,262,0,2025-09-18 02:30:50,https://www.youtube.com/watch?v=x5vGbvvEP2I,그린몬스터 제품 맞히기 START  정답 맞히면 바로 GET 전부 클리어 가능할까 #그린몬스터#GREENMONSTER#건강기능식품#건기식#혈당관리#점심시간#점메추#올리브영#올영추천템#올리브영다이어트#다이어트템#다이어트#다이어트보조제#유지어터#체중관리#체지방관리템#game#gameplay#matchinggame#matchgame#challenge#shorts,"['그린', '몬스터', '제품', '맞히', '정답', '맞히', '클리어', '가능']"
3,2,피곤할때 눈 떨리는거 나만그래...? #마그네슘 #올영세일 #올리브영 #영양제 #shorts,포 스트레스 천하장사 기획세트 (자세한 내용은 포도채널 영상으로 확인해주세요🙋🏻‍♀️❤️) https://www.oliveyoung.co.kr/store/goods/getGoodsDetail.do?goodsNo=A000000224741&t_page=통합검색결과페이지&t_click=검색상품상세&t_search_name=마그랩&t_number=1&dispCatNo=1000002000100250012&trackingCd=Result_1 - 협업문의 jmde1103@naver.com,#마그랩,12,1818,4,2025-05-31 08:00:44,https://www.youtube.com/watch?v=b2EmRGIlNNo,피곤할때 눈 떨리는거 나만그래 #마그네슘 #올영세일 #올리브영 #영양제 #shorts 포 스트레스 천하장사 기획세트 자세한 내용은 포도채널 영상으로 확인해주세요 httpswwwoliveyoungcokrstoregoodsgetGoodsDetaildogoodsNoA000000224741tpage통합검색결과페이지tclick검색상품상세tsearchname마그랩tnumber1dispCatNo1000002000100250012trackingCdResult1  협업문의 jmde1103navercom #마그랩,"['피곤', '떨리', '그렇', '스트레스', '천하장사', '기획', '세트', '내용', '포도', '채널', '영상', '확인', '통합', '검색', '결과', '페이지', '검색', '상품', '마그랩', '협업', '문의']"
3,2,"여자에게 좋은 영양제 찾으신다면, 이것부터 먹어보세요🔥 #올리브영 #올영세일 #영양제 #shorts","나의 이노시톨 마이시톨 (자세한 내용은 포도채널 영상으로 확인해주세요🙋🏻‍♀️❤️) https://www.oliveyoung.co.kr/store/goods/getGoodsDetail.do?goodsNo=A000000219258&t_page=통합검색결과페이지&t_click=검색상품상세&t_search_name=마이시톨&t_number=1&dispCatNo=1000002000100230007,1000002000100250017&trackingCd=Result_1 - 협업문의 jmde1103@naver.com",#마이시톨,13,2113,2,2025-06-01 02:00:04,https://www.youtube.com/watch?v=2kin1fFWBzQ,여자에게 좋은 영양제 찾으신다면 이것부터 먹어보세요 #올리브영 #올영세일 #영양제 #shorts 나의 이노시톨 마이시톨 자세한 내용은 포도채널 영상으로 확인해주세요 httpswwwoliveyoungcokrstoregoodsgetGoodsDetaildogoodsNoA000000219258tpage통합검색결과페이지tclick검색상품상세tsearchname마이시톨tnumber1dispCatNo10000020001002300071000002000100250017trackingCdResult1  협업문의 jmde1103navercom #마이시톨,"['여자', '영양제', '이것', '마이', '내용', '포도', '채널', '영상', '확인', '통합', '검색', '결과', '페이지', '검색', '상품', '마이시톨', '협업', '문의']"
3,2,🚨올영세일엔 '이거'부터 쟁여! 삶의 질 올라가는 꿀템,,"#올영세일,#올리브영추천템,#유산균추천,#건기식추천",301,33966,12,2025-11-21 09:01:30,https://www.youtube.com/watch?v=pNVVkCk-whk,올영세일엔 이거부터 쟁여 삶의 질 올라가는 꿀템  #올영세일#올리브영추천템#유산균추천#건기식추천,"['영세', '이거', '쟁이', '올라가']"
3,2,건강체크하고 영양제 큐레이션까지 해주는 강남약국!? #영양제추천,"이게 약국이야 올리브영이야? 이런 산뜻한 분위기 속에 내가 찾는 약과 영양제가 가득!! 단순 창고형 약국인줄 알고 갔는데 체험할 거리가 풍부한 곳이었어요! 어떤 영양제를 먹어야 할 지 몰라서 건강관리를 잘 못했는데 전문 약사님 상담받고 건강기능식품 소분까지 받아왔어요 장소 : 강남옵티마웰니스뮤지엄약국 주소 : 강남대로102길 42 B1층, 1층 전화번호 : 0507-1350-6534 영업시간 : 매일 09:00 - 21:00 - 유료광고,강남약국,강남대형약국,옵티마약국,대형약국,강남약국,OWM,OWM약국,강남옵티마웰니스뮤지엄,강남옵티마웰니스뮤지엄약국","#유료광고,#강남옵티마웰니스뮤지엄,#창고형약국",12,1763,2,2025-10-27 02:15:01,https://www.youtube.com/watch?v=ZD2MqklYKkQ,건강체크하고 영양제 큐레이션까지 해주는 강남약국 #영양제추천 이게 약국이야 올리브영이야 이런 산뜻한 분위기 속에 내가 찾는 약과 영양제가 가득 단순 창고형 약국인줄 알고 갔는데 체험할 거리가 풍부한 곳이었어요 어떤 영양제를 먹어야 할 지 몰라서 건강관리를 잘 못했는데 전문 약사님 상담받고 건강기능식품 소분까지 받아왔어요 장소  강남옵티마웰니스뮤지엄약국 주소  강남대로102길 42 B1층 1층 전화번호  050713506534 영업시간  매일 0900  2100  유료광고강남약국강남대형약국옵티마약국대형약국강남약국OWMOWM약국강남옵티마웰니스뮤지엄강남옵티마웰니스뮤지엄약국 #유료광고#강남옵티마웰니스뮤지엄#창고형약국,"['건강', '체크', '영양제', '큐레이션', '강남', '약국', '이것', '약국', '올리브', '분위기', '영양제', '단순', '창고', '약국', '체험', '거리', '영양제', '모르', '건강', '관리', '전문', '약사', '상담', '건강', '기능', '식품', '장소', '강남', '옵티마', '니스', '뮤지엄', '약국', '주소', '강남대로', '전화번호', '영업시간', '유료', '광고', '강남', '약국', '강남', '약국', '옵티마', '약국', '약국', '강남', '약국', '약국', '강남', '옵티마', '니스', '뮤지엄', '강남', '옵티마', '니스', '뮤지엄', '약국']"
3,2,나만의 아침 루틴 세 가지 🪻 *광고 #모닝루틴 #아침루틴,"하루가 달라지는 세 가지 아침루틴 💜 *광고 일어나자마자 뭘 하는지에 따라서 내 하루가 달라지잖아요 ! 저는 요즘 이 세 가지 루틴 꼬옥 지켜줘요 - 1️⃣ 일어나자마자 양치하고 따뜻한 물 마시기 자는 동안 입 안에 세균이 생긴다는 말 들어보셨죠 ! 그래서 양치만 하고 공복에 마셔줘요 (찬물X) 2️⃣ 건강을 위한 식품, 음식 먹기 원래 건기식 정말 안 먹던 저인데, 30대가 되니까 알아서 챙겨먹게 되어요 💪🏻 3️⃣ 환기 + 편백 스프레이 뿌리기 환기 시켜주면서 공기 정화해주고 라운드 어라운드의 룸 스프레이 뿌려주는데, 편백수 66%가 햠유되어 있어서 그런지 향이 인위적이지 않아 은은하게 남고 하루종일 자연스러운 잔향이 느껴져요 •• ♡ 지금 160ml 이상 구매하면 귀여운 손수건 주고 15일까지 성수 테토 콜라보 팝업 가면 더 귀여운 곰돌이 인형 랜덤뽑기 가능 🧸 💭정보정보💭 @roundaround_official 라운드어라운드 편백 클린 스프레이 📱올리브영에서 온라인 구매 가능","#라운드어라운드,#라운드어라운드편백탈취제,#라운드어라운드편백클린스프레이,#섬유탈취제,#편백수탈취제",2,292,1,2026-03-03 15:02:20,https://www.youtube.com/watch?v=8vCz1RwHAdw,나만의 아침 루틴 세 가지  광고 #모닝루틴 #아침루틴 하루가 달라지는 세 가지 아침루틴  광고 일어나자마자 뭘 하는지에 따라서 내 하루가 달라지잖아요  저는 요즘 이 세 가지 루틴 꼬옥 지켜줘요  1 일어나자마자 양치하고 따뜻한 물 마시기 자는 동안 입 안에 세균이 생긴다는 말 들어보셨죠  그래서 양치만 하고 공복에 마셔줘요 찬물X 2 건강을 위한 식품 음식 먹기 원래 건기식 정말 안 먹던 저인데 30대가 되니까 알아서 챙겨먹게 되어요  3 환기  편백 스프레이 뿌리기 환기 시켜주면서 공기 정화해주고 라운드 어라운드의 룸 스프레이 뿌려주는데 편백수 66가 햠유되어 있어서 그런지 향이 인위적이지 않아 은은하게 남고 하루종일 자연스러운 잔향이 느껴져요   지금 160ml 이상 구매하면 귀여운 손수건 주고 15일까지 성수 테토 콜라보 팝업 가면 더 귀여운 곰돌이 인형 랜덤뽑기 가능  정보정보 roundaroundofficial 라운드어라운드 편백 클린 스프레이 올리브영에서 온라인 구매 가능 #라운드어라운드#라운드어라운드편백탈취제#라운드어라운드편백클린스프레이#섬유탈취제#편백수탈취제,"['아침', '루틴', '가지', '광고', '하루', '달라지', '가지', '아침', '루틴', '광고', '일어나', '따르', '하루', '달라지', '요즘', '가지', '루틴', '지키', '일어나', '양치', '마시', '동안', '세균', '생기', '양치', '공복', '마시', '건강', '위하', '식품', '음식', '건기', '챙기', '환기', '스프레이', '뿌리', '환기', '공기', '정화', '라운드', '라운드', '스프레이', '뿌리', '햠유', '그렇', '인위', '하루', '종일', '자연', '느끼', '이상', '구매', '귀엽', '손수건', '성수', '콜라', '팝업', '귀엽', '곰돌이', '인형', '랜덤', '가능', '정보', '정보', '라운드', '라운드', '클린', '스프레이', '올리브', '온라인', '구매', '가능']"
3,2,"상큼한 하루의 시작,🍋 #그린몬스터 디톡 알파CD 레몬컷!","작은 스틱 안에 담긴 건강 습관을 열어보세요 ﾟ⁖ °✦ 📱 박스 안에는— ? ✔ 가볍게 챙기기 좋은 스틱형 ✔ 식후 혈당·지방·장 건강까지 한 번에 관리 ✔ 산뜻한 레몬 맛으로 매일 상쾌하게 🌿 오늘도 레몬컷으로 똑똑하게 건강을 챙겨보세요! ✧ ⊹ 구매하기 : http://bit.ly/45RFMiP ------------- Fresh start of the day, ‘s D-toc a-cyclodextrin Lemon Cut 🍋 📱 In the box—? ✔ Easy to take lightly ✔ After meals, manage blood sugar, fat, and intestinal health at once ✔ Fresh lemon flavor every day 🌿 Take care of your health with a lemon cut! ✧","#GreenMonster,#그린몬스터,#GREENMONSTER,#디톡알파CD레몬컷,#알파CD,#디톡스,#신제품,#신제품출시,#건강기능식품,#건기식,#혈당관리,#지방,#장건강,#점심시간,#점메추,#올리브영,#올영추천템,#올리브영다이어트,#다이어트템,#다이어트,#다이어트보조제,#유지어터,#체중관리,#체지방관리템,#detox,#snacksmart,#shorts",0,284,0,2025-09-16 02:30:14,https://www.youtube.com/watch?v=FTVVGmBBTtU,상큼한 하루의 시작 #그린몬스터 디톡 알파CD 레몬컷 작은 스틱 안에 담긴 건강 습관을 열어보세요    박스 안에는   가볍게 챙기기 좋은 스틱형  식후 혈당지방장 건강까지 한 번에 관리  산뜻한 레몬 맛으로 매일 상쾌하게  오늘도 레몬컷으로 똑똑하게 건강을 챙겨보세요   구매하기  httpbitly45RFMiP  Fresh start of the day s Dtoc acyclodextrin Lemon Cut   In the box  Easy to take lightly  After meals manage blood sugar fat and intestinal health at once  Fresh lemon flavor every day  Take care of your health with a lemon cut  #GreenMonster#그린몬스터#GREENMONSTER#디톡알파CD레몬컷#알파CD#디톡스#신제품#신제품출시#건강기능식품#건기식#혈당관리#지방#장건강#점심시간#점메추#올리브영#올영추천템#올리브영다이어트#다이어트템#다이어트#다이어트보조제#유지어터#체중관리#체지방관리템#detox#snacksmart#shorts,"['하루', '시작', '알파', '레몬', '스틱', '담기', '건강', '습관', '박스', '가볍', '챙기', '스틱', '식후', '혈당', '지방', '건강', '관리', '레몬', '오늘', '레몬', '건강', '챙기', '구매']"
3,2,"올영 마그네슘 1위템💪🏼마그랩X천하장사 콜라보, 마칼디, 포스트레스, 올리브영 추천템","- 이 영상은 마그랩의 유료광고가 포함되어 있습니다 - Business inquires : mina.ina2323@gmail.com - vlog https://www.youtube.com/@ina_vlog - IG https://www.instagram.com/mina.ina.h - 다운로드 불가, 영상 2차 편집 협의 후 활용 ★마그랩X천하장사 콜라보 올리브영 단독기획★ 포스트레스 10+10 https://vo.la/ZIJiYh 마칼디 60정+60정 https://vo.la/IrLOde 지금 올리브영 구매 ㄱㄱ ✦영상 유사 제작 금지 https://vo.la/JoWmei ('표절 채널' 공개 게시함) ⓒ 2021-2025 Mina.ina.h. All rights reserved. Camera - iphone 15 pro / SONY / Canon / Leica / Galaxy Editing program - Premiere Pro (25.2.1) Music by cold winter breeze - cozy bedtime beats - https://thmatc.co/?l=F4B4A949","#마그네슘,#올리브영마그네슘,#올리브영추천템",0,524,1,2025-05-14 14:20:46,https://www.youtube.com/watch?v=iV0-iOL7A_I,올영 마그네슘 1위템마그랩X천하장사 콜라보 마칼디 포스트레스 올리브영 추천템  이 영상은 마그랩의 유료광고가 포함되어 있습니다  Business inquires  minaina2323gmailcom  vlog httpswwwyoutubecominavlog  IG httpswwwinstagramcomminainah  다운로드 불가 영상 2차 편집 협의 후 활용 마그랩X천하장사 콜라보 올리브영 단독기획 포스트레스 1010 httpsvolaZIJiYh 마칼디 60정60정 httpsvolaIrLOde 지금 올리브영 구매  영상 유사 제작 금지 httpsvolaJoWmei 표절 채널 공개 게시함  20212025 Minainah All rights reserved Camera  iphone 15 pro  SONY  Canon  Leica  Galaxy Editing program  Premiere Pro 2521 Music by cold winter breeze  cozy bedtime beats  httpsthmatccolF4B4A949 #마그네슘#올리브영마그네슘#올리브영추천템,"['마그네슘', '1위템마그', '천하장사', '콜라', '스트레스', '올리브', '추천', '영상', '유료', '광고', '포함', '다운로드', '불가', '영상', '편집', '협의', '활용', '천하장사', '콜라', '올리브', '단독', '기획', '스트레스', '마칼디', '올리브', '구매', '영상', '유사', '제작', '금지', '표절', '채널', '공개', '게시']"
3,2,"""자다가 쥐나서 깼다면?"" 주무르지 말고 딱 한 번만 뿌려보세요ㅣ공구 3일만에 5천만 원, 성과로 증명된 케어플리 스포츠 마그네슘 스프레이","부모님 선물, 집안일 많은 주부, 운동 후 관리가 필요한 스포츠인까지 모두 사용 가능한 꼭 필요한 데일리 마그네슘 스프레이입니다 [공동구매-28% 세일특가] 특허원료-뿌리는 마그네슘 케어플리 핫슘 핫 스프레이 https://naver.me/5YS5glqV ✔ 온열감으로 찜질 효과 ✔올리브영 입점 ✔작은 입자로 빠르게 흡수 → 필요한 부위에 즉시 전달 ✔92.95% 항산화 기능, 인체 적용 시험으로 확인된 효능 ✔끈적임 없이 산뜻함, 20분 이상 지속되는 쿨링감 ✔자극 평가 0% → 민감 피부도 안심 사용 ​언제 어디서든 간편하게 사용할 수 있는 필수 데일리템. ""이 포스팅은 네이버 쇼핑 커넥트 활동의 일환으로, 판매 발생 시 수수료를 제공받습니다."" ▶멤버십으로 더 많은 혜택을 누리세요^^ https://www.youtube.com/channel/UCDGiDdclwBxH0xWWSIyA4zA/join ▶멤버십만의 특별한 동영상 https://www.youtube.com/playlist?list=UUMODGiDdclwBxH0xWWSIyA4zA ▶건강스케치 공식 오픈채팅방 open.kakao.com/o/g5SSF4Zh ✅ 출연, 광고, 제휴 문의 사항은 메일로 보내주세요^^ 메일 : healthsketch100@daum.net ✅ 중요 사항 본 영상의 소유권은 건강스케치 채널에 귀속되어 있으며 불펌을 금지합니다. 본 영상과 자료는 참고용으로만 사용하시기 바랍니다. 의학적인 자문이나 진단이 필요한 경우 ""반드시"" 전문가에게 문의하세요.",,10,1672,1,2026-01-18 04:07:32,https://www.youtube.com/watch?v=ElVdIjq6AGQ,자다가 쥐나서 깼다면 주무르지 말고 딱 한 번만 뿌려보세요공구 3일만에 5천만 원 성과로 증명된 케어플리 스포츠 마그네슘 스프레이 부모님 선물 집안일 많은 주부 운동 후 관리가 필요한 스포츠인까지 모두 사용 가능한 꼭 필요한 데일리 마그네슘 스프레이입니다 공동구매28 세일특가 특허원료뿌리는 마그네슘 케어플리 핫슘 핫 스프레이 httpsnaverme5YS5glqV  온열감으로 찜질 효과 올리브영 입점 작은 입자로 빠르게 흡수  필요한 부위에 즉시 전달 9295 항산화 기능 인체 적용 시험으로 확인된 효능 끈적임 없이 산뜻함 20분 이상 지속되는 쿨링감 자극 평가 0  민감 피부도 안심 사용 언제 어디서든 간편하게 사용할 수 있는 필수 데일리템 이 포스팅은 네이버 쇼핑 커넥트 활동의 일환으로 판매 발생 시 수수료를 제공받습니다 멤버십으로 더 많은 혜택을 누리세요 httpswwwyoutubecomchannelUCDGiDdclwBxH0xWWSIyA4zAjoin 멤버십만의 특별한 동영상 httpswwwyoutubecomplaylistlistUUMODGiDdclwBxH0xWWSIyA4zA 건강스케치 공식 오픈채팅방 openkakaocomog5SSF4Zh  출연 광고 제휴 문의 사항은 메일로 보내주세요 메일  healthsketch100daumnet  중요 사항 본 영상의 소유권은 건강스케치 채널에 귀속되어 있으며 불펌을 금지합니다 본 영상과 자료는 참고용으로만 사용하시기 바랍니다 의학적인 자문이나 진단이 필요한 경우 반드시 전문가에게 문의하세요 ,"['주무르', '뿌리', '공구', '천만', '성과', '증명', '케어플리', '스포츠', '마그네슘', '스프레이', '부모', '선물', '집안일', '주부', '운동', '관리', '필요', '스포츠', '사용', '가능', '필요', '데일리', '마그네슘', '스프레이', '공동구매', '세일', '특가', '특허', '원료', '뿌리', '마그네슘', '케어플리', '핫슘', '스프레이', '찜질', '효과', '올리브', '입점', '입자', '빠르', '흡수', '필요', '부위', '즉시', '전달', '항산화', '기능', '인체', '적용', '시험', '확인', '효능', '끈적이', '이상', '지속', '자극', '평가', '피부', '안심', '사용', '어디', '사용', '필수', '데일리', '포스팅', '네이버 쇼핑', '커넥트', '활동', '일환', '판매', '발생', '수수료', '제공', '멤버십', '혜택', '누리', '멤버십', '특별', '동영상', '건강', '스케치', '공식', '오픈', '채팅방', '출연', '광고', '제휴', '문의', '사항', '메일', '보내', '메일', '중요', '사항', '영상', '소유', '건강', '스케치', '채널', '귀속', '불펌', '금지', '영상', '자료', '참고', '사용', '바라', '의학', '자문', '진단', '필요', '경우', '전문가', '문의']"
3,2,"나를 위한 건강루틴 공유할게요‼️ | 모닝클렌즈, 마시는 샐러드, 식전 야채 루틴, 퓨레카 워터믹스, 올영추천템, 건기식","식사 전이나 아침에 일어났을 때 요즘 저는 이거 한 잔부터 시작해요! 처음 마셔보고 바로 나온 말 “어… 이거 맛있는데요?” 보통 이런 건강 루틴 제품은 솔직히 맛 기대 안 하잖아요, 근데 이건 샐러드 느낌 전혀 없고 카페에서 파는 과일 에이드 느낌이라 놀랐어요 퓨레카 워터믹스는 무려 41종 과일·야채가 들어있는 3초 샐러드 루틴 물에 톡 타서 마시면 끝이라 식사 전 가볍게 한 잔, 운동 전 루틴으로도 부담 없어요! 맛도 취향 따라 고를 수 있는데요 샤인머스캣 – 달콤하고 상큼한 청포도 에이드 느낌 레드자몽 – 상큼쌉싸름한 자몽에이드 느낌 파인망고 – 열대과일 주스 같은 달콤한 맛 게다가 아몬드 2.5알 정도 칼로리*라 부담 없이 챙기기 좋고요 (*출처 : 식약처, 식품영양성분 데이터 베이스 참고, 아몬드 1알 1.3g (약 8 kW8725 요즘 저는 식전 야채 루틴으로 하루 한 포 챙기는 중입니다 지금 올리브영 / 올리브베러에서 7포입 1+1 프로모션 진행 중이라 1포 700원대로 시작 가능해요 궁금하신 분들은 고정 댓글 링크에서 확인해보세요! https://oy.run/KXtfWdjzw10UYl 213al))","#Shorts,#쇼츠,#퓨레카,#마시는샐러드,#식전야채루틴,#아침공복루틴,#거꾸로식사법,#식이섬유,#올영신상,#올영추천템,#3초샐러드",0,2183,1,2026-03-19 12:21:21,https://www.youtube.com/watch?v=NUFm9o12Yj8,나를 위한 건강루틴 공유할게요  모닝클렌즈 마시는 샐러드 식전 야채 루틴 퓨레카 워터믹스 올영추천템 건기식 식사 전이나 아침에 일어났을 때 요즘 저는 이거 한 잔부터 시작해요 처음 마셔보고 바로 나온 말 어 이거 맛있는데요 보통 이런 건강 루틴 제품은 솔직히 맛 기대 안 하잖아요 근데 이건 샐러드 느낌 전혀 없고 카페에서 파는 과일 에이드 느낌이라 놀랐어요 퓨레카 워터믹스는 무려 41종 과일야채가 들어있는 3초 샐러드 루틴 물에 톡 타서 마시면 끝이라 식사 전 가볍게 한 잔 운동 전 루틴으로도 부담 없어요 맛도 취향 따라 고를 수 있는데요 샤인머스캣  달콤하고 상큼한 청포도 에이드 느낌 레드자몽  상큼쌉싸름한 자몽에이드 느낌 파인망고  열대과일 주스 같은 달콤한 맛 게다가 아몬드 25알 정도 칼로리라 부담 없이 챙기기 좋고요 출처  식약처 식품영양성분 데이터 베이스 참고 아몬드 1알 13g 약 8 kW8725 요즘 저는 식전 야채 루틴으로 하루 한 포 챙기는 중입니다 지금 올리브영  올리브베러에서 7포입 11 프로모션 진행 중이라 1포 700원대로 시작 가능해요 궁금하신 분들은 고정 댓글 링크에서 확인해보세요 httpsoyrunKXtfWdjzw10UYl 213al #Shorts#쇼츠#퓨레카#마시는샐러드#식전야채루틴#아침공복루틴#거꾸로식사법#식이섬유#올영신상#올영추천템#3초샐러드,"['위하', '건강', '루틴', '공유', '모닝', '렌즈', '마시', '샐러드', '식전', '야채', '루틴', '퓨레카', '워터', '믹스', '추천', '건기', '식사', '아침', '일어나', '요즘', '이거', '시작', '처음', '마시', '나오', '이거', '맛있', '건강', '루틴', '제품', '기대', '이거', '샐러드', '느낌', '카페', '과일', '에이드', '느낌', '놀라', '퓨레카', '워터', '믹스', '과일', '야채', '샐러드', '루틴', '마시', '식사', '가볍', '운동', '루틴', '부담', '취향', '따르', '고르', '샤인머스캣', '청포도', '에이드', '느낌', '레드', '자몽', '쌉싸름', '자몽', '이드', '느낌', '파인', '망고', '열대', '과일', '주스', '달콤하', '아몬드', '정도', '칼로리', '부담', '챙기', '출처', '식약처', '식품', '영양', '성분', '데이터', '베이스', '참고', '아몬드', '요즘', '식전', '야채', '루틴', '하루', '챙기', '올리브', '올리브', '프로모션', '진행', '시작', '가능', '궁금하', '고정', '댓글', '링크', '확인']"
3,2,#구강템 처돌이가 추천하는 휴대용 구강 찐템 3종!🩵✨ 하나만 써도 센스쟁이 ~~🤭 #shorts,"올리브영에 있는 구강 제품들 하나씩 다 써본 것 같은데, 하나는 너무 잘 새고 , , 하나는 너무 강하고 , , 정착 실패 💥 👉🏻 결국 손이 자주 가는 건 밖에 없더라그용 ? 1️⃣ 프레쉬브레스 구강 스프레이 써본 구강 스프레이 중에 분사력 젤 넓은 듯 ! !💦 ✔️ 한 번만 써도 입냄새 원인이 95% 제거 된다구요 ~~ 순하고 달달상쾌한 맛이라 부담이 없어 입문용으로도 추천 👍🏻 2️⃣ 클로브 농축 미니 가글 부어쓰는 거 아니고 ! ! 펌핑타입니라 양 조절 간편 , ,🩵 밖에 오래 있는 날 하루종일 텁텁한 입 안 어쩔거야 ~~😫 화장실 들릴 때 후다닥 쓰면 싹 없어지니까 완젼 필수템 ! ! 3️⃣ 구강 유산균 [프레쉬 레몬향] 나도 모르게 속에서 올라오는 냄새 ! ! 직빵인 건기식 ✨ 장 건강 + 입냄새 유발균까지 억제해주거든요 ~~ 하루에 세 번, 사탕처럼 씹어 먹기만 하면 끝 !🔥 💬 귀찮은 거 하나도~~ 없으니까 써보고 후기 알려주깅 👻 -","#리브러쉬,#rebrush,#프레쉬브레스구강스프레이,#구강스프레이,#구강스프레이추천,#클로브농축가글,#티트리농축가글,#가글,#가글추천,#미니가글,#휴대용가글,#구강유산균,#구강유래유산균,#유산균추천,#입냄새제거,#입냄새,#구강관리,#구강청결제,#리브러쉬가글,#리브러쉬구강스프레이,#리브러쉬스프레이,#리브러쉬입냄새,#입냄새가글,#입냄새스프레이,#마우스스프레이",164,7964,5,2025-08-17 03:25:46,https://www.youtube.com/watch?v=3yOC9KIIhRc,#구강템 처돌이가 추천하는 휴대용 구강 찐템 3종 하나만 써도 센스쟁이  #shorts 올리브영에 있는 구강 제품들 하나씩 다 써본 것 같은데 하나는 너무 잘 새고   하나는 너무 강하고   정착 실패   결국 손이 자주 가는 건 밖에 없더라그용  1 프레쉬브레스 구강 스프레이 써본 구강 스프레이 중에 분사력 젤 넓은 듯    한 번만 써도 입냄새 원인이 95 제거 된다구요  순하고 달달상쾌한 맛이라 부담이 없어 입문용으로도 추천  2 클로브 농축 미니 가글 부어쓰는 거 아니고   펌핑타입니라 양 조절 간편   밖에 오래 있는 날 하루종일 텁텁한 입 안 어쩔거야  화장실 들릴 때 후다닥 쓰면 싹 없어지니까 완젼 필수템   3 구강 유산균 프레쉬 레몬향 나도 모르게 속에서 올라오는 냄새   직빵인 건기식  장 건강  입냄새 유발균까지 억제해주거든요  하루에 세 번 사탕처럼 씹어 먹기만 하면 끝   귀찮은 거 하나도 없으니까 써보고 후기 알려주깅   #리브러쉬#rebrush#프레쉬브레스구강스프레이#구강스프레이#구강스프레이추천#클로브농축가글#티트리농축가글#가글#가글추천#미니가글#휴대용가글#구강유산균#구강유래유산균#유산균추천#입냄새제거#입냄새#구강관리#구강청결제#리브러쉬가글#리브러쉬구강스프레이#리브러쉬스프레이#리브러쉬입냄새#입냄새가글#입냄새스프레이#마우스스프레이,"['돌이', '추천', '휴대', '구강', '찐템', '하나', '센스', '올리브', '구강', '제품', '하나', '하나', '하나', '정착', '실패', '프레쉬', '브레스', '구강', '스프레이', '구강', '스프레이', '분사', '냄새', '원인', '제거', '순하', '부담', '입문', '추천', '클로브', '농축', '미니', '아니', '펌핑', '타입', '조절', '하루', '종일', '어쩌', '화장실', '들리', '없어지', '필수', '구강', '유산균', '프레쉬', '레몬', '모르', '올라오', '냄새', '건기', '건강', '냄새', '유발', '억제', '하루', '사탕', '귀찮', '하나', '후기', '알리']"
3,2,대상포진도 올리브영템으로 치료 가능? #대상포진 #비타민B12 #올리브영,"대상포진에 걸렸을 때, 일반 영양제보다 비타민 B12를 챙기는 게 중요합니다!! 올리브영에서도 쉽게 구할 수 있습니다.","#대상포진,#비타민B12,#영양제추천,#신경건강,#올리브영템,#통증완화,#피로회복,#영양제정보,#환자후기,#생활건강,#ShinglesCare,#VitaminB12,#NerveHealth,#Supplements,#PainRelief,#OliveYoung,#HealthTips,#RecoverySupport,#ImmuneBoost,#MedicalAdvice,#ZonaThầnKinh,#VitaminB12,#SứcKhỏeThầnKinh,#ThựcPhẩmBổSung,#GiảmĐau,#OliveYoung,#MẹoSứcKhỏe,#HỗTrợPhụcHồi,#TăngCườngMiễnDịch,#ThôngTinDinhDưỡng",75,7238,1,2025-08-27 01:00:21,https://www.youtube.com/watch?v=PfuT5Yt268I,대상포진도 올리브영템으로 치료 가능 #대상포진 #비타민B12 #올리브영 대상포진에 걸렸을 때 일반 영양제보다 비타민 B12를 챙기는 게 중요합니다 올리브영에서도 쉽게 구할 수 있습니다 #대상포진#비타민B12#영양제추천#신경건강#올리브영템#통증완화#피로회복#영양제정보#환자후기#생활건강#ShinglesCare#VitaminB12#NerveHealth#Supplements#PainRelief#OliveYoung#HealthTips#RecoverySupport#ImmuneBoost#MedicalAdvice#ZonaThnKinh#VitaminB12#ScKheThnKinh#ThcPhmBSung#Gimau#OliveYoung#MoScKhe#HTrPhcHi#TngCngMinDch#ThngTinDinhDng,"['대상포진', '올리브', '치료', '가능', '대상포진', '걸리', '일반', '영양제', '비타민', '챙기', '중요', '올리브', '구하']"
3,2,여에스더 국민영양제 10종 올리브영 입점!,여에스더 국민영양제 10종이 올리브영에 입점합니다! 5월 31일부터 전국 올리브영 매장에서 만나요💚,,198,18583,17,2025-05-25 09:00:15,https://www.youtube.com/watch?v=4e2naMi9s4Q,여에스더 국민영양제 10종 올리브영 입점 여에스더 국민영양제 10종이 올리브영에 입점합니다 5월 31일부터 전국 올리브영 매장에서 만나요 ,"['여에스더', '국민', '영양', '올리브', '입점', '여에스더', '국민', '영양', '올리브', '입점', '전국', '올리브', '매장', '만나']"
3,2,산부인과 의사가 올리브영 가면 꼭 사는 영양제 3가지! 💊 (광고X),더 자세한 내용이 궁금하다면? '난임닥터 비커밍' 채널에서 풀 영상을 확인하세요!,"#난임,#위고비,#마운자로,#난임닥터비커밍",54,7557,0,2026-02-12 10:00:09,https://www.youtube.com/watch?v=4t0Tb80-Zss,산부인과 의사가 올리브영 가면 꼭 사는 영양제 3가지  광고X 더 자세한 내용이 궁금하다면 난임닥터 비커밍 채널에서 풀 영상을 확인하세요 #난임#위고비#마운자로#난임닥터비커밍,"['산부인과', '의사', '올리브', '영양제', '가지', '광고', '내용', '난임', '닥터', '비커밍', '채널', '영상', '확인']"
3,2,다이소 vs 올리브영 영양제 계급장 떼고 비교! 옥이머해 명절선물은 영양제 최강템 찾기 건강,"다이소 vs 올리브영 영양제 계급장 떼고 비교! 옥이머해 명절선물은 영양제 최강템 찾기 건강 🐰 옥이머해 (OK-HE-DONE) “잘 먹고, 잘 살고, 잘 사는(Buy) 건강 솔루션” 안녕하세요! 건강을 위해 부지런히 발로 뛰는 옥토끼, 옥이입니다. 치열한 일상 속에서 놓치기 쉬운 '진짜 건강'을 찾기 위해 이 채널을 시작했습니다. 까다롭지만 정직하게, 몸을 살리는 정보만 쏙쏙 골라 드릴게요! ✨ 옥이의 3가지 건강 약속 🥗 옥이 머먹어? | 몸을 살리는 제철 식재료와 건강한 식단 레시피 🧘‍♀️ 옥이 머해? | 일상에 활력을 불어넣는 올바른 습관과 루틴 🛒 옥이 뭐 사? | 성분 하나하나 꼼꼼하게 따진 똑똑한 소비 가이드 혼자 고민하지 마세요. 옥토끼가 대신 공부하고 채워드릴게요. 좋은 건 같이 사고, 건강은 함께 지켜요! 🏃‍♀️💨 📧 비즈니스 문의: hm9099999@gmail.com 이머해~? 오늘은 다이소와 올리브영을 동시에 털어봤습니다! 🛍️✨ 술 자주 마시는 이서방을 위한 밀크씨슬부터, 올영에서 비싸게 팔던 이뮨샷이 다이소에선 단돈 2,000원?! 영국산 비타민C 성분까지 하나하나 따져보니... 이거 은근히 알짜배기네요. 소포장이라 양은 좀 적어도 여행용이나 선물용으로 딱인 다이소 영양제 리얼 후기, 영상으로 확인하세요! 📍 [영상 챕터] 00:00 다이소 vs 올리브영, 영양제 승자는? 00:35 이서방 간 보호용 밀크씨슬, 올영보다 싼가? 01:05 루테인 24캡슐 소포장의 비밀 (가격의 함정?) 01:40 비타민D+아연+비오틴 세트, 29,800원의 가치! 02:15 다이소 화제의 '올레샷' 발견! (올리브유&레몬) 02:50 엑스트라 버진 100% 확인! ""이거 먹어보자"" 03:20 올영 유명템 '이뮨샷' 다이소 버전은 4병입? 03:50 눈 떨리는 분 주목! 마그네슘 샷 성분 분석 04:20 영국산 비타민C, 휴대성은 좋지만 양이...?! 04:45 옥이의 총평: 가성비로 승부하는 소포장 영양제","#다이소,#올리브영,#영양제비교,#이지슬로우,#올레샷,#이뮨샷,#밀크씨슬,#루테인,#마그네슘샷,#비타민C,#가성비영양제,#내돈내산,#옥이머해,#이서방선물",1,52,0,2026-02-17 13:45:43,https://www.youtube.com/watch?v=brZFFJpTfE0,다이소 vs 올리브영 영양제 계급장 떼고 비교 옥이머해 명절선물은 영양제 최강템 찾기 건강 다이소 vs 올리브영 영양제 계급장 떼고 비교 옥이머해 명절선물은 영양제 최강템 찾기 건강  옥이머해 OKHEDONE 잘 먹고 잘 살고 잘 사는Buy 건강 솔루션 안녕하세요 건강을 위해 부지런히 발로 뛰는 옥토끼 옥이입니다 치열한 일상 속에서 놓치기 쉬운 진짜 건강을 찾기 위해 이 채널을 시작했습니다 까다롭지만 정직하게 몸을 살리는 정보만 쏙쏙 골라 드릴게요  옥이의 3가지 건강 약속  옥이 머먹어  몸을 살리는 제철 식재료와 건강한 식단 레시피  옥이 머해  일상에 활력을 불어넣는 올바른 습관과 루틴  옥이 뭐 사  성분 하나하나 꼼꼼하게 따진 똑똑한 소비 가이드 혼자 고민하지 마세요 옥토끼가 대신 공부하고 채워드릴게요 좋은 건 같이 사고 건강은 함께 지켜요   비즈니스 문의 hm9099999gmailcom 이머해 오늘은 다이소와 올리브영을 동시에 털어봤습니다  술 자주 마시는 이서방을 위한 밀크씨슬부터 올영에서 비싸게 팔던 이뮨샷이 다이소에선 단돈 2000원 영국산 비타민C 성분까지 하나하나 따져보니 이거 은근히 알짜배기네요 소포장이라 양은 좀 적어도 여행용이나 선물용으로 딱인 다이소 영양제 리얼 후기 영상으로 확인하세요  영상 챕터 0000 다이소 vs 올리브영 영양제 승자는 0035 이서방 간 보호용 밀크씨슬 올영보다 싼가 0105 루테인 24캡슐 소포장의 비밀 가격의 함정 0140 비타민D아연비오틴 세트 29800원의 가치 0215 다이소 화제의 올레샷 발견 올리브유레몬 0250 엑스트라 버진 100 확인 이거 먹어보자 0320 올영 유명템 이뮨샷 다이소 버전은 4병입 0350 눈 떨리는 분 주목 마그네슘 샷 성분 분석 0420 영국산 비타민C 휴대성은 좋지만 양이 0445 옥이의 총평 가성비로 승부하는 소포장 영양제 #다이소#올리브영#영양제비교#이지슬로우#올레샷#이뮨샷#밀크씨슬#루테인#마그네슘샷#비타민C#가성비영양제#내돈내산#옥이머해#이서방선물,"['다이소', '올리브', '영양제', '계급장', '비교', '옥이머해', '명절', '선물', '영양제', '최강', '건강', '다이소', '올리브', '영양제', '계급장', '비교', '옥이머해', '명절', '선물', '영양제', '최강', '건강', '옥이머해', '건강', '솔루션', '안녕', '건강', '위하', '옥토끼', '옥이', '치열', '일상', '놓치', '진짜', '건강', '위하', '채널', '시작', '까다롭', '정직', '살리', '정보', '고르', '드리', '옥이', '가지', '건강', '약속', '살리', '제철', '식재료', '건강', '식단', '레시피', '일상', '활력', '불어넣', '올바르', '습관', '루틴', '성분', '따지', '똑똑하', '소비', '가이드', '혼자', '고민', '옥토끼', '대신', '공부', '채우', '드리', '건강', '지키', '비즈니스', '문의', '이머해', '오늘', '다이소', '올리브', '동시', '마시', '서방', '위하', '밀크', '비싸', '이뮨샷', '다이소', '단돈', '영국', '비타민', '성분', '따지', '이거', '알짜배기', '포장', '여행', '선물', '다이소', '영양제', '리얼', '후기', '영상', '확인', '영상', '챕터', '다이소', '올리브', '영양제', '승자', '서방', '보호', '밀크', '루테', '캡슐', '포장', '비밀', '가격', '함정', '비타민', '아연', '비오티', '세트', '가치', '다이소', '화제', '올레', '발견', '올리브유', '레몬', '엑스트라', '버진', '확인', '이거', '유명', '이뮨샷', '다이소', '버전', '떨리', '주목', '마그네슘', '성분', '분석', '영국', '비타민', '휴대', '옥이', '총평', '가성비', '승부', '포장', '영양제']"
3,2,50만원 flex한 홍혜걸 결국 올리브영 출입 금지?! #shorts,,"#여에스더,#홍혜걸,#국민영양프로젝트,#국민영양제,#영양제,#에스더몰,#올리브영,#esther,#esthertv",180,23806,10,2025-07-29 09:01:13,https://www.youtube.com/watch?v=oaqeEqUDO5o,50만원 flex한 홍혜걸 결국 올리브영 출입 금지 #shorts  #여에스더#홍혜걸#국민영양프로젝트#국민영양제#영양제#에스더몰#올리브영#esther#esthertv,"['올리브', '출입', '금지']"
3,2,세노비스 피부 촉촉 히알루론산? 제가 매일매일 먹어봤는데요...🙋🏻‍♀️ #올리브영 #영양제 #올영세일 #피부관리 #shorts,"피부 촉촉 히알루론산, 솔직후기는요...! (자세한 내용은 포도채널 영상으로 확인해주세요🙋🏻‍♀️❤️) https://www.oliveyoung.co.kr/store/goods/getGoodsDetail.do?goodsNo=A000000146479&t_page=통합검색결과페이지&t_click=검색상품상세&t_search_name=세노비스%20히알루론산&t_number=3&dispCatNo=1000002000100230005&trackingCd=Result_3 - 협업문의 jmde1103@naver.com",#세노비스,8,4254,0,2025-05-31 01:01:07,https://www.youtube.com/watch?v=zR0GB33ctOE,세노비스 피부 촉촉 히알루론산 제가 매일매일 먹어봤는데요 #올리브영 #영양제 #올영세일 #피부관리 #shorts 피부 촉촉 히알루론산 솔직후기는요 자세한 내용은 포도채널 영상으로 확인해주세요 httpswwwoliveyoungcokrstoregoodsgetGoodsDetaildogoodsNoA000000146479tpage통합검색결과페이지tclick검색상품상세tsearchname세노비스20히알루론산tnumber3dispCatNo1000002000100230005trackingCdResult3  협업문의 jmde1103navercom #세노비스,"['비스', '피부', '히알루론산', '피부', '히알루론산', '후기', '내용', '포도', '채널', '영상', '확인', '통합', '검색', '결과', '페이지', '검색', '상품', '세노비스', '히알루론산', '협업', '문의']"
3,2,에스더포뮬러 여에스더 올리브영 영양제 추천템 국민영양제 #올리브영영양제추천 #여에스더국민영양제 #에스더포뮬러 #국민영양프로젝트 #올영세일영양제,,,7,2408,0,2025-06-03 02:09:50,https://www.youtube.com/watch?v=_lgvwCq6Mis,에스더포뮬러 여에스더 올리브영 영양제 추천템 국민영양제 #올리브영영양제추천 #여에스더국민영양제 #에스더포뮬러 #국민영양프로젝트 #올영세일영양제  ,"['에스더', '포뮬러', '여에스더', '올리브', '영양제', '추천', '국민', '영양제']"
3,2,올리브영 직원에게 공짜 건강 상담해주는 여에스더 #shorts,,"#여에스더,#홍혜걸,#국민영양프로젝트,#영양제,#에스더몰,#올리브영,#올리브영추천템,#esther,#esthertv",19,2619,0,2025-07-23 09:30:04,https://www.youtube.com/watch?v=6QFK1o5ZUpA,올리브영 직원에게 공짜 건강 상담해주는 여에스더 #shorts  #여에스더#홍혜걸#국민영양프로젝트#영양제#에스더몰#올리브영#올리브영추천템#esther#esthertv,"['올리브', '직원', '공짜', '건강', '상담', '여에스더']"
3,2,"#협찬  올리브영 단독 여에스더 국민영양제 프로젝트. 최대 8,900원의 할인. 만 원 이하의 합리적인 가격에 품질만큼은 타협하지 않은, 여에스더 박사의 국민영양 프로젝트",,,2,723,0,2025-06-03 08:39:59,https://www.youtube.com/watch?v=cyx9l6HE8xk,#협찬  올리브영 단독 여에스더 국민영양제 프로젝트 최대 8900원의 할인 만 원 이하의 합리적인 가격에 품질만큼은 타협하지 않은 여에스더 박사의 국민영양 프로젝트  ,"['올리브', '단독', '여에스더', '국민', '영양제', '프로젝트', '최대', '할인', '이하', '합리', '가격', '품질', '타협', '여에스더', '박사', '국민', '영양', '프로젝트']"
3,2,올리브영 두피 영양제 쿠팡에서 잘 팔리는 이유 - 구매욕 자극 주의,"가장 많이팔린 올리브영 두피 영양제 영상 속 올리브영 두피 영양제 구매링크: https://link.coupang.com/a/cDgxuL 이 포스팅은 쿠팡파트너스 활동의 일환으로, 이에 따른 일정액의 수수료를 제공받습니다. 1위 : 닥터린 하이퍼셀 알티지 오메가3 알파, 30정, 3개 가격 : 27,450원 링크 : https://link.coupang.com/a/cDgxuL 2위 : 맞춤법 박사가 되는 초등 필수 맞춤법 따라쓰기 전 2권 세트, 전학년, 달곰미디어 가격 : 13,720원 링크 : https://link.coupang.com/a/cDgxuM 3위 : 스파오 아동용 COOL 상의 | 데님 쇼츠 세트 가격 : 25,930원 링크 : https://link.coupang.com/a/cDgxuN 4위 : 루아베 알러지케어 순면 60수 호텔 침구세트 가격 : 93,100원 링크 : https://link.coupang.com/a/cDgxuO 5위 : 코멧 저자극 시그니처 아기물티슈 엠보싱 캡형, 55g, 100매, 20개 가격 : 19,890원 링크 : https://link.coupang.com/a/cDgxuP 6위 : 닥터블랭크 저자극 강아지 샴푸 베이비파우더향, 500ml, 1개 가격 : 11,170원 링크 : https://link.coupang.com/a/cDgxuR 7위 : 삼성전자 일반 306L 2도어 냉장고 방문설치, RB30D4051S9 가격 : 550,000원 링크 : https://link.coupang.com/a/cDgxuT 8위 : 외갓집 송탄 서정리 부대찌개 (냉동), 1kg, 2개 가격 : 13,580원 링크 : https://link.coupang.com/a/cDgxuW 9위 : 올리빙 도트 빨래 바구니 건조대 3단, 화이트 가격 : 23,920원 링크 : https://link.coupang.com/a/cDgxuX 10위 : 라무달리 전연령 강아지 금동 건식사료, 가수분해연어, 2kg, 3개 가격 : 33,780원 링크 : https://link.coupang.com/a/cDgxuY 감사합니다.",,0,9,1,2025-07-06 12:29:20,https://www.youtube.com/watch?v=MMoaq-6OkWs,올리브영 두피 영양제 쿠팡에서 잘 팔리는 이유  구매욕 자극 주의 가장 많이팔린 올리브영 두피 영양제 영상 속 올리브영 두피 영양제 구매링크 httpslinkcoupangcomacDgxuL 이 포스팅은 쿠팡파트너스 활동의 일환으로 이에 따른 일정액의 수수료를 제공받습니다 1위  닥터린 하이퍼셀 알티지 오메가3 알파 30정 3개 가격  27450원 링크  httpslinkcoupangcomacDgxuL 2위  맞춤법 박사가 되는 초등 필수 맞춤법 따라쓰기 전 2권 세트 전학년 달곰미디어 가격  13720원 링크  httpslinkcoupangcomacDgxuM 3위  스파오 아동용 COOL 상의  데님 쇼츠 세트 가격  25930원 링크  httpslinkcoupangcomacDgxuN 4위  루아베 알러지케어 순면 60수 호텔 침구세트 가격  93100원 링크  httpslinkcoupangcomacDgxuO 5위  코멧 저자극 시그니처 아기물티슈 엠보싱 캡형 55g 100매 20개 가격  19890원 링크  httpslinkcoupangcomacDgxuP 6위  닥터블랭크 저자극 강아지 샴푸 베이비파우더향 500ml 1개 가격  11170원 링크  httpslinkcoupangcomacDgxuR 7위  삼성전자 일반 306L 2도어 냉장고 방문설치 RB30D4051S9 가격  550000원 링크  httpslinkcoupangcomacDgxuT 8위  외갓집 송탄 서정리 부대찌개 냉동 1kg 2개 가격  13580원 링크  httpslinkcoupangcomacDgxuW 9위  올리빙 도트 빨래 바구니 건조대 3단 화이트 가격  23920원 링크  httpslinkcoupangcomacDgxuX 10위  라무달리 전연령 강아지 금동 건식사료 가수분해연어 2kg 3개 가격  33780원 링크  httpslinkcoupangcomacDgxuY 감사합니다 ,"['올리브', '두피', '영양제', '쿠팡', '팔리', '이유', '구매', '자극', '주의', '팔리', '올리브', '두피', '영양제', '영상', '올리브', '두피', '영양제', '구매', '링크', '포스팅', '쿠팡', '파트너스', '활동', '일환', '따르', '일정액', '수수료', '제공', '닥터', '하이퍼', '오메가', '알파', '가격', '링크', '맞춤법', '박사', '초등', '필수', '맞춤법', '따르', '세트', '학년', '미디어', '가격', '링크', '스파오', '아동', '데님', '쇼츠', '세트', '가격', '링크', '루아베', '알러지', '케어', '호텔', '침구', '세트', '가격', '링크', '코멧', '자극', '시그니처', '아기', '티슈', '엠보싱', '가격', '링크', '닥터', '블랭크', '자극', '강아지', '샴푸', '베이비', '파우더', '가격', '링크', '삼성', '전자', '일반', '도어', '냉장고', '방문', '설치', '가격', '링크', '외갓집', '서정리', '부대찌개', '냉동', '가격', '링크', '리빙', '도트', '빨래', '바구니', '건조대', '화이트', '가격', '링크', '라무', '연령', '강아지', '금동', '사료', '가수', '분해', '연어', '가격', '링크', '감사']"
3,2,"#협찬  올리브영 단독! 여에스더 국민영양제 프로젝트! 최대 8,900원 DOWN! 놓칠 수 없는 역대급 세일! 가격은 1만원 이하로! 품질은 굿 👍",,,5,3852,1,2025-06-03 07:31:36,https://www.youtube.com/watch?v=IEJK6p4A59g,#협찬  올리브영 단독 여에스더 국민영양제 프로젝트 최대 8900원 DOWN 놓칠 수 없는 역대급 세일 가격은 1만원 이하로 품질은 굿   ,"['올리브', '단독', '여에스더', '국민', '영양제', '프로젝트', '최대', '놓치', '역대', '세일', '가격', '이하', '품질']"
3,2,"이제 올리브영에서도 고품질 영양제 8,900원!",오늘부터 올리브영에서도 국민영양제를 만나보실 수 있어요💚,,106,17047,27,2025-05-31 00:00:41,https://www.youtube.com/watch?v=dp7GyULPmhI,이제 올리브영에서도 고품질 영양제 8900원 오늘부터 올리브영에서도 국민영양제를 만나보실 수 있어요 ,"['올리브', '품질', '영양제', '오늘', '올리브', '국민', '영양제', '만나']"
3,2,극찬 영양제 들어보셨어요?? #올리브영 #꿀템 #kbeauty #데일리템 #이슈,,,6,1307,1,2025-09-04 22:18:24,https://www.youtube.com/watch?v=bNOEjQRqNK8,극찬 영양제 들어보셨어요 #올리브영 #꿀템 #kbeauty #데일리템 #이슈  ,"['극찬', '영양제']"
3,2,올리브영 액상철분제 하루한포 단골 서포터즈 #shorts #올리브영추천템 #올영추천템 #약국영양제 #액상철분제 #철분제 #아기철분제 #인공와우와함께자라나는아이 #올리브영영양제,,,4,810,0,2025-05-20 10:50:29,https://www.youtube.com/watch?v=YphKmAqCXjw,올리브영 액상철분제 하루한포 단골 서포터즈 #shorts #올리브영추천템 #올영추천템 #약국영양제 #액상철분제 #철분제 #아기철분제 #인공와우와함께자라나는아이 #올리브영영양제  ,"['올리브', '액상', '철분', '하루', '단골', '서포터즈']"
3,2,올영에서 50만원어치 쇼핑? 여홍부부의 찐 추천템 #shorts,,"#여에스더,#홍혜걸,#국민영양프로젝트,#영양제,#올리브영,#제주도,#쇼핑,#esther,#esthertv",18,7259,0,2025-07-31 09:30:33,https://www.youtube.com/watch?v=s-NshSzOl58,올영에서 50만원어치 쇼핑 여홍부부의 찐 추천템 #shorts  #여에스더#홍혜걸#국민영양프로젝트#영양제#올리브영#제주도#쇼핑#esther#esthertv,"['쇼핑', '부부', '추천']"
3,2,“선물하기 좋은 🎁 올리브영 여성유산균 추천”,"올리브영에서 만나는 여성 질 유래 유산균 ✨ 세티밀 15,000개 리뷰가 증명한 인기템으로 임산부도 안심하고 챙길 수 있는 여성유산균이에요. 🎁 선물하기에도 좋은 패키지라 만족도 최고! 매일 아침 한 알, 시작이 달라져요 💊 본 영상은 제작지원받아 제작되었습니다.","#세티밀,#세티밀유산균,#질유래유산균,#여성유산균,#올리브영추천템,#여성영양제,#엘리의픽",2,366,1,2025-09-21 06:20:33,https://www.youtube.com/watch?v=7mneBwfgn0Q,선물하기 좋은  올리브영 여성유산균 추천 올리브영에서 만나는 여성 질 유래 유산균  세티밀 15000개 리뷰가 증명한 인기템으로 임산부도 안심하고 챙길 수 있는 여성유산균이에요  선물하기에도 좋은 패키지라 만족도 최고 매일 아침 한 알 시작이 달라져요  본 영상은 제작지원받아 제작되었습니다 #세티밀#세티밀유산균#질유래유산균#여성유산균#올리브영추천템#여성영양제#엘리의픽,"['선물', '올리브', '여성', '유산균', '추천', '올리브', '만나', '여성', '유래', '유산균', '리뷰', '증명', '인기', '임산부', '안심', '챙기', '여성', '유산균', '선물', '패키지', '만족도', '최고', '아침', '시작', '달라지', '영상', '제작', '지원', '제작']"
3,2,올리브영에서 가성비 영양제 출시!? 하지만 비추천 드리는 이유 #영양제 #영양제추천 #유산균,"올리브영에서 새로 출시한 가성비 5900원 영양제, 추천 드리는 영양제와 비추천 드리는 영양제 정리해드립니다",,10,1548,0,2026-02-24 09:00:44,https://www.youtube.com/watch?v=c2LJBFQb2ag,올리브영에서 가성비 영양제 출시 하지만 비추천 드리는 이유 #영양제 #영양제추천 #유산균 올리브영에서 새로 출시한 가성비 5900원 영양제 추천 드리는 영양제와 비추천 드리는 영양제 정리해드립니다 ,"['올리브', '가성비', '영양제', '출시', '추천', '드리', '이유', '올리브', '출시', '가성비', '영양제', '추천', '드리', '영양제', '추천', '드리', '영양제', '정리', '드리']"
3,2,올리브영 여성질유산균 영양제추천 솔직리뷰,세티밀질유래유산균으로 건강관리 해보자구요🤍 구매링크⬇️ https://smartstore.naver.com/sugarnspice/products/4831835776,"#세티밀,#질유산균,#질유래유산균,#세티밀질유래유산균,#질유산균추천,#유산균추천,#여자유산균추천,#올리브영유산균,#올리브영질유산균,#올영추천,#올리브영추천,#질염,#질염유산균,#세티밀여성유산균,#여성유산균",9,613,0,2026-02-06 12:49:16,https://www.youtube.com/watch?v=QT8fq3yRCec,올리브영 여성질유산균 영양제추천 솔직리뷰 세티밀질유래유산균으로 건강관리 해보자구요 구매링크 httpssmartstorenavercomsugarnspiceproducts4831835776 #세티밀#질유산균#질유래유산균#세티밀질유래유산균#질유산균추천#유산균추천#여자유산균추천#올리브영유산균#올리브영질유산균#올영추천#올리브영추천#질염#질염유산균#세티밀여성유산균#여성유산균,"['올리브', '성질', '유산균', '영양제', '추천', '리뷰', '세티밀', '유래', '유산균', '건강', '관리', '구매', '링크']"
3,2,🙋‍♀️나는 유산균 한 놈만 팬다!!🔥,"친구 셋 모이면 무조건 이 조합이래😂 한명은 각종 영양제 풀세트, 한명은 다이어트에 진심 🙋‍♀️나는 유산균 한 놈만 팬다!! 👉무려 생유산균 50억 CFU 보장! 살아있는 유산균이라고! 구매하기 : http://bit.ly/45RFMiP","#그린몬스터,#GREENMONSTER,#이너블라썸,#직장인,#올리브영,#영양제,#다이어트,#유산균,#질유산균,#장건강,#shorts,#memes,#mood,#health",6,2758,0,2025-10-14 02:30:37,https://www.youtube.com/watch?v=bHK9-PsekZI,나는 유산균 한 놈만 팬다 친구 셋 모이면 무조건 이 조합이래 한명은 각종 영양제 풀세트 한명은 다이어트에 진심 나는 유산균 한 놈만 팬다 무려 생유산균 50억 CFU 보장 살아있는 유산균이라고 구매하기  httpbitly45RFMiP #그린몬스터#GREENMONSTER#이너블라썸#직장인#올리브영#영양제#다이어트#유산균#질유산균#장건강#shorts#memes#mood#health,"['유산균', '친구', '모이', '조합', '각종', '영양제', '세트', '다이어트', '진심', '유산균', '유산균', '보장', '유산균', '구매']"
3,2,"오메가3, 아무거나 먹으면 오히려 독 됩니다: 의사가 성분표로 고른 오메가3 1위 공개🔍 (EPA·DHA·순도·RTG·초임계) 내돈내산 올리브영 쿠팡 추천","📌 오메가3, 아무거나 먹으면 오히려 독이 될 수 있습니다. 오늘 영상에서는 제가 직접 먹어보고 고른내돈내산 오메가3 제품들을 성분표 기준으로 비교했습니다. 📌 오메가3 제품 고르는 기준 10가지 ① 신뢰할 수 있는 원료사 (IFOS·GOED 인증)② 저온 초임계 추출 방식③ 목적에 맞는 동물성/식물성 선택④ EPA+DHA 합 900mg 이상⑤ 순도 75% 이상⑥ RTG 형태⑦ 산패 방지 포장(PVDC 개별 포장)⑧ 비린내(어취) 여부 확인⑨ 캡슐 크기 및 복용 편의성⑩ 장기 복용 가능한 가격대 ✅ 오메가3 선택 체크리스트 ✔ IFOS 또는 GOED 인증 마크가 있는가?✔ EPA+DHA 합이 900mg 이상인가?✔ 오메가3 순도 75% 이상인가?✔ RTG 형태인가?✔ 저온 초임계 추출 방식인가?✔ 개별 포장(PVDC)으로 산패를 잘 막는 구조인가? ✨ 이런 분들 꼭 보세요 * 다이어트 해도 염증살이 안 빠지는 분 * 고지혈증, 혈행 문제 있는 분 * 손발이 차고 저린 분 * 눈이 침침하고 건조한 분 * 집중력·기억력이 떨어진 느낌 드는 분 🔥 이건 글로 보면 잘 감이 안 옵니다제대로 고르고 싶다면 이번 영상 꼭 보고 결정하세요. * RTG vs 일반 오메가3 차이 * 동물성 vs 식물성 선택 기준 * 순도 계산하는 방법 * 비린내 없는 제품 고르는 법 * 의사가 직접 고른 1위 제품 공개 👉오메가3는 잘 고르면혈관·눈·뇌 건강을 평생 관리할 수 있는 필수 영양제입니다. 00:00 인트로 01:40 오메가 3 구매 시 체크리스트 10가지 : 첫 번째 , 좋은 원료사를 확인하기 02:58 오메가 3 구매 시 체크리스트 10가지 : 두 번째, 초임계 추출 방식 선택 04:13 오메가 3 구매 시 체크리스트 10가지 : 세 번째, 동물성VS식물성 06:24 오메가 3 구매 시 체크리스트 10가지 : 네 번째, EPA + DHA함량은 얼마나? 06:38 오메가 3 구매 시 체크리스트 10가지 : 다섯 번째, 순도 75% 이상인 제품 선 07:46 오메가 3 구매 시 체크리스트 10가지 : 여섯 번째, rTG 폼인지를 확인해라 10:53오메가 3 구매 시 체크리스트 10가지 : 일곱 번째, 내포장지가 PVDC인지 확 12:10 오메가 3 구매 시 체크리스트 10가지 : 여덟 번째, 어취가 나는지 확인 13:19오메가 3 구매 시 체크리스트 10가지 : 아홉 번째, 캡슐 크기 14:01 오메가 3 구매 시 체크리스트 10가지 : 열 번째, 제품의 가격 14:30 오메가 3 제품 추천 : 고x은단 식물성 퓨어 알티지 오메가3 기억력+ 16:09 오메가 3 제품 추천 : 건x남의 알래스카 알티지 오메가3 1000 17:49 오메가 3 제품 추천 :담x하루 정품 초임계 알티지 오메가에센스 1000 19:35 오메가 3 제품 추천 : 닥×체크 원퍼데이 맥스 알티지오메가3 21:41 오메가 3 제품 추천 : YxY 폴라초임계 오메가 3 23:16 오메가 3 제품 추천 : 건×남의 알래스카 알티지 오메가3 츄어블 미니 24:54 오메가 3 제품 추천 : 담x하루 초임계 식물유래 알티지 오메가 에센스 1000 26:35 닥터벨이 뽑은 1위 제품은? 28:40 아웃트로 ▶ 출연, 협업, 광고 홍보 및 비즈니스 문의 : dr.bell.sssh@gmail.com ▶ Instagram : https://www.instagram.com/minlee0880/ ▶ Blog : https://blog.naver.com/doctor_bell ▶ Tiktok : https://www.tiktok.com/@dr.bell1 ※ 본 영상은 건강증진을 위해 만들어진 콘텐츠로서 의학적인 진료를 대신할 수 없으며, 정확한 내용은 나의 건강 상태를 진료를 통해 확인할 수 있는 병원을 방문하여, 전문의와의 상담을 통해 결정하시기 바랍니다.","#오메가3,#오메가3추천,#RTG오메가3,#초임계오메가3,#EPA,#DHA,#혈행개선,#올리브영추천,#쿠팡추천,#마켓컬리추천,#의사리뷰,#영양제추천,#제품비교,#다이어트,#면역력,#피부관리,#건강루틴,#내돈내산,#의사리뷰,#영양제추천,#닥터벨,#이종민,#팀닥터",1411,106816,99,2026-02-10 12:42:21,https://www.youtube.com/watch?v=t6OBIqmm508,오메가3 아무거나 먹으면 오히려 독 됩니다 의사가 성분표로 고른 오메가3 1위 공개 EPADHA순도RTG초임계 내돈내산 올리브영 쿠팡 추천  오메가3 아무거나 먹으면 오히려 독이 될 수 있습니다 오늘 영상에서는 제가 직접 먹어보고 고른내돈내산 오메가3 제품들을 성분표 기준으로 비교했습니다  오메가3 제품 고르는 기준 10가지  신뢰할 수 있는 원료사 IFOSGOED 인증 저온 초임계 추출 방식 목적에 맞는 동물성식물성 선택 EPADHA 합 900mg 이상 순도 75 이상 RTG 형태 산패 방지 포장PVDC 개별 포장 비린내어취 여부 확인 캡슐 크기 및 복용 편의성 장기 복용 가능한 가격대  오메가3 선택 체크리스트  IFOS 또는 GOED 인증 마크가 있는가 EPADHA 합이 900mg 이상인가 오메가3 순도 75 이상인가 RTG 형태인가 저온 초임계 추출 방식인가 개별 포장PVDC으로 산패를 잘 막는 구조인가  이런 분들 꼭 보세요  다이어트 해도 염증살이 안 빠지는 분  고지혈증 혈행 문제 있는 분  손발이 차고 저린 분  눈이 침침하고 건조한 분  집중력기억력이 떨어진 느낌 드는 분  이건 글로 보면 잘 감이 안 옵니다제대로 고르고 싶다면 이번 영상 꼭 보고 결정하세요  RTG vs 일반 오메가3 차이  동물성 vs 식물성 선택 기준  순도 계산하는 방법  비린내 없는 제품 고르는 법  의사가 직접 고른 1위 제품 공개 오메가3는 잘 고르면혈관눈뇌 건강을 평생 관리할 수 있는 필수 영양제입니다 0000 인트로 0140 오메가 3 구매 시 체크리스트 10가지  첫 번째  좋은 원료사를 확인하기 0258 오메가 3 구매 시 체크리스트 10가지  두 번째 초임계 추출 방식 선택 0413 오메가 3 구매 시 체크리스트 10가지  세 번째 동물성VS식물성 0624 오메가 3 구매 시 체크리스트 10가지  네 번째 EPA  DHA함량은 얼마나 0638 오메가 3 구매 시 체크리스트 10가지  다섯 번째 순도 75 이상인 제품 선 0746 오메가 3 구매 시 체크리스트 10가지  여섯 번째 rTG 폼인지를 확인해라 1053오메가 3 구매 시 체크리스트 10가지  일곱 번째 내포장지가 PVDC인지 확 1210 오메가 3 구매 시 체크리스트 10가지  여덟 번째 어취가 나는지 확인 1319오메가 3 구매 시 체크리스트 10가지  아홉 번째 캡슐 크기 1401 오메가 3 구매 시 체크리스트 10가지  열 번째 제품의 가격 1430 오메가 3 제품 추천  고x은단 식물성 퓨어 알티지 오메가3 기억력 1609 오메가 3 제품 추천  건x남의 알래스카 알티지 오메가3 1000 1749 오메가 3 제품 추천 담x하루 정품 초임계 알티지 오메가에센스 1000 1935 오메가 3 제품 추천  닥체크 원퍼데이 맥스 알티지오메가3 2141 오메가 3 제품 추천  YxY 폴라초임계 오메가 3 2316 오메가 3 제품 추천  건남의 알래스카 알티지 오메가3 츄어블 미니 2454 오메가 3 제품 추천  담x하루 초임계 식물유래 알티지 오메가 에센스 1000 2635 닥터벨이 뽑은 1위 제품은 2840 아웃트로  출연 협업 광고 홍보 및 비즈니스 문의  drbellssshgmailcom  Instagram  httpswwwinstagramcomminlee0880  Blog  httpsblognavercomdoctorbell  Tiktok  httpswwwtiktokcomdrbell1  본 영상은 건강증진을 위해 만들어진 콘텐츠로서 의학적인 진료를 대신할 수 없으며 정확한 내용은 나의 건강 상태를 진료를 통해 확인할 수 있는 병원을 방문하여 전문의와의 상담을 통해 결정하시기 바랍니다 #오메가3#오메가3추천#RTG오메가3#초임계오메가3#EPA#DHA#혈행개선#올리브영추천#쿠팡추천#마켓컬리추천#의사리뷰#영양제추천#제품비교#다이어트#면역력#피부관리#건강루틴#내돈내산#의사리뷰#영양제추천#닥터벨#이종민#팀닥터,"['오메가', '아무거', '의사', '성분', '고르', '오메가', '공개', '순도', '초임', '올리브', '쿠팡', '추천', '오메가', '아무거', '영상', '고르', '오메가', '제품', '성분', '기준', '비교', '오메가', '제품', '고르', '기준', '가지', '신뢰', '원료', '인증', '저온', '임계', '추출', '방식', '목적', '동물', '식물', '선택', '이상', '순도', '이상', '형태', '산패', '방지', '포장', '개별', '포장', '비린내', '어취', '여부', '확인', '캡슐', '크기', '복용', '편의', '장기', '복용', '가능', '가격대', '오메가', '선택', '체크', '리스트', '인증', '마크', '이상', '오메가', '순도', '이상', '형태', '저온', '임계', '추출', '방식', '개별', '포장', '산패', '구조', '다이어트', '염증', '빠지', '고지혈증', '문제', '손발', '저리', '건조', '집중', '기억력', '떨어지', '느낌', '이거', '고르', '이번', '영상', '결정', '일반', '오메가', '차이', '동물', '식물', '선택', '기준', '순도', '계산', '방법', '비린내', '제품', '고르', '의사', '고르', '제품', '공개', '오메가', '고르', '혈관', '건강', '평생', '관리', '필수', '영양제', '인트', '오메가', '구매', '체크', '리스트', '가지', '원료', '확인', '오메가', '구매', '체크', '리스트', '가지', '임계', '추출', '방식', '선택', '오메가', '구매', '체크', '리스트', '가지', '동물', '식물', '오메가', '구매', '체크', '리스트', '가지', '함량', '오메가', '구매', '체크', '리스트', '가지', '다섯', '순도', '이상', '제품', '오메가', '구매', '체크', '리스트', '가지', '여섯', '확인', '오메가', '구매', '체크', '리스트', '가지', '일곱', '포장지', '오메가', '구매', '체크', '리스트', '가지', '여덟', '어취', '확인', '오메가', '구매', '체크', '리스트', '가지', '아홉', '캡슐', '크기', '오메가', '구매', '체크', '리스트', '가지', '제품', '가격', '오메가', '제품', '추천', '식물', '퓨어', '알티', '오메가', '기억력', '오메가', '제품', '추천', '알래스카', '오메가', '오메가', '제품', '추천', '하루', '정품', '초임', '알티', '오메가', '에센스', '오메가', '제품', '추천', '닥체크', '데이', '맥스', '알티', '오메가', '오메가', '제품', '추천', '폴라', '초임', '오메가', '오메가', '제품', '추천', '알래스카', '오메가', '츄어블', '미니', '오메가', '제품', '추천', '하루', '초임', '식물', '유래', '오메가', '에센스', '닥터', '제품', '아웃트', '출연', '협업', '광고', '홍보', '비즈니스', '문의', '영상', '건강', '증진', '위하', '만들', '콘텐츠', '의학', '진료', '대신', '정확', '내용', '건강', '상태', '진료', '통하', '확인', '병원', '방문', '전문의', '상담', '통하', '결정', '바라']"
3,2,글루타치온 TOP 5 중 약사가 선택한 1위는!?,"글루타치온의 효과를 제대로 기대하려면, 제품 고르실 때 꼭 확인하셔야 할 한 가지가 있습니다. 그건 바로 글루타치온 ‘순함량’입니다. 그런데 문제는, 이 순함량을 확인하는 게 생각보다 정말 어렵다는 거예요. 그래서 제가 직접! 2025년 기준으로 가장 많이 여쭤보시는 인기 제품 5종. 여에스더, 뉴트리코어, 비비랩, 암웨이, 프로메드 제품의 순함량을 전부 계산해 왔습니다.","#홍신영약사,#글루타치온,#글루타치온추천,#글루타치온순위,#리포좀글루타치온,#글루타치온필름,#올리브영글루타치온,#여에스더,#여에스더글루타치온,#뉴트리코어,#뉴트리코어글루타치온,#비비랩,#비비랩글루타치온,#암웨이,#암웨이글루타치온,#프로메드,#프로메드글루타치온,#글루타치온효과,#블루타치온효능,#글루타치온영양제,#글루타치온후기,#shorts",496,55932,43,2025-06-15 08:15:00,https://www.youtube.com/watch?v=31eYIsMFeYY,글루타치온 TOP 5 중 약사가 선택한 1위는 글루타치온의 효과를 제대로 기대하려면 제품 고르실 때 꼭 확인하셔야 할 한 가지가 있습니다 그건 바로 글루타치온 순함량입니다 그런데 문제는 이 순함량을 확인하는 게 생각보다 정말 어렵다는 거예요 그래서 제가 직접 2025년 기준으로 가장 많이 여쭤보시는 인기 제품 5종 여에스더 뉴트리코어 비비랩 암웨이 프로메드 제품의 순함량을 전부 계산해 왔습니다 #홍신영약사#글루타치온#글루타치온추천#글루타치온순위#리포좀글루타치온#글루타치온필름#올리브영글루타치온#여에스더#여에스더글루타치온#뉴트리코어#뉴트리코어글루타치온#비비랩#비비랩글루타치온#암웨이#암웨이글루타치온#프로메드#프로메드글루타치온#글루타치온효과#블루타치온효능#글루타치온영양제#글루타치온후기#shorts,"['약사', '선택', '효과', '기대', '제품', '고르', '확인', '가지', '그거', '함량', '문제', '함량', '확인', '생각', '어렵', '기준', '여쭤보', '인기', '제품', '여에스더', '뉴트리코어', '비비랩', '암웨이', '프로', '제품', '함량', '계산']"
3,2,"여에스더 올리브영 세일 추천템 국민영양제 ""멀티비타민, 어린콜라겐 레티놀A, 유산균 화이트""",,,1,746,0,2025-06-02 13:59:35,https://www.youtube.com/watch?v=U7hAN4vAwaY,여에스더 올리브영 세일 추천템 국민영양제 멀티비타민 어린콜라겐 레티놀A 유산균 화이트  ,"['여에스더', '올리브', '세일', '추천', '국민', '영양제', '멀티', '비타민', '어리', '콜라겐', '레티노', '유산균', '화이트']"
3,2,홍혜걸 올리브영 첫 방문 (폭주하는 홍쪽이) #shorts,,"#여에스더,#홍혜걸,#국민영양프로젝트,#영양제,#에스더몰,#올리브영,#esther,#esthertv",8,2210,0,2025-07-30 09:30:36,https://www.youtube.com/watch?v=tjQ8aPsEGhE,홍혜걸 올리브영 첫 방문 폭주하는 홍쪽이 #shorts  #여에스더#홍혜걸#국민영양프로젝트#영양제#에스더몰#올리브영#esther#esthertv,"['올리브', '방문', '폭주']"
3,2,국민영양제만 빼고 다 사온 홍혜걸 올영 언박싱 #shorts,,"#여에스더,#홍혜걸,#국민영양프로젝트,#국민영양제,#영양제,#올리브영,#올리브영추천템,#제주도,#에스더몰,#esther,#esthertv",150,11360,1,2025-07-27 09:01:19,https://www.youtube.com/watch?v=ua6p8mxbbC4,국민영양제만 빼고 다 사온 홍혜걸 올영 언박싱 #shorts  #여에스더#홍혜걸#국민영양프로젝트#국민영양제#영양제#올리브영#올리브영추천템#제주도#에스더몰#esther#esthertv,"['국민', '영양제']"
3,2,#니드인 #needin #니드인건강수호신 #니드인먹부적 #건강식품추천 #친구선물 #부모님선물 #2만원대선물 #영양제추천 #건강관리 #원데이루틴 #데일리루틴 #올리브영 #자기관리,,,2,105,0,2025-08-25 14:52:21,https://www.youtube.com/watch?v=6_wgFNzzrdA,#니드인 #needin #니드인건강수호신 #니드인먹부적 #건강식품추천 #친구선물 #부모님선물 #2만원대선물 #영양제추천 #건강관리 #원데이루틴 #데일리루틴 #올리브영 #자기관리  ,[]
3,2,새로운 웰니스 브랜드 올리브베러 방문 후기 #영양제 #웰니스라이프 #올리브영,올리브영의 새로운 브랜드가 런칭됐다는데,,19,1140,0,2026-02-06 04:50:14,https://www.youtube.com/watch?v=28pZo6FJw00,새로운 웰니스 브랜드 올리브베러 방문 후기 #영양제 #웰니스라이프 #올리브영 올리브영의 새로운 브랜드가 런칭됐다는데 ,"['새롭', '니스', '브랜드', '올리브', '방문', '후기', '올리브', '새롭', '브랜드', '런칭']"
3,2,올영세일추천템! 여에스더 국민영양제 #영양제추천 #올영세일 #올영세일추천템 #여에스더 #국민영양제 #20대영양제 #건강식품,"올리브영에 [국민영양제]가 나왔어요.ᐟ.ᐟ 영양대통령 여에스더 박사님이 국민 건강을 위해 1만원 이하로 [국민영양제]를 만들었는데 직접 배합해서 제품 퀄리티는 말할 것도 없고, 누구나 부담없이 먹을 수 있도록 가격을 낮추기 위해 제조사 네고까지 직접 하셨다고 해요😳 여에스더 박사님이 직접 배합에 참여한 프리미엄 영양제가 단돈 “8900원“으로 판매되고 있대요 .ᐟ.ᐟ 저는 자취러로써 영양제를 사먹기엔 너무 비싸고 부담되지만 그렇다고 먹지 않기에는 날이 갈수록 떨어지는 체력과 밥을 잘 챙겨먹기 힘든 이슈로 영양제를 꼭 먹어야겠다 생각만하고 있었는데 마침 여에스더 박사님의 국민영양제가 올리브영에 입점했다는 소식을 들어버렸지 뭐예요 .ᐟ.ᐟ 여에스더 박사님이 제조에 참여하고 올리브영 입점까지 게다가 올영세일 기간이라 3-4만원은 줘야 사먹을 수 있는 프리미엄 영양제를 8,900원에 먹을 수 있다면 안 먹을 이유가 없잖아요 ㅜ.ㅜ 여러분 당장 올리브영으로 달려가서 좋은 성분에 착한 가격인 국민영양제 구매해보세요 .ᐟ.ᐟ ✔ 국민영양제 멀티비타민: 지친 현대인들에게 꼭 필요한 비타민B가 고함량으로 들어있는데 8,900원 ✔ 국민영양제 콜라겐: 대한민국에 3.4%밖에 없다는 기능성 콜라겐이 8,900원 ✔ 국민영양제 유산균 화이트: 그냥 유산균도 아니고 '건강한 한국 여성 질 유래 유산균'이 9,900원 ✔ 국민영양제 멀티비타민: 지친 현대인들에게 꼭 필요한 비타민 은 올리브영 온라인 몰, 오프라인 몰에서 구매 가능해요🫶🏻 국민영양제","#제품협찬,#여에스더,#올영세일추천,#올영세일,#에스더포뮬러#국민영양프로젝트,#올영세일영양제",0,100,0,2025-06-06 00:06:46,https://www.youtube.com/watch?v=1Id7KKfQhAY,올영세일추천템 여에스더 국민영양제 #영양제추천 #올영세일 #올영세일추천템 #여에스더 #국민영양제 #20대영양제 #건강식품 올리브영에 국민영양제가 나왔어요 영양대통령 여에스더 박사님이 국민 건강을 위해 1만원 이하로 국민영양제를 만들었는데 직접 배합해서 제품 퀄리티는 말할 것도 없고 누구나 부담없이 먹을 수 있도록 가격을 낮추기 위해 제조사 네고까지 직접 하셨다고 해요 여에스더 박사님이 직접 배합에 참여한 프리미엄 영양제가 단돈 8900원으로 판매되고 있대요  저는 자취러로써 영양제를 사먹기엔 너무 비싸고 부담되지만 그렇다고 먹지 않기에는 날이 갈수록 떨어지는 체력과 밥을 잘 챙겨먹기 힘든 이슈로 영양제를 꼭 먹어야겠다 생각만하고 있었는데 마침 여에스더 박사님의 국민영양제가 올리브영에 입점했다는 소식을 들어버렸지 뭐예요  여에스더 박사님이 제조에 참여하고 올리브영 입점까지 게다가 올영세일 기간이라 34만원은 줘야 사먹을 수 있는 프리미엄 영양제를 8900원에 먹을 수 있다면 안 먹을 이유가 없잖아요  여러분 당장 올리브영으로 달려가서 좋은 성분에 착한 가격인 국민영양제 구매해보세요   국민영양제 멀티비타민 지친 현대인들에게 꼭 필요한 비타민B가 고함량으로 들어있는데 8900원  국민영양제 콜라겐 대한민국에 34밖에 없다는 기능성 콜라겐이 8900원  국민영양제 유산균 화이트 그냥 유산균도 아니고 건강한 한국 여성 질 유래 유산균이 9900원  국민영양제 멀티비타민 지친 현대인들에게 꼭 필요한 비타민 은 올리브영 온라인 몰 오프라인 몰에서 구매 가능해요 국민영양제 #제품협찬#여에스더#올영세일추천#올영세일#에스더포뮬러#국민영양프로젝트#올영세일영양제,"['세일', '추천', '여에스더', '국민', '영양제', '올리브', '국민', '영양제', '나오', '영양', '대통령', '여에스더', '박사', '국민', '건강', '위하', '이하', '국민', '영양제', '만들', '배합', '제품', '퀄리티', '누구', '부담', '가격', '낮추', '위하', '제조사', '네고', '여에스더', '박사', '배합', '참여', '프리미엄', '영양제', '단돈', '판매', '자취러로써', '영양제', '비싸', '부담', '그렇', '떨어지', '체력', '챙기', '힘들', '이슈', '영양제', '생각', '여에스더', '박사', '국민', '영양제', '올리브', '입점', '소식', '버리', '여에스더', '박사', '제조', '참여', '올리브', '입점', '세일', '기간', '프리미엄', '영양제', '이유', '여러분', '당장', '올리브', '달려가', '성분', '착하', '가격', '국민', '영양제', '구매', '국민', '영양제', '멀티', '비타민', '지치', '현대인', '필요', '비타민', '함량', '국민', '영양제', '콜라겐', '대한민국', '기능', '콜라겐', '국민', '영양제', '유산균', '화이트', '유산균', '아니', '건강', '한국', '여성', '유래', '유산균', '국민', '영양제', '멀티', '비타민', '지치', '현대인', '필요', '비타민', '올리브', '온라인', '오프라인', '구매', '가능', '국민', '영양제']"
3,2,이 영양제 보시면 꼭 구매해두세요! 올리브영 5900원 영양제 추천 3가지 #영양제 #영양제추천 #비타민d,이 영양제 보시면 꼭 구매해두세요! 올리브영 5900원 영양제 추천 3가지,,18,1462,0,2026-02-25 10:50:31,https://www.youtube.com/watch?v=kgRjV9tV5dY,이 영양제 보시면 꼭 구매해두세요 올리브영 5900원 영양제 추천 3가지 #영양제 #영양제추천 #비타민d 이 영양제 보시면 꼭 구매해두세요 올리브영 5900원 영양제 추천 3가지 ,"['영양제', '구매', '올리브', '영양제', '추천', '가지', '영양제', '구매', '올리브', '영양제', '추천', '가지']"
3,2,올리브영 추천템ㅣ매일 피곤하다면 주목ㅣ영양제 추천ㅣ마그랩ㅣ포스트레스ㅣ마칼디 #광고,안녕하세요 코코제이 입니다 오늘도 시청 해 주셔서 감사합니다 🎀ॣ•͈з•͈ ॣ ✧ 제품 구매 링크 - https://vo.la/ZIJiYh -https://vo.la/IrLOde ⓒ 2024-2025. Cocoj's Day All rights reserved 𝐁𝐮𝐬𝐢𝐧𝐞𝐬𝐬 𝐂𝐨𝐧𝐭𝐚𝐜𝐭: hellomj511@naver.com 올리브영 추천템ㅣ매일 피곤하다면 주목ㅣ영양제 추천ㅣ마그랩ㅣ포스트레스ㅣ마칼디,#광고,5,405,0,2025-05-16 13:43:53,https://www.youtube.com/watch?v=vQX0qguzBA0,올리브영 추천템매일 피곤하다면 주목영양제 추천마그랩포스트레스마칼디 #광고 안녕하세요 코코제이 입니다 오늘도 시청 해 주셔서 감사합니다    제품 구매 링크  httpsvolaZIJiYh httpsvolaIrLOde  20242025 Cocojs Day All rights reserved   hellomj511navercom 올리브영 추천템매일 피곤하다면 주목영양제 추천마그랩포스트레스마칼디 #광고,"['올리브', '추천', '피곤', '주목', '영양제', '추천마그랩포스트레스마칼디', '안녕', '코코제이', '오늘', '시청', '감사', '제품', '구매', '링크', '올리브', '추천', '피곤', '주목', '영양제', '추천마그랩포스트레스마칼디']"
3,2,#올영세일 영양제 추천💗(girls를 위한..) 가성비 있는 질 유래 유산균!,,"#그린몬스터,#이너블라썸,#올리브영유산균,#올리브영유산균추천,#유산균추천,#여성유산균,#질유래특허유산균,#올영추천템,#코덕#코덕맞팔#좋반#좋아요#like#likesforlike#followforfollowback#いいね返します,#motd#ootd#daily#fyp#올영#올영세일",14,7672,7,2025-06-05 14:33:23,https://www.youtube.com/watch?v=_F6cymiao74,#올영세일 영양제 추천girls를 위한 가성비 있는 질 유래 유산균  #그린몬스터#이너블라썸#올리브영유산균#올리브영유산균추천#유산균추천#여성유산균#질유래특허유산균#올영추천템#코덕#코덕맞팔#좋반#좋아요#like#likesforlike#followforfollowback##motd#ootd#daily#fyp#올영#올영세일,"['영양제', '추천', '위하', '가성비', '유래', '유산균']"
3,2,"건강프로그램 방송작가가 추천하는 영양제, 의사쌤들하고 수다떨다 들은 영양제 허와실!!!!",20+@년 차 방송작가가 추천하는 40대 필수 영양제! 피곤하고 나른하고 괜히 기분탓? 먹어야 하는 영양제 종류별로 추천해봤습니다 영양제 먹고 건강하고 활기차게 살아봅시당 . .,"#영양제,#영양제추천,#40대추천영양제,#영양제정보,#올리브영영양제,#올리브영영양제추천,#피로회복영양제,#유산균추천,#약국영양제,#내돈내산,#영양제복용법,#30대영양제,#20대영양제,#데일리영양제,#간영양제,#비타민C,#비타민C추천",4,62,1,2026-04-14 11:35:37,https://www.youtube.com/watch?v=7SY5RWywtYc,건강프로그램 방송작가가 추천하는 영양제 의사쌤들하고 수다떨다 들은 영양제 허와실 20년 차 방송작가가 추천하는 40대 필수 영양제 피곤하고 나른하고 괜히 기분탓 먹어야 하는 영양제 종류별로 추천해봤습니다 영양제 먹고 건강하고 활기차게 살아봅시당   #영양제#영양제추천#40대추천영양제#영양제정보#올리브영영양제#올리브영영양제추천#피로회복영양제#유산균추천#약국영양제#내돈내산#영양제복용법#30대영양제#20대영양제#데일리영양제#간영양제#비타민C#비타민C추천,"['건강', '프로그램', '방송', '작가', '추천', '영양제', '의사', '수다', '영양제', '방송', '작가', '추천', '필수', '영양제', '피곤', '기분', '영양제', '종류', '추천', '영양제', '건강', '활기차']"
3,2,파워퍼프걸x여에스더 #파워퍼프걸팝업 #홍대팝업 #9월홍대팝업 #팝업스토어 #파워퍼프걸 #영양제 #올리브영 #올리브영홍대타운점,,,0,243,0,2025-09-07 04:01:05,https://www.youtube.com/watch?v=wHF9Hzb8cmw,파워퍼프걸x여에스더 #파워퍼프걸팝업 #홍대팝업 #9월홍대팝업 #팝업스토어 #파워퍼프걸 #영양제 #올리브영 #올리브영홍대타운점  ,"['파워', '퍼프', '여에스더']"
3,2,#이채영유산균 #유산균 #다이어트유산균 #쇼츠,제품 정보는 아래 링크 https://bit.ly/4pj1rsS,"#다이어트,#한선화유산균,#영양제,#올영추천템",0,47,1,2025-12-20 20:22:45,https://www.youtube.com/watch?v=Jd5HtLTsYrI,#이채영유산균 #유산균 #다이어트유산균 #쇼츠 제품 정보는 아래 링크 httpsbitly4pj1rsS #다이어트#한선화유산균#영양제#올영추천템,"['제품', '정보', '아래', '링크']"
3,2,재조명되고 있는 한선화 팬미팅 역조공 #유산균#다이어트유산균#다이어트#한선화유산균 #추천템 #건강 #영양제 #올영추천템 #영양제추천 #변비,💎 영상 속 나오는 제품 정보 💎 ✅ http://bit.ly/4q5Alq2,"#유산균#다이어트유산균#다이어트#한선화유산균,#추천템,#건강,#영양제,#올영추천템,#영양제추천,#변비",0,32,1,2025-11-11 04:37:06,https://www.youtube.com/watch?v=RHsI84myzH4,재조명되고 있는 한선화 팬미팅 역조공 #유산균#다이어트유산균#다이어트#한선화유산균 #추천템 #건강 #영양제 #올영추천템 #영양제추천 #변비  영상 속 나오는 제품 정보   httpbitly4q5Alq2 #유산균#다이어트유산균#다이어트#한선화유산균#추천템#건강#영양제#올영추천템#영양제추천#변비,"['조명', '한선화', '미팅', '영상', '나오', '제품', '정보']"
3,2,올리브영 루테인 추천 👀 눈 피로 영양제 직접 구매 후기,"요즘 스마트폰과 컴퓨터 사용이 많아지면서 눈 피로가 심해져서 올리브영에서 루테인 영양제를 직접 구매해봤어요 👀 루테인, 지아잔틴, 아스타잔틴이 함께 들어 있어 눈 건강을 복합적으로 관리할 수 있고, 개별포장이라 휴대하기도 편해서 꾸준히 챙겨 먹기 좋았습니다. ✔ 실제 섭취 후기 ✔ 장점 및 단점 ✔ 구매 정보 자세한 후기는 블로그에 정리해두었습니다 😊 👉 블로그 바로가기 https://m.blog.naver.com/0620jj/224188027653","#올리브영루테인,#루테인추천,#눈영양제,#눈건강,#영양제추천,#쇼츠,#shorts",0,212,1,2026-02-20 05:41:09,https://www.youtube.com/watch?v=_PBNB6KQaFU,올리브영 루테인 추천  눈 피로 영양제 직접 구매 후기 요즘 스마트폰과 컴퓨터 사용이 많아지면서 눈 피로가 심해져서 올리브영에서 루테인 영양제를 직접 구매해봤어요  루테인 지아잔틴 아스타잔틴이 함께 들어 있어 눈 건강을 복합적으로 관리할 수 있고 개별포장이라 휴대하기도 편해서 꾸준히 챙겨 먹기 좋았습니다  실제 섭취 후기  장점 및 단점  구매 정보 자세한 후기는 블로그에 정리해두었습니다   블로그 바로가기 httpsmblognavercom0620jj224188027653 #올리브영루테인#루테인추천#눈영양제#눈건강#영양제추천#쇼츠#shorts,"['올리브', '루테', '추천', '피로', '영양제', '구매', '후기', '요즘', '스마트폰', '컴퓨터', '사용', '피로', '심하', '올리브', '루테', '영양제', '구매', '루테', '지아', '스타', '건강', '복합', '관리', '개별', '포장', '휴대', '편하', '챙기', '실제', '섭취', '후기', '장점', '단점', '구매', '정보', '후기', '블로그', '정리', '블로그']"
3,2,#올리브베러 방문. #헬스케어 #영양제 #간식 #차 다양한 상품 많음. #초보브이로그,,,2,478,0,2026-02-15 13:33:25,https://www.youtube.com/watch?v=ZMGFiFIkn40,#올리브베러 방문 #헬스케어 #영양제 #간식 #차 다양한 상품 많음 #초보브이로그  ,"['방문', '다양', '상품']"
3,2,올리브영 영양제 추천! #올리브영 #올리브영추천템,,,3,1490,0,2026-02-28 07:08:30,https://www.youtube.com/watch?v=aYy8dIE3A6w,올리브영 영양제 추천 #올리브영 #올리브영추천템  ,"['올리브', '영양제', '추천']"
3,2,#요가강사 가 추천하는 영양제! 마그랩 포 에너지💜 #올리브영추천템 #올리브영 #영양제 #영양제추천 #요가,,,106,13695,10,2025-12-06 08:30:46,https://www.youtube.com/watch?v=t7kPkbnNdN0,#요가강사 가 추천하는 영양제 마그랩 포 에너지 #올리브영추천템 #올리브영 #영양제 #영양제추천 #요가  ,"['추천', '영양제', '에너지']"
3,2,신입 마케터의 올리브베러 방문기 | 메디트리,"신입 마케터의 일탈😎 오늘 처음으로 외근나갔어요! 📍광화문 올리브베러점에 메디트리 제품 입점 췍~! 🛒 • 이뮨 원샷 올인원 멀티비타민 • 당케어 앤 유산균 • 애사비 클렌즈 • 순 유기농 레몬즙 • 포켓 콤부 파인애플 효소 자기관리에 진심인사람?🙆‍♂️ 3월부터 웰니스 실천하고 싶다면 올리브베러 방문하셔서 메디트리를 만나보세요!🤍 👉🏻 특가 구매하기 https://www.meditree.kr/goods/goods_view.php?goodsNo=10000006212&utm_source=youtube&utm_medium=display&utm_campaign=Immune 📞전화문의 1588-2415 💊 공식쇼핑몰 https://www.meditree.kr/?utm_source=youtube&utm_medium=display&utm_campaign=Immune ୨┈┈┈┈┈ ✧ ┈┈┈┈┈୧ We are wellness life brand. 건강한 나무가 뿌리를 내리면 더 오래도록 튼튼하게 자라나듯, 건강한 당신의 몸이 어제보다 더 나은 일상을 누릴 수 있도록 메디트리는 늘 기본을 지키겠습니다","#올리브영,#올리브베러,#올리브영추천템,#올리브영세일,#올리브영추천,#영양제추천,#영양제선물,#영양제,#가족선물",10,1394,0,2026-03-13 06:40:29,https://www.youtube.com/watch?v=R2faHeXhwYQ,신입 마케터의 올리브베러 방문기  메디트리 신입 마케터의 일탈 오늘 처음으로 외근나갔어요 광화문 올리브베러점에 메디트리 제품 입점 췍   이뮨 원샷 올인원 멀티비타민  당케어 앤 유산균  애사비 클렌즈  순 유기농 레몬즙  포켓 콤부 파인애플 효소 자기관리에 진심인사람 3월부터 웰니스 실천하고 싶다면 올리브베러 방문하셔서 메디트리를 만나보세요  특가 구매하기 httpswwwmeditreekrgoodsgoodsviewphpgoodsNo10000006212utmsourceyoutubeutmmediumdisplayutmcampaignImmune 전화문의 15882415  공식쇼핑몰 httpswwwmeditreekrutmsourceyoutubeutmmediumdisplayutmcampaignImmune    We are wellness life brand 건강한 나무가 뿌리를 내리면 더 오래도록 튼튼하게 자라나듯 건강한 당신의 몸이 어제보다 더 나은 일상을 누릴 수 있도록 메디트리는 늘 기본을 지키겠습니다 #올리브영#올리브베러#올리브영추천템#올리브영세일#올리브영추천#영양제추천#영양제선물#영양제#가족선물,"['신입', '마케터', '올리브', '방문', '메디', '트리', '신입', '마케터', '일탈', '오늘', '처음', '외근', '나가', '광화문', '올리브', '메디', '트리', '제품', '입점', '이뮨', '인원', '멀티', '비타민', '케어', '유산균', '애사비', '렌즈', '유기농', '레몬', '포켓', '콤부', '파인애플', '효소', '자기', '관리', '진심', '사람', '웰니스', '실천', '올리브', '방문', '메디', '트리', '만나', '특가', '구매', '전화', '문의', '공식', '쇼핑몰', '건강', '나무', '뿌리', '내리', '자라나', '건강', '당신', '어제', '일상', '누리', '메디', '트리', '기본', '지키']"
3,2,광화문 D타워에 새로 생긴 올리브베러 (OLIVE BETTER) 다녀왔어요. #올리브베러 #올리브영 #광화문 #D타워 #웰니스 #이너뷰 티 #영양제 #헬시라이프,,,4,1167,0,2026-02-17 05:26:07,https://www.youtube.com/watch?v=js794cBeYUY,광화문 D타워에 새로 생긴 올리브베러 OLIVE BETTER 다녀왔어요 #올리브베러 #올리브영 #광화문 #D타워 #웰니스 #이너뷰 티 #영양제 #헬시라이프  ,"['광화문', '타워', '생기', '올리브', '다녀오']"
3,2,연예인 채중관리 비결 한선화 다이어트 유산균 영양제 #유산균#다이어트유산균#다이어트#한선화유산균 #추천템 #건강 #영양제 #올영추천템 #영양제추천 #변비,💎 영상 속 나오는 제품 정보 💎 ✅http://bit.ly/4q5Alq2,,10,2694,2,2025-11-10 15:09:56,https://www.youtube.com/watch?v=RQyzFvxYmxc,연예인 채중관리 비결 한선화 다이어트 유산균 영양제 #유산균#다이어트유산균#다이어트#한선화유산균 #추천템 #건강 #영양제 #올영추천템 #영양제추천 #변비  영상 속 나오는 제품 정보  httpbitly4q5Alq2 ,"['연예인', '채중', '관리', '비결', '한선화', '다이어트', '유산균', '영양제', '영상', '나오', '제품', '정보']"
3,2,간식처럼 먹는 오메가3🫢 비린맛 그게 뭐죠..? #오메가3 #올리브영추천템 #건강루틴 #오메가3츄어블 #젤리영양제 #영양제추천,"✦ 본 영상에는 닥터브라이언의 유료광고가 포함되어 있습니다. ✦ 본 콘텐츠[초상,성명,영상,캡쳐 등]에 대한 무단 도용, 배포 및 협의되지 않은 상업적/광고 목적의 사용을 금합니다. 안녕하세요 여러분 오늘은 영양제를 가져왔어요! 이 젤리처럼 생긴게 바로 오메가3인데요 알약 못먹는 저도 이걸로 건강루틴 시작했어요☺️ 여러분들도 한번 먹어보세용! 그럼 다음영상에서 만나요 안녕👋","#오메가3,#오메가3츄어블,#올리브영오메가3,#올리브영추천템,#건강루틴,#올영추천템,#올리브영영양제,#구미영양제,#영양제추천,#젤리영양제",11,832,0,2025-08-23 01:00:56,https://www.youtube.com/watch?v=t_FhyYYcYQY,간식처럼 먹는 오메가3 비린맛 그게 뭐죠 #오메가3 #올리브영추천템 #건강루틴 #오메가3츄어블 #젤리영양제 #영양제추천  본 영상에는 닥터브라이언의 유료광고가 포함되어 있습니다  본 콘텐츠초상성명영상캡쳐 등에 대한 무단 도용 배포 및 협의되지 않은 상업적광고 목적의 사용을 금합니다 안녕하세요 여러분 오늘은 영양제를 가져왔어요 이 젤리처럼 생긴게 바로 오메가3인데요 알약 못먹는 저도 이걸로 건강루틴 시작했어요 여러분들도 한번 먹어보세용 그럼 다음영상에서 만나요 안녕 #오메가3#오메가3츄어블#올리브영오메가3#올리브영추천템#건강루틴#올영추천템#올리브영영양제#구미영양제#영양제추천#젤리영양제,"['간식', '오메가', '비리', '그것', '영상', '닥터', '브라이언', '유료', '광고', '포함', '콘텐츠', '초상', '성명', '영상', '대하', '무단', '도용', '배포', '협의', '상업', '광고', '목적', '사용', '금하', '안녕', '여러분', '오늘', '영양제', '가져오', '젤리', '생기', '오메가', '알약', '건강', '루틴', '시작', '여러분', '다음', '영상', '만나']"
3,2,덴프스 덴마크 유산균 이야기 여의도 IFC몰 올리브영 구매,"올리브영에서 많이 보이던 유산균, 직접 먹어봤다 덴프스 덴마크 유산균 이야기 ✔ 이런 사람 추천 * 유산균 꾸준히 챙겨먹고 싶은 사람 * 간편하게 먹는 제품 찾는 사람 * 올리브영 인기 제품 궁금했던 사람 👉 제품 보러가기 https://link.coupang.com/a/d6faj1 이 포스팅은 쿠팡 파트너스 활동의 일환으로, 이에 따른 일정액의 수수료를 제공받습니다.","#유산균,#덴프스,#올리브영추천,#건강기능식품,#장건강,#영양제,#쿠팡추천",1,191,1,2026-03-17 13:17:34,https://www.youtube.com/watch?v=w3KTKbLDm-0,덴프스 덴마크 유산균 이야기 여의도 IFC몰 올리브영 구매 올리브영에서 많이 보이던 유산균 직접 먹어봤다 덴프스 덴마크 유산균 이야기  이런 사람 추천  유산균 꾸준히 챙겨먹고 싶은 사람  간편하게 먹는 제품 찾는 사람  올리브영 인기 제품 궁금했던 사람  제품 보러가기 httpslinkcoupangcomad6faj1 이 포스팅은 쿠팡 파트너스 활동의 일환으로 이에 따른 일정액의 수수료를 제공받습니다 #유산균#덴프스#올리브영추천#건강기능식품#장건강#영양제#쿠팡추천,"['덴프스', '덴마크', '유산균', '이야기', '여의도', '올리브', '구매', '올리브', '보이', '유산균', '덴프스', '덴마크', '유산균', '이야기', '사람', '추천', '유산균', '챙기', '사람', '간편하', '제품', '사람', '올리브', '인기', '제품', '사람', '제품', '포스팅', '쿠팡', '파트너스', '활동', '일환', '따르', '일정액', '수수료', '제공']"
3,2,51종의 단백질 쉐이크를 직접 먹고 리뷰합니다! 프로틴 쉐이크 리뷰 2탄 두둥!🧐/ 내돈내산 / 제품리뷰/ 다이어트 식단 올리브영 쿠팡 마켓컬리 쇼핑 닥터벨 추천템 닥터벨 이종민,"안녕하세요~ 닥터벨 이종민입니다! 단백질 쉐이크 리뷰 2탄으로 다시 돌아왔습니다! ✌️벌써 이전 콘텐츠를 올린 지 1년 정도가 지났더라고요. 단백질 쉐이크 1탄 https://youtu.be/SDV5-2MYSxg 그동안 “다음 리뷰 언제 나와요?” ""이 제품은 어때요? 저 제품은 어때요?""하고 기다려주신 분들 정말 감사해요 💛 이번에는 그냥 몇 개가 아니라,👉 무려 51종의 단백질 쉐이크를 직접 먹어보고 다이어트할 때 어떤 기준으로 골라야 하는지제 기준으로 솔직하게 비교·정리해봤어요 🥤 단순히 맛만 보는 게 아니라✔️ 단백질 함량은 충분한지✔️ 단백질 종류와 구성은 어떤지✔️ 포만감과 소화는 괜찮은지✔️ 비타민·미네랄이 과하지는 않은지하나하나 따져보면서 리뷰했습니다 👀 올리브영과 쿠팡에서 잘 팔리고 있는 제품들! 그리고 댓글로 많은 분들이 추천해주셨던 제품들을 모두 직접 내돈내산으로 구매 후 철저히 비교 정리한 리뷰입니다. 또 단백질 쉐이크로 다이어트할 때 많이 놓치기 쉬운 염분, 식이섬유, 변비, 섭취량 주의점까지 정리해두었어요! 51종을 기준으로 정리한 단백질 쉐이크 추천 지표 그래프도 있으니까구매 전에 꼭 참고해보세요 😊 단백질 쉐이크 고르기 고민되셨던 분들께이번 영상이 도움이 되길 바라요 💪✨ 00:00 인트로-하이라이트 00:00 51종의 단백질 쉐이크 리뷰 2탄으로 돌아왔습니다! 01:11 쉐이크 베이비 04:16 YOUNGRANU 04:59 프로티원 05:32 베노프 06:07 프롬잇 06:55 오늘로 07:23 헐그리믹서클래식 딸기요거트 08:43 크런틴 09:18 티젠 오리지널 요거트 09:41 오그래 햄프씨드 흑임자 10:33 홀블렌딩 11:17 그린스 아보카도 11:51 단백하니 12:20 플라이밀 13:18 딜라이트 14:03 밀잇 15:10 스위치온 15:44 더 단백 곡물 16:28 마이너스 쉐이크 요거트 17:23 컷슬린 버터쉐이크 18:19 단백질 쉐이크 재대로 먹는 방법 20:48 하루3끼 단백질 실사 시 꿀팁! 21:16 마무리(21:41 알짜:순탄수와 단백질 함량이 나온 추천 그래프) 22:19 식이섬유 좋은건 아는데, 섭취가 어렵다면? 23:06 식이섬유 고를 때 이것부터 확인하세요! 24:10 ㄷㄱ ㄱㅈ 확인 핵심포인트 25:24 ㄷㄱ ㄱㅈ 채소&과일 맛 괜찮을까? 26:20 맛 걱정부터 적응까지 3.3.3 법칙 27:21 마시는 샐러드 식이섬유 먹는건 언제가 좋아요? * 영상의 자사 제품인 ""메디슨벨 마시는 샐러드"" 제품은 건강기능식품이 아닌 생식함유제품입니다.이 콘텐츠에는 자사 제품인 ""메디슨벨 마시는 샐러드"" 소개가 포함되어 있습니다. ▶ 출연, 협업, 광고 홍보 및 비즈니스 문의 : dr.bell.sssh@gmail.com ▶ Instagram : https://www.instagram.com/minlee0880/ ▶ Blog : https://blog.naver.com/doctor_bell ▶ Tiktok : https://www.tiktok.com/@dr.bell1 ※ 본 영상은 건강증진을 위해 만들어진 콘텐츠로서 의학적인 진료를 대신할 수 없으며, 정확한 내용은 나의 건강 상태를 진료를 통해 확인할 수 있는 병원을 방문하여, 전문의와의 상담을 통해 결정하시기 바랍니다.","#다이어트,#단백질쉐이크,#단백질,#프로틴,#닥터벨#마시는샐러드#식이섬유#다이어트식단,#운동하는여자,#운동하는남자,#보충제,#단백질보충제,#메디슨벨,#샐러드,#닥터벨,#이종민,#안티에이징,#영양식,#쿠팡,#올리브영,#올영세일,#올영세일추천템,#쿠팡템리뷰,#쿠팡추천,#쿠팡추천템,#쿠팡꿀템,#쿠팡인기템,#쿠팡살만한거",219,35970,41,2025-12-19 09:49:37,https://www.youtube.com/watch?v=VA4H4fpyTP4,51종의 단백질 쉐이크를 직접 먹고 리뷰합니다 프로틴 쉐이크 리뷰 2탄 두둥 내돈내산  제품리뷰 다이어트 식단 올리브영 쿠팡 마켓컬리 쇼핑 닥터벨 추천템 닥터벨 이종민 안녕하세요 닥터벨 이종민입니다 단백질 쉐이크 리뷰 2탄으로 다시 돌아왔습니다 벌써 이전 콘텐츠를 올린 지 1년 정도가 지났더라고요 단백질 쉐이크 1탄 httpsyoutubeSDV52MYSxg 그동안 다음 리뷰 언제 나와요 이 제품은 어때요 저 제품은 어때요하고 기다려주신 분들 정말 감사해요  이번에는 그냥 몇 개가 아니라 무려 51종의 단백질 쉐이크를 직접 먹어보고 다이어트할 때 어떤 기준으로 골라야 하는지제 기준으로 솔직하게 비교정리해봤어요  단순히 맛만 보는 게 아니라 단백질 함량은 충분한지 단백질 종류와 구성은 어떤지 포만감과 소화는 괜찮은지 비타민미네랄이 과하지는 않은지하나하나 따져보면서 리뷰했습니다  올리브영과 쿠팡에서 잘 팔리고 있는 제품들 그리고 댓글로 많은 분들이 추천해주셨던 제품들을 모두 직접 내돈내산으로 구매 후 철저히 비교 정리한 리뷰입니다 또 단백질 쉐이크로 다이어트할 때 많이 놓치기 쉬운 염분 식이섬유 변비 섭취량 주의점까지 정리해두었어요 51종을 기준으로 정리한 단백질 쉐이크 추천 지표 그래프도 있으니까구매 전에 꼭 참고해보세요  단백질 쉐이크 고르기 고민되셨던 분들께이번 영상이 도움이 되길 바라요  0000 인트로하이라이트 0000 51종의 단백질 쉐이크 리뷰 2탄으로 돌아왔습니다 0111 쉐이크 베이비 0416 YOUNGRANU 0459 프로티원 0532 베노프 0607 프롬잇 0655 오늘로 0723 헐그리믹서클래식 딸기요거트 0843 크런틴 0918 티젠 오리지널 요거트 0941 오그래 햄프씨드 흑임자 1033 홀블렌딩 1117 그린스 아보카도 1151 단백하니 1220 플라이밀 1318 딜라이트 1403 밀잇 1510 스위치온 1544 더 단백 곡물 1628 마이너스 쉐이크 요거트 1723 컷슬린 버터쉐이크 1819 단백질 쉐이크 재대로 먹는 방법 2048 하루3끼 단백질 실사 시 꿀팁 2116 마무리2141 알짜순탄수와 단백질 함량이 나온 추천 그래프 2219 식이섬유 좋은건 아는데 섭취가 어렵다면 2306 식이섬유 고를 때 이것부터 확인하세요 2410   확인 핵심포인트 2524   채소과일 맛 괜찮을까 2620 맛 걱정부터 적응까지 333 법칙 2721 마시는 샐러드 식이섬유 먹는건 언제가 좋아요  영상의 자사 제품인 메디슨벨 마시는 샐러드 제품은 건강기능식품이 아닌 생식함유제품입니다이 콘텐츠에는 자사 제품인 메디슨벨 마시는 샐러드 소개가 포함되어 있습니다  출연 협업 광고 홍보 및 비즈니스 문의  drbellssshgmailcom  Instagram  httpswwwinstagramcomminlee0880  Blog  httpsblognavercomdoctorbell  Tiktok  httpswwwtiktokcomdrbell1  본 영상은 건강증진을 위해 만들어진 콘텐츠로서 의학적인 진료를 대신할 수 없으며 정확한 내용은 나의 건강 상태를 진료를 통해 확인할 수 있는 병원을 방문하여 전문의와의 상담을 통해 결정하시기 바랍니다 #다이어트#단백질쉐이크#단백질#프로틴#닥터벨#마시는샐러드#식이섬유#다이어트식단#운동하는여자#운동하는남자#보충제#단백질보충제#메디슨벨#샐러드#닥터벨#이종민#안티에이징#영양식#쿠팡#올리브영#올영세일#올영세일추천템#쿠팡템리뷰#쿠팡추천#쿠팡추천템#쿠팡꿀템#쿠팡인기템#쿠팡살만한거,"['단백질', '쉐이크', '리뷰', '프로', '쉐이크', '리뷰', '제품', '리뷰', '다이어트', '식단', '올리브', '쿠팡', '마켓', '컬리', '쇼핑', '닥터', '추천', '닥터', '이종', '안녕', '닥터', '이종', '단백질', '쉐이크', '리뷰', '돌아오', '이전', '콘텐츠', '올리', '정도', '지나', '단백질', '쉐이크', '그동안', '다음', '리뷰', '나오', '제품', '어떻', '제품', '어떻', '기다리', '감사', '이번', '아니', '단백질', '쉐이크', '다이어트', '기준', '고르', '기준', '비교', '정리', '아니', '단백질', '함량', '단백질', '종류', '구성', '어떻', '포만감', '소화', '괜찮', '비타민', '미네랄', '과하', '따지', '리뷰', '올리브', '쿠팡', '팔리', '제품', '댓글', '추천', '제품', '구매', '비교', '정리', '리뷰', '단백질', '쉐이크', '다이어트', '놓치', '염분', '식이', '섬유', '변비', '섭취량', '주의', '정리', '기준', '정리', '단백질', '쉐이크', '추천', '지표', '그래프', '구매', '참고', '단백질', '쉐이크', '고르', '고민', '이번', '영상', '도움', '바라', '인트', '하이라이트', '단백질', '쉐이크', '리뷰', '돌아오', '쉐이크', '베이비', '프로', '베노프', '프롬', '오늘', '믹서', '클래식', '딸기', '요거트', '크런틴', '티젠', '오리지널', '요거트', '그렇', '햄프씨드', '흑임자', '린스', '아보카도', '단백', '플라이', '딜라이트', '스위치', '단백', '곡물', '마이너스', '쉐이크', '요거트', '버터', '쉐이크', '단백질', '쉐이크', '방법', '하루', '단백질', '실사', '마무리', '알짜', '단백질', '함량', '나오', '추천', '그래프', '식이', '섬유', '섭취', '어렵', '식이', '섬유', '고르', '이것', '확인', '확인', '핵심', '포인트', '채소', '과일', '괜찮', '걱정', '적응', '법칙', '마시', '샐러드', '식이', '섬유', '언제', '영상', '자사', '제품', '메디슨', '마시', '샐러드', '제품', '건강', '기능', '식품', '아니', '생식', '함유', '제품', '콘텐츠', '자사', '제품', '메디슨', '마시', '샐러드', '소개', '포함', '출연', '협업', '광고', '홍보', '비즈니스', '문의', '영상', '건강', '증진', '위하', '만들', '콘텐츠', '의학', '진료', '대신', '정확', '내용', '건강', '상태', '진료', '통하', '확인', '병원', '방문', '전문의', '상담', '통하', '결정', '바라']"
3,2,"쿠팡, 네이버 다 비교해봐도, 무조건 쟁여놓아야 할 평점 5점의 이런 올리브영 마카 영양제",대구코넬 홈페이지:http://daeguconel.co.kr/ 카카오톡 상담:http://pf.kakao.com/_cxisQxj 네이버톡 상담:https://talk.naver.com/ct/wcays5 전화번호:053-745-7582 클릭하시면 동영상에서 소개해 드린 “이거” 제품 바로 구입 가능합니다. https://www.youtube.com/shopcollection/SCUCP1wPYOHP_aYPJVFsoMMBfLlS7KIH0hbPg?scp=EAM%3D,"#비뇨기과,#대구비뇨기과,#대구비뇨기과추천",40,966,3,2025-08-08 09:10:58,https://www.youtube.com/watch?v=cUqnFhp19qw,쿠팡 네이버 다 비교해봐도 무조건 쟁여놓아야 할 평점 5점의 이런 올리브영 마카 영양제 대구코넬 홈페이지httpdaeguconelcokr 카카오톡 상담httppfkakaocomcxisQxj 네이버톡 상담httpstalknavercomctwcays5 전화번호0537457582 클릭하시면 동영상에서 소개해 드린 이거 제품 바로 구입 가능합니다 httpswwwyoutubecomshopcollectionSCUCP1wPYOHPaYPJVFsoMMBfLlS7KIH0hbPgscpEAM3D #비뇨기과#대구비뇨기과#대구비뇨기과추천,"['쿠팡', '네이버', '비교', '쟁이', '평점', '올리브', '영양제', '대구', '코넬', '홈페이지', '카카오톡', '상담', '네이버', '상담', '전화번호', '클릭', '동영상', '소개', '드리', '이거', '제품', '구입', '가능']"
3,2,오연서가 챙겨 먹는 영양제,,"#올리브영,#오연서,#영양제",205,31125,11,2025-12-05 23:15:02,https://www.youtube.com/watch?v=O8yhdlxZr3U,오연서가 챙겨 먹는 영양제  #올리브영#오연서#영양제,"['오연서', '챙기', '영양제']"
3,2,"[비뇨기과] 쿠팡, 네이버 다 비교해봐도, 무조건 쟁여놓아야 할 평점 5점의 이런 올리브영 마카 영양제(핵심요약)","대구코넬 홈페이지:http://daeguconel.co.kr/ 카카오톡 상담:http://pf.kakao.com/_cxisQxj 네이버톡 상담:https://talk.naver.com/ct/wcays5 전화번호:053-745-7582 클릭하시면 동영상에서 소개해 드린 “이거” 제품 바로 구입 가능합니다. https://www.youtube.com/shopcollection/SCUCP1wPYOHP_aYPJVFsoMMBfLlS7KIH0hbPg?scp=EAM%3D 닥터코넬 열정 라이브 시작하겠습니다. 이번 시간에는 쿠팡, 네이버 다 비교해봐도, 무조건 쟁여놓아야 할 평점 5점의 이런 올리브영 마카 영양제에 대한 제가 정말 실속적인 내용을 알려드리도록 하겠습니다. 제가 올리브영 영양제를 검색을 하면서 깜짝 놀랬습니다. 제가 쿠팡을 비롯해서 네이버에서 영양제를 추천해 드릴려고 검색을 해볼때 평점 5점을 기록한 영양제는 제가 진짜 난생 처음 봤습니다. 99%가 무려 평점 5점을 주었습니다. 그 밑에 댓글에 보니까 올리브영 판매 가성비 최고다, 활력을 느끼고 싶을 때에는 무조건 먹어야 되는 영양제다 돈이 아깝지 않다라고 되어 있으면서 정말 5점 만점에 극찬을 하는 영양제가 바로 *의 블랙마카 1800입니다. 이 유명한 김종국이 모델을 하고 있습니다. 올리브영 건강 식품 랭킹 1위입니다. 남성 활력 9관왕입니다. 9관왕! 마카 키워드 1위입니다. 무려 1억1,630만정이 판매된 그야말로 블랙마카 하면 *의 블랙마카 1800을 연상시킬 정도로 블랙마카의 대표적인 영양제입니다. 왜 그런가 하면 흡수율을 극대화한 특허 원료 바이오페린이 함유되어 있어 흡수율을 극대화하는 그런 제품이 되겠습니다. 초고함량 블랙마카 1,816mg입니다. 흑마늘 400mg, 야관문 200mg, 흑삼 20mg을 포함해서 무려 부원료까지 12종이 있습니다. 그야말로 블랙마카만 하더라도 정말 엄청난 효과를 볼 수 있는데 부원료까지 실속적으로 다 들어가 있다 보니까 활력을 느끼고 싶고 또 닥터코넬처럼 에너지를 느끼고 싶은 남성분들은 그냥 주저함 없이 바로 블랙마카 1800을 선택을 하시면 됩니다. 이 마카는 해발 4,000미터가 넘는 페루의 안데스 산맥에서 풍부한 대지의 양분을 마음껏 흡수를 한 것이 바로 마카입니다. 에너지 충전을 위해서 잉카 전사들이 무려 3,600여년의 역사를 가지고 있을 정도의 대표적인 활력식품이 바로 블랙마카입니다. 각종 영양소가 너무 풍부하니까 우주비행사의 체력을 위해서 NASA에서 우주 식량으로까지 선정한 것이 바로 블랙마카입니다. 블랙마카 1,816mg이 어느정도의 의미인가 하면 아르기닌의 함량은 굴의 1.5배, 철분은 더덕의 10배, 아연은 부추의 11배, 칼슘은 마늘의 26배로써 그야말로 남성들이 추구해야 되는 영양제 성분이 다 함유되어 있다라고 생각하시면 됩니다. 이 블랙마카는 레드마카나 옐로우마카에 비교해서 리보플라빈, 철분의 함량이 가장 많은 연간 마카 생산량의 3%밖에 안 되는 가장 귀한 성분이 바로 블랙마카입니다. 이렇게 정말 귀중한 성분인데 엄청나게 초고함량으로 들어가 있는데 그냥 올리브영에서 정말 저렴하게 지금 판매를 하고 있습니다. 올리브영 영양제가 판매되고 난 다음부터 쿠팡이나 네이버에 해도 전혀 꿀림이 없을 정도로 지금 이 올리브영에서 구매를 하시면 이렇게 27,500원으로 되어 있습니다. 2만원 이상 되면 또 무료배송 해주니까 쿠팡처럼 무료배송이 되는데 그런데 제가 쿠팡하고 비교를 해보니까 쿠팡에서 추천을 해주는 이 익스트림 블랙마카 1800 같은 경우에는 27,900원이였는데 400원이 조금 더 쌉니다. 제가 보니까 올리브영에서 쿠팡 영양제와 경쟁에서 안 질려고 조금씩 제일 가격보다도 조금씩 저렴하게 되어 있고 거기다가 2만원 넘기면 무료배송 되어 있고 또 올리브영에서 정말 파격적으로 오늘 드림이라고 하는 배송 수단도 만들어서 올리브영 영양제가 정말 가성비가 높은 영양제들이 많이 있는데 그중에 으뜸되는 것이 바로 지금 보여드리고 있는 *의 블랙마카 1800이 되는 것입니다. 그래서 활력을 느끼고 싶은 남성분들은 전혀 주저함 없이 제가 태그 걸어놓았으니까 한 번 드셔보시면 에너지가 넘치는 그런 생활이 가능해지실 것입니다. 제가 금일 확실하게 내용 알려드렸습니다. 지금까지 코넬의 힘이었습니다. 감사합니다.","#비뇨기과,#대구비뇨기과,#대구비뇨기과추천",30,1123,8,2025-08-12 10:30:07,https://www.youtube.com/watch?v=6VBzWTudzAs,비뇨기과 쿠팡 네이버 다 비교해봐도 무조건 쟁여놓아야 할 평점 5점의 이런 올리브영 마카 영양제핵심요약 대구코넬 홈페이지httpdaeguconelcokr 카카오톡 상담httppfkakaocomcxisQxj 네이버톡 상담httpstalknavercomctwcays5 전화번호0537457582 클릭하시면 동영상에서 소개해 드린 이거 제품 바로 구입 가능합니다 httpswwwyoutubecomshopcollectionSCUCP1wPYOHPaYPJVFsoMMBfLlS7KIH0hbPgscpEAM3D 닥터코넬 열정 라이브 시작하겠습니다 이번 시간에는 쿠팡 네이버 다 비교해봐도 무조건 쟁여놓아야 할 평점 5점의 이런 올리브영 마카 영양제에 대한 제가 정말 실속적인 내용을 알려드리도록 하겠습니다 제가 올리브영 영양제를 검색을 하면서 깜짝 놀랬습니다 제가 쿠팡을 비롯해서 네이버에서 영양제를 추천해 드릴려고 검색을 해볼때 평점 5점을 기록한 영양제는 제가 진짜 난생 처음 봤습니다 99가 무려 평점 5점을 주었습니다 그 밑에 댓글에 보니까 올리브영 판매 가성비 최고다 활력을 느끼고 싶을 때에는 무조건 먹어야 되는 영양제다 돈이 아깝지 않다라고 되어 있으면서 정말 5점 만점에 극찬을 하는 영양제가 바로 의 블랙마카 1800입니다 이 유명한 김종국이 모델을 하고 있습니다 올리브영 건강 식품 랭킹 1위입니다 남성 활력 9관왕입니다 9관왕 마카 키워드 1위입니다 무려 1억1630만정이 판매된 그야말로 블랙마카 하면 의 블랙마카 1800을 연상시킬 정도로 블랙마카의 대표적인 영양제입니다 왜 그런가 하면 흡수율을 극대화한 특허 원료 바이오페린이 함유되어 있어 흡수율을 극대화하는 그런 제품이 되겠습니다 초고함량 블랙마카 1816mg입니다 흑마늘 400mg 야관문 200mg 흑삼 20mg을 포함해서 무려 부원료까지 12종이 있습니다 그야말로 블랙마카만 하더라도 정말 엄청난 효과를 볼 수 있는데 부원료까지 실속적으로 다 들어가 있다 보니까 활력을 느끼고 싶고 또 닥터코넬처럼 에너지를 느끼고 싶은 남성분들은 그냥 주저함 없이 바로 블랙마카 1800을 선택을 하시면 됩니다 이 마카는 해발 4000미터가 넘는 페루의 안데스 산맥에서 풍부한 대지의 양분을 마음껏 흡수를 한 것이 바로 마카입니다 에너지 충전을 위해서 잉카 전사들이 무려 3600여년의 역사를 가지고 있을 정도의 대표적인 활력식품이 바로 블랙마카입니다 각종 영양소가 너무 풍부하니까 우주비행사의 체력을 위해서 NASA에서 우주 식량으로까지 선정한 것이 바로 블랙마카입니다 블랙마카 1816mg이 어느정도의 의미인가 하면 아르기닌의 함량은 굴의 15배 철분은 더덕의 10배 아연은 부추의 11배 칼슘은 마늘의 26배로써 그야말로 남성들이 추구해야 되는 영양제 성분이 다 함유되어 있다라고 생각하시면 됩니다 이 블랙마카는 레드마카나 옐로우마카에 비교해서 리보플라빈 철분의 함량이 가장 많은 연간 마카 생산량의 3밖에 안 되는 가장 귀한 성분이 바로 블랙마카입니다 이렇게 정말 귀중한 성분인데 엄청나게 초고함량으로 들어가 있는데 그냥 올리브영에서 정말 저렴하게 지금 판매를 하고 있습니다 올리브영 영양제가 판매되고 난 다음부터 쿠팡이나 네이버에 해도 전혀 꿀림이 없을 정도로 지금 이 올리브영에서 구매를 하시면 이렇게 27500원으로 되어 있습니다 2만원 이상 되면 또 무료배송 해주니까 쿠팡처럼 무료배송이 되는데 그런데 제가 쿠팡하고 비교를 해보니까 쿠팡에서 추천을 해주는 이 익스트림 블랙마카 1800 같은 경우에는 27900원이였는데 400원이 조금 더 쌉니다 제가 보니까 올리브영에서 쿠팡 영양제와 경쟁에서 안 질려고 조금씩 제일 가격보다도 조금씩 저렴하게 되어 있고 거기다가 2만원 넘기면 무료배송 되어 있고 또 올리브영에서 정말 파격적으로 오늘 드림이라고 하는 배송 수단도 만들어서 올리브영 영양제가 정말 가성비가 높은 영양제들이 많이 있는데 그중에 으뜸되는 것이 바로 지금 보여드리고 있는 의 블랙마카 1800이 되는 것입니다 그래서 활력을 느끼고 싶은 남성분들은 전혀 주저함 없이 제가 태그 걸어놓았으니까 한 번 드셔보시면 에너지가 넘치는 그런 생활이 가능해지실 것입니다 제가 금일 확실하게 내용 알려드렸습니다 지금까지 코넬의 힘이었습니다 감사합니다 #비뇨기과#대구비뇨기과#대구비뇨기과추천,"['비뇨기과', '쿠팡', '네이버', '비교', '쟁이', '평점', '올리브', '영양제', '핵심', '요약', '대구', '코넬', '홈페이지', '카카오톡', '상담', '네이버', '상담', '전화번호', '클릭', '동영상', '소개', '드리', '이거', '제품', '구입', '가능', '닥터', '코넬', '열정', '라이브', '시작', '이번', '시간', '쿠팡', '네이버', '비교', '쟁이', '평점', '올리브', '영양제', '대하', '실속', '내용', '알리', '드리', '올리브', '영양제', '검색', '놀래', '쿠팡', '네이버', '영양제', '추천', '드리', '검색', '평점', '기록', '영양제', '처음', '평점', '댓글', '올리브', '판매', '가성비', '최고', '활력', '느끼', '영양제', '아깝', '만점', '극찬', '영양제', '블랙', '유명', '김종국', '모델', '올리브', '건강', '식품', '랭킹', '남성', '활력', '관왕', '관왕', '마카', '키워드', '판매', '블랙', '블랙', '연상', '정도', '블랙', '대표', '영양제', '그렇', '흡수', '극대', '특허', '원료', '바이오', '페리', '함유', '흡수', '극대', '제품', '함량', '블랙', '마늘', '관문', '포함', '부원료', '블랙', '엄청나', '효과', '부원료', '실속', '들어가', '활력', '느끼', '닥터', '코넬', '에너지', '느끼', '남성', '주저', '블랙', '선택', '마카', '해발', '미터', '페루', '안데스', '산맥', '대지', '양분', '흡수', '마카이', '에너지', '충전', '위하', '잉카', '전사', '역사', '가지', '정도', '대표', '활력', '식품', '블랙', '각종', '영양소', '우주', '비행사', '체력', '위하', '우주', '식량', '선정', '블랙', '블랙', '정도', '의미', '아르기닌', '함량', '철분', '더덕', '아연', '부추', '칼슘', '마늘', '남성', '추구', '영양제', '성분', '함유', '생각', '블랙', '레드', '옐로우', '비교', '리보', '철분', '함량', '연간', '마카', '생산량', '귀하', '성분', '블랙', '이렇', '성분', '엄청나', '함량', '들어가', '올리브', '저렴하', '판매', '올리브', '영양제', '판매', '다음', '쿠팡', '네이버', '꿀리', '정도', '올리브', '구매', '이렇', '이상', '무료', '배송', '쿠팡', '무료', '배송', '쿠팡', '비교', '쿠팡', '추천', '익스트림', '블랙', '경우', '올리브', '쿠팡', '영양제', '경쟁', '조금', '가격', '조금', '저렴하', '거기', '넘기', '무료', '배송', '올리브', '파격', '드리', '배송', '수단', '만들', '올리브', '영양제', '가성비', '영양제', '으뜸', '보이', '드리', '블랙', '활력', '느끼', '남성', '주저', '태그', '드시', '에너지', '넘치', '생활', '가능', '금일', '내용', '알리', '드리', '지금', '코넬', '감사']"
3,2,삶의 질 수직 상승하는 올리브영 추천템 모음집 🛒💊🌙,"🎁 ‘코자아’ 기대평 정성 댓글 남겨주신 5분에게 12만원 상당의 코자아 프리미엄 선물세트(18개입) + 3만원 상당의 코자아 프리미엄 수면안대를 드립니다 💜이벤트 참여방법 1단계) 영상 아래 ‘코자아’ 기대평, 후기, 응원 댓글을 남겨주세요 2단계) 당첨 시 선물 받으실 정보를 입력해주세요 ✅ 입력필수 → https://forms.gle/fJTxsRuShJGeCbyv8 (댓글 작성 후 폼 작성까지 완료해 주셔야 이벤트에 참여하실 수 있어요!) ⭐️ 이벤트 기간 및 당첨발표 참여기간 : 2025년 7월 14일까지 당첨발표 : 2025년 8월 1일 영상 아래 고정댓글 발표 7/14~7/31부터 올리브영 온라인몰에서 염미솔 원픽 코자아를 역대 최저가로 만나보세요! 01:16 귀 지압 패치 02:19 씨큐라롬 젤 03:16 수면음료 코자아 06:27 오버나이트 생리대 07:18 메디힐리 허리온팩 07:51 필수 영양제 09:12 노워시 트리트먼트 10:33 노워시 슬리핑 마스크 11:22 푸푸리 포켓 스프레이 염미솔 저서 「버려지는 시간은 없다」 : https://m.site.naver.com/1bTWO 「인스타 마켓으로 돈많은언니가 되었다」 : https://me2.do/FPewPWUE instagram * 개인계정 : @yeom_misol * 플리크 : @flick.kr 출연신청 & 비즈니스 문의 : ymsj0109@gmail.com",,78,34150,24,2025-07-14 13:30:58,https://www.youtube.com/watch?v=rwT4fVaxLEk,삶의 질 수직 상승하는 올리브영 추천템 모음집   코자아 기대평 정성 댓글 남겨주신 5분에게 12만원 상당의 코자아 프리미엄 선물세트18개입  3만원 상당의 코자아 프리미엄 수면안대를 드립니다 이벤트 참여방법 1단계 영상 아래 코자아 기대평 후기 응원 댓글을 남겨주세요 2단계 당첨 시 선물 받으실 정보를 입력해주세요  입력필수  httpsformsglefJTxsRuShJGeCbyv8 댓글 작성 후 폼 작성까지 완료해 주셔야 이벤트에 참여하실 수 있어요  이벤트 기간 및 당첨발표 참여기간  2025년 7월 14일까지 당첨발표  2025년 8월 1일 영상 아래 고정댓글 발표 714731부터 올리브영 온라인몰에서 염미솔 원픽 코자아를 역대 최저가로 만나보세요 0116 귀 지압 패치 0219 씨큐라롬 젤 0316 수면음료 코자아 0627 오버나이트 생리대 0718 메디힐리 허리온팩 0751 필수 영양제 0912 노워시 트리트먼트 1033 노워시 슬리핑 마스크 1122 푸푸리 포켓 스프레이 염미솔 저서 버려지는 시간은 없다  httpsmsitenavercom1bTWO 인스타 마켓으로 돈많은언니가 되었다  httpsme2doFPewPWUE instagram  개인계정  yeommisol  플리크  flickkr 출연신청  비즈니스 문의  ymsj0109gmailcom ,"['수직', '상승', '올리브', '추천', '모음집', '자아', '기대', '정성', '댓글', '남기', '상당', '코자아', '프리미엄', '선물', '세트', '개입', '상당', '코자아', '프리미엄', '수면', '안대', '드리', '이벤트', '참여', '방법', '단계', '영상', '아래', '자아', '기대', '후기', '응원', '댓글', '남기', '단계', '당첨', '선물', '정보', '입력', '입력', '필수', '댓글', '작성', '작성', '완료', '이벤트', '참여', '이벤트', '기간', '당첨', '발표', '참여', '기간', '당첨', '발표', '영상', '아래', '고정', '댓글', '발표', '올리브', '온라인', '자아', '역대', '최저', '만나', '지압', '패치', '씨큐라', '수면', '음료', '오버', '나이트', '생리대', '메디', '허리', '필수', '영양제', '워시', '트리트먼트', '워시', '슬리핑', '마스크', '푸푸리', '포켓', '스프레이', '저서', '버리', '시간', '인스타', '마켓', '언니', '개인', '계정', '플리크', '출연', '신청', '비즈니스', '문의']"
3,2,올리브영의 야심작 올리브베러,"'올리브베러'는 올리브영이 기존의 건강 섹션을 확대하여 만든 하나의 라이프스타일 브랜드로서, 식단, 영양제, 운동 등 6가지 웰니스 루틴을 통해 일상 전반을 세밀하게 조율해줍니다. 광화문 D타워에 130평 규모로 들어선 규모인 만큼 500개 브랜드와 3,000종이 넘는 제품을 선보이고 있는데요, 앞으로의 귀추가 주목됩니다.","#프랜차이즈마케팅,#프랜차이즈인큐베이팅,#프랜차이즈본사,#프랜차이즈창업,#창업",9,2351,0,2026-03-09 07:56:27,https://www.youtube.com/watch?v=Exmuw0-3eNQ,올리브영의 야심작 올리브베러 올리브베러는 올리브영이 기존의 건강 섹션을 확대하여 만든 하나의 라이프스타일 브랜드로서 식단 영양제 운동 등 6가지 웰니스 루틴을 통해 일상 전반을 세밀하게 조율해줍니다 광화문 D타워에 130평 규모로 들어선 규모인 만큼 500개 브랜드와 3000종이 넘는 제품을 선보이고 있는데요 앞으로의 귀추가 주목됩니다 #프랜차이즈마케팅#프랜차이즈인큐베이팅#프랜차이즈본사#프랜차이즈창업#창업,"['올리브', '야심작', '올리브', '올리브', '올리브', '기존', '건강', '섹션', '확대', '만들', '하나', '라이프스타일', '브랜드', '식단', '영양제', '운동', '가지', '웰니스', '루틴', '통하', '일상', '전반', '조율', '광화문', '타워', '규모', '들어서', '규모', '만큼', '브랜드', '제품', '선보이', '귀추', '주목']"
3,2,"에스더포뮬러 여에스더 올리브영 세일 추천템 국민영양제(멀티비타민, 어린콜라겐 레티놀A, 유산균 화이트) 여에스더 #국민영양제#올영세일추천#올영세일#에스더포뮬러#국민영양프로젝트",,,5,400,0,2025-05-30 22:12:34,https://www.youtube.com/watch?v=B3lelrlvgl4,에스더포뮬러 여에스더 올리브영 세일 추천템 국민영양제멀티비타민 어린콜라겐 레티놀A 유산균 화이트 여에스더 #국민영양제#올영세일추천#올영세일#에스더포뮬러#국민영양프로젝트  ,"['에스더', '포뮬러', '여에스더', '올리브', '세일', '추천', '국민', '영양제', '멀티', '비타민', '어리', '콜라겐', '레티노', '유산균', '화이트', '여에스더']"
3,2,이걸 나만 몰랐네? 먹기쉬운 필수 영양제 #비오틴 #쿠팡추천템 #올영추천템,https://link.coupang.com/a/dD8Y7B,,8,2231,1,2026-02-01 16:45:14,https://www.youtube.com/watch?v=tWkZveD6YJc,이걸 나만 몰랐네 먹기쉬운 필수 영양제 #비오틴 #쿠팡추천템 #올영추천템 httpslinkcoupangcomadD8Y7B ,"['이거', '모르', '필수', '영양제']"
3,2,이채영 다이어트의 비밀 #이채영유산균 #유산균 #다이어트유산균 #다이어트 #한선화유산균 #영양제 #올영추천템,→제품 정보는 아래 링크 https://bit.ly/4pj1rsS,,7,249,1,2025-12-18 14:20:01,https://www.youtube.com/watch?v=rKrNqxgE510,이채영 다이어트의 비밀 #이채영유산균 #유산균 #다이어트유산균 #다이어트 #한선화유산균 #영양제 #올영추천템 제품 정보는 아래 링크 httpsbitly4pj1rsS ,"['이채영', '다이어트', '비밀', '제품', '정보', '아래', '링크']"
3,2,한선화가 추천하는 다이어트 필수 영양제👍 #유산균 #다이어트유산균 #한선화유산균 #추천템 #건강 #영양제 #올영추천템 #영양제추천 #변비,⭐다이어트의 마무리는? 유산균과 함께~! 💎 영상 속 나오는 제품 정보 💎 ✅ http://bit.ly/4q5Alq2,"#유산균,#다이어트유산균,#한선화유산균,#추천템,#건강,#영양제,#올영추천템,#영양제추천,#변비",9,1415,1,2025-11-11 04:51:10,https://www.youtube.com/watch?v=8Ix4zT7VTKs,한선화가 추천하는 다이어트 필수 영양제 #유산균 #다이어트유산균 #한선화유산균 #추천템 #건강 #영양제 #올영추천템 #영양제추천 #변비 다이어트의 마무리는 유산균과 함께  영상 속 나오는 제품 정보   httpbitly4q5Alq2 #유산균#다이어트유산균#한선화유산균#추천템#건강#영양제#올영추천템#영양제추천#변비,"['한선화', '추천', '다이어트', '필수', '영양제', '다이어트', '마무리', '유산균', '영상', '나오', '제품', '정보']"
3,2,한의사 직장인 꿀템🫶 올리브영 유산균 추천 #올리브영추천템 #올리브영 #직장인 #한의사,"화장실 문제로 고민하는 20대 직장인 장 건강 관리는 선택이 아닌 필수! 제가 수많은 제품 중 덴마크 유산균이야기에 정착한 이유는 딱 세 가지예요. 1. 압도적인 휴대성: 케이스가 정말 작아서 파우치에도 쏙 들어가요. 그리고 캡슐 자체도 정말 작아서 저는 틴케이스에 넣고 다닌답니다 2. 보관의 편리함: 상온보관이 가능해서 냉장고 왔다 갔다 할 필요 없이 책상 위에 두고 먹어도 소비기한 끝까지 100억 마리가 보장되거든요. 3. 편안한 섭취: 초소형 캡슐이라 물 한 모금이면 매끄럽게 넘어가서 매일 챙기기 부담 없어요. 지금 올리브영에서만 만나볼 수 있는 5월 파워팩은 60일분 더블 구성에 귀여운 꼬부기 러기지택까지 세트라는 사실! 🐢 장 건강과 루틴 챙기는 일상을 위해, 지금 바로 올영에서 '덴프스'를 검색해 보세요!","#올리브영유산균,#올리브영유산균추천,#덴프스,#덴프스유산균,#덴마크유산균이야기,#유산균추천,#비피더스유산균,#장건강,#장건강유산균,#직장인유산균,#프로바이오틱스",0,1469,10,2026-05-01 11:15:09,https://www.youtube.com/watch?v=LmtY125NOFE,한의사 직장인 꿀템 올리브영 유산균 추천 #올리브영추천템 #올리브영 #직장인 #한의사 화장실 문제로 고민하는 20대 직장인 장 건강 관리는 선택이 아닌 필수 제가 수많은 제품 중 덴마크 유산균이야기에 정착한 이유는 딱 세 가지예요 1 압도적인 휴대성 케이스가 정말 작아서 파우치에도 쏙 들어가요 그리고 캡슐 자체도 정말 작아서 저는 틴케이스에 넣고 다닌답니다 2 보관의 편리함 상온보관이 가능해서 냉장고 왔다 갔다 할 필요 없이 책상 위에 두고 먹어도 소비기한 끝까지 100억 마리가 보장되거든요 3 편안한 섭취 초소형 캡슐이라 물 한 모금이면 매끄럽게 넘어가서 매일 챙기기 부담 없어요 지금 올리브영에서만 만나볼 수 있는 5월 파워팩은 60일분 더블 구성에 귀여운 꼬부기 러기지택까지 세트라는 사실  장 건강과 루틴 챙기는 일상을 위해 지금 바로 올영에서 덴프스를 검색해 보세요 #올리브영유산균#올리브영유산균추천#덴프스#덴프스유산균#덴마크유산균이야기#유산균추천#비피더스유산균#장건강#장건강유산균#직장인유산균#프로바이오틱스,"['한의사', '직장인', '올리브', '유산균', '추천', '화장실', '문제', '고민', '직장인', '건강', '관리', '선택', '아니', '필수', '수많', '제품', '덴마크', '유산균', '이야기', '정착', '이유', '가지', '압도', '휴대', '케이스', '파우치', '들어가', '캡슐', '자체', '케이스', '다니', '편리', '상온', '보관', '가능', '냉장고', '필요', '책상', '소비', '기한', '마리', '보장', '편안', '섭취', '소형', '캡슐', '모금', '매끄럽', '넘어가', '챙기', '부담', '올리브', '만나', '파워', '더블', '구성', '귀엽', '꼬부기', '러기지택', '세트', '사실', '건강', '루틴', '챙기', '일상', '위하', '덴프스', '검색']"
3,2,"#협찬 글로우뮤즈 판매1등 특허원료 피부영양제,글로우뮤즈 스킨밸런스, 올영추천템",,,0,258,1,2026-04-30 09:49:11,https://www.youtube.com/watch?v=ssw3mzKiVaQ,#협찬 글로우뮤즈 판매1등 특허원료 피부영양제글로우뮤즈 스킨밸런스 올영추천템  ,"['글로우뮤즈', '판매', '특허', '원료', '피부', '영양제', '뮤즈', '스킨', '밸런스', '추천']"
3,2,다이어트 영양제 아르기닌 10종 비교리뷰👀: 의사가 성분표로 고른 TOP3(공복·용량·부작용) 젤리부터 액상까지 5가지 제형 내돈내산 제품리뷰 다이어트 식단 올리브영 쿠팡 마켓컬리,"🩺 아르기닌, 함량만 보고 사면 손해입니다 | 의사가 직접 먹어보고 리뷰 아르기닌 복용법+제품 고르는 법: 10종 비교(시트룰린/AAKG/액상·가루·캡슐 차이) 의사가 직접 유명 아르기닌 제품 10종을 “성분표 기준”으로 비교했습니다. 함량만 보지 마세요. 형태(가루/액상/젤리/캡슐) + 부원료(시트룰린/비타민C/B군) + 복용법(공복/분할) 이 결과를 가릅니다. 📌 오늘 영상에서 딱 정리해드리는 것 아르기닌이 ‘혈류/운동/피로’에서 어떤 역할을 할 수 있는지 “아르기닌 흡수 안 된다” 오해 정리: 흡수는 되지만 장·간에서 먼저 쓰이는 비율이 큽니다 📌 아르기닌 제품 고르는 기준 5가지 ① 1회 섭취량/총 섭취량(분할 가능한지) ② 형태: 가루/액상/젤리/캡슐(당/칼로리, 휴대성, 위장 부담) ③ 부원료: 시트룰린, 비타민C, B군(B6/엽산/B12), 마그네슘 등(목적에 맞는지) ④ 불필요한 “아미노산 경쟁” 구성(제품 성격에 따라) ⑤ 주의 대상/부작용 체크(혈압/약물/기저질환) ✨새해니까, 다시 한 번 제대로 건강한 다이어트 시작합니다 💪 맛있는 거 잔뜩 먹고 다짐한 그 결심…👉 “이번엔 진짜 살 빼야지!” 😭 그런데 다이어트할 때✔️ 뭐 먹어야 되지?✔️ 아르기닌이 그렇게 좋아?✔️ 먹어도 효과 없다는 정말인가? 헷갈리는 얘기 너무 많지 않나요? 🤔 📌 아르기닌 좋다던데? 뭐가 좋은지 고민이신 분들!📌 건강한 다이어트를 하고 싶은 분들! 이번 영상에서는 💡""아르기닌이 무엇인지?""💡 “다이어트할 때 아르기닌이 왜 도움 되는지”💡 “흡수 안 된다는 말, 진짜일까?”💡 “공복? 용량? 아무거나 먹으면 되는 거 아님!” 💡 5가지(알약·가루·분말·액상·젤리)제형별 아르기닌 비교같은 핵심 포인트를 콕콕 짚어드립니다. 특히🔥 운동 전에 먹었을 때 몸에서 느껴지는 변화🔥 체중별로 달라지는 ‘적정 용량’🔥 고를 때 피해야 할 조합까지… 이건 글로 다 말하면 재미없어요 😏 올해 다이어트,무작정 굶는 게 아니라‘제대로 알고’ 시작하고 싶다면👉 영상에서 직접 확인해보세요! 00:00 인트로 01:50 아르기닌이란? 02:23 아르기닌의 효능 04:55 아르기닌 섭취 시 알면 좋은 방법 05:02 아르기닌 섭취 시 알면 좋은 방법 1. 공복에 아르기닌 섭취 06:07 아르기닌 섭취 시 알면 좋은 방법 2. 하루 안전 용량을 지킨다 07:15 아르기닌 섭취 시 알면 좋은 방법 3. 분할 복용(아르기닌 나눠 먹기) 08:16 아르기닌을 고르는 방법 08:22 함께 복용하면 도움 되는 성분 1. 시트룰린(Citrulline) 09:03 함께 복용하면 도움 되는 성분 2. 비타민 C(Vitamin C) 09:39 함께 복용하면 도움 되는 성분 3. 비타민 B(Vitamin B) 09:55 함께 복용하면 도움 되는 성분 4. 폴리페놀(Polyphenol) 10:10 함께 복용하면 도움 되는 성분 5. 마그네슘(Magnesium) 10:36 함께 복용하면 도움이 되지 않는 성분 10:42 함께 복용하면 도움이 되지 않는 성분 1. 아미노산군이 섞여 있는 제품 11:06 함께 복용하면 도움이 되지 않는 성분 2. 너무 많은 미네랄과 지용성 비타민 11:51 아르기닌 섭취를 주의해야 하는 사람들 11:54 아르기닌 섭취를 주의해야 하는 사람들 1. 장 기능이 약한 사람들 12:05 아르기닌 섭취를 주의해야 하는 사람들 2. 혈압을 낮춰주는 약을 복용하는 사람들 12:27 아르기닌 섭취를 주의해야 하는 사람들 3. 헤르페스가 있는 사람들 13:06 아르기닌 섭취를 주의해야 하는 사람들 4. 암 투병 중이신 환자분들 13:28 아르기닌 무조건 이거 드세요! : 제형별 아르기닌 제품 추천 13:50 알약형 아르기닌 제품 추천 1. 나우 푸드의 아르기닌 더블 스트렝스 14:31 알약형 아르기닌 제품 추천 2. 쏜 리서치 L-아르기닌 플러스 캡슐 15:26 가루형 아르기닌 제품 추천 1. 올맥스 아르기닌 HCI 15:54 가루형 아르기닌 제품 추천 2. Swanson AAKG 16:46 분말형 아르기닌 제품 추천 1. 리틀모어 아르앤비타 블러드 오렌지맛 18:05 분말형 아르기닌 제품 추천 2. 아르타민 부스트 18:40 액상형 아르기닌 제품 추천 1. 익스트림 트리플 아르기닌 5000 20:23 액상형 아르기닌 제품 추천 2. 동국제약 혈행N 아르기닌 마스터 21:09 젤리형 아르기닌 제품 추천 1. 더존건강 배럴헬스 아르기닌 5000 젤리 21:59 젤리형 아르기닌 제품 추천 2. 헤비추얼 활력충전 아르기닌 스틱 6000 22:42 아웃트로 마무리 ▶ 출연, 협업, 광고 홍보 및 비즈니스 문의 : dr.bell.sssh@gmail.com ▶ Instagram : https://www.instagram.com/minlee0880/ ▶ Blog : https://blog.naver.com/doctor_bell ▶ Tiktok : https://www.tiktok.com/@dr.bell1 ※ 본 영상은 건강증진을 위해 만들어진 콘텐츠로서 의학적인 진료를 대신할 수 없으며, 정확한 내용은 나의 건강 상태를 진료를 통해 확인할 수 있는 병원을 방문하여, 전문의와의 상담을 통해 결정하시기 바랍니다.","#다이어트#아르기닌#다이어트영양제#공복영양제#운동#헬스,#피로회복#혈행개선#건강정보#영양제정보,#닥터벨,#이종민,#팀닥터",279,22525,25,2026-01-03 02:31:03,https://www.youtube.com/watch?v=bjYcHwALWJU,다이어트 영양제 아르기닌 10종 비교리뷰 의사가 성분표로 고른 TOP3공복용량부작용 젤리부터 액상까지 5가지 제형 내돈내산 제품리뷰 다이어트 식단 올리브영 쿠팡 마켓컬리  아르기닌 함량만 보고 사면 손해입니다  의사가 직접 먹어보고 리뷰 아르기닌 복용법제품 고르는 법 10종 비교시트룰린AAKG액상가루캡슐 차이 의사가 직접 유명 아르기닌 제품 10종을 성분표 기준으로 비교했습니다 함량만 보지 마세요 형태가루액상젤리캡슐  부원료시트룰린비타민CB군  복용법공복분할 이 결과를 가릅니다  오늘 영상에서 딱 정리해드리는 것 아르기닌이 혈류운동피로에서 어떤 역할을 할 수 있는지 아르기닌 흡수 안 된다 오해 정리 흡수는 되지만 장간에서 먼저 쓰이는 비율이 큽니다  아르기닌 제품 고르는 기준 5가지  1회 섭취량총 섭취량분할 가능한지  형태 가루액상젤리캡슐당칼로리 휴대성 위장 부담  부원료 시트룰린 비타민C B군B6엽산B12 마그네슘 등목적에 맞는지  불필요한 아미노산 경쟁 구성제품 성격에 따라  주의 대상부작용 체크혈압약물기저질환 새해니까 다시 한 번 제대로 건강한 다이어트 시작합니다  맛있는 거 잔뜩 먹고 다짐한 그 결심 이번엔 진짜 살 빼야지  그런데 다이어트할 때 뭐 먹어야 되지 아르기닌이 그렇게 좋아 먹어도 효과 없다는 정말인가 헷갈리는 얘기 너무 많지 않나요   아르기닌 좋다던데 뭐가 좋은지 고민이신 분들 건강한 다이어트를 하고 싶은 분들 이번 영상에서는 아르기닌이 무엇인지 다이어트할 때 아르기닌이 왜 도움 되는지 흡수 안 된다는 말 진짜일까 공복 용량 아무거나 먹으면 되는 거 아님  5가지알약가루분말액상젤리제형별 아르기닌 비교같은 핵심 포인트를 콕콕 짚어드립니다 특히 운동 전에 먹었을 때 몸에서 느껴지는 변화 체중별로 달라지는 적정 용량 고를 때 피해야 할 조합까지 이건 글로 다 말하면 재미없어요  올해 다이어트무작정 굶는 게 아니라제대로 알고 시작하고 싶다면 영상에서 직접 확인해보세요 0000 인트로 0150 아르기닌이란 0223 아르기닌의 효능 0455 아르기닌 섭취 시 알면 좋은 방법 0502 아르기닌 섭취 시 알면 좋은 방법 1 공복에 아르기닌 섭취 0607 아르기닌 섭취 시 알면 좋은 방법 2 하루 안전 용량을 지킨다 0715 아르기닌 섭취 시 알면 좋은 방법 3 분할 복용아르기닌 나눠 먹기 0816 아르기닌을 고르는 방법 0822 함께 복용하면 도움 되는 성분 1 시트룰린Citrulline 0903 함께 복용하면 도움 되는 성분 2 비타민 CVitamin C 0939 함께 복용하면 도움 되는 성분 3 비타민 BVitamin B 0955 함께 복용하면 도움 되는 성분 4 폴리페놀Polyphenol 1010 함께 복용하면 도움 되는 성분 5 마그네슘Magnesium 1036 함께 복용하면 도움이 되지 않는 성분 1042 함께 복용하면 도움이 되지 않는 성분 1 아미노산군이 섞여 있는 제품 1106 함께 복용하면 도움이 되지 않는 성분 2 너무 많은 미네랄과 지용성 비타민 1151 아르기닌 섭취를 주의해야 하는 사람들 1154 아르기닌 섭취를 주의해야 하는 사람들 1 장 기능이 약한 사람들 1205 아르기닌 섭취를 주의해야 하는 사람들 2 혈압을 낮춰주는 약을 복용하는 사람들 1227 아르기닌 섭취를 주의해야 하는 사람들 3 헤르페스가 있는 사람들 1306 아르기닌 섭취를 주의해야 하는 사람들 4 암 투병 중이신 환자분들 1328 아르기닌 무조건 이거 드세요  제형별 아르기닌 제품 추천 1350 알약형 아르기닌 제품 추천 1 나우 푸드의 아르기닌 더블 스트렝스 1431 알약형 아르기닌 제품 추천 2 쏜 리서치 L아르기닌 플러스 캡슐 1526 가루형 아르기닌 제품 추천 1 올맥스 아르기닌 HCI 1554 가루형 아르기닌 제품 추천 2 Swanson AAKG 1646 분말형 아르기닌 제품 추천 1 리틀모어 아르앤비타 블러드 오렌지맛 1805 분말형 아르기닌 제품 추천 2 아르타민 부스트 1840 액상형 아르기닌 제품 추천 1 익스트림 트리플 아르기닌 5000 2023 액상형 아르기닌 제품 추천 2 동국제약 혈행N 아르기닌 마스터 2109 젤리형 아르기닌 제품 추천 1 더존건강 배럴헬스 아르기닌 5000 젤리 2159 젤리형 아르기닌 제품 추천 2 헤비추얼 활력충전 아르기닌 스틱 6000 2242 아웃트로 마무리  출연 협업 광고 홍보 및 비즈니스 문의  drbellssshgmailcom  Instagram  httpswwwinstagramcomminlee0880  Blog  httpsblognavercomdoctorbell  Tiktok  httpswwwtiktokcomdrbell1  본 영상은 건강증진을 위해 만들어진 콘텐츠로서 의학적인 진료를 대신할 수 없으며 정확한 내용은 나의 건강 상태를 진료를 통해 확인할 수 있는 병원을 방문하여 전문의와의 상담을 통해 결정하시기 바랍니다 #다이어트#아르기닌#다이어트영양제#공복영양제#운동#헬스#피로회복#혈행개선#건강정보#영양제정보#닥터벨#이종민#팀닥터,"['다이어트', '영양제', '아르기닌', '비교', '리뷰', '의사', '성분', '고르', '공복', '용량', '부작용', '젤리', '액상', '가지', '제형', '제품', '리뷰', '다이어트', '식단', '올리브', '쿠팡', '마켓', '컬리', '아르기닌', '함량', '손해', '의사', '리뷰', '아르기닌', '복용', '제품', '고르', '비교', '시트', '액상', '가루', '캡슐', '의사', '유명', '아르기닌', '제품', '성분', '기준', '비교', '함량', '형태', '가루', '액상', '젤리', '캡슐', '부원료', '시트', '비타민', '복용', '공복', '분할', '결과', '가르', '영상', '정리', '드리', '아르기닌', '혈류', '운동', '피로', '역할', '아르기닌', '흡수', '오해', '정리', '흡수', '쓰이', '비율', '아르기닌', '제품', '고르', '기준', '가지', '섭취량', '섭취량', '분할', '가능', '형태', '가루', '액상', '젤리', '캡슐', '칼로리', '휴대', '위장', '부담', '부원료', '시트', '비타민', '엽산', '마그네슘', '목적', '필요', '아미노산', '경쟁', '구성', '제품', '성격', '따르', '주의', '대상', '부작용', '체크', '혈압', '약물', '기저', '질환', '새해', '건강', '다이어트', '시작', '맛있', '다짐', '결심', '이번', '다이어트', '아르기닌', '그렇', '효과', '정말', '헷갈리', '얘기', '아르기닌', '고민', '건강', '다이어트', '이번', '영상', '아르기닌', '무엇', '다이어트', '아르기닌', '도움', '흡수', '진짜', '공복', '용량', '아무거', '아니', '가지', '알약', '가루', '분말', '액상', '젤리', '제형', '아르기닌', '비교', '핵심', '포인트', '드리', '운동', '느끼', '변화', '체중', '달라지', '적정', '용량', '고르', '피하', '조합', '이거', '재미없', '올해', '다이어트', '작정', '아니', '시작', '영상', '확인', '아르기닌', '아르기닌', '효능', '아르기닌', '섭취', '방법', '아르기닌', '섭취', '방법', '공복', '아르기닌', '섭취', '아르기닌', '섭취', '방법', '하루', '안전', '용량', '지키', '아르기닌', '섭취', '방법', '분할', '복용', '아르기닌', '나누', '아르기닌', '고르', '방법', '복용', '도움', '성분', '시트', '복용', '도움', '성분', '비타민', '복용', '도움', '성분', '비타민', '복용', '도움', '성분', '폴리', '페놀', '복용', '도움', '성분', '마그네슘', '복용', '도움', '성분', '복용', '도움', '성분', '아미노산', '섞이', '제품', '복용', '도움', '성분', '미네랄', '지용', '비타민', '아르기닌', '섭취', '주의', '사람', '아르기닌', '섭취', '주의', '사람', '기능', '약하', '사람', '아르기닌', '섭취', '주의', '사람', '혈압', '낮추', '복용', '사람', '아르기닌', '섭취', '주의', '사람', '헤르페스', '사람', '아르기닌', '섭취', '주의', '사람', '투병', '환자', '아르기닌', '이거', '드세', '제형', '아르기닌', '제품', '추천', '알약', '아르기닌', '제품', '추천', '나우', '푸드', '아르기닌', '더블', '스트렝스', '알약', '아르기닌', '제품', '추천', '리서치', '아르기닌', '플러스', '캡슐', '가루', '아르기닌', '제품', '추천', '맥스', '아르기닌', '가루', '아르기닌', '제품', '추천', '분말', '아르기닌', '제품', '추천', '리틀', '모어', '아르앤비타', '블러드 오렌지', '분말', '아르기닌', '제품', '추천', '아르타', '부스트', '액상', '아르기닌', '제품', '추천', '익스트림', '트리플', '아르기닌', '액상', '아르기닌', '제품', '추천', '동국', '제약', '아르기닌', '마스터', '젤리', '아르기닌', '제품', '추천', '건강', '배럴', '헬스', '아르기닌', '젤리', '젤리', '아르기닌', '제품', '추천', '헤비추얼', '활력', '충전', '아르기닌', '스틱', '아웃트', '마무리', '출연', '협업', '광고', '홍보', '비즈니스', '문의', '영상', '건강', '증진', '위하', '만들', '콘텐츠', '의학', '진료', '대신', '정확', '내용', '건강', '상태', '진료', '통하', '확인', '병원', '방문', '전문의', '상담', '통하', '결정', '바라']"
3,2,연말 모임🍻 대비 필수템 #연말모임 #회식 #건강관리,"야근, 회식, 잦은 피로에 지친 직장인이라면 하루 한 캡슐로 간편하게 간 건강 관리.🌿 4개월분 구성이라 루틴 만들기에도 좋아요. 피로는 줄이고, 컨디션은 꾸준히 챙겨보세요.👍 🎀 영상 속 제품이 궁금하시다면 일상갱꿀템(@dailyganggooditem) 프로필에 상품 구매 링크 확인해주세요 🎁 상품번호: 76번 감사합니다 👍","#직장인피로,#피로관리,#야근템,#회식후관리,#직장인영양제,#간건강,#밀크씨슬,#세노비스,#하루한캡슐,#영양제,#간영양제,#직장인루틴,#건강관리,#데일리영양제,#컨디션관리,#모임,#회식,#바쁜직장인,#회사원템,#피로회복루틴,#셀프케어,#연말모임,#헬스케어,#오피스라이프,#직장인추천,#건강템,#올리브영,#올영,#올리브영추천템,#올영추천템",0,85,0,2025-12-18 02:00:39,https://www.youtube.com/watch?v=ZT6zkSMQMkw,연말 모임 대비 필수템 #연말모임 #회식 #건강관리 야근 회식 잦은 피로에 지친 직장인이라면 하루 한 캡슐로 간편하게 간 건강 관리 4개월분 구성이라 루틴 만들기에도 좋아요 피로는 줄이고 컨디션은 꾸준히 챙겨보세요  영상 속 제품이 궁금하시다면 일상갱꿀템dailyganggooditem 프로필에 상품 구매 링크 확인해주세요  상품번호 76번 감사합니다  #직장인피로#피로관리#야근템#회식후관리#직장인영양제#간건강#밀크씨슬#세노비스#하루한캡슐#영양제#간영양제#직장인루틴#건강관리#데일리영양제#컨디션관리#모임#회식#바쁜직장인#회사원템#피로회복루틴#셀프케어#연말모임#헬스케어#오피스라이프#직장인추천#건강템#올리브영#올영#올리브영추천템#올영추천템,"['연말', '모임', '대비', '필수', '야근', '회식', '피로', '지치', '직장인', '하루', '캡슐', '간편하', '건강', '관리', '개월', '구성', '루틴', '만들', '피로', '줄이', '컨디션', '챙기', '영상', '제품', '일상', '프로필', '상품', '구매', '링크', '확인', '상품', '번호', '감사']"
3,2,"#유산균#다이어트유산균#다이어트#한선화유산균#추천템#건강#영양제#올영추천템#영양제추천#변비 💎 영상 속 나오는 제품 정보 💎✅http://bit.ly/4q5Alq2",💎 영상 속 나오는 제품 정보 💎 ✅ http://bit.ly/4q5Alq2,,22,4069,2,2025-11-12 02:33:53,https://www.youtube.com/watch?v=cTtKSv1tMNQ,"#유산균#다이어트유산균#다이어트#한선화유산균#추천템#건강#영양제#올영추천템#영양제추천#변비  영상 속 나오는 제품 정보 httpbitly4q5Alq2  영상 속 나오는 제품 정보   httpbitly4q5Alq2 ","['영상', '나오', '제품', '정보', '영상', '나오', '제품', '정보']"
3,2,"[VLOG] 6월 연휴 2주 간의 일정｜연세대 대학원 합격, 다이소 영양제, 맘스터치(핫치즈순살), 청수당콜라보, 메가커피 팥빙, 꼼데 반팔, TeTe(생활의 달인), 올리브영",추구하는 영상미와 출력되는 이미지는 다를 수 있습니다. 잔잔하지만 가끔씩 역동적인 직장인 일상 브이로그이자 냥아치 집사의 우당탕탕 일상 지금 시작합니다. 6월 경주 여행 이후 연휴와 그 이후를 담아왔습니다. 6월에 정신 없어서 영상 찍어둔 것이 많지 않아서 2주 분량을 한 번에 엮어 왔습니다. 생활의 달인에 나왔던 식당에서 맛있게 밥도 먹고 유행하는 신상도 열심히 찾아 찍먹해 봤습니다. 그 중 가장 맛있었거나 실용적이라고 생각한 것은 무엇인가요? 지난 번 대학원을 준비하면서 오늘이 마지막 종지부를 찍게 되었습니다! 자발적 예비대학원생이 되었습니다...기쁘면서도 두렵습니다 ㅜㅜ 이제 대학원생 브이로그를 찍게 될 수도 있겠습니다! 그래도 즐겁게 시청 부탁드립니다! 그럼 무더운 날씨를 무사히 보내시길 바라며! 우린 또 다음 영상에서 만나요! 안뇽!,"#다이소,#생활의달인,#올리브영,#연세대,#브이로그#대전,#맛집,#카페,#여행",0,146,0,2025-07-26 12:59:25,https://www.youtube.com/watch?v=l64s5KuwEhA,VLOG 6월 연휴 2주 간의 일정연세대 대학원 합격 다이소 영양제 맘스터치핫치즈순살 청수당콜라보 메가커피 팥빙 꼼데 반팔 TeTe생활의 달인 올리브영 추구하는 영상미와 출력되는 이미지는 다를 수 있습니다 잔잔하지만 가끔씩 역동적인 직장인 일상 브이로그이자 냥아치 집사의 우당탕탕 일상 지금 시작합니다 6월 경주 여행 이후 연휴와 그 이후를 담아왔습니다 6월에 정신 없어서 영상 찍어둔 것이 많지 않아서 2주 분량을 한 번에 엮어 왔습니다 생활의 달인에 나왔던 식당에서 맛있게 밥도 먹고 유행하는 신상도 열심히 찾아 찍먹해 봤습니다 그 중 가장 맛있었거나 실용적이라고 생각한 것은 무엇인가요 지난 번 대학원을 준비하면서 오늘이 마지막 종지부를 찍게 되었습니다 자발적 예비대학원생이 되었습니다기쁘면서도 두렵습니다  이제 대학원생 브이로그를 찍게 될 수도 있겠습니다 그래도 즐겁게 시청 부탁드립니다 그럼 무더운 날씨를 무사히 보내시길 바라며 우린 또 다음 영상에서 만나요 안뇽 #다이소#생활의달인#올리브영#연세대#브이로그#대전#맛집#카페#여행,"['연휴', '일정', '연세대', '대학원', '합격', '다이소', '영양제', '맘스터치핫치즈순살', '수당', '콜라', '메가', '커피', '꼼데', '반팔', '생활', '달인', '올리브', '추구', '영상미', '출력', '이미지', '다르', '역동', '직장인', '일상', '브이', '로그', '냥아치', '집사', '일상', '시작', '경주', '여행', '이후', '연휴', '이후', '정신', '영상', '분량', '생활', '달인', '나오', '식당', '맛있', '유행', '신상', '맛있', '실용', '생각', '무엇', '지나', '대학원', '준비', '오늘', '마지막', '종지부', '자발', '예비', '대학원', '기쁘', '두렵', '대학원', '브이', '로그', '즐겁', '시청', '부탁', '드리', '무덥', '날씨', '보내', '바라', '우리', '다음', '영상', '만나', '안뇽']"
1,2,회사에서 제 추구미요? 그저 제 눈과 뇌와 간이 건강하길 바랄 뿐입니다🙏,"더도 말고 덜도 말고 건강이 최고인 직장인들을 위한 편의점 건강기능식품의 등장! 💊 전국 CU에서 24시간 건강기능식품 1+1이니까 나에게 필요한 건강을 간편하게 챙기세요~ ! ✅눈건강 ✅간건강 ✅두뇌기억력✅장건강 ✅종합건강 ✅다이어트 ✅이너케어 ✅혈행건강 ✅뼈건강 ※ 종근당 9종 상품 간, 교차 구매 가능 ※ 개당 5,000원에 상시 1+1 ! 개당 2,500원 꼴이에요!",,9,1362,1,2025-09-11 09:01:23,https://www.youtube.com/watch?v=w0B01ciT9pk,회사에서 제 추구미요 그저 제 눈과 뇌와 간이 건강하길 바랄 뿐입니다 더도 말고 덜도 말고 건강이 최고인 직장인들을 위한 편의점 건강기능식품의 등장  전국 CU에서 24시간 건강기능식품 11이니까 나에게 필요한 건강을 간편하게 챙기세요  눈건강 간건강 두뇌기억력장건강 종합건강 다이어트 이너케어 혈행건강 뼈건강  종근당 9종 상품 간 교차 구매 가능  개당 5000원에 상시 11  개당 2500원 꼴이에요 ,"['회사', '추구', '건강', '바라', '건강', '최고', '직장인', '위하', '편의점', '건강', '기능', '식품', '등장', '전국', '시간', '건강', '기능', '식품', '필요', '건강', '간편하', '챙기', '건강', '건강', '두뇌', '기억력', '건강', '종합', '건강', '다이어트', '이너', '케어', '건강', '건강', '종근당', '상품', '교차', '구매', '가능', '상시']"
1,2,"구리(cu)의 엄청난 효능,섭취방법!The incredible benefits of copper (cu) and how to consume it! #건강정보#건강 #이슈","구리(Copper)는 인체에 필요한 필수 미네랄 중 하나로, 다양한 효능을 가지고 있습니다. 주요 효능으로는 철분 흡수를 돕고, 결합조직 형성에 관여하며, 항산화 작용을 통해 세포 손상을 방지하는 데 도움을 줍니다. 또한, 에너지 생성, 신경계 기능 유지 등에도 중요한 역할을 합니다. 철분 흡수 및 대사 촉진 구리는 헤모글로빈 생성에 필요한 철분을 운반하고, 철분 산화를 도와 혈액 건강에 기여합니다. 결합조직 형성 콜라겐과 같은 결합조직 형성에 필요하며, 뼈 건강 유지 및 피부 탄력 유지에 도움을 줍니다. 항산화 작용 세포 내 호흡 과정에서 항산화 효소인 SOD의 구성 성분으로 작용하여 활성산소로부터 세포를 보호하고, 노화 방지에 기여합니다. 에너지 생성 에너지 생성 과정에 관여하여 신체 활동에 필요한 에너지를 공급합니다. 신경계 기능 유지 신경 전달 물질 생성에 관여하여 신경계 기능 유지에 도움을 줍니다. 면역력 증진 면역 세포 활성에 관여하여 면역력 향상에 도움을 줄 수 있습니다. Copper is one of the essential minerals that the human body needs, and it has various effects. Its main effects include assisting in the absorption of iron, being involved in the formation of connective tissue, and helping to prevent cell damage through its antioxidant properties. It also plays an important role in energy generation and maintenance of functions of the nervous system. Iron absorption and metabolism promotion Copper carries iron needed for hemoglobin production and helps oxidize iron, contributing to blood health. Formation of connective tissue It is necessary for the formation of connective tissue such as collagen and helps maintain bone health and skin elasticity. antioxidant action It acts as a component of SOD, an antioxidant enzyme, in the process of intracellular breathing to protect cells from free oxygen and contribute to anti-aging. energy generation It is involved in the energy generation process and supplies the energy needed for physical activity. Maintaining nervous system function It is involved in the generation of neurotransmitters to help maintain nervous system function. a boost to one's immune system It can help improve immunity by engaging in immune cell activity.",,6,1610,2,2025-08-04 13:46:27,https://www.youtube.com/watch?v=9k3LoYhRGzo,구리cu의 엄청난 효능섭취방법The incredible benefits of copper cu and how to consume it #건강정보#건강 #이슈 구리Copper는 인체에 필요한 필수 미네랄 중 하나로 다양한 효능을 가지고 있습니다 주요 효능으로는 철분 흡수를 돕고 결합조직 형성에 관여하며 항산화 작용을 통해 세포 손상을 방지하는 데 도움을 줍니다 또한 에너지 생성 신경계 기능 유지 등에도 중요한 역할을 합니다 철분 흡수 및 대사 촉진 구리는 헤모글로빈 생성에 필요한 철분을 운반하고 철분 산화를 도와 혈액 건강에 기여합니다 결합조직 형성 콜라겐과 같은 결합조직 형성에 필요하며 뼈 건강 유지 및 피부 탄력 유지에 도움을 줍니다 항산화 작용 세포 내 호흡 과정에서 항산화 효소인 SOD의 구성 성분으로 작용하여 활성산소로부터 세포를 보호하고 노화 방지에 기여합니다 에너지 생성 에너지 생성 과정에 관여하여 신체 활동에 필요한 에너지를 공급합니다 신경계 기능 유지 신경 전달 물질 생성에 관여하여 신경계 기능 유지에 도움을 줍니다 면역력 증진 면역 세포 활성에 관여하여 면역력 향상에 도움을 줄 수 있습니다 Copper is one of the essential minerals that the human body needs and it has various effects Its main effects include assisting in the absorption of iron being involved in the formation of connective tissue and helping to prevent cell damage through its antioxidant properties It also plays an important role in energy generation and maintenance of functions of the nervous system Iron absorption and metabolism promotion Copper carries iron needed for hemoglobin production and helps oxidize iron contributing to blood health Formation of connective tissue It is necessary for the formation of connective tissue such as collagen and helps maintain bone health and skin elasticity antioxidant action It acts as a component of SOD an antioxidant enzyme in the process of intracellular breathing to protect cells from free oxygen and contribute to antiaging energy generation It is involved in the energy generation process and supplies the energy needed for physical activity Maintaining nervous system function It is involved in the generation of neurotransmitters to help maintain nervous system function a boost to ones immune system It can help improve immunity by engaging in immune cell activity ,"['구리', '엄청나', '효능', '섭취', '방법', '구리', '인체', '필요', '필수', '미네랄', '하나', '다양', '효능', '가지', '주요', '효능', '철분', '흡수', '결합', '조직', '형성', '관여', '항산화', '작용', '통하', '세포', '손상', '방지', '도움', '에너지', '생성', '신경', '기능', '유지', '중요', '역할', '철분', '흡수', '대사', '촉진', '구리', '헤모글로빈', '생성', '필요', '철분', '운반', '철분', '산화', '혈액', '건강', '기여', '결합', '조직', '형성', '콜라겐', '결합', '조직', '형성', '필요', '건강', '유지', '피부', '탄력', '유지', '도움', '항산화', '작용', '세포', '호흡', '과정', '항산화', '효소', '구성', '성분', '작용', '활성', '산소', '세포', '보호', '노화', '방지', '기여', '에너지', '생성', '에너지', '생성', '과정', '관여', '신체', '활동', '필요', '에너지', '공급', '신경', '기능', '유지', '신경', '전달', '물질', '생성', '관여', '신경', '기능', '유지', '도움', '면역력', '증진', '면역', '세포', '활성', '관여', '면역력', '향상', '도움']"
1,2,넘어질까 두렵다면 굴을 이렇게 드세요! | 일상에서 굴을 어떻게 먹어야할까? | 굴효능과 먹는법,"이 영상에서는 굴을 ‘어떻게’ 먹어야 무릎에 도움이 되는지 핵심만 정리합니다. 의학적 치료를 대체하거나 단정하는 내용은 아닙니다. 일상에서 무릎 통증 관리를 위한 참고 정보로 활용해 주세요. ""굴은 ‘바다의 우유’라 불릴 만큼, 시니어에게 중요한 뼈·뇌·혈관을 동시에 챙기기 좋은 겨울 보양식입니다."" 굴 영상 핵심 내용 6가지 (목차용 · 궁금증 유발) ✔ 나이들수록 뼈가 녹는 원리 ✔ 굴이 ‘뼈·뇌·혈관’ 3가지를 한 번에 챙긴다고? ✔ 우유보다 칼슘이 많다 ✔ 굴이 겨울 보양식인 이유 ✔ 굴과 “같이 먹으면 좋은” 조합 4가지 ✔ 배탈 걱정 끝: 굴 안전하게 먹는 법 [전문용어 풀이] 칼슘(Ca): 뼈·치아를 단단하게 만드는 핵심 미네랄 비타민 D: 칼슘이 뼈에 붙도록 도와주는 영양소(흡수·이용에 중요) 비타민 B12: 신경세포 기능에 꼭 필요(기억력/신경 건강 이야기할 때 등장) 아연(Zn): 뼈를 만드는 세포 활동 + 면역 + 인슐린 대사에 관여 구리(Cu): 뼈 조직 형성에 도움(콜라겐/결합조직 관련) 망간(Mn): 뼈 형성과 항산화 효소에 관여 인(P): 칼슘과 함께 뼈 구조를 이루는 성분 셀레늄(Se): 항산화(세포 보호) 쪽으로 자주 언급되는 미네랄 철분(Fe): 적혈구(헤모글로빈) 구성 → 빈혈/기력과 연결 타우린(Taurine): 심혈관 쪽(콜레스테롤·혈압 관리 포인트로 자주 소개) DHA: 오메가-3 지방산 → 뇌 건강/인지 기능 쪽에서 자주 언급 EPA: 오메가-3 지방산 → 중성지방·혈관 건강 이야기할 때 자주 등장 구연산(Citric acid) (레몬): 철분 흡수 도움 포인트로 연결 탄닌(Tannin) (감/커피): 철분·아연 흡수를 방해할 수 있는 성분으로 설명에 사용",,6,202,1,2026-01-14 22:07:00,https://www.youtube.com/watch?v=E365aijvBoU,넘어질까 두렵다면 굴을 이렇게 드세요  일상에서 굴을 어떻게 먹어야할까  굴효능과 먹는법 이 영상에서는 굴을 어떻게 먹어야 무릎에 도움이 되는지 핵심만 정리합니다 의학적 치료를 대체하거나 단정하는 내용은 아닙니다 일상에서 무릎 통증 관리를 위한 참고 정보로 활용해 주세요 굴은 바다의 우유라 불릴 만큼 시니어에게 중요한 뼈뇌혈관을 동시에 챙기기 좋은 겨울 보양식입니다 굴 영상 핵심 내용 6가지 목차용  궁금증 유발  나이들수록 뼈가 녹는 원리  굴이 뼈뇌혈관 3가지를 한 번에 챙긴다고  우유보다 칼슘이 많다  굴이 겨울 보양식인 이유  굴과 같이 먹으면 좋은 조합 4가지  배탈 걱정 끝 굴 안전하게 먹는 법 전문용어 풀이 칼슘Ca 뼈치아를 단단하게 만드는 핵심 미네랄 비타민 D 칼슘이 뼈에 붙도록 도와주는 영양소흡수이용에 중요 비타민 B12 신경세포 기능에 꼭 필요기억력신경 건강 이야기할 때 등장 아연Zn 뼈를 만드는 세포 활동  면역  인슐린 대사에 관여 구리Cu 뼈 조직 형성에 도움콜라겐결합조직 관련 망간Mn 뼈 형성과 항산화 효소에 관여 인P 칼슘과 함께 뼈 구조를 이루는 성분 셀레늄Se 항산화세포 보호 쪽으로 자주 언급되는 미네랄 철분Fe 적혈구헤모글로빈 구성  빈혈기력과 연결 타우린Taurine 심혈관 쪽콜레스테롤혈압 관리 포인트로 자주 소개 DHA 오메가3 지방산  뇌 건강인지 기능 쪽에서 자주 언급 EPA 오메가3 지방산  중성지방혈관 건강 이야기할 때 자주 등장 구연산Citric acid 레몬 철분 흡수 도움 포인트로 연결 탄닌Tannin 감커피 철분아연 흡수를 방해할 수 있는 성분으로 설명에 사용 ,"['넘어지', '두렵', '이렇', '드세', '일상', '어떻', '효능', '영상', '어떻', '무릎', '도움', '핵심', '정리', '의학', '치료', '대체', '단정', '내용', '아니', '일상', '무릎', '통증', '관리', '위하', '참고', '정보', '활용', '바다', '우유', '불리', '만큼', '시니어', '중요', '뇌혈관', '동시', '챙기', '겨울', '보양식', '영상', '핵심', '내용', '가지', '목차', '궁금증', '유발', '나이', '원리', '뇌혈관', '가지', '챙기', '우유', '칼슘', '겨울', '보양식', '이유', '조합', '가지', '배탈', '걱정', '안전', '전문', '용어', '풀이', '칼슘', '치아', '만들', '핵심', '미네랄', '비타민', '칼슘', '도와주', '영양소', '흡수', '이용', '중요', '비타민', '신경', '세포', '기능', '필요', '기억력', '신경', '건강', '이야기', '등장', '아연', '만들', '세포', '활동', '면역', '인슐린', '대사', '관여', '구리', '조직', '형성', '도움', '콜라겐', '결합', '조직', '관련', '망간', '형성', '항산화', '효소', '관여', '칼슘', '구조', '이루', '성분', '레늄', '항산화', '세포', '보호', '언급', '미네랄', '철분', '적혈구', '헤모글로빈', '구성', '빈혈', '기력', '연결', '타우린', '심혈관', '콜레스테롤', '혈압', '관리', '포인트', '소개', '오메가', '지방산', '건강', '인지', '기능', '언급', '오메가', '지방산', '중성', '지방', '혈관', '건강', '이야기', '등장', '연산', '레몬', '철분', '흡수', '도움', '포인트', '연결', '탄닌', '커피', '철분', '아연', '흡수', '방해', '성분', '설명', '사용']"
1,2,문어에 풍부한 영양성분 #건강,"문어에 많이 함유된 주요 영양성분 9가지를 정리하면 다음과 같습니다. – 근육 형성과 세포 재생에 필요한 고단백 식품입니다. – 피로 회복과 간 기능 개선에 도움이 됩니다. B12 – 신경 건강 유지 및 빈혈 예방에 좋습니다. – 혈액 생성과 산소 운반에 필수입니다. – 면역력 강화와 상처 회복을 촉진합니다. – 항산화 작용으로 세포 손상을 방지합니다. 지방산 – 심혈관 건강에 도움이 됩니다. – 노화 방지 및 피부 건강 유지에 도움이 됩니다. – 에너지 대사와 적혈구 형성에 관여합니다. *요약하자면, 문어는 저지방·고단백 식품으로, 피로 회복·면역 강화·혈액 건강에 좋은 영양소가 골고루 들어 있습니다.","#단백질,#타우린,#비타민,#철분,#아연,#셀레늄,#오메가3,#비타민E,#구리(Cu),#문어,#shorts",16,1707,0,2025-11-03 23:03:37,https://www.youtube.com/watch?v=hCnYfat0Lew,문어에 풍부한 영양성분 #건강 문어에 많이 함유된 주요 영양성분 9가지를 정리하면 다음과 같습니다  근육 형성과 세포 재생에 필요한 고단백 식품입니다  피로 회복과 간 기능 개선에 도움이 됩니다 B12  신경 건강 유지 및 빈혈 예방에 좋습니다  혈액 생성과 산소 운반에 필수입니다  면역력 강화와 상처 회복을 촉진합니다  항산화 작용으로 세포 손상을 방지합니다 지방산  심혈관 건강에 도움이 됩니다  노화 방지 및 피부 건강 유지에 도움이 됩니다  에너지 대사와 적혈구 형성에 관여합니다 요약하자면 문어는 저지방고단백 식품으로 피로 회복면역 강화혈액 건강에 좋은 영양소가 골고루 들어 있습니다 #단백질#타우린#비타민#철분#아연#셀레늄#오메가3#비타민E#구리Cu#문어#shorts,"['문어', '영양', '성분', '문어', '함유', '영양', '성분', '가지', '정리', '다음', '근육', '형성', '세포', '재생', '필요', '단백', '식품', '피로', '회복', '기능', '개선', '도움', '신경', '건강', '유지', '빈혈', '예방', '혈액', '생성', '산소', '운반', '필수', '면역력', '강화', '상처', '회복', '촉진', '항산화', '작용', '세포', '손상', '방지', '지방산', '심혈관', '건강', '도움', '노화', '방지', '피부', '건강', '유지', '도움', '에너지', '대사', '적혈구', '형성', '관여', '요약', '문어', '지방', '단백', '식품', '피로', '회복', '면역', '강화', '혈액', '건강', '영양소']"
1,2,마카다미아에 많이 들어 있는 대표적인 영양성분,"마카다미아에 많이 들어 있는 대표적인 영양성분 9가지는 다음과 같습니다. : 심혈관 건강에 도움을 주고 염증을 감소시키는 데 유익한 건강한 지방입니다. : 소화 건강을 돕고 포만감을 늘려 체중 조절에도 기여합니다. : 항산화 효소 활성과 뼈 형성에 중요한 미네랄입니다. B1) : 탄수화물 대사를 돕고 신경 및 에너지 생성에 필수적입니다. : 근육·신경 기능 유지와 혈압 조절에 중요한 역할을 합니다. : 철분 대사와 면역 기능, 피부·모발 건강에 필요합니다. : 산소 운반을 담당하는 헤모글로빈 생성에 필수적입니다. : 뼈와 치아 건강, 에너지 대사에 중요한 구성 요소입니다. B6 : 단백질 대사와 신경전달물질 생성에 관여해 뇌 기능을 지원합니다.","#단일불포화지방산(올레산·팔미톨레산),#식이섬유,#망간(Mn),#티아민(비타민,#마그네슘(Mg),#구리(Cu),#철(Fe),#인(P),#비타민,#건강,#마카다미아,#견과류,#영양,#shorts",8,1087,0,2025-11-27 01:00:33,https://www.youtube.com/watch?v=4jE1L4El784,마카다미아에 많이 들어 있는 대표적인 영양성분 마카다미아에 많이 들어 있는 대표적인 영양성분 9가지는 다음과 같습니다  심혈관 건강에 도움을 주고 염증을 감소시키는 데 유익한 건강한 지방입니다  소화 건강을 돕고 포만감을 늘려 체중 조절에도 기여합니다  항산화 효소 활성과 뼈 형성에 중요한 미네랄입니다 B1  탄수화물 대사를 돕고 신경 및 에너지 생성에 필수적입니다  근육신경 기능 유지와 혈압 조절에 중요한 역할을 합니다  철분 대사와 면역 기능 피부모발 건강에 필요합니다  산소 운반을 담당하는 헤모글로빈 생성에 필수적입니다  뼈와 치아 건강 에너지 대사에 중요한 구성 요소입니다 B6  단백질 대사와 신경전달물질 생성에 관여해 뇌 기능을 지원합니다 #단일불포화지방산올레산팔미톨레산#식이섬유#망간Mn#티아민비타민#마그네슘Mg#구리Cu#철Fe#인P#비타민#건강#마카다미아#견과류#영양#shorts,"['마카다미아', '대표', '영양', '성분', '마카다미아', '대표', '영양', '성분', '가지', '다음', '심혈관', '건강', '도움', '염증', '감소', '유익', '건강', '지방', '소화', '건강', '포만감', '늘리', '체중', '조절', '기여', '항산화', '효소', '활성', '형성', '중요', '미네랄', '탄수화물', '대사', '신경', '에너지', '생성', '필수', '근육', '신경', '기능', '유지', '혈압', '조절', '중요', '역할', '철분', '대사', '면역', '기능', '피부', '모발', '건강', '필요', '산소', '운반', '담당', '헤모글로빈', '생성', '필수', '치아', '건강', '에너지', '대사', '중요', '구성', '요소', '단백질', '대사', '신경', '전달', '물질', '생성', '관여', '기능', '지원']"
1,2,넘어질까 두렵다면 굴을 이렇게 드세요! | 일상에서 굴을 어떻게 먹어야할까? | 굴효능과 먹는법,"이 영상에서는 굴을 ‘어떻게’ 먹어야 무릎에 도움이 되는지 핵심만 정리합니다. 의학적 치료를 대체하거나 단정하는 내용은 아닙니다. 일상에서 무릎 통증 관리를 위한 참고 정보로 활용해 주세요. ""굴은 ‘바다의 우유’라 불릴 만큼, 시니어에게 중요한 뼈·뇌·혈관을 동시에 챙기기 좋은 겨울 보양식입니다."" 굴 영상 핵심 내용 6가지 (목차용 · 궁금증 유발) ✔ 나이들수록 뼈가 녹는 원리 ✔ 굴이 ‘뼈·뇌·혈관’ 3가지를 한 번에 챙긴다고? ✔ 우유보다 칼슘이 많다 ✔ 굴이 겨울 보양식인 이유 ✔ 굴과 “같이 먹으면 좋은” 조합 4가지 ✔ 배탈 걱정 끝: 굴 안전하게 먹는 법 [전문용어 풀이] 칼슘(Ca): 뼈·치아를 단단하게 만드는 핵심 미네랄 비타민 D: 칼슘이 뼈에 붙도록 도와주는 영양소(흡수·이용에 중요) 비타민 B12: 신경세포 기능에 꼭 필요(기억력/신경 건강 이야기할 때 등장) 아연(Zn): 뼈를 만드는 세포 활동 + 면역 + 인슐린 대사에 관여 구리(Cu): 뼈 조직 형성에 도움(콜라겐/결합조직 관련) 망간(Mn): 뼈 형성과 항산화 효소에 관여 인(P): 칼슘과 함께 뼈 구조를 이루는 성분 셀레늄(Se): 항산화(세포 보호) 쪽으로 자주 언급되는 미네랄 철분(Fe): 적혈구(헤모글로빈) 구성 → 빈혈/기력과 연결 타우린(Taurine): 심혈관 쪽(콜레스테롤·혈압 관리 포인트로 자주 소개) DHA: 오메가-3 지방산 → 뇌 건강/인지 기능 쪽에서 자주 언급 EPA: 오메가-3 지방산 → 중성지방·혈관 건강 이야기할 때 자주 등장 구연산(Citric acid) (레몬): 철분 흡수 도움 포인트로 연결 탄닌(Tannin) (감/커피): 철분·아연 흡수를 방해할 수 있는 성분으로 설명에 사용",,9,392,0,2026-01-15 10:38:30,https://www.youtube.com/watch?v=FOiuFCh-nYg,넘어질까 두렵다면 굴을 이렇게 드세요  일상에서 굴을 어떻게 먹어야할까  굴효능과 먹는법 이 영상에서는 굴을 어떻게 먹어야 무릎에 도움이 되는지 핵심만 정리합니다 의학적 치료를 대체하거나 단정하는 내용은 아닙니다 일상에서 무릎 통증 관리를 위한 참고 정보로 활용해 주세요 굴은 바다의 우유라 불릴 만큼 시니어에게 중요한 뼈뇌혈관을 동시에 챙기기 좋은 겨울 보양식입니다 굴 영상 핵심 내용 6가지 목차용  궁금증 유발  나이들수록 뼈가 녹는 원리  굴이 뼈뇌혈관 3가지를 한 번에 챙긴다고  우유보다 칼슘이 많다  굴이 겨울 보양식인 이유  굴과 같이 먹으면 좋은 조합 4가지  배탈 걱정 끝 굴 안전하게 먹는 법 전문용어 풀이 칼슘Ca 뼈치아를 단단하게 만드는 핵심 미네랄 비타민 D 칼슘이 뼈에 붙도록 도와주는 영양소흡수이용에 중요 비타민 B12 신경세포 기능에 꼭 필요기억력신경 건강 이야기할 때 등장 아연Zn 뼈를 만드는 세포 활동  면역  인슐린 대사에 관여 구리Cu 뼈 조직 형성에 도움콜라겐결합조직 관련 망간Mn 뼈 형성과 항산화 효소에 관여 인P 칼슘과 함께 뼈 구조를 이루는 성분 셀레늄Se 항산화세포 보호 쪽으로 자주 언급되는 미네랄 철분Fe 적혈구헤모글로빈 구성  빈혈기력과 연결 타우린Taurine 심혈관 쪽콜레스테롤혈압 관리 포인트로 자주 소개 DHA 오메가3 지방산  뇌 건강인지 기능 쪽에서 자주 언급 EPA 오메가3 지방산  중성지방혈관 건강 이야기할 때 자주 등장 구연산Citric acid 레몬 철분 흡수 도움 포인트로 연결 탄닌Tannin 감커피 철분아연 흡수를 방해할 수 있는 성분으로 설명에 사용 ,"['넘어지', '두렵', '이렇', '드세', '일상', '어떻', '효능', '영상', '어떻', '무릎', '도움', '핵심', '정리', '의학', '치료', '대체', '단정', '내용', '아니', '일상', '무릎', '통증', '관리', '위하', '참고', '정보', '활용', '바다', '우유', '불리', '만큼', '시니어', '중요', '뇌혈관', '동시', '챙기', '겨울', '보양식', '영상', '핵심', '내용', '가지', '목차', '궁금증', '유발', '나이', '원리', '뇌혈관', '가지', '챙기', '우유', '칼슘', '겨울', '보양식', '이유', '조합', '가지', '배탈', '걱정', '안전', '전문', '용어', '풀이', '칼슘', '치아', '만들', '핵심', '미네랄', '비타민', '칼슘', '도와주', '영양소', '흡수', '이용', '중요', '비타민', '신경', '세포', '기능', '필요', '기억력', '신경', '건강', '이야기', '등장', '아연', '만들', '세포', '활동', '면역', '인슐린', '대사', '관여', '구리', '조직', '형성', '도움', '콜라겐', '결합', '조직', '관련', '망간', '형성', '항산화', '효소', '관여', '칼슘', '구조', '이루', '성분', '레늄', '항산화', '세포', '보호', '언급', '미네랄', '철분', '적혈구', '헤모글로빈', '구성', '빈혈', '기력', '연결', '타우린', '심혈관', '콜레스테롤', '혈압', '관리', '포인트', '소개', '오메가', '지방산', '건강', '인지', '기능', '언급', '오메가', '지방산', '중성', '지방', '혈관', '건강', '이야기', '등장', '연산', '레몬', '철분', '흡수', '도움', '포인트', '연결', '탄닌', '커피', '철분', '아연', '흡수', '방해', '성분', '설명', '사용']"
1,2,넘어질까 두렵다면 굴을 이렇게 드세요! | 일상에서 굴을 어떻게 먹어야할까? | 굴효능과 먹는법,"이 영상에서는 굴을 ‘어떻게’ 먹어야 무릎에 도움이 되는지 핵심만 정리합니다. 의학적 치료를 대체하거나 단정하는 내용은 아닙니다. 일상에서 무릎 통증 관리를 위한 참고 정보로 활용해 주세요. ""굴은 ‘바다의 우유’라 불릴 만큼, 시니어에게 중요한 뼈·뇌·혈관을 동시에 챙기기 좋은 겨울 보양식입니다."" 굴 영상 핵심 내용 6가지 (목차용 · 궁금증 유발) ✔ 나이들수록 뼈가 녹는 원리 ✔ 굴이 ‘뼈·뇌·혈관’ 3가지를 한 번에 챙긴다고? ✔ 우유보다 칼슘이 많다 ✔ 굴이 겨울 보양식인 이유 ✔ 굴과 “같이 먹으면 좋은” 조합 4가지 ✔ 배탈 걱정 끝: 굴 안전하게 먹는 법 [전문용어 풀이] 칼슘(Ca): 뼈·치아를 단단하게 만드는 핵심 미네랄 비타민 D: 칼슘이 뼈에 붙도록 도와주는 영양소(흡수·이용에 중요) 비타민 B12: 신경세포 기능에 꼭 필요(기억력/신경 건강 이야기할 때 등장) 아연(Zn): 뼈를 만드는 세포 활동 + 면역 + 인슐린 대사에 관여 구리(Cu): 뼈 조직 형성에 도움(콜라겐/결합조직 관련) 망간(Mn): 뼈 형성과 항산화 효소에 관여 인(P): 칼슘과 함께 뼈 구조를 이루는 성분 셀레늄(Se): 항산화(세포 보호) 쪽으로 자주 언급되는 미네랄 철분(Fe): 적혈구(헤모글로빈) 구성 → 빈혈/기력과 연결 타우린(Taurine): 심혈관 쪽(콜레스테롤·혈압 관리 포인트로 자주 소개) DHA: 오메가-3 지방산 → 뇌 건강/인지 기능 쪽에서 자주 언급 EPA: 오메가-3 지방산 → 중성지방·혈관 건강 이야기할 때 자주 등장 구연산(Citric acid) (레몬): 철분 흡수 도움 포인트로 연결 탄닌(Tannin) (감/커피): 철분·아연 흡수를 방해할 수 있는 성분으로 설명에 사용",,2,169,0,2026-02-01 03:12:36,https://www.youtube.com/watch?v=OARxrLeD49w,넘어질까 두렵다면 굴을 이렇게 드세요  일상에서 굴을 어떻게 먹어야할까  굴효능과 먹는법 이 영상에서는 굴을 어떻게 먹어야 무릎에 도움이 되는지 핵심만 정리합니다 의학적 치료를 대체하거나 단정하는 내용은 아닙니다 일상에서 무릎 통증 관리를 위한 참고 정보로 활용해 주세요 굴은 바다의 우유라 불릴 만큼 시니어에게 중요한 뼈뇌혈관을 동시에 챙기기 좋은 겨울 보양식입니다 굴 영상 핵심 내용 6가지 목차용  궁금증 유발  나이들수록 뼈가 녹는 원리  굴이 뼈뇌혈관 3가지를 한 번에 챙긴다고  우유보다 칼슘이 많다  굴이 겨울 보양식인 이유  굴과 같이 먹으면 좋은 조합 4가지  배탈 걱정 끝 굴 안전하게 먹는 법 전문용어 풀이 칼슘Ca 뼈치아를 단단하게 만드는 핵심 미네랄 비타민 D 칼슘이 뼈에 붙도록 도와주는 영양소흡수이용에 중요 비타민 B12 신경세포 기능에 꼭 필요기억력신경 건강 이야기할 때 등장 아연Zn 뼈를 만드는 세포 활동  면역  인슐린 대사에 관여 구리Cu 뼈 조직 형성에 도움콜라겐결합조직 관련 망간Mn 뼈 형성과 항산화 효소에 관여 인P 칼슘과 함께 뼈 구조를 이루는 성분 셀레늄Se 항산화세포 보호 쪽으로 자주 언급되는 미네랄 철분Fe 적혈구헤모글로빈 구성  빈혈기력과 연결 타우린Taurine 심혈관 쪽콜레스테롤혈압 관리 포인트로 자주 소개 DHA 오메가3 지방산  뇌 건강인지 기능 쪽에서 자주 언급 EPA 오메가3 지방산  중성지방혈관 건강 이야기할 때 자주 등장 구연산Citric acid 레몬 철분 흡수 도움 포인트로 연결 탄닌Tannin 감커피 철분아연 흡수를 방해할 수 있는 성분으로 설명에 사용 ,"['넘어지', '두렵', '이렇', '드세', '일상', '어떻', '효능', '영상', '어떻', '무릎', '도움', '핵심', '정리', '의학', '치료', '대체', '단정', '내용', '아니', '일상', '무릎', '통증', '관리', '위하', '참고', '정보', '활용', '바다', '우유', '불리', '만큼', '시니어', '중요', '뇌혈관', '동시', '챙기', '겨울', '보양식', '영상', '핵심', '내용', '가지', '목차', '궁금증', '유발', '나이', '원리', '뇌혈관', '가지', '챙기', '우유', '칼슘', '겨울', '보양식', '이유', '조합', '가지', '배탈', '걱정', '안전', '전문', '용어', '풀이', '칼슘', '치아', '만들', '핵심', '미네랄', '비타민', '칼슘', '도와주', '영양소', '흡수', '이용', '중요', '비타민', '신경', '세포', '기능', '필요', '기억력', '신경', '건강', '이야기', '등장', '아연', '만들', '세포', '활동', '면역', '인슐린', '대사', '관여', '구리', '조직', '형성', '도움', '콜라겐', '결합', '조직', '관련', '망간', '형성', '항산화', '효소', '관여', '칼슘', '구조', '이루', '성분', '레늄', '항산화', '세포', '보호', '언급', '미네랄', '철분', '적혈구', '헤모글로빈', '구성', '빈혈', '기력', '연결', '타우린', '심혈관', '콜레스테롤', '혈압', '관리', '포인트', '소개', '오메가', '지방산', '건강', '인지', '기능', '언급', '오메가', '지방산', '중성', '지방', '혈관', '건강', '이야기', '등장', '연산', '레몬', '철분', '흡수', '도움', '포인트', '연결', '탄닌', '커피', '철분', '아연', '흡수', '방해', '성분', '설명', '사용']"
1,2,'이 음식'을 먹으면 코와 목이 상쾌해집니다ㅣ비염 축농증 후비루 환자분들 이 음식을 챙겨드세요,"👉가래 기침 후비루 뿌리뽑는법 ㅣ 상쾌한의원만의 특별한 치료법을 알고 싶으시면 https://youtu.be/w-MMv2sm-CU 📊 상쾌한의원 치료 환자분들의 후기를 보시려면 https://cleansoom.com/%EC%B9%98%EB%A3%8C%ED%9B%84%EA%B8%B0/ 😊 안녕하세요, 비염, 축농증, 후비루로 고생하시는 시청자 여러분! 이 영상에서는 코 질환을 치료하는 데 큰 도움을 줄 수 있는 천연 약재와도 같은 음식 베스트 12가지를 소개합니다. 코 질환의 주원인인 염증과 순환 장애를 해결하는 데 초점을 맞춘 음식들로, 꾸준히 섭취하시면 증상 개선에 큰 효과를 보실 수 있습니다. 생강과 강황처럼 강력한 항염 효과로 염증을 줄이는 음식부터, 도라지, 배, 녹색 잎채소 등 건조하고 손상된 코 점막을 촉촉하게 회복시키는 데 탁월한 음식들을 알려드립니다. 또한, 계피나 견과류처럼 혈액 및 림프 순환을 원활하게 하여 염증 물질과 노폐물 배출을 돕고, 버섯류처럼 면역력을 높여 코 감염으로부터 몸을 보호해 주는 음식들도 만나보실 수 있습니다. 단순히 무엇을 먹어야 하는지를 넘어, 오이, 미역국 등을 통한 충분한 수분 공급의 중요성, 그리고 몸을 따뜻하게 하는 죽이나 국물 요리를 통해 한의학적 관점에서 코 질환을 다스리는 방법까지 친절하게 설명해 드립니다. 마지막으로, 아침에는 따뜻하게, 점심에는 영양가 있게, 저녁에는 소화가 잘 되게 먹는 식사 패턴과 타이밍 팁을 통해 일상 속에서 코 건강을 지키는 습관을 만들 수 있도록 도와드립니다. ✅ 타임라인✅ 00:00 코 질환(비염, 축농증, 후비루)과 음식의 관계 소개 00:42 항염 효과로 염증을 줄이는 음식 00:52 생강: 강력한 항염 작용과 혈액 순환 개선 01:17 강황: 염증 감소 및 면역력 조절 01:28 점막 건강을 회복하고 유지하는 음식 01:40 도라지: 사포닌 성분으로 가래를 삭히고 점막을 촉촉하게 유지 01:57 배: 수분 공급, 염증 감소, 면역력 향상 02:18 림프/혈액 순환을 개선하여 노폐물 배출을 돕는 음식 02:29 계피: 혈액 순환 촉진, 몸을 따뜻하게 함 02:44 견과류(호두, 아몬드, 잣): 오메가3와 비타민 E로 혈관 건강 및 염증 감소 02:57 면역력을 높여 감염 회복을 돕는 음식 03:06 버섯류: 베타글루칸으로 면역력 향상 03:22 시금치 등 녹색 잎채소: 면역 세포 기능 향상 및 점막 건강에 필수 03:39 충분한 수분 공급으로 점막 건조함 및 점액 점도 개선 03:55 오이: 탁월한 수분 공급과 부종 완화 04:08 미역국/다시마 우린 물: 수분 및 미네랄 공급 04:19 몸을 따뜻하게 해주는 음식 (한의학적 관점) 04:27 따뜻한 죽 또는 국물 요리 (닭죽, 전복죽, 단호박죽) 04:47 코 질환에 도움이 되는 식사 패턴과 타이밍 04:55 아침 점심 저녁 식사 방법 05:27 음식 온도 및 수분 섭취 습관의 중요성 📞 상쾌한의원 전화문의 ㅣ 031-232-1075 👉 상쾌한의원 블로그 ㅣ https://blog.naver.com/cleansoom2637 🔗 공식 홈페이지 ㅣ https://cleansoom.com/ 📋 경기도 화성시 병점서로 44 병점프라자 2층 (1호선 병점역 1번출구) ✅상쾌한 호흡기 치료법에 대해 알고 싶으시면 ✅ https://www.youtube.com/playlist?list=PL12Ht212LTNzpjZV1kAPcVy7d4CGFFXP7","#후비루,#비염,#축농증,#부비동염,#호흡기질환,#알레르기비염,#목가래,#가래,#콧물,#기침,#코막힘,#인후통,#인후염",104,1931,14,2025-09-27 05:00:47,https://www.youtube.com/watch?v=fV3uHUfy2O0,이 음식을 먹으면 코와 목이 상쾌해집니다비염 축농증 후비루 환자분들 이 음식을 챙겨드세요 가래 기침 후비루 뿌리뽑는법  상쾌한의원만의 특별한 치료법을 알고 싶으시면 httpsyoutubewMMv2smCU  상쾌한의원 치료 환자분들의 후기를 보시려면 httpscleansoomcomECB998EBA38CED9B84EAB8B0  안녕하세요 비염 축농증 후비루로 고생하시는 시청자 여러분 이 영상에서는 코 질환을 치료하는 데 큰 도움을 줄 수 있는 천연 약재와도 같은 음식 베스트 12가지를 소개합니다 코 질환의 주원인인 염증과 순환 장애를 해결하는 데 초점을 맞춘 음식들로 꾸준히 섭취하시면 증상 개선에 큰 효과를 보실 수 있습니다 생강과 강황처럼 강력한 항염 효과로 염증을 줄이는 음식부터 도라지 배 녹색 잎채소 등 건조하고 손상된 코 점막을 촉촉하게 회복시키는 데 탁월한 음식들을 알려드립니다 또한 계피나 견과류처럼 혈액 및 림프 순환을 원활하게 하여 염증 물질과 노폐물 배출을 돕고 버섯류처럼 면역력을 높여 코 감염으로부터 몸을 보호해 주는 음식들도 만나보실 수 있습니다 단순히 무엇을 먹어야 하는지를 넘어 오이 미역국 등을 통한 충분한 수분 공급의 중요성 그리고 몸을 따뜻하게 하는 죽이나 국물 요리를 통해 한의학적 관점에서 코 질환을 다스리는 방법까지 친절하게 설명해 드립니다 마지막으로 아침에는 따뜻하게 점심에는 영양가 있게 저녁에는 소화가 잘 되게 먹는 식사 패턴과 타이밍 팁을 통해 일상 속에서 코 건강을 지키는 습관을 만들 수 있도록 도와드립니다  타임라인 0000 코 질환비염 축농증 후비루과 음식의 관계 소개 0042 항염 효과로 염증을 줄이는 음식 0052 생강 강력한 항염 작용과 혈액 순환 개선 0117 강황 염증 감소 및 면역력 조절 0128 점막 건강을 회복하고 유지하는 음식 0140 도라지 사포닌 성분으로 가래를 삭히고 점막을 촉촉하게 유지 0157 배 수분 공급 염증 감소 면역력 향상 0218 림프혈액 순환을 개선하여 노폐물 배출을 돕는 음식 0229 계피 혈액 순환 촉진 몸을 따뜻하게 함 0244 견과류호두 아몬드 잣 오메가3와 비타민 E로 혈관 건강 및 염증 감소 0257 면역력을 높여 감염 회복을 돕는 음식 0306 버섯류 베타글루칸으로 면역력 향상 0322 시금치 등 녹색 잎채소 면역 세포 기능 향상 및 점막 건강에 필수 0339 충분한 수분 공급으로 점막 건조함 및 점액 점도 개선 0355 오이 탁월한 수분 공급과 부종 완화 0408 미역국다시마 우린 물 수분 및 미네랄 공급 0419 몸을 따뜻하게 해주는 음식 한의학적 관점 0427 따뜻한 죽 또는 국물 요리 닭죽 전복죽 단호박죽 0447 코 질환에 도움이 되는 식사 패턴과 타이밍 0455 아침 점심 저녁 식사 방법 0527 음식 온도 및 수분 섭취 습관의 중요성  상쾌한의원 전화문의  0312321075  상쾌한의원 블로그  httpsblognavercomcleansoom2637  공식 홈페이지  httpscleansoomcom  경기도 화성시 병점서로 44 병점프라자 2층 1호선 병점역 1번출구 상쾌한 호흡기 치료법에 대해 알고 싶으시면  httpswwwyoutubecomplaylistlistPL12Ht212LTNzpjZV1kAPcVy7d4CGFFXP7 #후비루#비염#축농증#부비동염#호흡기질환#알레르기비염#목가래#가래#콧물#기침#코막힘#인후통#인후염,"['음식', '비염', '축농증', '후비루', '환자', '음식', '챙기', '드세', '가래', '기침', '후비루', '뿌리', '의원', '특별', '치료법', '의원', '치료', '환자', '후기', '안녕', '비염', '축농증', '후비루', '고생', '시청자', '여러분', '영상', '질환', '치료', '도움', '천연', '약재', '음식', '베스트', '가지', '소개', '질환', '원인', '염증', '순환', '장애', '해결', '초점', '맞추', '음식', '섭취', '증상', '개선', '효과', '생강', '강황', '효과', '염증', '줄이', '음식', '도라지', '녹색', '채소', '건조', '손상', '점막', '회복', '음식', '알리', '드리', '계피', '견과', '혈액', '림프', '순환', '원활', '염증', '물질', '노폐물', '배출', '버섯', '면역력', '높이', '감염', '보호', '음식', '만나', '무엇', '오이', '미역국', '통하', '수분', '공급', '중요', '국물', '요리', '통하', '한의학', '관점', '질환', '다스리', '방법', '친절', '설명', '드리', '마지막', '아침', '점심', '영양가', '저녁', '소화', '식사', '패턴', '타이밍', '통하', '일상', '건강', '지키', '습관', '만들', '드리', '타임라인', '질환', '비염', '축농증', '후비루과', '음식', '관계', '소개', '효과', '염증', '줄이', '음식', '생강', '작용', '혈액', '순환', '개선', '강황', '염증', '감소', '면역력', '조절', '점막', '건강', '회복', '유지', '음식', '도라지', '사포닌', '성분', '가래', '삭히', '점막', '유지', '수분', '공급', '염증', '감소', '면역력', '향상', '림프', '혈액', '순환', '개선', '노폐물', '배출', '음식', '계피', '혈액', '순환', '촉진', '견과', '호두', '아몬드', '오메가', '비타민', '혈관', '건강', '염증', '감소', '면역력', '높이', '감염', '회복', '음식', '버섯', '베타', '면역력', '향상', '시금치', '녹색', '채소', '면역', '세포', '기능', '향상', '점막', '건강', '필수', '수분', '공급', '점막', '건조', '점액', '개선', '오이', '탁월하', '수분', '공급', '부종', '완화', '미역국', '다시마', '우리', '수분', '미네랄', '공급', '음식', '한의학', '관점', '국물', '요리', '전복죽', '단호박', '질환', '도움', '식사', '패턴', '타이밍', '아침', '점심', '저녁', '식사', '방법', '음식', '온도', '수분', '섭취', '습관', '중요', '의원', '전화', '문의', '상쾌하', '의원', '블로그', '공식', '홈페이지', '경기도', '화성시', '병점', '병점', '프라자', '호선', '병점역', '출구', '호흡기', '치료법', '대하']"
1,2,인체 필수 미네랄 종류와 역할TRG0003-1 #필수미네랄 #칼슘 #마그네슘 #칼륨 #나트륨 #철분,"인체의 필수 미네랄은 섭취 필요량에 따라 하루에 100mg람 이상 필요한 미네랄과100mg 미만으로 적게 필요한 미네랄로 분류할 수 있습니다 1. 하루 100mg 이상 필요한 미네랄 -칼슘(Ca)은 뼈와 치아의 주성분으로, 정상적인 성장 발달과 골격 유지에 필수 -인(P)은 칼슘과 함께 뼈와 치아를 구성,에너지원인 ATP 생성과 세포막 구성에 중요한 역할 -칼륨(K)은 혈압을 정상 수치 유지,체내 수분 균형과 근육 및 신경 기능을 정상적으로 유지하는 데 도움 -나트륨(Na)은 몸의 수분 균형을 조절하고,근육 건강 및 신경 기능 유지에 필수적 -마그네슘(Mg)은 뼈와 근육에 주로 존재하며,300가지 이상의 효소 반응에 관여하여 에너지 생성과 근육 이완을 돕고 신경 안정에 기여 -황(S)은 단백질 구조와 해독 작용에 관여 -염소(Cl)는 체액 균형과 소화액 위산 생성에 필요 2. 하루 100mg 이하로 필요한 미량 미네랄 소량만 필요하지만 인체 기능에 결정적인 역할을 합니다 -철(Fe)은 헤모글로빈과 미오글로빈의 구성 성분으로, 산소 운반에 가장 중요 면역 시스템과 체온 유지에도 중요한 역할 -아연(Zn)은 면역 기능, 상처 치유, DNA 합성, 단백질 안정화에 기여하며 성장 발달에 필수적 -요오드(I)는 갑상선 호르몬 생성에 필수적이며, 이는 신진대사와 성장 조절에 중요 -셀레늄(Se)은 강력한 항산화 작용을 하며, 면역 기능과 갑상선 기능에 영향 -구리(Cu)는 철분 대사와 에너지 생성, 결합 조직 형성에 필요 -망간(Mn)은 대사 및 세포 기능에 중요한 효소의 일부를 구성 -크롬(Cr)은 인슐린 작용을 돕고 혈당 조절에 관여 -몰리브덴(Mo)은 특정 효소의 활성화에 필요 -코발트(Co)는 비타민 B12의 구성 요소입니다 이러한 미네랄은 신체 내에서 다양한 생화학적 반응을 조절하고 유지하는 데 필수적입니다",,7,106,0,2025-11-25 11:17:45,https://www.youtube.com/watch?v=QDZJpLzVS4c,인체 필수 미네랄 종류와 역할TRG00031 #필수미네랄 #칼슘 #마그네슘 #칼륨 #나트륨 #철분 인체의 필수 미네랄은 섭취 필요량에 따라 하루에 100mg람 이상 필요한 미네랄과100mg 미만으로 적게 필요한 미네랄로 분류할 수 있습니다 1 하루 100mg 이상 필요한 미네랄 칼슘Ca은 뼈와 치아의 주성분으로 정상적인 성장 발달과 골격 유지에 필수 인P은 칼슘과 함께 뼈와 치아를 구성에너지원인 ATP 생성과 세포막 구성에 중요한 역할 칼륨K은 혈압을 정상 수치 유지체내 수분 균형과 근육 및 신경 기능을 정상적으로 유지하는 데 도움 나트륨Na은 몸의 수분 균형을 조절하고근육 건강 및 신경 기능 유지에 필수적 마그네슘Mg은 뼈와 근육에 주로 존재하며300가지 이상의 효소 반응에 관여하여 에너지 생성과 근육 이완을 돕고 신경 안정에 기여 황S은 단백질 구조와 해독 작용에 관여 염소Cl는 체액 균형과 소화액 위산 생성에 필요 2 하루 100mg 이하로 필요한 미량 미네랄 소량만 필요하지만 인체 기능에 결정적인 역할을 합니다 철Fe은 헤모글로빈과 미오글로빈의 구성 성분으로 산소 운반에 가장 중요 면역 시스템과 체온 유지에도 중요한 역할 아연Zn은 면역 기능 상처 치유 DNA 합성 단백질 안정화에 기여하며 성장 발달에 필수적 요오드I는 갑상선 호르몬 생성에 필수적이며 이는 신진대사와 성장 조절에 중요 셀레늄Se은 강력한 항산화 작용을 하며 면역 기능과 갑상선 기능에 영향 구리Cu는 철분 대사와 에너지 생성 결합 조직 형성에 필요 망간Mn은 대사 및 세포 기능에 중요한 효소의 일부를 구성 크롬Cr은 인슐린 작용을 돕고 혈당 조절에 관여 몰리브덴Mo은 특정 효소의 활성화에 필요 코발트Co는 비타민 B12의 구성 요소입니다 이러한 미네랄은 신체 내에서 다양한 생화학적 반응을 조절하고 유지하는 데 필수적입니다 ,"['인체', '필수', '미네랄', '종류', '역할', '인체', '필수', '미네랄', '섭취', '필요량', '따르', '하루', '필요', '미네랄', '미만', '필요', '미네랄', '분류', '하루', '이상', '필요', '미네랄', '칼슘', '치아', '주성분', '정상', '성장', '발달', '골격', '유지', '필수', '칼슘', '치아', '구성', '에너지원', '생성', '세포막', '구성', '중요', '역할', '칼륨', '혈압', '정상', '수치', '유지', '체내', '수분', '균형', '근육', '신경', '기능', '정상', '유지', '도움', '나트륨', '수분', '균형', '조절', '근육', '건강', '신경', '기능', '유지', '필수', '마그네슘', '근육', '존재', '가지', '이상', '효소', '반응', '관여', '에너지', '생성', '근육', '이완', '신경', '안정', '기여', '단백질', '구조', '해독', '작용', '관여', '염소', '체액', '균형', '소화액', '위산', '생성', '필요', '하루', '이하', '필요', '미량', '미네랄', '소량', '필요', '인체', '기능', '결정', '역할', '헤모글로빈', '미오', '구성', '성분', '산소', '운반', '중요', '면역', '시스템', '체온', '유지', '중요', '역할', '아연', '면역', '기능', '상처', '치유', '합성', '단백질', '안정', '기여', '성장', '발달', '필수', '요오드', '갑상선', '호르몬', '생성', '필수', '신진대사', '성장', '조절', '중요', '레늄', '항산화', '작용', '면역', '기능', '갑상선', '기능', '영향', '구리', '철분', '대사', '에너지', '생성', '결합', '조직', '형성', '필요', '망간', '대사', '세포', '기능', '중요', '효소', '일부', '구성', '크롬', '인슐린', '작용', '혈당', '조절', '관여', '몰리브덴', '특정', '효소', '활성', '필요', '코발트', '비타민', '구성', '요소', '미네랄', '신체', '다양', '생화학', '반응', '조절', '유지', '필수']"
3,1,,"""#광고 준비한대로 나오면 얼마나 좋게요  [CJ웰케어x취준정병] 고된 취준으로 텅장된 여러분들의 건강을 위해 멀티비타민을 드리려고해용💕  - 댓글로 ”가성비+감상평“ 작성  - 추첨을 통해 10분께 멀티비타민+인기 SKU 2종 *총 3종 제공  - 이벤트 기간 : ~3/19일 (업로드 후 1주일)  - 당첨자 공지 : 3/23일  - 제품 발송 : 3/30일 제품 발송   #올리브영비타민 #올리브영건기식 #가성비"".","#광고, #올리브영비타민, #올리브영건기식, #가성비",2324,0,30,2026-03-12 07:30:15,https://www.instagram.com/p/DVxuQUSAXnb/, #광고 준비한대로 나오면 얼마나 좋게요  CJ웰케어x취준정병 고된 취준으로 텅장된 여러분들의 건강을 위해 멀티비타민을 드리려고해용   댓글로 가성비감상평 작성   추첨을 통해 10분께 멀티비타민인기 SKU 2종 총 3종 제공   이벤트 기간  319일 업로드 후 1주일   당첨자 공지  323일   제품 발송  330일 제품 발송   #올리브영비타민 #올리브영건기식 #가성비 #광고 #올리브영비타민 #올리브영건기식 #가성비,"['준비', '대로', '나오', '케어', '정병', '여러분', '건강', '위하', '멀티', '비타민', '드리', '댓글', '가성비', '감상', '작성', '추첨', '통하', '멀티', '비타민', '인기', '제공', '이벤트', '기간', '업로드', '주일', '당첨자', '공지', '제품', '발송', '제품', '발송']"
3,1,,"""#광고 올해 여행을 자주 다녔더니  건강 관리의 중요성을 절실히 느끼게 되더라구요.   저는 건기식 구매할 때 올리브영 헬스+에 들어가는데 이번에 헬스 스테이지가 눈에 들어 왔어요! 💚  올리브영 헬스+에서 선정한 1개 브랜드를 대상으로 5일동안 파워풀한 혜택을 제공하는 행사인데 이번에는 세노비스에서 기획전을 한다네요!   ✨️세노비스 BEST 아이템 한정✨️ 9/23 ~ 9/27 까지(5일 동안) 진행하는 오특가 찬스!  ✔️세노비스 트리플러스 맨&우먼 오특가 49,000원 > 27,900원 (43% 할인) ✔️세노비스 콜라겐 비타민 젤리 오특가 19,000원 > 10,900원 (42%할인) ✔️세노비스 밀크씨슬+ 오특가 50,000원 > 25,900원 (48%할인) ✔️세노비스 피부촉촉 히알루론산 오특가 54,700원 > 29,500원 (46%할인)  거기다, 매일 새로운 쿠폰 증정! 🎫 오특 + 새로운 쿠폰도 매일 준다고 하니 이번이 완전 절호의 찬스! 9/24 화요일 저녁8시에 진행하는 올리브영 자체 라이브도 놓치지 마세요! 🙌  저는 이번에 거의 모든 제품들 쟁여 놓을 예정이에요  가족들이랑 친구들 선물로도 주려고요! 🎁  #올리브영헬스+ #헬스+건기식 #올리브영건기식 #올영헬스 #헬스스테이지 #세노비스 #세노비스트리플러스 #트리플러스 #트리플러스맨 #트리플러스우먼 #비타민 #멀티비타민 #종합비타민 #콜라겐 #콜라겐비타민젤리 #밀크씨슬 #밀크씨슬+ #간건강 #피부촉촉히알루론산 #히알루론산 #피부촉촉 #건강기능식품추천 #오메가3 (EPA 및 DHA 함유유지)"".","#광고, #올리브영헬스, #헬스, #올리브영건기식, #올영헬스, #헬스스테이지, #세노비스, #세노비스트리플러스, #트리플러스, #트리플러스맨, #트리플러스우먼, #비타민, #멀티비타민, #종합비타민, #콜라겐, #콜라겐비타민젤리, #밀크씨슬, #밀크씨슬, #간건강, #피부촉촉히알루론산, #히알루론산, #피부촉촉, #건강기능식품추천, #오메가3",2352,0,22,2024-09-23 13:06:53,https://www.instagram.com/p/DAQrzfsSh1c/, #광고 올해 여행을 자주 다녔더니  건강 관리의 중요성을 절실히 느끼게 되더라구요   저는 건기식 구매할 때 올리브영 헬스에 들어가는데 이번에 헬스 스테이지가 눈에 들어 왔어요   올리브영 헬스에서 선정한 1개 브랜드를 대상으로 5일동안 파워풀한 혜택을 제공하는 행사인데 이번에는 세노비스에서 기획전을 한다네요   세노비스 BEST 아이템 한정 923  927 까지5일 동안 진행하는 오특가 찬스  세노비스 트리플러스 맨우먼 오특가 49000원  27900원 43 할인 세노비스 콜라겐 비타민 젤리 오특가 19000원  10900원 42할인 세노비스 밀크씨슬 오특가 50000원  25900원 48할인 세노비스 피부촉촉 히알루론산 오특가 54700원  29500원 46할인  거기다 매일 새로운 쿠폰 증정  오특  새로운 쿠폰도 매일 준다고 하니 이번이 완전 절호의 찬스 924 화요일 저녁8시에 진행하는 올리브영 자체 라이브도 놓치지 마세요   저는 이번에 거의 모든 제품들 쟁여 놓을 예정이에요  가족들이랑 친구들 선물로도 주려고요   #올리브영헬스 #헬스건기식 #올리브영건기식 #올영헬스 #헬스스테이지 #세노비스 #세노비스트리플러스 #트리플러스 #트리플러스맨 #트리플러스우먼 #비타민 #멀티비타민 #종합비타민 #콜라겐 #콜라겐비타민젤리 #밀크씨슬 #밀크씨슬 #간건강 #피부촉촉히알루론산 #히알루론산 #피부촉촉 #건강기능식품추천 #오메가3 EPA 및 DHA 함유유지 #광고 #올리브영헬스 #헬스 #올리브영건기식 #올영헬스 #헬스스테이지 #세노비스 #세노비스트리플러스 #트리플러스 #트리플러스맨 #트리플러스우먼 #비타민 #멀티비타민 #종합비타민 #콜라겐 #콜라겐비타민젤리 #밀크씨슬 #밀크씨슬 #간건강 #피부촉촉히알루론산 #히알루론산 #피부촉촉 #건강기능식품추천 #오메가3,"['올해', '여행', '다니', '건강', '관리', '중요', '느끼', '건기', '구매', '올리브', '헬스', '들어가', '이번', '헬스', '스테이지', '올리브', '헬스', '선정', '브랜드', '대상', '동안', '파워', '혜택', '제공', '행사', '이번', '세노비스', '기획전', '비스', '아이템', '한정', '동안', '진행', '특가', '찬스', '비스', '트리', '플러스', '우먼', '오특', '할인', '비스', '콜라겐', '비타민', '젤리', '특가', '할인', '비스', '밀크', '특가', '할인', '세노비스', '피부', '히알루론산', '특가', '할인', '거기', '새롭', '쿠폰', '증정', '새롭', '쿠폰', '이번', '절호', '찬스', '화요일', '저녁', '진행', '올리브', '자체', '라이브', '놓치', '이번', '제품', '쟁이', '예정', '가족', '친구', '선물', '함유', '유지']"
3,1,,"""요즘 올영 건기식 코너에서 자꾸 눈에 띄는 락토페린 🥛  알고 보니 초유·모유에 든 귀한 단백질이더라고요. 철분이랑 짝꿍처럼 붙어 다니면서 흡수를 도와주는 성분이에요. 연구에서는 장내 유익균 균형과 체지방 관리에 도움 가능성이 보고되기도 했고요 (출처: Nutrients 2023).  20~30대 여성은 철분이 부족하기 쉬운 편이라(국민건강영양조사 제9기, 2024), 아침마다 붓고 장도 예민한 분들이라면 아침 공복에 2~3개월 꾸준히 섭취해보는 거 어때요? 💫"".",,6,0,2,2026-04-24 09:45:15,https://www.instagram.com/p/DXgoXsfk32b/, 요즘 올영 건기식 코너에서 자꾸 눈에 띄는 락토페린   알고 보니 초유모유에 든 귀한 단백질이더라고요 철분이랑 짝꿍처럼 붙어 다니면서 흡수를 도와주는 성분이에요 연구에서는 장내 유익균 균형과 체지방 관리에 도움 가능성이 보고되기도 했고요 출처 Nutrients 2023  2030대 여성은 철분이 부족하기 쉬운 편이라국민건강영양조사 제9기 2024 아침마다 붓고 장도 예민한 분들이라면 아침 공복에 23개월 꾸준히 섭취해보는 거 어때요  ,"['요즘', '코너', '락토페린', '초유', '모유', '귀하', '단백질', '철분', '짝꿍', '다니', '흡수', '성분', '연구', '장내', '유익', '균형', '체지방', '관리', '도움', '가능', '보고', '출처', '여성', '철분', '부족', '국민', '건강', '영양', '조사', '아침', '아침', '공복', '개월', '섭취', '어떻']"
3,1,,"""#광고 지만 꿀정보공유!  평소 건강관리에 관심이 많아서  하루에 최소 8~10가지의 건강기능식품을 챙기는 저! 아마 자기관리에 철저하신 분들이라면 공감하는 분들 많으실텐데요.  그런 분들에게 꼭 공유하고 싶은  혜자로운 정보가 있으니 바로 올리브영 헬스 스테이지!  올리브영 헬스+에서 선정한 1개 브랜드를 대상으로  5일 동안 혜자로운 혜택을 제공하는 행사인데  첫 번째로 선정된 브랜드가 제가 애정하는 세노비스거든요~   세노비스는 무려 86년의 헤리티지를 이어오고 있는  호주 건강기능식품 기업이라 저도 믿고 선택하는 브랜드인데요. 성별, 연령에 따라 기초 건강부터 특수 건강까지  챙길 수 있는 라인업을 보유하고 있어서 올리브영 갈 때마다  꼭 구경하는 브랜드인데…  올영 헬스 스테이지 첫 주차라니요!! 👍  찐애정자로써 추천드리고 싶은 List 정리해보자면  ✅ 세노비스 트리플러스 맨&우먼 오특가 49,000원 > 27,900원 (43% 할인) ✅ 세노비스 콜라겐 비타민 젤리 오특가 19,000원 > 10,900원 (42%할인) ✅ 세노비스 밀크씨슬+ 오특가 50,000원 > 25,900원 (48%할인) ✅ 세노비스 피부촉촉 히알루론산 오특가 54,700원 > 29,500원 (46%할인)  게다가 매일 새로운 쿠폰을 증정해주고  오특+ 쿠폰도 매일 준다고 하니 놓치지 말자구요!   #올리브영헬스+ #헬스+건기식 #올리브영건기식 #올영헬스 #헬스스테이지 #세노비스 #세노비스트리플러스 #트리플러스 #트리플러스맨 #트리플러스우먼 #비타민 #멀티비타민 #종합비타민 #콜라겐 #콜라겐비타민젤리 #밀크씨슬 #밀크씨슬+ #간건강 #피부촉촉히알루론산 #히알루론산 #피부촉촉 #건강기능식품추천 #오메가3(EPA 및 DHA 함유유지)"".","#광고, #올리브영헬스, #헬스, #올리브영건기식, #올영헬스, #헬스스테이지, #세노비스, #세노비스트리플러스, #트리플러스, #트리플러스맨, #트리플러스우먼, #비타민, #멀티비타민, #종합비타민, #콜라겐, #콜라겐비타민젤리, #밀크씨슬, #밀크씨슬, #간건강, #피부촉촉히알루론산, #히알루론산, #피부촉촉, #건강기능식품추천, #오메가3",920,0,10,2024-09-23 10:04:42,https://www.instagram.com/p/DAQXIc5zZ1j/, #광고 지만 꿀정보공유  평소 건강관리에 관심이 많아서  하루에 최소 810가지의 건강기능식품을 챙기는 저 아마 자기관리에 철저하신 분들이라면 공감하는 분들 많으실텐데요  그런 분들에게 꼭 공유하고 싶은  혜자로운 정보가 있으니 바로 올리브영 헬스 스테이지  올리브영 헬스에서 선정한 1개 브랜드를 대상으로  5일 동안 혜자로운 혜택을 제공하는 행사인데  첫 번째로 선정된 브랜드가 제가 애정하는 세노비스거든요   세노비스는 무려 86년의 헤리티지를 이어오고 있는  호주 건강기능식품 기업이라 저도 믿고 선택하는 브랜드인데요 성별 연령에 따라 기초 건강부터 특수 건강까지  챙길 수 있는 라인업을 보유하고 있어서 올리브영 갈 때마다  꼭 구경하는 브랜드인데  올영 헬스 스테이지 첫 주차라니요   찐애정자로써 추천드리고 싶은 List 정리해보자면   세노비스 트리플러스 맨우먼 오특가 49000원  27900원 43 할인  세노비스 콜라겐 비타민 젤리 오특가 19000원  10900원 42할인  세노비스 밀크씨슬 오특가 50000원  25900원 48할인  세노비스 피부촉촉 히알루론산 오특가 54700원  29500원 46할인  게다가 매일 새로운 쿠폰을 증정해주고  오특 쿠폰도 매일 준다고 하니 놓치지 말자구요   #올리브영헬스 #헬스건기식 #올리브영건기식 #올영헬스 #헬스스테이지 #세노비스 #세노비스트리플러스 #트리플러스 #트리플러스맨 #트리플러스우먼 #비타민 #멀티비타민 #종합비타민 #콜라겐 #콜라겐비타민젤리 #밀크씨슬 #밀크씨슬 #간건강 #피부촉촉히알루론산 #히알루론산 #피부촉촉 #건강기능식품추천 #오메가3EPA 및 DHA 함유유지 #광고 #올리브영헬스 #헬스 #올리브영건기식 #올영헬스 #헬스스테이지 #세노비스 #세노비스트리플러스 #트리플러스 #트리플러스맨 #트리플러스우먼 #비타민 #멀티비타민 #종합비타민 #콜라겐 #콜라겐비타민젤리 #밀크씨슬 #밀크씨슬 #간건강 #피부촉촉히알루론산 #히알루론산 #피부촉촉 #건강기능식품추천 #오메가3,"['정보', '공유', '평소', '건강', '관리', '관심', '하루', '최소', '가지', '건강', '기능', '식품', '챙기', '자기', '관리', '철저', '공감', '공유', '혜자', '정보', '올리브', '헬스', '스테이지', '올리브', '헬스', '선정', '브랜드', '대상', '동안', '혜자', '혜택', '제공', '행사', '선정', '브랜드', '애정', '비스', '비스', '헤리티지', '호주', '건강', '기능', '식품', '기업', '선택', '브랜드', '성별', '연령', '따르', '기초', '건강', '특수', '건강', '챙기', '라인업', '보유', '올리브', '구경', '브랜드', '헬스', '스테이지', '찐애', '정자', '추천', '드리', '정리', '비스', '트리', '플러스', '우먼', '오특', '할인', '비스', '콜라겐', '비타민', '젤리', '특가', '할인', '비스', '밀크', '특가', '할인', '세노비스', '피부', '히알루론산', '특가', '할인', '새롭', '쿠폰', '증정', '쿠폰', '놓치', '함유', '유지']"
3,1,,"""올리브영 영양제 인기순위에서 여러분의 소중한 선택이 헛되지 않도록,  영양제 직접 만드는 약사가 대신 분석했습니다 📋  매일 챙겨 먹는 영양제,  제대로 된 효과를 보고 계신가요? 많은 분이 질문 주셨던 올리브영 영양제들을  카테고리별로 꼼꼼하게 살펴보았습니다^^;  약사가 매긴 0점에서 10점까지의 점수에는  성분 함량과 원료사까지 고려한 깊은 고민이 담겨 있습니다. (제품 광고/협찬 없는 100% 개인적인 의견입니다.)  오늘 영상이 여러분의 건강한 쇼핑에 작은 이정표가 되길 바랍니다.  자세한 제품별 코멘트는 영상 자막을 통해 확인해 주세요! ✨  💝영양제 만드는 약사의 건강정보가 궁금하시다면 @little_yaksa 팔로우하고 함께 건강해요 ⋆◡̎⋆  #약사 #영양제 #올리브영 #올리브영영양제 #올리브영세일"".","#약사, #영양제, #올리브영, #올리브영영양제, #올리브영세일",9182,0,200,2026-03-25 02:29:43,https://www.instagram.com/p/DWSmVytyJX2/, 올리브영 영양제 인기순위에서 여러분의 소중한 선택이 헛되지 않도록  영양제 직접 만드는 약사가 대신 분석했습니다   매일 챙겨 먹는 영양제  제대로 된 효과를 보고 계신가요 많은 분이 질문 주셨던 올리브영 영양제들을  카테고리별로 꼼꼼하게 살펴보았습니다  약사가 매긴 0점에서 10점까지의 점수에는  성분 함량과 원료사까지 고려한 깊은 고민이 담겨 있습니다 제품 광고협찬 없는 100 개인적인 의견입니다  오늘 영상이 여러분의 건강한 쇼핑에 작은 이정표가 되길 바랍니다  자세한 제품별 코멘트는 영상 자막을 통해 확인해 주세요   영양제 만드는 약사의 건강정보가 궁금하시다면 littleyaksa 팔로우하고 함께 건강해요   #약사 #영양제 #올리브영 #올리브영영양제 #올리브영세일 #약사 #영양제 #올리브영 #올리브영영양제 #올리브영세일,"['올리브', '영양제', '인기', '순위', '여러분', '선택', '헛되', '영양제', '만들', '약사', '대신', '분석', '챙기', '영양제', '효과', '계시', '질문', '올리브', '영양제', '카테고리', '살피', '약사', '매기', '점수', '성분', '함량', '원료', '고려', '고민', '담기', '제품', '광고', '협찬', '개인', '의견', '영상', '여러분', '건강', '쇼핑', '이정표', '바라', '자세하', '제품', '코멘트', '영상', '자막', '통하', '확인', '영양제', '만들', '약사', '건강', '정보', '팔로우', '건강']"
3,1,,"""#광고 영양제 어떻게 먹어야 할지 잘 모르겠어?💊  나이대 별 영양제 추천 조합 알려줄게!⭐ 저장&공유 해두고 영양제 살때 참고하자!  지금 올리브영에서 국민영양제 10종을 8,900원에 살 수 있대! 영양박사 여에스더가 만든 [국민영양제]라 믿고 먹을수 있다구~👍  @@올영 세일하던데 사볼까?  #여에스더 #여에스더영양제 #국민영양제 #올리브영세일 #올영세일 #올리브영추천템 #올리브영꿀템 #영양제추천 #가성비영양제 #올리브영영양제 #영양제"".","#광고, #여에스더, #여에스더영양제, #국민영양제, #올리브영세일, #올영세일, #올리브영추천템, #올리브영꿀템, #영양제추천, #가성비영양제, #올리브영영양제, #영양제",87,0,7,2025-05-30 08:00:43,https://www.instagram.com/p/DKRS4TQN4CT/, #광고 영양제 어떻게 먹어야 할지 잘 모르겠어  나이대 별 영양제 추천 조합 알려줄게 저장공유 해두고 영양제 살때 참고하자  지금 올리브영에서 국민영양제 10종을 8900원에 살 수 있대 영양박사 여에스더가 만든 국민영양제라 믿고 먹을수 있다구  올영 세일하던데 사볼까  #여에스더 #여에스더영양제 #국민영양제 #올리브영세일 #올영세일 #올리브영추천템 #올리브영꿀템 #영양제추천 #가성비영양제 #올리브영영양제 #영양제 #광고 #여에스더 #여에스더영양제 #국민영양제 #올리브영세일 #올영세일 #올리브영추천템 #올리브영꿀템 #영양제추천 #가성비영양제 #올리브영영양제 #영양제,"['영양제', '어떻', '모르', '나이대', '영양제', '추천', '조합', '알리', '저장', '공유', '영양제', '참고', '올리브', '국민', '영양', '영양', '박사', '여에스더', '만들', '국민', '영양제']"
3,1,,"""💥💥나만아는 올리브영 꿀템푼다💥💥 남들 다 아는거 말고 진~짜 숨은 꿀템들 알려줌 제품력 갑에 실제 효능있는 애들로만 선별했음!! 올영갔을 때 안사면 후회할껄 ㅋㅋ @@야 너 이 제품 알고 있었어??  #올리브영 #올리브영꿀템 #올영세일 #올리브영추천템 #올리브영세일 #여드름케어 #여드름피부 #올영세일추천 #여드름기초템 #여드름팩 #여드름없애는법 #여드름관리 #성인여드름 #올리브영바디로션 #바디로션추천 #올리브영토이카메라 #올리브영손톱영양 #손톱영양제 #손톱영양제추천 #머드마스크추천 #올리브영머드팩 #올리브영머드마스크 #올리브영영양제 #올리브영프로폴리스"".","#올리브영, #올리브영꿀템, #올영세일, #올리브영추천템, #올리브영세일, #여드름케어, #여드름피부, #올영세일추천, #여드름기초템, #여드름팩, #여드름없애는법, #여드름관리, #성인여드름, #올리브영바디로션, #바디로션추천, #올리브영토이카메라, #올리브영손톱영양, #손톱영양제, #손톱영양제추천, #머드마스크추천, #올리브영머드팩, #올리브영머드마스크, #올리브영영양제, #올리브영프로폴리스",1149,0,32,2022-05-20 11:00:18,https://www.instagram.com/p/CdxwPtoML3R/, 나만아는 올리브영 꿀템푼다 남들 다 아는거 말고 진짜 숨은 꿀템들 알려줌 제품력 갑에 실제 효능있는 애들로만 선별했음 올영갔을 때 안사면 후회할껄  야 너 이 제품 알고 있었어  #올리브영 #올리브영꿀템 #올영세일 #올리브영추천템 #올리브영세일 #여드름케어 #여드름피부 #올영세일추천 #여드름기초템 #여드름팩 #여드름없애는법 #여드름관리 #성인여드름 #올리브영바디로션 #바디로션추천 #올리브영토이카메라 #올리브영손톱영양 #손톱영양제 #손톱영양제추천 #머드마스크추천 #올리브영머드팩 #올리브영머드마스크 #올리브영영양제 #올리브영프로폴리스 #올리브영 #올리브영꿀템 #올영세일 #올리브영추천템 #올리브영세일 #여드름케어 #여드름피부 #올영세일추천 #여드름기초템 #여드름팩 #여드름없애는법 #여드름관리 #성인여드름 #올리브영바디로션 #바디로션추천 #올리브영토이카메라 #올리브영손톱영양 #손톱영양제 #손톱영양제추천 #머드마스크추천 #올리브영머드팩 #올리브영머드마스크 #올리브영영양제 #올리브영프로폴리스,"['올리브', '꿀템', '알리', '제품력', '실제', '효능', '선별', '후회', '제품']"
3,1,,"""영양제 꿀팁 모음  #올리브영비타민 #올리브영오메가 #올리브영영양제 #건강관리 #꿀팁"".","#올리브영비타민, #올리브영오메가, #올리브영영양제, #건강관리, #꿀팁",61,0,0,2026-02-27 08:53:20,https://www.instagram.com/p/DVQV6WSAqs-/, 영양제 꿀팁 모음  #올리브영비타민 #올리브영오메가 #올리브영영양제 #건강관리 #꿀팁 #올리브영비타민 #올리브영오메가 #올리브영영양제 #건강관리 #꿀팁,"['영양제', '모음']"
3,1,,"""#광고  다들 영양제 쟁이세요~~~ 영양제 10종이 올리브영에서 8,900원~!  영양 대통령 여에스더 박사님이 국민 건강을 위해 만든, 단돈 1만원도 안되는 가격인 [국민영양제]  올리브영에서 영양제 1통이 무려 8,900원이라 가성비가 미쳤으니까 할인 끝나기 전에 얼른 달려가자!  영양제 입문자를 위한 성분 총 정리!!  @@ 너 이거 먹어야겠다  #여에스더 #여에스더영양제 #국민영양제 #올리브영세일 #올영세일 #올리브영추천템 #올리브영꿀템 #영양제추천 #가성비영양제 #올리브영영양제 #영양제"".","#광고, #여에스더, #여에스더영양제, #국민영양제, #올리브영세일, #올영세일, #올리브영추천템, #올리브영꿀템, #영양제추천, #가성비영양제, #올리브영영양제, #영양제",15,0,1,2025-06-04 10:01:08,https://www.instagram.com/p/DKeYon_Mqzt/, #광고  다들 영양제 쟁이세요 영양제 10종이 올리브영에서 8900원  영양 대통령 여에스더 박사님이 국민 건강을 위해 만든 단돈 1만원도 안되는 가격인 국민영양제  올리브영에서 영양제 1통이 무려 8900원이라 가성비가 미쳤으니까 할인 끝나기 전에 얼른 달려가자  영양제 입문자를 위한 성분 총 정리   너 이거 먹어야겠다  #여에스더 #여에스더영양제 #국민영양제 #올리브영세일 #올영세일 #올리브영추천템 #올리브영꿀템 #영양제추천 #가성비영양제 #올리브영영양제 #영양제 #광고 #여에스더 #여에스더영양제 #국민영양제 #올리브영세일 #올영세일 #올리브영추천템 #올리브영꿀템 #영양제추천 #가성비영양제 #올리브영영양제 #영양제,"['영양제', '쟁이', '영양제', '올리브', '영양', '대통령', '여에스더', '박사', '국민', '건강', '위하', '만들', '단돈', '가격', '국민', '영양제', '올리브', '영양제', '가성비', '미치', '할인', '끝나', '달려가', '영양제', '입문자', '위하', '성분', '정리', '이거']"
3,1,,"""#제품제공 커피 한잔 가격으로 건강관리 시작해볼 수 있는 CJ웰케어 데일리 건강루틴✨ 6,900원에 한 달 구성이라 부담 없이 하나씩 챙기기 괜찮더라고요.  CJ웰케어의 3중 품질 기준을 거친 제품들, 단일 성분 중심이라 필요한 성분만 부담없이 챙기기 좋아요!  오메가3, 유산균, 비타민D처럼 저에게 필요한 성분만 고를 수 있어서 요즘 제 건강 루틴 이렇게 시작해보고 있어요:)  #올리브영 #올리브영영양제 #CJ웰케어 #건강루틴 #멀티비타민 #유산균 #오메가3 #비타민D #건강관리"".","#제품제공, #올리브영, #올리브영영양제, #CJ웰케어, #건강루틴, #멀티비타민, #유산균, #오메가3, #비타민D, #건강관리",12,0,0,2026-04-20 15:46:24,https://www.instagram.com/p/DXW-hToEx-g/, #제품제공 커피 한잔 가격으로 건강관리 시작해볼 수 있는 CJ웰케어 데일리 건강루틴 6900원에 한 달 구성이라 부담 없이 하나씩 챙기기 괜찮더라고요  CJ웰케어의 3중 품질 기준을 거친 제품들 단일 성분 중심이라 필요한 성분만 부담없이 챙기기 좋아요  오메가3 유산균 비타민D처럼 저에게 필요한 성분만 고를 수 있어서 요즘 제 건강 루틴 이렇게 시작해보고 있어요  #올리브영 #올리브영영양제 #CJ웰케어 #건강루틴 #멀티비타민 #유산균 #오메가3 #비타민D #건강관리 #제품제공 #올리브영 #올리브영영양제 #CJ웰케어 #건강루틴 #멀티비타민 #유산균 #오메가3 #비타민D #건강관리,"['커피', '가격', '건강관리', '시작', '케어', '데일리', '건강', '루틴', '구성', '부담', '하나', '챙기', '괜찮', '케어', '품질', '기준', '거치', '제품', '단일', '성분', '중심', '필요', '성분', '부담', '챙기', '오메가', '유산균', '비타민', '필요', '성분', '고르', '요즘', '건강', '루틴', '이렇', '시작']"
3,1,,"""#광고  올해 목표는 갓생☀️ 일도 취미도 열심히 하고 싶지만 체력적인 한계에 부딪힐 때가 있죠!  그럴 때 치트키로 사용하는 포션(?)이 있는데요 종근당건강의 #아임비타이뮨샷 이에요🍋 가방 속에 하나씩 챙겨다니다가 에너지가 필요할 때 먹으면 한병으로 에너지가 빵빵하게 채워져요 에너지 충전을 도와주는 비타민B가 고함량으로 들어있는 캡슐과 아연, 요오드, 망간 성분이 들어있는 액상 타입이 한병으로 나와서 정말 간편하게 섭취할 수 있어요!  올리브영에서도 #이뮨샷 12개입 피키지를 만나볼 수 있는데요 가족들이나 친구들에게 가볍게 선물하기에도 너무 좋은 제품이에요! 요 노란통 비타민 꼭 기억해두세요🐥  #아임비타#노란통비타민 #올영런칭 #올리브영추천 #올리브영비타민 #올리브영영양제 #비타민추천 #영양제추천 #갓생템 #종근당건강"".","#광고, #아임비타이뮨샷, #이뮨샷, #아임비타, #노란통비타민, #올영런칭, #올리브영추천, #올리브영비타민, #올리브영영양제, #비타민추천, #영양제추천, #갓생템, #종근당건강",159,0,2,2023-01-13 07:50:29,https://www.instagram.com/p/CnWPt1mPo_5/, #광고  올해 목표는 갓생 일도 취미도 열심히 하고 싶지만 체력적인 한계에 부딪힐 때가 있죠  그럴 때 치트키로 사용하는 포션이 있는데요 종근당건강의 #아임비타이뮨샷 이에요 가방 속에 하나씩 챙겨다니다가 에너지가 필요할 때 먹으면 한병으로 에너지가 빵빵하게 채워져요 에너지 충전을 도와주는 비타민B가 고함량으로 들어있는 캡슐과 아연 요오드 망간 성분이 들어있는 액상 타입이 한병으로 나와서 정말 간편하게 섭취할 수 있어요  올리브영에서도 #이뮨샷 12개입 피키지를 만나볼 수 있는데요 가족들이나 친구들에게 가볍게 선물하기에도 너무 좋은 제품이에요 요 노란통 비타민 꼭 기억해두세요  #아임비타#노란통비타민 #올영런칭 #올리브영추천 #올리브영비타민 #올리브영영양제 #비타민추천 #영양제추천 #갓생템 #종근당건강 #광고 #아임비타이뮨샷 #이뮨샷 #아임비타 #노란통비타민 #올영런칭 #올리브영추천 #올리브영비타민 #올리브영영양제 #비타민추천 #영양제추천 #갓생템 #종근당건강,"['올해', '목표', '취미', '체력', '한계', '부딪히', '그렇', '치트키', '사용', '종근당', '건강', '가방', '하나', '챙기', '다니', '에너지', '필요', '에너지', '채우', '에너지', '충전', '도와주', '비타민', '함량', '캡슐', '아연', '요오드', '망간', '성분', '액상', '타입', '나오', '간편하', '섭취', '올리브', '피키지', '만나', '가족', '친구', '가볍', '선물', '제품', '노랗', '비타민', '기억']"
3,1,,"""100% #전원 마스카라증정 리뷰이벤트👩🏼‍❤️‍👨🏾  올영 후기 쓰신분들을 보며 좋은후기도 많고 아쉬운점 말씀해주신 것들도 있어서 당장 개선해서 바를 수 있는 방법들을 답변으로 달아봤어요! 추가적으로 지금부터 후기 써주신 모든 분들께  🫶🏻100%🫶🏻 클리어블랙 픽서를 드립니다. (물론 배송비까지도 무료!!)  후기를 써주시고 프로필링크 구글폼에 주소를 남겨주시면 2월 중 안전하게 배송이 시작됩니다 💜  궁금하신점 있다면 언제든 말해주세요… 가끔 속상한 후기가 있지만, 더 열심히 고민해서 제품 만들어 보겠습니다!👍🏻 모든 후기는 저에게 큰 힘이 됩니다!!!!!  #블랙영양제 #올리브영영양제"".","#전원, #블랙영양제, #올리브영영양제",723,0,47,2025-02-09 15:50:41,https://www.instagram.com/p/DF2lnRGzJ-i/, 100 #전원 마스카라증정 리뷰이벤트  올영 후기 쓰신분들을 보며 좋은후기도 많고 아쉬운점 말씀해주신 것들도 있어서 당장 개선해서 바를 수 있는 방법들을 답변으로 달아봤어요 추가적으로 지금부터 후기 써주신 모든 분들께  100 클리어블랙 픽서를 드립니다 물론 배송비까지도 무료  후기를 써주시고 프로필링크 구글폼에 주소를 남겨주시면 2월 중 안전하게 배송이 시작됩니다   궁금하신점 있다면 언제든 말해주세요 가끔 속상한 후기가 있지만 더 열심히 고민해서 제품 만들어 보겠습니다 모든 후기는 저에게 큰 힘이 됩니다  #블랙영양제 #올리브영영양제 #전원 #블랙영양제 #올리브영영양제,"['마스카라', '증정', '리뷰', '이벤트', '후기', '후기', '아쉽', '말씀', '당장', '개선', '바르', '방법', '답변', '추가', '지금', '후기', '클리어', '블랙', '드리', '배송비', '무료', '후기', '프로필', '링크', '구글', '주소', '남기', '안전', '배송', '시작', '궁금하', '언제', '속상하', '후기', '고민', '제품', '만들', '후기']"
3,1,,"""#협찬 #올리브영영양제 #올리브영영양제추천  요즘 꼭 필요한 영양제, 이제는 올리브영 국민영양제로 시작해요! 👏 서울대 의학박사 여에스더 박사님이 직접 배합하고 제조사 네고까지 해서 만든 프리미엄 영양제가 한 박스 8,900원이라니…✨  저는 2030 여성들에게 진짜 추천하고 싶은 ✔ 멀티비타민(비타민B 고함량) ✔ 어린콜라겐 레티놀A(국내 3.4% 기능성 콜라겐) ✔ 유산균 화이트(건강한 한국 여성 질 유래 유산균) 이 세 가지를 선택했어요.  영양제는 꼭 먹어야 하는데, 가격 때문에 망설였던 분들! 이번엔 무조건 국민영양제로 가야 해요. 믿을 수 있는 에스더포뮬러 + 올리브영 = 조합 끝났죠   구매처 [올리브영] https://www.oliveyoung.co.kr/store/display/getBrandShopDetail.do?onlBrndCd=A003257&t_brand_name=에스더포뮬러  #올리브영영양제선물 #국민영양제 #국민영양프로젝트 #여에스더 #에스더포뮬러"".","#협찬, #올리브영영양제, #올리브영영양제추천, #올리브영영양제선물, #국민영양제, #국민영양프로젝트, #여에스더, #에스더포뮬러",207,0,3,2025-06-01 14:30:30,https://www.instagram.com/p/DKXJE1tvCBz/, #협찬 #올리브영영양제 #올리브영영양제추천  요즘 꼭 필요한 영양제 이제는 올리브영 국민영양제로 시작해요  서울대 의학박사 여에스더 박사님이 직접 배합하고 제조사 네고까지 해서 만든 프리미엄 영양제가 한 박스 8900원이라니  저는 2030 여성들에게 진짜 추천하고 싶은  멀티비타민비타민B 고함량  어린콜라겐 레티놀A국내 34 기능성 콜라겐  유산균 화이트건강한 한국 여성 질 유래 유산균 이 세 가지를 선택했어요  영양제는 꼭 먹어야 하는데 가격 때문에 망설였던 분들 이번엔 무조건 국민영양제로 가야 해요 믿을 수 있는 에스더포뮬러  올리브영  조합 끝났죠   구매처 올리브영 httpswwwoliveyoungcokrstoredisplaygetBrandShopDetaildoonlBrndCdA003257tbrandname에스더포뮬러  #올리브영영양제선물 #국민영양제 #국민영양프로젝트 #여에스더 #에스더포뮬러 #협찬 #올리브영영양제 #올리브영영양제추천 #올리브영영양제선물 #국민영양제 #국민영양프로젝트 #여에스더 #에스더포뮬러,"['요즘', '필요', '영양제', '이제', '올리브', '국민', '영양제', '시작', '서울대', '의학', '박사', '여에스더', '박사', '배합', '제조사', '네고', '만들', '프리미엄', '영양제', '박스', '여성', '추천', '멀티', '비타민', '비타민', '함량', '어리', '콜라겐', '레티노', '국내', '기능', '콜라겐', '유산균', '화이트', '건강', '한국', '여성', '유래', '유산균', '가지', '선택', '영양제', '가격', '때문', '망설이', '이번', '국민', '영양제', '에스더', '포뮬러', '올리브', '조합', '끝나', '구매', '올리브', '에스', '포뮬러']"
3,1,,"""*광고 오늘도 #비타민 호로록~! 챙겨 마시고 활력있고 에너지 넘치는 하루 스타뚜~!!💪🔥 액상형으로 물 없이도 언제든지 맛있게 섭취 가능한 #비타바움 #고함량비타민 이에요.  국내 최초 Vegan(비건) 인증 건강기능식품에  부형제 등 12가지 무첨가! 핵심적인 기능성 원료에만 집중한 DSM사 Quali 인증 받은 원료를 사용한 독일 프리미엄 직수입 프리미엄 제품이라 안심하고 뇸뇸합니다~  주스같은 새콤 달콤한 맛이 나는 맛있는 비타민이라 마시관면 기분도 좋아져용 힛 에너지 대사 및 체내 에너지 생성에 필요한 비타민B군 8종 모두 함유라 에너지도 뿜뿜~! 오늘도 해피데이~!😆🙌  #올리브영비타민 #올리브영추천템  #올리브영영양제 #올리브영세일 #올리브영선물 #마시는비타민 #독일비타민 #설날선물 #비건 #독일비건비타민 #건강이최고  #에너지뿜뿜 #올리브영 #올영세일 #올리브영과함께"".","#비타민, #비타바움, #고함량비타민, #올리브영비타민, #올리브영추천템, #올리브영영양제, #올리브영세일, #올리브영선물, #마시는비타민, #독일비타민, #설날선물, #비건, #독일비건비타민, #건강이최고, #에너지뿜뿜, #올리브영, #올영세일, #올리브영과함께",1049,0,16,2023-03-02 02:43:30,https://www.instagram.com/p/CpRSnC4Ppcl/, 광고 오늘도 #비타민 호로록 챙겨 마시고 활력있고 에너지 넘치는 하루 스타뚜 액상형으로 물 없이도 언제든지 맛있게 섭취 가능한 #비타바움 #고함량비타민 이에요  국내 최초 Vegan비건 인증 건강기능식품에  부형제 등 12가지 무첨가 핵심적인 기능성 원료에만 집중한 DSM사 Quali 인증 받은 원료를 사용한 독일 프리미엄 직수입 프리미엄 제품이라 안심하고 뇸뇸합니다  주스같은 새콤 달콤한 맛이 나는 맛있는 비타민이라 마시관면 기분도 좋아져용 힛 에너지 대사 및 체내 에너지 생성에 필요한 비타민B군 8종 모두 함유라 에너지도 뿜뿜 오늘도 해피데이  #올리브영비타민 #올리브영추천템  #올리브영영양제 #올리브영세일 #올리브영선물 #마시는비타민 #독일비타민 #설날선물 #비건 #독일비건비타민 #건강이최고  #에너지뿜뿜 #올리브영 #올영세일 #올리브영과함께 #비타민 #비타바움 #고함량비타민 #올리브영비타민 #올리브영추천템 #올리브영영양제 #올리브영세일 #올리브영선물 #마시는비타민 #독일비타민 #설날선물 #비건 #독일비건비타민 #건강이최고 #에너지뿜뿜 #올리브영 #올영세일 #올리브영과함께,"['광고', '오늘', '챙기', '마시', '활력', '에너지', '넘치', '하루', '스타뚜', '액상', '언제', '맛있', '섭취', '가능', '국내', '최초', '인증', '건강', '기능', '식품', '형제', '가지', '첨가', '핵심', '기능', '원료', '집중', '인증', '원료', '사용', '독일', '프리미엄', '직수입', '프리미엄', '제품', '안심', '주스', '맛있', '비타민', '마시', '기분', '에너지', '대사', '체내', '에너지', '생성', '필요', '비타민', '함유', '에너지', '오늘', '해피', '데이']"
3,1,,"""#광고 @neworigin_official  먹는 레티놀 + 콜라겐, 하루 한 포로 완성!💙  30대가 되면서 피부 탄력과 미백이 고민이던 찰나, 무첨가 원칙의 유한 이너플로라 레티놀콜라겐ABC를 만나봤어요.  평소 바르는 레티놀만으론 부족하다고 느꼈던  저에게 딱 맞는 먹는레티놀·먹는콜라겐 제품!  유한 천연물 연구소에서 개발된 제품으로 비타민 A·B·C,  콜라겐, 모링가잎 추출물까지 하루 한 포로 섭취 가능! 상큼한 레몬&애사비맛이라 물 없이도  부담 없이 즐길 수 있었어요🍋  병풀추출물·세라마이드·엘라스틴·히알루론산 등 피부탄력·미백을 돕는 부원료까지 꽉 들어있어 슬로우에이징 케어에 딱이에요🙌  꾸준히 섭취하니 피부가 한층 탄력 있고 촉촉해진 느낌🫧 종합비타민+콜라겐을 한 번에 챙길 수 있어 합리적이에요!  올리브영 온라인몰에서 새로 출시된 신제품, 이너플로라 레티놀콜라겐ABC로 피부 영양 관리 시작해보세요!  유한건강생활로부터 지원을 받고 솔직하게 작성한 포스팅입니다.  #먹는콜라겐 #먹는레티놀 #올리브영영양제 #피부영양제 #올리브영레티놀 #레티놀효능 #항산화영양제 #모링가 #애사비 #피쉬콜라겐 #이너플로라 #이너플로라레티놀콜라겐ABC #피부탄력 #피부미백 #안티에이징 #슬로우에이징 #유한천연물연구소 #무첨가원칙"".","#광고, #먹는콜라겐, #먹는레티놀, #올리브영영양제, #피부영양제, #올리브영레티놀, #레티놀효능, #항산화영양제, #모링가, #애사비, #피쉬콜라겐, #이너플로라, #이너플로라레티놀콜라겐ABC, #피부탄력, #피부미백, #안티에이징, #슬로우에이징, #유한천연물연구소, #무첨가원칙",779,0,24,2025-10-20 05:03:44,https://www.instagram.com/p/DQBMHGDiVXp/, #광고 neworiginofficial  먹는 레티놀  콜라겐 하루 한 포로 완성  30대가 되면서 피부 탄력과 미백이 고민이던 찰나 무첨가 원칙의 유한 이너플로라 레티놀콜라겐ABC를 만나봤어요  평소 바르는 레티놀만으론 부족하다고 느꼈던  저에게 딱 맞는 먹는레티놀먹는콜라겐 제품  유한 천연물 연구소에서 개발된 제품으로 비타민 ABC  콜라겐 모링가잎 추출물까지 하루 한 포로 섭취 가능 상큼한 레몬애사비맛이라 물 없이도  부담 없이 즐길 수 있었어요  병풀추출물세라마이드엘라스틴히알루론산 등 피부탄력미백을 돕는 부원료까지 꽉 들어있어 슬로우에이징 케어에 딱이에요  꾸준히 섭취하니 피부가 한층 탄력 있고 촉촉해진 느낌 종합비타민콜라겐을 한 번에 챙길 수 있어 합리적이에요  올리브영 온라인몰에서 새로 출시된 신제품 이너플로라 레티놀콜라겐ABC로 피부 영양 관리 시작해보세요  유한건강생활로부터 지원을 받고 솔직하게 작성한 포스팅입니다  #먹는콜라겐 #먹는레티놀 #올리브영영양제 #피부영양제 #올리브영레티놀 #레티놀효능 #항산화영양제 #모링가 #애사비 #피쉬콜라겐 #이너플로라 #이너플로라레티놀콜라겐ABC #피부탄력 #피부미백 #안티에이징 #슬로우에이징 #유한천연물연구소 #무첨가원칙 #광고 #먹는콜라겐 #먹는레티놀 #올리브영영양제 #피부영양제 #올리브영레티놀 #레티놀효능 #항산화영양제 #모링가 #애사비 #피쉬콜라겐 #이너플로라 #이너플로라레티놀콜라겐ABC #피부탄력 #피부미백 #안티에이징 #슬로우에이징 #유한천연물연구소 #무첨가원칙,"['레티노', '콜라겐', '하루', '완성', '피부', '탄력', '미백', '고민', '찰나', '첨가', '원칙', '유한', '이너', '플로라', '레티노', '콜라겐', '만나', '평소', '바르', '레티노', '부족', '느끼', '레티노', '콜라겐', '제품', '유한', '천연물', '연구소', '개발', '제품', '비타민', '콜라겐', '모링', '추출물', '하루', '섭취', '가능', '레몬', '부담', '즐기', '병풀', '추출물', '세라마이드', '라스', '히알루론산', '피부', '탄력', '미백', '부원료', '슬로우', '에이징', '케어', '섭취', '피부', '탄력', '촉촉하', '느낌', '종합', '비타민', '콜라겐', '챙기', '합리', '올리브', '온라인', '출시', '제품', '이너', '플로라', '레티노', '콜라겐', '피부', '영양', '관리', '시작', '유한', '건강', '생활', '지원', '작성', '포스팅']"
3,1,,"""#협찬 #국민영양제   요즘 따라 피곤하고 집중력도 뚝 떨어져서 “아, 나도 영양제 하나 챙겨야 하나…” 싶었믄데 서울대 의학박사 여에스더 박사님이 직접 만든 프리미엄 퀄리티 영양제를 8,900원에 살 수 있다는 사실에 저도 한번 먹어봤어요!  원래 이런건 3~4만원은 기본 아닌가요…? 그런데 1만원도 안하는 가격에 이 퀄리티라니 안먹을 수가 없더라구요🥹❤️ 제조사랑 직접 네고까지 해서 부담 없는 가격으로 만들었다고 하더라고요. 진짜 국민건강 생각한 진정한 영양대통령👏  요즘에 영양제 문제도 이슈인데 여에스더 박사님이라 믿음이 가고, 또 올리브영에서 직접 판매하니까 더 안심되니 제 건강 한번 챙겨 볼게요🤍 . . . . . . . #올리브영영양제 #올리브영영양제추천 #올리브영영양제선물 #국민영양제 #국민영양프로젝트 #여에스더 #에스더포뮬러 #맞팔 #먹팔 #food #foodlover #instafood #instalike #followforfollow #f"".","#협찬, #국민영양제, #올리브영영양제, #올리브영영양제추천, #올리브영영양제선물, #국민영양제, #국민영양프로젝트, #여에스더, #에스더포뮬러, #맞팔, #먹팔, #food, #foodlover, #instafood, #instalike, #followforfollow, #f",2,0,0,2025-06-02 14:04:18,https://www.instagram.com/p/DKZq3zWyqQz/, #협찬 #국민영양제   요즘 따라 피곤하고 집중력도 뚝 떨어져서 아 나도 영양제 하나 챙겨야 하나 싶었믄데 서울대 의학박사 여에스더 박사님이 직접 만든 프리미엄 퀄리티 영양제를 8900원에 살 수 있다는 사실에 저도 한번 먹어봤어요  원래 이런건 34만원은 기본 아닌가요 그런데 1만원도 안하는 가격에 이 퀄리티라니 안먹을 수가 없더라구요 제조사랑 직접 네고까지 해서 부담 없는 가격으로 만들었다고 하더라고요 진짜 국민건강 생각한 진정한 영양대통령  요즘에 영양제 문제도 이슈인데 여에스더 박사님이라 믿음이 가고 또 올리브영에서 직접 판매하니까 더 안심되니 제 건강 한번 챙겨 볼게요        #올리브영영양제 #올리브영영양제추천 #올리브영영양제선물 #국민영양제 #국민영양프로젝트 #여에스더 #에스더포뮬러 #맞팔 #먹팔 #food #foodlover #instafood #instalike #followforfollow #f #협찬 #국민영양제 #올리브영영양제 #올리브영영양제추천 #올리브영영양제선물 #국민영양제 #국민영양프로젝트 #여에스더 #에스더포뮬러 #맞팔 #먹팔 #food #foodlover #instafood #instalike #followforfollow #f,"['요즘', '따르', '피곤', '집중력', '떨어지', '영양제', '하나', '챙기', '싶었믄데', '서울대', '의학', '박사', '여에스더', '박사', '만들', '프리미엄', '퀄리티', '영양제', '사실', '기본', '아니', '가격', '퀄리티', '제조사', '부담', '가격', '만들', '국민', '건강', '생각', '영양', '대통령', '요즘', '영양제', '문제', '이슈', '여에스더', '박사', '믿음', '올리브', '판매', '안심', '건강', '챙기']"
3,1,,"""#광고 물없이 마시는 독일 프리미엄 비타민 비타바움 비타민B12 플러스 브이 컴플렉스8  요즘 피로가 쌓이면 잘 안풀려서 그런지 체력도 없고 하루종일 피곤한 상태인 저인데요🥱 제 주변에도 늘 피곤하다고 하시는 분들 많은데 저처럼 육아맘들 공감하시나요? 그런데 저 요즘 비타바움 마시고 활력을 얻었어요🥰  한 병 마시는 고함량 에너지 비타민 비타바움은 비타민B군 8종 모두 함유되어있는데 비타민B12는 무려 36,667% 함유 되어있답니다!!🤩 12가지 무첨가로 특히 4가지 부형제 무첨가되어  몸에 안좋은 성분 걱정도 없어요! 게다가 칼로리 zero! 당류 zero🩵  새콤 달콤 맛있는 맛이고 목넘김이 쉽고 체내 흡수가 빠른 액상형이라 기존 알약 제형과 다르게 먹기도 편해 좋더라구요!  DSM사 Quili 인증 받은 원료를 사용한 독일 프리미엄 직수입 제품인 비타바움 비타민B12으로 개운하고 에너지 넘치는 생활 해보세요✨   #올리브영비타민 #올리브영추천템 #올리브영영양제 #올리브영선물 #비타민챌린지 #비타바움 #마시는비타민 #독일비타민 #어버이날선물 #비타바움챌린지"".","#광고, #올리브영비타민, #올리브영추천템, #올리브영영양제, #올리브영선물, #비타민챌린지, #비타바움, #마시는비타민, #독일비타민, #어버이날선물, #비타바움챌린지",122,0,29,2023-05-05 11:00:05,https://www.instagram.com/p/Cr2-J6Cp4Bd/, #광고 물없이 마시는 독일 프리미엄 비타민 비타바움 비타민B12 플러스 브이 컴플렉스8  요즘 피로가 쌓이면 잘 안풀려서 그런지 체력도 없고 하루종일 피곤한 상태인 저인데요 제 주변에도 늘 피곤하다고 하시는 분들 많은데 저처럼 육아맘들 공감하시나요 그런데 저 요즘 비타바움 마시고 활력을 얻었어요  한 병 마시는 고함량 에너지 비타민 비타바움은 비타민B군 8종 모두 함유되어있는데 비타민B12는 무려 36667 함유 되어있답니다 12가지 무첨가로 특히 4가지 부형제 무첨가되어  몸에 안좋은 성분 걱정도 없어요 게다가 칼로리 zero 당류 zero  새콤 달콤 맛있는 맛이고 목넘김이 쉽고 체내 흡수가 빠른 액상형이라 기존 알약 제형과 다르게 먹기도 편해 좋더라구요  DSM사 Quili 인증 받은 원료를 사용한 독일 프리미엄 직수입 제품인 비타바움 비타민B12으로 개운하고 에너지 넘치는 생활 해보세요   #올리브영비타민 #올리브영추천템 #올리브영영양제 #올리브영선물 #비타민챌린지 #비타바움 #마시는비타민 #독일비타민 #어버이날선물 #비타바움챌린지 #광고 #올리브영비타민 #올리브영추천템 #올리브영영양제 #올리브영선물 #비타민챌린지 #비타바움 #마시는비타민 #독일비타민 #어버이날선물 #비타바움챌린지,"['마시', '독일', '프리미엄', '비타민', '비타', '비타민', '플러스', '브이', '컴플렉스', '요즘', '피로', '쌓이', '풀리', '그렇', '체력', '하루', '종일', '피곤', '상태', '주변', '피곤', '육아', '공감', '요즘', '비타', '마시', '활력', '마시', '함량', '에너지', '비타민', '비타', '비타민', '함유', '비타민', '함유', '가지', '첨가', '가지', '부형', '첨가', '성분', '걱정', '칼로리', '맛있', '넘기', '체내', '흡수', '빠르', '액상', '기존', '알약', '제형', '다르', '편하', '인증', '원료', '사용', '독일', '프리미엄', '직수입', '제품', '비타', '비타민', '에너지', '넘치', '생활']"
3,1,,"""원을 따라 손가락을 움직여보세요👆  파워퍼프걸과 함께한 다양한 제품들, 지금 바로 올리브영 온라인에서 만나보세요🤗  1️⃣여에스더 글루타치온 필름 2️⃣올인원 이뮨 비타민 샷 3️⃣리포좀 비타민C 4️⃣멀티비타민 & 미네랄 5️⃣초임계 알티지 오메가3 6️⃣밀크씨슬"".",,9,0,2,2025-10-16 10:10:27,https://www.instagram.com/p/DP3bqH0DwnK/, 원을 따라 손가락을 움직여보세요  파워퍼프걸과 함께한 다양한 제품들 지금 바로 올리브영 온라인에서 만나보세요  1여에스더 글루타치온 필름 2올인원 이뮨 비타민 샷 3리포좀 비타민C 4멀티비타민  미네랄 5초임계 알티지 오메가3 6밀크씨슬 ,"['따르', '손가락', '움직이', '파워', '퍼프', '다양', '제품', '올리브', '온라인', '만나', '여에스더', '필름', '인원', '이뮨', '비타민', '비타민', '멀티', '비타민', '미네랄', '초임', '알티', '오메가', '밀크']"
3,1,,"""#제품제공 따뜻하고 향기로운 티세트🍵  벌써 가정의 달 5월이 되었어요. 올해는 유독 더 빨리 가는 것 같은 느낌이에요🥲  여기까지 달려오느라 고생한 가족, 지인들과 한 숨 돌리며 향긋한 차 한 잔 할 수 있는 시간이 필요한 시간인 것 같아요🫧🌼  #오설록티세트 에는 향을 즐기며 휴식을 취하기 좋은 6가지 종류의 차가 있었어요. 달콤한 과일향이 나는 티를 마시며 친구와 오랜만에 얘기도 하고, 서로 격려도 해주는 시간이 좋더라구요.  일 때문에 바빠서 수면 시간이 충분하지 않은 친구인데 차를 마시니 몸이 따뜻해지고 기분이 편해진다고 해서 뿌듯했어요. 깊은 수면을 도와주는 굿슬립가바에 대한 이야기도 나왔는데, 수면영양제에 대해 처음 들어봤다며 푹 잘 수 있게 도와주는 점이 좋은 것 같다고 하더라구요.  #굿슬립가바365 #꿀잠캠프트래블러   벌써 50일 동안 트래블러로서 활동했네요. 수면에 대해 너무 중요하게 생각하고 있었는데, 얼마 전 깊은 잠을 자는 시간이 줄어들면 치매에 걸릴 위험이  높아진다는 얘기를 들어서 더 중요하게 생각하게 됐어요~  매일 캘린더에 스티커를 붙이는 것도 재밌어서 포도송이를 채워가며 느꼈던 뿌듯함을 느끼며 꾸준히  수면영양제 굿슬립가바 섭취해왔구요,  깊은 잠을 자는 시간이 조금씩 늘어가면서 일어나서 더 개운해지고 오후에도 덜 피곤한 현상이 있더라구요 :) 잘 자는 게 너무 중요하다는 걸 매일 느끼고있어요!  #꿀잠캠프 #꿀잠트래블러 #수면영양제 #수면건강기능식품 #수면장애 #굿슬립가바 #직장인영양제 #가바영양제 #영양제추천 #올리브영영양제 #코스트코영양제 #꿀잠템 #숙면템 #꿀잠티타임  @vitalbeautie_official"".","#제품제공, #오설록티세트, #굿슬립가바365, #꿀잠캠프트래블러, #꿀잠캠프, #꿀잠트래블러, #수면영양제, #수면건강기능식품, #수면장애, #굿슬립가바, #직장인영양제, #가바영양제, #영양제추천, #올리브영영양제, #코스트코영양제, #꿀잠템, #숙면템, #꿀잠티타임",48,0,5,2024-05-11 03:29:52,https://www.instagram.com/p/C60CVtrLdDh/, #제품제공 따뜻하고 향기로운 티세트  벌써 가정의 달 5월이 되었어요 올해는 유독 더 빨리 가는 것 같은 느낌이에요  여기까지 달려오느라 고생한 가족 지인들과 한 숨 돌리며 향긋한 차 한 잔 할 수 있는 시간이 필요한 시간인 것 같아요  #오설록티세트 에는 향을 즐기며 휴식을 취하기 좋은 6가지 종류의 차가 있었어요 달콤한 과일향이 나는 티를 마시며 친구와 오랜만에 얘기도 하고 서로 격려도 해주는 시간이 좋더라구요  일 때문에 바빠서 수면 시간이 충분하지 않은 친구인데 차를 마시니 몸이 따뜻해지고 기분이 편해진다고 해서 뿌듯했어요 깊은 수면을 도와주는 굿슬립가바에 대한 이야기도 나왔는데 수면영양제에 대해 처음 들어봤다며 푹 잘 수 있게 도와주는 점이 좋은 것 같다고 하더라구요  #굿슬립가바365 #꿀잠캠프트래블러   벌써 50일 동안 트래블러로서 활동했네요 수면에 대해 너무 중요하게 생각하고 있었는데 얼마 전 깊은 잠을 자는 시간이 줄어들면 치매에 걸릴 위험이  높아진다는 얘기를 들어서 더 중요하게 생각하게 됐어요  매일 캘린더에 스티커를 붙이는 것도 재밌어서 포도송이를 채워가며 느꼈던 뿌듯함을 느끼며 꾸준히  수면영양제 굿슬립가바 섭취해왔구요  깊은 잠을 자는 시간이 조금씩 늘어가면서 일어나서 더 개운해지고 오후에도 덜 피곤한 현상이 있더라구요  잘 자는 게 너무 중요하다는 걸 매일 느끼고있어요  #꿀잠캠프 #꿀잠트래블러 #수면영양제 #수면건강기능식품 #수면장애 #굿슬립가바 #직장인영양제 #가바영양제 #영양제추천 #올리브영영양제 #코스트코영양제 #꿀잠템 #숙면템 #꿀잠티타임  vitalbeautieofficial #제품제공 #오설록티세트 #굿슬립가바365 #꿀잠캠프트래블러 #꿀잠캠프 #꿀잠트래블러 #수면영양제 #수면건강기능식품 #수면장애 #굿슬립가바 #직장인영양제 #가바영양제 #영양제추천 #올리브영영양제 #코스트코영양제 #꿀잠템 #숙면템 #꿀잠티타임,"['향기', '세트', '가정', '올해', '느낌', '여기', '달려오', '고생', '가족', '지인', '돌리', '시간', '필요', '시간', '즐기', '휴식', '취하', '가지', '종류', '달콤하', '과일', '마시', '친구', '오랜만', '얘기', '격려', '시간', '때문', '바쁘', '수면', '시간', '친구', '마시', '기분', '편하', '뿌듯하', '수면', '도와주', '슬립', '대하', '이야기', '나오', '수면', '영양제', '대하', '처음', '도와주', '동안', '트래블러', '활동', '수면', '대하', '중요', '생각', '얼마', '시간', '줄어들', '치매', '걸리', '위험', '얘기', '중요', '생각', '캘린더', '스티커', '붙이', '재밌', '포도송이', '채우', '느끼', '느끼', '수면', '영양제', '슬립', '섭취', '시간', '조금', '일어나', '오후', '피곤', '현상', '중요', '느끼']"
3,1,,"""#광고 X @oliveyoung_official  물 없이 마시는 종합비타민 앰플 #비타바움  🌿국내최초로 비건 인증을 받은 멀티비타민이에요. #독일비건비타민  12가지 무첨가, 특히 부형제 무첨가 된게 맘에 쏙 들더라구요.  비타민 10종+미네랄 5종이 함유된 프리미엄 종합 멀티비타민 #고함량비타민  알약보다 체내 흡수가 빠른 액상타입에 새콤달콤한 주스맛이라 자꾸 손이 가네요ㅎㅎ🧃  #마시는비타민  면역기능/눈•피부 건강/항산화/뼈 건강등 온 가족 종합 비타민으로 강강추합니다👍     #올리브영 #올리브영비타민 #올리브영추천템 #올리브영영양제 #올리브영세일 #올리브영선물 #비타민 #독일비타민 #설날선물 #비건"".","#광고, #비타바움, #독일비건비타민, #고함량비타민, #마시는비타민, #올리브영, #올리브영비타민, #올리브영추천템, #올리브영영양제, #올리브영세일, #올리브영선물, #비타민, #독일비타민, #설날선물, #비건",504,0,6,2023-01-14 11:41:42,https://www.instagram.com/p/CnZO-PjPEHp/, #광고 X oliveyoungofficial  물 없이 마시는 종합비타민 앰플 #비타바움  국내최초로 비건 인증을 받은 멀티비타민이에요 #독일비건비타민  12가지 무첨가 특히 부형제 무첨가 된게 맘에 쏙 들더라구요  비타민 10종미네랄 5종이 함유된 프리미엄 종합 멀티비타민 #고함량비타민  알약보다 체내 흡수가 빠른 액상타입에 새콤달콤한 주스맛이라 자꾸 손이 가네요  #마시는비타민  면역기능눈피부 건강항산화뼈 건강등 온 가족 종합 비타민으로 강강추합니다     #올리브영 #올리브영비타민 #올리브영추천템 #올리브영영양제 #올리브영세일 #올리브영선물 #비타민 #독일비타민 #설날선물 #비건 #광고 #비타바움 #독일비건비타민 #고함량비타민 #마시는비타민 #올리브영 #올리브영비타민 #올리브영추천템 #올리브영영양제 #올리브영세일 #올리브영선물 #비타민 #독일비타민 #설날선물 #비건,"['마시', '종합', '비타민', '앰플', '국내', '최초', '인증', '멀티', '비타민', '가지', '첨가', '부형', '첨가', '비타민', '미네랄', '함유', '프리미엄', '종합', '멀티', '비타민', '알약', '체내', '흡수', '빠르', '액상', '타입', '주스', '면역', '기능', '피부', '건강', '항산화', '건강', '가족', '종합', '비타민']"
3,1,,"""#광고 국내최초 비건 인증 건강기능식품 #비타바움  비타민B 12플러스 브이 컴플렉스8💛 새해부터 비타민 충전 든든하게 했어요ㅎㅎ 특히 요 비타민은 Quali 인증 받은 원료를 사용한 독일 직수입 프리미엄 직수입 제품이에요! 넘 귀엽게 생겼는데 먹는법도 간편하고 하나씩 챙겨다니기도 좋아요ㅎㅎ 새콤달콤한 맛으로 거부감이 없고 체내 흡수가 빠른 액상형 비타민이라 빠르게 비타민 충전 가능🤍💛   비타민은 에너지 대사와 체내 에너지 생성에 꼭 필요한 영양소라서 지치고 바쁜 현대인들에게 필수인 영양제인데, 비타바움 비타민12플러스 브이 컴플렉스8에는 비타민B군 8종 모두 들어있고 비타민B12는 36.667% 나 들어있다고 해욤👀 프리미엄 원료를 사용하고, 합성향료, 착색료 등 기타 12가지 무첨가, 특히 부형제가 첨가되지 않은 리얼 비타민💛   투명한 액상 형태인데 시계 방향으로 돌리면 비타민 분말이 떨어지는데 요때 흔들어서 잘 섞어서 드시면 됩니당! 새콤달콤해서 식욕 살아남...♡ ㅋㅋㅋㅋㅋㅋㅋㅋㅋ 올리브영가니까 행사중이던데 #올리브영비타민 찾는 분들께도 추천드려요!   #올리브영추천템 #올리브영영양제 #올리브영세일 #올리브영선물 #비타민 #고함량비타민 #마시는비타민 #독일비타민 #설날선물 #비건 #독일비건비타민"".","#광고, #비타바움, #올리브영비타민, #올리브영추천템, #올리브영영양제, #올리브영세일, #올리브영선물, #비타민, #고함량비타민, #마시는비타민, #독일비타민, #설날선물, #비건, #독일비건비타민",411,0,3,2023-01-13 09:59:03,https://www.instagram.com/p/CnWebgTLglb/, #광고 국내최초 비건 인증 건강기능식품 #비타바움  비타민B 12플러스 브이 컴플렉스8 새해부터 비타민 충전 든든하게 했어요 특히 요 비타민은 Quali 인증 받은 원료를 사용한 독일 직수입 프리미엄 직수입 제품이에요 넘 귀엽게 생겼는데 먹는법도 간편하고 하나씩 챙겨다니기도 좋아요 새콤달콤한 맛으로 거부감이 없고 체내 흡수가 빠른 액상형 비타민이라 빠르게 비타민 충전 가능   비타민은 에너지 대사와 체내 에너지 생성에 꼭 필요한 영양소라서 지치고 바쁜 현대인들에게 필수인 영양제인데 비타바움 비타민12플러스 브이 컴플렉스8에는 비타민B군 8종 모두 들어있고 비타민B12는 36667 나 들어있다고 해욤 프리미엄 원료를 사용하고 합성향료 착색료 등 기타 12가지 무첨가 특히 부형제가 첨가되지 않은 리얼 비타민   투명한 액상 형태인데 시계 방향으로 돌리면 비타민 분말이 떨어지는데 요때 흔들어서 잘 섞어서 드시면 됩니당 새콤달콤해서 식욕 살아남  올리브영가니까 행사중이던데 #올리브영비타민 찾는 분들께도 추천드려요   #올리브영추천템 #올리브영영양제 #올리브영세일 #올리브영선물 #비타민 #고함량비타민 #마시는비타민 #독일비타민 #설날선물 #비건 #독일비건비타민 #광고 #비타바움 #올리브영비타민 #올리브영추천템 #올리브영영양제 #올리브영세일 #올리브영선물 #비타민 #고함량비타민 #마시는비타민 #독일비타민 #설날선물 #비건 #독일비건비타민,"['국내', '최초', '인증', '건강', '기능', '식품', '비타민', '플러스', '브이', '컴플렉스', '새해', '비타민', '충전', '비타민', '인증', '원료', '사용', '독일', '직수입', '프리미엄', '직수입', '제품', '귀엽', '생기', '하나', '챙기', '다니', '거부감', '체내', '흡수', '빠르', '액상', '비타민', '빠르', '비타민', '충전', '가능', '비타민', '에너지', '대사', '체내', '에너지', '생성', '필요', '영양소', '지치', '바쁘', '현대인', '필수', '영양제', '비타', '비타민', '플러스', '브이', '컴플렉스', '비타민', '비타민', '프리미엄', '원료', '사용', '합성', '향료', '착색', '기타', '가지', '첨가', '부형', '첨가', '리얼', '비타민', '투명', '액상', '형태', '시계', '방향', '돌리', '비타민', '분말', '떨어지', '흔들', '드시', '식욕', '살아나', '올리브', '행사', '추천', '드리']"
3,1,,"""#광고 @neworigin_official   💛 먹는 레티놀 + 콜라겐, 하루 한 포로 완성!  최근 피부 탄력과 미백 관리가 고민이 되던 찰나,  올리브영에서 새로 출시한  이너플로라 레티놀콜라겐ABC를 만나보았어요😀  평소 바르는 레티놀만으로는 부족하다고 느꼈던 저에게  딱 맞는 제품이었답니다😍  이 제품은 유한 천연물 연구소의 전문가들이 개발한  신뢰 있는 여성 토탈 이너케어 브랜드  이너플로라의 신제품이에요!!!  무첨가 원칙을 고수하면서, 하루 한 포만으로  비타민 A, B, C, 콜라겐, 모링가잎 추출물까지  섭취 가능하다는 점이 마음에 쏙 들었어요🙌  🍋 상큼한 레몬&애사비 맛 덕분에 물 없이도 입 안에서 빠르게 녹아 부담 없이 섭취 가능하고,  병풀 추출물, 세라마이드, 히알루론산, 엘라스틴,  화이트토마토 등 다양한 부원료가 피부 건강을 돕습니다😁  저는 섭취 후 피부가 전보다 한층 탄력 있고  촉촉해진 느낌이 들었어요❣️  특히, 슬로우에이징과 안티에이징에 관심 있는 분들께  강력 추천!   종합비타민과 콜라겐을 따로 챙길 필요 없이,  하루 한 포로 피부영양제를 간편하게 해결할 수 있어  정말 합리적이에요!  저처럼 피부 미백과 탄력 관리, 체내 영양까지  한번에 챙기고 싶은 분들은 올리브영에서 새로 만나보세요💚  #먹는콜라겐 #먹는레티놀 #올리브영영양제 #피부영양제 #올리브영레티놀 #레티놀효능 #항산화영양제 #모링가  #애사비 #피쉬콜라겐 #이너플로라 #이너플로라레티놀콜라겐ABC"".","#광고, #먹는콜라겐, #먹는레티놀, #올리브영영양제, #피부영양제, #올리브영레티놀, #레티놀효능, #항산화영양제, #모링가, #애사비, #피쉬콜라겐, #이너플로라, #이너플로라레티놀콜라겐ABC",865,0,6,2025-10-09 20:29:11,https://www.instagram.com/p/DPmhSNxE7kM/, #광고 neworiginofficial    먹는 레티놀  콜라겐 하루 한 포로 완성  최근 피부 탄력과 미백 관리가 고민이 되던 찰나  올리브영에서 새로 출시한  이너플로라 레티놀콜라겐ABC를 만나보았어요  평소 바르는 레티놀만으로는 부족하다고 느꼈던 저에게  딱 맞는 제품이었답니다  이 제품은 유한 천연물 연구소의 전문가들이 개발한  신뢰 있는 여성 토탈 이너케어 브랜드  이너플로라의 신제품이에요  무첨가 원칙을 고수하면서 하루 한 포만으로  비타민 A B C 콜라겐 모링가잎 추출물까지  섭취 가능하다는 점이 마음에 쏙 들었어요   상큼한 레몬애사비 맛 덕분에 물 없이도 입 안에서 빠르게 녹아 부담 없이 섭취 가능하고  병풀 추출물 세라마이드 히알루론산 엘라스틴  화이트토마토 등 다양한 부원료가 피부 건강을 돕습니다  저는 섭취 후 피부가 전보다 한층 탄력 있고  촉촉해진 느낌이 들었어요  특히 슬로우에이징과 안티에이징에 관심 있는 분들께  강력 추천   종합비타민과 콜라겐을 따로 챙길 필요 없이  하루 한 포로 피부영양제를 간편하게 해결할 수 있어  정말 합리적이에요  저처럼 피부 미백과 탄력 관리 체내 영양까지  한번에 챙기고 싶은 분들은 올리브영에서 새로 만나보세요  #먹는콜라겐 #먹는레티놀 #올리브영영양제 #피부영양제 #올리브영레티놀 #레티놀효능 #항산화영양제 #모링가  #애사비 #피쉬콜라겐 #이너플로라 #이너플로라레티놀콜라겐ABC #광고 #먹는콜라겐 #먹는레티놀 #올리브영영양제 #피부영양제 #올리브영레티놀 #레티놀효능 #항산화영양제 #모링가 #애사비 #피쉬콜라겐 #이너플로라 #이너플로라레티놀콜라겐ABC,"['레티노', '콜라겐', '하루', '완성', '피부', '탄력', '미백', '관리', '고민', '찰나', '올리브', '출시', '이너플로라', '레티노', '콜라겐', '만나', '평소', '바르', '레티노', '부족', '느끼', '제품', '제품', '유한', '천연물', '연구소', '전문가', '개발', '신뢰', '여성', '토탈', '이너', '케어', '브랜드', '이너', '플로라', '제품', '첨가', '원칙', '고수', '하루', '비타민', '콜라겐', '모링', '추출물', '섭취', '가능', '마음', '레몬', '덕분', '빠르', '부담', '섭취', '가능', '병풀', '추출물', '세라마이드', '히알루론산', '라스', '화이트', '토마토', '다양', '부원료', '피부', '건강', '섭취', '피부', '탄력', '촉촉하', '느낌', '슬로우', '에이징', '안티에이징', '관심', '추천', '종합', '비타민', '콜라겐', '챙기', '필요', '하루', '피부', '영양제', '해결', '합리', '피부', '미백', '탄력', '관리', '체내', '영양', '챙기', '올리브', '만나']"
3,1,,"""#제품제공 힐링타임을 선물 받았습니다  @vitalbeautie_official   지난 주말, 성수 닷노트에 다녀왔답니다 :) 꿀잠캠프 트래블러가 누릴 수 있는 힐링타임🫧 🤍나만의 향수 만들기🤍 만들어내길 좋아하는 창작자의 열정이 타올랐습니다 은근히❤️‍🔥🧯  성수향수공방 닷노트(.NOTE) @dotnote.perfume   너무 예쁜 공간이었구요, 향수 만드는 과정도 이렇게 알게 돼서 좋았고 무엇보다 숙면에 좋은 향 (라벤더, 버가못, 일랑일랑 등)도 마음대로 조합하여 향수를 만들 수 있어서 꿀잠캠프가 지향하는 바도 충족시킬 수 있는 체험이었어요.  🤓다음번 꿀잠캠프 트래블러가 되어서 조향 체험 해보세요 :)  #향수공방 저는 숙면에 도움을 주는 향으로 추천해주신 원료 중에 버가못(시트러스)과 일랑일랑(플로럴)을 사용했답니다.  - 버가못 혹은 베르가못이라는 향은 많은 향수에 들어있는 원료인 것 같은데, 다양한 향을 조화롭게 만드는 조화제라고 해요! 향에 상큼함을 더하기 위해 사용했고요,  - 일랑일랑은 제가 좋아하는 #ck one 향수에 사용한 향으로 향수공방 가기 전부터 염두해두었던 원료였어요😉  #향과숙면  🌙 꿀잠키트에도 피톤치드 스프레이와 롤온 향수가  포함되어 있을 정도로 정서적 안정을 주는 향이 있는 것 같아요. 나에게 잘 맞는 향을 잠들기 전 뿌려서 편안한 호흡으로 향을 맡고 있으면 어느새 잠들어있곤 하는데요,  제가 만든 향수(향수명 Fall In Forest)는 청량하면서 포근한 향으로 우디, 프루티, 플로럴, 시트러스의 조합이라 맡고 있으면 기분이 편안해지는 것 같아요 🛌🫧  주말에도 일하면서 잠을 잘 못자고 있는 고등학교 동창이 있는데, 굿슬립가바와 이 향을 선물하고 싶네요.  굿슬립가바 365 + 폴인포레스트 향의 조합으로 꿀잠 청해봅니다🤍  - 𝙁𝙖𝙡𝙡 𝙄𝙣 𝙁𝙤𝙧𝙚𝙨𝙩 .NOTE  탑노트 : 버가못, 페어 (𝘾𝙞𝙩𝙧𝙪𝙨, 𝙁𝙧𝙪𝙞𝙩𝙮) 미들노트 : 일랑일랑, 바이올렛 리브즈 (𝙁𝙡𝙤𝙧𝙖𝙡) 베이스노트 : 파츌리, 블랙머스크 (𝙒𝙤𝙤𝙙𝙮, 𝘼𝙣𝙞𝙢𝙖𝙡𝙞𝙘)  제조일 2024. 04. 27. sat 오 드 퍼퓸 50ml, 롤온 5ml -  #굿슬립가바365 #꿀잠캠프 #꿀잠트래블러 #수면영양제 #수면건강기능식품 #수면장애 #굿슬립가바#직장인영양제 #가바영양제 #영양제추천 #올리브영영양제 #코스트코영양제 #꿀잠템 #숙면템 #향수공방체험 #향수공방원데이클래스"".","#제품제공, #향수공방, #ck, #향과숙면, #굿슬립가바365, #꿀잠캠프, #꿀잠트래블러, #수면영양제, #수면건강기능식품, #수면장애, #굿슬립가바, #직장인영양제, #가바영양제, #영양제추천, #올리브영영양제, #코스트코영양제, #꿀잠템, #숙면템, #향수공방체험, #향수공방원데이클래스",47,0,13,2024-04-29 06:44:10,https://www.instagram.com/p/C6U5qNkSog6/, #제품제공 힐링타임을 선물 받았습니다  vitalbeautieofficial   지난 주말 성수 닷노트에 다녀왔답니다  꿀잠캠프 트래블러가 누릴 수 있는 힐링타임 나만의 향수 만들기 만들어내길 좋아하는 창작자의 열정이 타올랐습니다 은근히  성수향수공방 닷노트NOTE dotnoteperfume   너무 예쁜 공간이었구요 향수 만드는 과정도 이렇게 알게 돼서 좋았고 무엇보다 숙면에 좋은 향 라벤더 버가못 일랑일랑 등도 마음대로 조합하여 향수를 만들 수 있어서 꿀잠캠프가 지향하는 바도 충족시킬 수 있는 체험이었어요  다음번 꿀잠캠프 트래블러가 되어서 조향 체험 해보세요   #향수공방 저는 숙면에 도움을 주는 향으로 추천해주신 원료 중에 버가못시트러스과 일랑일랑플로럴을 사용했답니다   버가못 혹은 베르가못이라는 향은 많은 향수에 들어있는 원료인 것 같은데 다양한 향을 조화롭게 만드는 조화제라고 해요 향에 상큼함을 더하기 위해 사용했고요   일랑일랑은 제가 좋아하는 #ck one 향수에 사용한 향으로 향수공방 가기 전부터 염두해두었던 원료였어요  #향과숙면   꿀잠키트에도 피톤치드 스프레이와 롤온 향수가  포함되어 있을 정도로 정서적 안정을 주는 향이 있는 것 같아요 나에게 잘 맞는 향을 잠들기 전 뿌려서 편안한 호흡으로 향을 맡고 있으면 어느새 잠들어있곤 하는데요  제가 만든 향수향수명 Fall In Forest는 청량하면서 포근한 향으로 우디 프루티 플로럴 시트러스의 조합이라 맡고 있으면 기분이 편안해지는 것 같아요   주말에도 일하면서 잠을 잘 못자고 있는 고등학교 동창이 있는데 굿슬립가바와 이 향을 선물하고 싶네요  굿슬립가바 365  폴인포레스트 향의 조합으로 꿀잠 청해봅니다      NOTE  탑노트  버가못 페어   미들노트  일랑일랑 바이올렛 리브즈  베이스노트  파츌리 블랙머스크    제조일 2024 04 27 sat 오 드 퍼퓸 50ml 롤온 5ml   #굿슬립가바365 #꿀잠캠프 #꿀잠트래블러 #수면영양제 #수면건강기능식품 #수면장애 #굿슬립가바#직장인영양제 #가바영양제 #영양제추천 #올리브영영양제 #코스트코영양제 #꿀잠템 #숙면템 #향수공방체험 #향수공방원데이클래스 #제품제공 #향수공방 #ck #향과숙면 #굿슬립가바365 #꿀잠캠프 #꿀잠트래블러 #수면영양제 #수면건강기능식품 #수면장애 #굿슬립가바 #직장인영양제 #가바영양제 #영양제추천 #올리브영영양제 #코스트코영양제 #꿀잠템 #숙면템 #향수공방체험 #향수공방원데이클래스,"['힐링', '타임', '선물', '지나', '주말', '성수', '노트', '다니', '캠프', '트래블러', '누리', '힐링', '타임', '향수', '만들', '만들', '좋아하', '창작자', '열정', '타오르', '성수', '향수', '공방', '노트', '예쁘', '공간', '향수', '만들', '과정', '이렇', '무엇', '숙면', '라벤더', '버가못', '조합', '향수', '만들', '캠프', '지향', '충족', '체험', '다음', '캠프', '트래블러', '체험', '숙면', '도움', '추천', '원료', '버가못시트러스과', '플로', '사용', '버가못', '베르', '향수', '원료', '다양', '조화', '만들', '조화', '위하', '사용', '좋아하', '향수', '사용', '향수', '공방', '염두', '원료', '키트', '피톤치드', '스프레이', '향수', '포함', '정도', '정서', '안정', '잠들', '뿌리', '편안', '호흡', '잠들', '만들', '향수', '향수', '우디', '프루티', '플로럴', '시트러스', '조합', '기분', '편안', '주말', '고등학교', '동창', '슬립', '선물', '슬립', '포레스트', '조합', '노트', '버가못', '페어', '미들', '노트', '바이올렛', '리브즈', '베이스', '노트', '파츌리', '블랙', '머스크', '제조', '퍼퓸']"
3,1,,"""#협찬 #제품제공 @estherformula_official  영양대통령 여에스더 박사가 국민 건강을 위해 1만원 이하로 직접 배합에 참여해 프리미엄 [국민영양제]를 만들었어요 서울대학교 의학박사 여에스더가 직접 배합해서 제품 퀄리티는 말할 것도 없고, 누구나 부담없이 먹을 수 있도록 가격을 낮추기 위해 제조사 네고까지 직접 했다고 하니 대단하시네요 특히 올리브영에서 쉽게 만날수 있어 약국이나 다른곳에서 괜히 추천받고 설명듣고 사야하는 번거로움없이 편하게 사올수 있어 너무 좋더라구여 현대인이 필수로 먹어야하는 유산균, 멀티비타마,콜라게 레티놀을 3~4만원은 줘야 먹을 수 있었는데 프리미엄 영양제를 8,900원에 먹을 수 있으니 올리브영에서 국민영양제를 안 살 이유가 없지요 꾸준히 먹어야하기에 비용이 부담되면 좀 망설여지는데 비용은 줄이고 기능은 떨어짐이 없으니 온가족영양제로 함께 시작했어요 최근 쿠팡의 가짜 영양제 사건으로 불안했는데, 여에스더는 믿을 수 있고, 올리브영이 보장해주는 것 같아 더 믿음이 가네요  하루1정 물과 함께 먹는 유산균과 13종의 비타마과 미네랄을 한번에 캡슐로 챙겨먹을수 있으니 신랑은 간편해 특히 좋아하고 하루3정 물과 함께 먹는 콜라겐과 레티놀로 탄력과 회복까지 챙겨먹으면 건강에 도움을 받을수 있어 괜히 뿌듯해지네요^^ 목넘김 좋고 속더부룩하거나 거부반응 없이 편안해요  #올리브영영양제 #올리브영영양제추천 #올리브영영양제선물 #국민영양제 #국민영양프로젝트 #여에스더 #에스더포뮬러"".","#협찬, #제품제공, #올리브영영양제, #올리브영영양제추천, #올리브영영양제선물, #국민영양제, #국민영양프로젝트, #여에스더, #에스더포뮬러",4,0,0,2025-06-02 14:59:09,https://www.instagram.com/p/DKZxJetTECt/, #협찬 #제품제공 estherformulaofficial  영양대통령 여에스더 박사가 국민 건강을 위해 1만원 이하로 직접 배합에 참여해 프리미엄 국민영양제를 만들었어요 서울대학교 의학박사 여에스더가 직접 배합해서 제품 퀄리티는 말할 것도 없고 누구나 부담없이 먹을 수 있도록 가격을 낮추기 위해 제조사 네고까지 직접 했다고 하니 대단하시네요 특히 올리브영에서 쉽게 만날수 있어 약국이나 다른곳에서 괜히 추천받고 설명듣고 사야하는 번거로움없이 편하게 사올수 있어 너무 좋더라구여 현대인이 필수로 먹어야하는 유산균 멀티비타마콜라게 레티놀을 34만원은 줘야 먹을 수 있었는데 프리미엄 영양제를 8900원에 먹을 수 있으니 올리브영에서 국민영양제를 안 살 이유가 없지요 꾸준히 먹어야하기에 비용이 부담되면 좀 망설여지는데 비용은 줄이고 기능은 떨어짐이 없으니 온가족영양제로 함께 시작했어요 최근 쿠팡의 가짜 영양제 사건으로 불안했는데 여에스더는 믿을 수 있고 올리브영이 보장해주는 것 같아 더 믿음이 가네요  하루1정 물과 함께 먹는 유산균과 13종의 비타마과 미네랄을 한번에 캡슐로 챙겨먹을수 있으니 신랑은 간편해 특히 좋아하고 하루3정 물과 함께 먹는 콜라겐과 레티놀로 탄력과 회복까지 챙겨먹으면 건강에 도움을 받을수 있어 괜히 뿌듯해지네요 목넘김 좋고 속더부룩하거나 거부반응 없이 편안해요  #올리브영영양제 #올리브영영양제추천 #올리브영영양제선물 #국민영양제 #국민영양프로젝트 #여에스더 #에스더포뮬러 #협찬 #제품제공 #올리브영영양제 #올리브영영양제추천 #올리브영영양제선물 #국민영양제 #국민영양프로젝트 #여에스더 #에스더포뮬러,"['영양', '대통령', '여에스더', '박사', '국민', '건강', '위하', '이하', '배합', '참여', '프리미엄', '국민', '영양제', '만들', '서울대학교', '의학', '박사', '여에스더', '배합', '제품', '퀄리티', '누구', '부담', '가격', '낮추', '위하', '제조사', '네고', '대단하', '올리브', '만나', '약국', '추천', '설명', '편하', '현대인', '필수', '유산균', '멀티', '비타', '콜라', '레티노', '프리미엄', '영양제', '올리브', '국민', '영양제', '이유', '비용', '부담', '망설이', '비용', '줄이', '기능', '떨어지', '가족', '영양제', '시작', '최근', '쿠팡', '가짜', '영양제', '사건', '불안', '여에스더', '올리브', '보장', '믿음', '하루', '유산균', '비타마과', '미네랄', '캡슐', '챙기', '신랑', '좋아하', '하루', '콜라겐', '레티노', '탄력', '회복', '챙기', '건강', '도움', '넘기', '거부', '반응', '편안']"
3,1,,"""올리브영 신작 올더베러 매일 눈건강 케어 루테인 구미~😽😽😽😽😽😋😋😋 ⠀ 최근에 올영에서 런칭한 웰니스 푸드 자체브랜드 올더베러~🤣🤣🤣🤣🤣😋😋😋 ⠀ 요즘 시력이 좀 좋지않아 눈건강 챙길려고 이 젤리를 겟한거😹😹😹😹😹😋😋😋😋 ⠀ 섭취방법은 하루에 두알이자 아침에 한번 저녁에 한번 그렇게 해야디😋😋😋😋😋 ⠀ #올더베러 #올리브영 #영양제 #눈건강 #건강관리"".","#올더베러, #올리브영, #영양제, #눈건강, #건강관리",66,0,16,2026-04-14 15:34:43,https://www.instagram.com/p/DXHgaikjwnr/, 올리브영 신작 올더베러 매일 눈건강 케어 루테인 구미  최근에 올영에서 런칭한 웰니스 푸드 자체브랜드 올더베러  요즘 시력이 좀 좋지않아 눈건강 챙길려고 이 젤리를 겟한거  섭취방법은 하루에 두알이자 아침에 한번 저녁에 한번 그렇게 해야디  #올더베러 #올리브영 #영양제 #눈건강 #건강관리 #올더베러 #올리브영 #영양제 #눈건강 #건강관리,"['올리브', '신작', '올더베러', '건강', '케어', '루테', '구미', '최근', '런칭', '니스', '푸드', '자체', '브랜드', '올더베러', '요즘', '시력', '건강', '챙기', '젤리', '섭취', '방법', '하루', '아침', '저녁', '그렇']"
3,1,,"""#제품제공 꿀잠캠프 서프라이즈 선물 소개!! 💜[한율의 달빛유자 수면팩] 💜 미백주름 개선 기능성 제품으로 열자마자 유자 향 뿜뿜에 유자유래 비타민P로 브라이트닝 효과로 피부 피로 회복에 도움 된다!! 통유자 6개가 껍질, 과육, 씨까지 남김없이 꽉꽉 들어가있는데 냄새 진짜 미쳐ㅜㅜ 💜[꿀잠캠프 2주간의 느낀점!]💜 60일간의 꿀잠캠프 활동 중 벌써 3주차짼데 내가 가지고 있는 기록인 2022년 이맘때 쯤과 최대한 비슷한 날과 1주2주차의 수면 일자들을 비교해봤다 평균 수면시간도 많이 늘기도 했고 확실히 잠드는 취침시간 (입면)시간도 훨씬 빨라짐 22년도 때는 10시부터 자려고 누워있어도 잠이 안와서 1시 2시에 잠드는 일이 대부분이였지만 이제는 머리 대고 누우면 아무리 뒤척이더라도 30분 안으로는 잠에 들고 있다 수면중에 깨는 현상이 제일 심했는데 정말 많은 차이가 보이고 입면시간에 효과를 본 것만으로도 너무 좋았는데 확실히 잠에서 깨는 횟수가 줄거나 없어진 차이도 확실하게 보여서 수면의 질 대폭 상승 중이다 자야겠다라고 생각했을 때 바로 잠들수 있고 그로인해 수면시간이 많이 길어지고 피곤함을 덜 느끼는게 점점 몸으로 느껴지고 있어서 너무 좋다 이번주 싱잉볼 수업도 아무래도 수면에 도움되는 수업이기도 하고 이전 1기 선배님들의 후기를 찾아보니 만족도가 엄청났어서 너무 기대 된다 💜[도움된 재워드림키트]💜 굿슬립가바365의 도움도 있겠지만 아무래도 저는 재워드림 키트 창단식 때 받은 선물인 꿀잠키트 중에 저는 온열 안대가 잠드는데 제일 많은 도움이 된거 같아요 그리고 제가 유지하면 잠이 잘 오는 상태를 이 온열 안대 덕에 알았어요 빛차단과 따뜻함이 제 수면 환경에 많은 영향을 주더라구요 #굿슬립가바365 #꿀잠캠프 #꿀잠트래블러 #수면영양제 #수면건강기능식품 #수면장애 #굿슬립가바 #직장인영양제 #가바영양제 #영양제추천 #올리브영영양제 #코스트코영양제 #꿀잠템 #숙면템 #제품제공 #좋아요 #일상 #일상소통 #dally #like #today #sleep ​"".","#제품제공, #굿슬립가바365, #꿀잠캠프, #꿀잠트래블러, #수면영양제, #수면건강기능식품, #수면장애, #굿슬립가바, #직장인영양제, #가바영양제, #영양제추천, #올리브영영양제, #코스트코영양제, #꿀잠템, #숙면템, #제품제공, #좋아요, #일상, #일상소통, #dally, #like, #today, #sleep",11,0,4,2024-04-02 09:04:00,https://www.instagram.com/p/C5P3rzFJA6D/, #제품제공 꿀잠캠프 서프라이즈 선물 소개 한율의 달빛유자 수면팩  미백주름 개선 기능성 제품으로 열자마자 유자 향 뿜뿜에 유자유래 비타민P로 브라이트닝 효과로 피부 피로 회복에 도움 된다 통유자 6개가 껍질 과육 씨까지 남김없이 꽉꽉 들어가있는데 냄새 진짜 미쳐 꿀잠캠프 2주간의 느낀점 60일간의 꿀잠캠프 활동 중 벌써 3주차짼데 내가 가지고 있는 기록인 2022년 이맘때 쯤과 최대한 비슷한 날과 1주2주차의 수면 일자들을 비교해봤다 평균 수면시간도 많이 늘기도 했고 확실히 잠드는 취침시간 입면시간도 훨씬 빨라짐 22년도 때는 10시부터 자려고 누워있어도 잠이 안와서 1시 2시에 잠드는 일이 대부분이였지만 이제는 머리 대고 누우면 아무리 뒤척이더라도 30분 안으로는 잠에 들고 있다 수면중에 깨는 현상이 제일 심했는데 정말 많은 차이가 보이고 입면시간에 효과를 본 것만으로도 너무 좋았는데 확실히 잠에서 깨는 횟수가 줄거나 없어진 차이도 확실하게 보여서 수면의 질 대폭 상승 중이다 자야겠다라고 생각했을 때 바로 잠들수 있고 그로인해 수면시간이 많이 길어지고 피곤함을 덜 느끼는게 점점 몸으로 느껴지고 있어서 너무 좋다 이번주 싱잉볼 수업도 아무래도 수면에 도움되는 수업이기도 하고 이전 1기 선배님들의 후기를 찾아보니 만족도가 엄청났어서 너무 기대 된다 도움된 재워드림키트 굿슬립가바365의 도움도 있겠지만 아무래도 저는 재워드림 키트 창단식 때 받은 선물인 꿀잠키트 중에 저는 온열 안대가 잠드는데 제일 많은 도움이 된거 같아요 그리고 제가 유지하면 잠이 잘 오는 상태를 이 온열 안대 덕에 알았어요 빛차단과 따뜻함이 제 수면 환경에 많은 영향을 주더라구요 #굿슬립가바365 #꿀잠캠프 #꿀잠트래블러 #수면영양제 #수면건강기능식품 #수면장애 #굿슬립가바 #직장인영양제 #가바영양제 #영양제추천 #올리브영영양제 #코스트코영양제 #꿀잠템 #숙면템 #제품제공 #좋아요 #일상 #일상소통 #dally #like #today #sleep  #제품제공 #굿슬립가바365 #꿀잠캠프 #꿀잠트래블러 #수면영양제 #수면건강기능식품 #수면장애 #굿슬립가바 #직장인영양제 #가바영양제 #영양제추천 #올리브영영양제 #코스트코영양제 #꿀잠템 #숙면템 #제품제공 #좋아요 #일상 #일상소통 #dally #like #today #sleep,"['캠프', '서프라이즈', '선물', '소개', '달빛', '유자', '수면', '미백', '주름', '개선', '기능', '제품', '유자', '유자', '유래', '비타민', '라이트닝', '효과', '피부', '피로', '회복', '도움', '유자', '껍질', '과육', '들어가', '냄새', '미치', '캠프', '주간', '느끼', '캠프', '활동', '가지', '기록', '이맘때', '수면', '일자', '비교', '평균', '수면', '시간', '잠들', '취침', '시간', '입면', '시간', '빠르', '년도', '잠들', '대부분', '이제', '머리', '뒤척이', '수면', '현상', '심하', '차이', '보이', '입면', '시간', '효과', '횟수', '차이', '보이', '수면', '상승', '생각', '잠들', '인하', '수면', '시간', '피곤', '느끼', '느끼', '이번', '수업', '수면', '도움', '수업', '이전', '선배', '후기', '찾아보', '만족도', '엄청나', '기대', '도움', '재워드림키트', '슬립', '가바', '도움', '재우', '드리', '키트', '창단식', '선물', '키트', '안대', '잠들', '제일', '도움', '유지', '상태', '안대', '차단', '수면', '환경', '영향']"
3,1,,"""#제품제공 굿슬립가바로 바뀐 수면상태 :)   #꿀잠캠프 2기로 수면의 질을 개선하고 생활하는 힘을 더 길러보자고 다짐하며 트래블러 시작한지 2주째입니다.  우선, 굿슬립가바 365는 수면영양제이며  짧은 시간을 자도 푹 잘 수 있도록 도와주는 제품이에요 :) 잠들기 전 두 알만으로 만족스러운 꿀잠을 잘 수 있다면 너무 좋을 것 같지 않나요. 🛌🫧  먹지 않았을 때는 자주 깨고 깊이 잠드는 시간이 1시간도 안 되었는데, 굿슬립가바 섭취시 1시간 이상 깊은 잠을 자게되어 다음날 좀 더 개운한 하루를 보내게 돼요!  🕯️꿀잠을 도와주는 소품 중 저는 “향초”를 가장 좋아하는데요, 30분 정도만 켜두면 방 안 가득 은은하고 달콤한 향이 퍼져서 짐들기 좋은 포근한 환경이 되더라구요~  💛 그리고 꿀잠시 수면팩도 피부 관리에 도움이 많이 되었어요. 🌼 좋은 피부도 다이어트도 행복한 하루도 숙면이 제일 중요해요 :)  𝑮𝒐𝒐𝒅 𝒔𝒍𝒆𝒆𝒑 𝑮𝑨𝑩𝑨 365  #굿슬립가바365 #꿀잠캠프 #꿀잠트래블러 #수면영양제 #수면건강기능식품 #수면장애 #굿슬립가바#직장인영양제 #가바영양제 #영양제추천 #올리브영영양제 #코스트코영양제 #꿀잠템 #숙면템  @vitalbeautie_official"".","#제품제공, #꿀잠캠프, #굿슬립가바365, #꿀잠캠프, #꿀잠트래블러, #수면영양제, #수면건강기능식품, #수면장애, #굿슬립가바, #직장인영양제, #가바영양제, #영양제추천, #올리브영영양제, #코스트코영양제, #꿀잠템, #숙면템",43,0,4,2024-04-01 09:59:29,https://www.instagram.com/p/C5NvFh9LWv_/, #제품제공 굿슬립가바로 바뀐 수면상태    #꿀잠캠프 2기로 수면의 질을 개선하고 생활하는 힘을 더 길러보자고 다짐하며 트래블러 시작한지 2주째입니다  우선 굿슬립가바 365는 수면영양제이며  짧은 시간을 자도 푹 잘 수 있도록 도와주는 제품이에요  잠들기 전 두 알만으로 만족스러운 꿀잠을 잘 수 있다면 너무 좋을 것 같지 않나요   먹지 않았을 때는 자주 깨고 깊이 잠드는 시간이 1시간도 안 되었는데 굿슬립가바 섭취시 1시간 이상 깊은 잠을 자게되어 다음날 좀 더 개운한 하루를 보내게 돼요  꿀잠을 도와주는 소품 중 저는 향초를 가장 좋아하는데요 30분 정도만 켜두면 방 안 가득 은은하고 달콤한 향이 퍼져서 짐들기 좋은 포근한 환경이 되더라구요   그리고 꿀잠시 수면팩도 피부 관리에 도움이 많이 되었어요  좋은 피부도 다이어트도 행복한 하루도 숙면이 제일 중요해요      365  #굿슬립가바365 #꿀잠캠프 #꿀잠트래블러 #수면영양제 #수면건강기능식품 #수면장애 #굿슬립가바#직장인영양제 #가바영양제 #영양제추천 #올리브영영양제 #코스트코영양제 #꿀잠템 #숙면템  vitalbeautieofficial #제품제공 #꿀잠캠프 #굿슬립가바365 #꿀잠캠프 #꿀잠트래블러 #수면영양제 #수면건강기능식품 #수면장애 #굿슬립가바 #직장인영양제 #가바영양제 #영양제추천 #올리브영영양제 #코스트코영양제 #꿀잠템 #숙면템,"['슬립', '바뀌', '수면', '상태', '수면', '개선', '생활', '기르', '다짐', '트래블러', '시작', '슬립', '수면', '영양제', '시간', '도와주', '제품', '잠들', '만족', '잠들', '시간', '시간', '슬립', '섭취', '시간', '이상', '다음날', '개운하', '하루', '보내', '도와주', '소품', '향초', '좋아하', '정도', '퍼지', '환경', '수면', '피부', '관리', '도움', '피부', '다이어트', '행복', '하루', '숙면', '중요']"
3,1,,"""#광고  @oliveyoung_official 12가지 무첨가 중 부형제 무첨가 (스테아린산 마그네슘, 이산화규소, 카르복시메틸셀룰로오스, HPMC)  한국비건인증원에서 국내 최초로 인증한 비건 건기능 브랜드이며, 동물 실험을 실시하지 않고 동물 유래 원료를 전혀 사용하지 않은 프리미엄 제품이라 더욱 믿고 먹을 수 있어 좋아요!  주스 같은 새콤달콤하고 맛있는 건강기능식품이며 부원료로 천연 블랙엘더베라를 사용하여 너무 맛있어용❣️ 목넘김이 쉽고 채내 흡수가 빠른 액상형이라 정말 맘에 들더라구요~ 기존 알약 제형보다 먹기가 편해용!!   DMS사 Quali 인증 받은 원료를 사용한 독일 프리미엄 직수입 제품이기에 여러분들도 꼭 드셔보시고 건강을 미리미리 챙겨보시라고 추천드리고 싶어용🥰👍  .  .  #올리브영비타민#올리브영추천템#올리브영영양제#올리브영세일#올리브영선물#비타민#비타비움#고함량비타민#마시는비타민#독일비타민#설날선물#비건#독일비건비타민#비타민추천#올리브영"".","#광고, #올리브영비타민, #올리브영추천템, #올리브영영양제, #올리브영세일, #올리브영선물, #비타민, #비타비움, #고함량비타민, #마시는비타민, #독일비타민, #설날선물, #비건, #독일비건비타민, #비타민추천, #올리브영",845,0,45,2023-01-12 14:16:03,https://www.instagram.com/p/CnUWC4jh_pK/, #광고  oliveyoungofficial 12가지 무첨가 중 부형제 무첨가 스테아린산 마그네슘 이산화규소 카르복시메틸셀룰로오스 HPMC  한국비건인증원에서 국내 최초로 인증한 비건 건기능 브랜드이며 동물 실험을 실시하지 않고 동물 유래 원료를 전혀 사용하지 않은 프리미엄 제품이라 더욱 믿고 먹을 수 있어 좋아요  주스 같은 새콤달콤하고 맛있는 건강기능식품이며 부원료로 천연 블랙엘더베라를 사용하여 너무 맛있어용 목넘김이 쉽고 채내 흡수가 빠른 액상형이라 정말 맘에 들더라구요 기존 알약 제형보다 먹기가 편해용   DMS사 Quali 인증 받은 원료를 사용한 독일 프리미엄 직수입 제품이기에 여러분들도 꼭 드셔보시고 건강을 미리미리 챙겨보시라고 추천드리고 싶어용      #올리브영비타민#올리브영추천템#올리브영영양제#올리브영세일#올리브영선물#비타민#비타비움#고함량비타민#마시는비타민#독일비타민#설날선물#비건#독일비건비타민#비타민추천#올리브영 #광고 #올리브영비타민 #올리브영추천템 #올리브영영양제 #올리브영세일 #올리브영선물 #비타민 #비타비움 #고함량비타민 #마시는비타민 #독일비타민 #설날선물 #비건 #독일비건비타민 #비타민추천 #올리브영,"['가지', '첨가', '부형', '첨가', '스테아', '마그네슘', '이산화 규소', '카르복시메틸셀룰로오스', '한국', '인증', '국내', '최초', '인증', '기능', '브랜드', '동물', '실험', '실시', '동물', '유래', '원료', '사용', '프리미엄', '제품', '주스', '맛있', '건강', '기능', '식품', '부원료', '천연', '블랙', '사용', '맛있', '넘기', '흡수', '빠르', '액상', '기존', '알약', '제형', '편하', '인증', '원료', '사용', '독일', '프리미엄', '직수입', '제품', '여러분', '드시', '건강', '챙기', '추천', '드리']"
3,1,,"""#협찬  면역력을 위해 꼭 챙겨먹는 프로바이오틱스💙  우리가족 필수 영양제🎁 내사랑들 건강은 내가 챙기기!💗  에스더포뮬러 올리브영 입점 기념으로  프로모션 진행 중이니 참고하세용,,,🎀 ​  #올리브영 #올리브영영양제 #올리브영할인 #에스더포뮬러 #여에스더유산균 #올리브영유산균"".","#협찬, #올리브영, #올리브영영양제, #올리브영할인, #에스더포뮬러, #여에스더유산균, #올리브영유산균",1750,0,35,2020-09-13 08:21:29,https://www.instagram.com/p/CFEd_h0F5Uu/, #협찬  면역력을 위해 꼭 챙겨먹는 프로바이오틱스  우리가족 필수 영양제 내사랑들 건강은 내가 챙기기  에스더포뮬러 올리브영 입점 기념으로  프로모션 진행 중이니 참고하세용   #올리브영 #올리브영영양제 #올리브영할인 #에스더포뮬러 #여에스더유산균 #올리브영유산균 #협찬 #올리브영 #올리브영영양제 #올리브영할인 #에스더포뮬러 #여에스더유산균 #올리브영유산균,"['면역력', '위하', '챙기', '프로바이오틱스', '우리', '가족', '필수', '영양제', '사랑', '건강', '챙기', '에스더', '포뮬러', '올리브', '입점', '기념', '프로모션', '진행', '참고']"
3,1,,"""#광고  하루 한번!  #비타바움 의 작은 병을 가득 채운 새콤달콤한 멀티비타민으로 활력 충전하기 :)  독일 직수입 비타바움은 한국비건인증원에서 국내 최초로 인증한 비건 건기능 브랜드로 동물 실험 NO! 심지어 동물 유래 원료를 전혀 사용하지 않은 프리미엄 비건 비타민인데요! 불필요한 12가지 원재료 무첨가 & 특히 화학부형제 (스테아린산 마그네슘, 이산화규소, 카르복시메틸셀룰로오스, HPMC) 무첨가라 더욱 안심이구요~ 목넘김이 편한 액상타입이라 체내 흡수도 빠른 편이니 그 동안 알약 삼키기 불편하셨던 분들도 무척 좋아하실거 같아요 :)  뚜껑을 시계방향으로 돌리면 챔버가 열리면서 노란색 비타민 분말이 떨어지는 투챔버시스템이라 늘 신선한 상태로 비타민을 드실 수 있는데 분말과 액상을 혼합해 맛있게 먹으며 손쉽게 비타민 10종과 미네랄 5종을 한번에 챙겨보아요 :)ㅎ  #올리브영비타민 #올리브영 추천템 #올리브영영양제 #올리브영세일 #올리브영선물 #비타민 #고함량비타민 #마시는비타민 #독일비타민 #설날선물 #비건 #독일비건비타민"".","#광고, #비타바움, #올리브영비타민, #올리브영, #올리브영영양제, #올리브영세일, #올리브영선물, #비타민, #고함량비타민, #마시는비타민, #독일비타민, #설날선물, #비건, #독일비건비타민",1139,0,19,2023-01-12 06:11:44,https://www.instagram.com/p/CnTfnrmhHes/, #광고  하루 한번  #비타바움 의 작은 병을 가득 채운 새콤달콤한 멀티비타민으로 활력 충전하기   독일 직수입 비타바움은 한국비건인증원에서 국내 최초로 인증한 비건 건기능 브랜드로 동물 실험 NO 심지어 동물 유래 원료를 전혀 사용하지 않은 프리미엄 비건 비타민인데요 불필요한 12가지 원재료 무첨가  특히 화학부형제 스테아린산 마그네슘 이산화규소 카르복시메틸셀룰로오스 HPMC 무첨가라 더욱 안심이구요 목넘김이 편한 액상타입이라 체내 흡수도 빠른 편이니 그 동안 알약 삼키기 불편하셨던 분들도 무척 좋아하실거 같아요   뚜껑을 시계방향으로 돌리면 챔버가 열리면서 노란색 비타민 분말이 떨어지는 투챔버시스템이라 늘 신선한 상태로 비타민을 드실 수 있는데 분말과 액상을 혼합해 맛있게 먹으며 손쉽게 비타민 10종과 미네랄 5종을 한번에 챙겨보아요   #올리브영비타민 #올리브영 추천템 #올리브영영양제 #올리브영세일 #올리브영선물 #비타민 #고함량비타민 #마시는비타민 #독일비타민 #설날선물 #비건 #독일비건비타민 #광고 #비타바움 #올리브영비타민 #올리브영 #올리브영영양제 #올리브영세일 #올리브영선물 #비타민 #고함량비타민 #마시는비타민 #독일비타민 #설날선물 #비건 #독일비건비타민,"['하루', '채우', '멀티', '비타민', '활력', '충전', '독일', '직수입', '비타', '한국', '인증', '국내', '최초', '인증', '기능', '브랜드', '동물', '실험', '동물', '유래', '원료', '사용', '프리미엄', '비타민', '필요', '가지', '원재료', '첨가', '화학', '형제', '스테아린', '마그네슘', '이산화 규소', '카르복시메틸셀룰로오스', '첨가', '안심', '넘기', '편하', '액상', '타입', '체내', '흡수', '빠르', '동안', '알약', '삼키', '불편', '좋아하', '뚜껑', '시계', '방향', '돌리', '챔버', '열리', '노란색', '비타민', '분말', '떨어지', '투챔버', '시스템', '상태', '비타민', '드시', '분말', '액상', '혼합', '맛있', '손쉽', '비타민', '미네랄', '챙기', '추천']"
3,1,,"""#협찬   복직하고 나니까 하루가 진짜 쏜살같이 지나가요 🧷💼 아침엔 정신없고, 퇴근하면 지쳐서 뻗고🥹  그러다 보니 피부는 뒤집히고 몸 컨디션도 점점 흐트러지더라고요👀  그래서 결심했어요.ᐟ 이젠 진짜 내 몸부터 챙기자.ᐟ  그때 알게 된 게 바로 ✨ 이너플로라 미오이노시톨&콜린 ✨  하루 한 포에 미오이노시톨 4,000mg + 콜린까지‼️ ✅ 필요한 걸 한 번에 쏙.ᐟ 저는 아침에 1포를 그대로 섭취중인데 상큼한 레몬맛🍋 으로 맛있어서 바쁜 출근 준비에도 전~혀 부담 없어요 ⏰  며칠 챙겨먹다 보니 피부톤이 맑아지고 트러블도 덜 나고 무거웠던 몸이 가볍고 편안해졌어요 ✨  특히 마음에 들었던 건, ✔ 호르몬 밸런스 ✔ 생리 주기 케어 ✔ 붓기 관리 ✔ 피부 컨디션 회복 여성 건강을 전반적으로 케어해주는 조합이라 정말 만족 중이에요👏🏻  호르몬,생리,임신,피부 등 여성건강 필수 성분인 ‘미오이노시톨’이 포함되어있고 임산부와 태아 건강에도 중요한 ‘콜린’까지 포함.ᐟ  미오이노시톨과 콜린 이 조합 진짜 잘 만든 것 같아요😋  그래서 임신준비중이신 예비맘들께도 추천추천💛  그리고 중요한 포인트 하나 더.ᐟ 국민 기업 ❛유한건강생활❜에서 만들었다는 점.ᐟ 유한이라 더 믿고 먹게 되더라고요🤤  올리브영에 신제품으로 출시되었답니다 🛍️ 요즘 영양제 고민 중이셨다면 꼭 한 번 경험해보세요👍🏻  제품구매 링크: https://oyrun/uOad727  🏷 @neworigin_official  #미오이노시톨 #콜린이노시톨 #올리브영영양제 #올리브영이노시톨 #이노시톨추천 #이노시톨효능 #여성호르몬영양제 #M1S증후군 #임산부영양제 #임신준비영양제 #다난성난소증후군 #이너플로라 #이너플로라미오이노시톨콜린"".","#협찬, #미오이노시톨, #콜린이노시톨, #올리브영영양제, #올리브영이노시톨, #이노시톨추천, #이노시톨효능, #여성호르몬영양제, #M1S증후군, #임산부영양제, #임신준비영양제, #다난성난소증후군, #이너플로라, #이너플로라미오이노시톨콜린",474,0,128,2025-05-22 11:59:17,https://www.instagram.com/p/DJ9Ful6vlwR/, #협찬   복직하고 나니까 하루가 진짜 쏜살같이 지나가요  아침엔 정신없고 퇴근하면 지쳐서 뻗고  그러다 보니 피부는 뒤집히고 몸 컨디션도 점점 흐트러지더라고요  그래서 결심했어요 이젠 진짜 내 몸부터 챙기자  그때 알게 된 게 바로  이너플로라 미오이노시톨콜린   하루 한 포에 미오이노시톨 4000mg  콜린까지  필요한 걸 한 번에 쏙 저는 아침에 1포를 그대로 섭취중인데 상큼한 레몬맛 으로 맛있어서 바쁜 출근 준비에도 전혀 부담 없어요   며칠 챙겨먹다 보니 피부톤이 맑아지고 트러블도 덜 나고 무거웠던 몸이 가볍고 편안해졌어요   특히 마음에 들었던 건  호르몬 밸런스  생리 주기 케어  붓기 관리  피부 컨디션 회복 여성 건강을 전반적으로 케어해주는 조합이라 정말 만족 중이에요  호르몬생리임신피부 등 여성건강 필수 성분인 미오이노시톨이 포함되어있고 임산부와 태아 건강에도 중요한 콜린까지 포함  미오이노시톨과 콜린 이 조합 진짜 잘 만든 것 같아요  그래서 임신준비중이신 예비맘들께도 추천추천  그리고 중요한 포인트 하나 더 국민 기업 유한건강생활에서 만들었다는 점 유한이라 더 믿고 먹게 되더라고요  올리브영에 신제품으로 출시되었답니다  요즘 영양제 고민 중이셨다면 꼭 한 번 경험해보세요  제품구매 링크 httpsoyrunuOad727   neworiginofficial  #미오이노시톨 #콜린이노시톨 #올리브영영양제 #올리브영이노시톨 #이노시톨추천 #이노시톨효능 #여성호르몬영양제 #M1S증후군 #임산부영양제 #임신준비영양제 #다난성난소증후군 #이너플로라 #이너플로라미오이노시톨콜린 #협찬 #미오이노시톨 #콜린이노시톨 #올리브영영양제 #올리브영이노시톨 #이노시톨추천 #이노시톨효능 #여성호르몬영양제 #M1S증후군 #임산부영양제 #임신준비영양제 #다난성난소증후군 #이너플로라 #이너플로라미오이노시톨콜린,"['복직', '하루', '지나가', '아침', '정신없', '퇴근', '지치', '그러', '피부', '뒤집히', '컨디션', '흐트러지', '결심', '이제', '진짜', '챙기', '이너', '플로라', '미오이노시톨콜린', '하루', '미오이노시톨', '콜린', '필요', '아침', '섭취', '레몬', '맛있', '바쁘', '출근', '준비', '부담', '며칠', '챙기', '피부', '트러블', '무겁', '가볍', '편안', '마음', '호르몬', '밸런스', '생리', '주기', '케어', '관리', '피부', '컨디션', '회복', '여성', '건강', '전반', '케어', '조합', '만족', '호르몬', '생리', '임신', '피부', '여성', '건강', '필수', '성분', '미오이노시', '포함', '임산부', '태아', '건강', '중요', '콜린', '포함', '미오이노시', '콜린', '조합', '만들', '임신', '준비', '예비', '추천', '추천', '중요', '포인트', '하나', '국민', '기업', '유한', '건강', '생활', '만들', '유한', '올리브', '제품', '출시', '요즘', '영양제', '고민', '경험', '제품', '구매', '링크']"
3,1,,"""#제품제공  생일주간 제주여행에 함께한 아이들 통으로 거져가면 불편할 것 같아서 파우치형태로 된 제품을 사서 제주에 내려갔다 친구와 함께 먹을 수도 있고 가볍게 챙길 수 있어 좋았다는  평소 여행을 갈때 드립백을 챙겨가는데 이번엔 #오설록 티백을 제공해주셔서 커피대신 차를 마셨음 오설록 얼그레이웨하스 & 우롱차 조함 미쳤.. 웨하스 안먹는 나도 차를 마시는 동안 5개나 먹었…  요즘 만나면 지인들 손에 꼭 쥐어주는 굿스립가바365 여행의 고단함도 풀고,  다음날 개운하게 여행을 즐길 수 있었다  앞으로도 꾸준히 먹어야지❤️  덧 하나 굿슬림365에서 진행하는 꿀잠캠프 2기를 2월에 진행한다고 하니 모두들 신청해서 저랑 같이 꿀잠자자요💤💤  #굿슬립가바365#꿀장캠프 #꿀장트래블러 #수면영양제 #수면건강기능식품 #수면장애 #굿슬립가바#직장인영양제 #가바영양제 #영양제추천 #올리브영영양제 #코스트코영양제 #꿀장템 #숙면템 #꿀장티타임"".","#제품제공, #오설록, #굿슬립가바365, #꿀장캠프, #꿀장트래블러, #수면영양제, #수면건강기능식품, #수면장애, #굿슬립가바, #직장인영양제, #가바영양제, #영양제추천, #올리브영영양제, #코스트코영양제, #꿀장템, #숙면템, #꿀장티타임",49,0,10,2024-01-21 15:07:11,https://www.instagram.com/p/C2XcIi3v5FC/, #제품제공  생일주간 제주여행에 함께한 아이들 통으로 거져가면 불편할 것 같아서 파우치형태로 된 제품을 사서 제주에 내려갔다 친구와 함께 먹을 수도 있고 가볍게 챙길 수 있어 좋았다는  평소 여행을 갈때 드립백을 챙겨가는데 이번엔 #오설록 티백을 제공해주셔서 커피대신 차를 마셨음 오설록 얼그레이웨하스  우롱차 조함 미쳤 웨하스 안먹는 나도 차를 마시는 동안 5개나 먹었  요즘 만나면 지인들 손에 꼭 쥐어주는 굿스립가바365 여행의 고단함도 풀고  다음날 개운하게 여행을 즐길 수 있었다  앞으로도 꾸준히 먹어야지  덧 하나 굿슬림365에서 진행하는 꿀잠캠프 2기를 2월에 진행한다고 하니 모두들 신청해서 저랑 같이 꿀잠자자요  #굿슬립가바365#꿀장캠프 #꿀장트래블러 #수면영양제 #수면건강기능식품 #수면장애 #굿슬립가바#직장인영양제 #가바영양제 #영양제추천 #올리브영영양제 #코스트코영양제 #꿀장템 #숙면템 #꿀장티타임 #제품제공 #오설록 #굿슬립가바365 #꿀장캠프 #꿀장트래블러 #수면영양제 #수면건강기능식품 #수면장애 #굿슬립가바 #직장인영양제 #가바영양제 #영양제추천 #올리브영영양제 #코스트코영양제 #꿀장템 #숙면템 #꿀장티타임,"['생일', '주간', '제주', '여행', '아이', '거져', '불편', '파우치', '형태', '제품', '제주', '내려가', '친구', '가볍', '챙기', '평소', '여행', '드립', '챙기', '이번', '티백', '제공', '커피', '대신', '마시', '그레이', '웨하스', '우롱차', '미치', '웨하스', '마시', '동안', '요즘', '만나', '지인', '굿스립가바', '여행', '다음', '여행', '즐기', '하나', '슬림', '진행', '꿀잠캠프', '진행', '모두', '신청']"
3,1,,"""#제품제공 #굿슬립가바365 와 함께 하는 #꿀잠캠프2기창단식 아모레본사에 어제 다녀왔어요♡  1기때 꿀잠캠프 한 피드 보고  깊은 잠을 못이루는 1인으로서 너무 기다려왔어요😍🫶  제가 불면증도 불면증이지만  정말 깊은 잠을 못자거든요 ㅠ.ㅠ 중간에 자다 여러번깨니 수면의질이 안좋아 늘 피곤해요😢  그래서 2기모집하는 글 보자마자 신청했지요❤️  뽑혀서 너무 기뻤답니다✨️✨️  금밤 저녁시간에 꿀잠캠프 창단식이라 더 기분이 좋았어요😍 저희조는 딥슬림조😆😆 오늘 만나 반가웠어요  앞으로 두달간 잘해보아요❤️ 조별 미션도 있고 너무 재밌을꺼같아요🥰🥰  꿀잠키트와 함께 샌드위치와 과일까지 준비해주셨어요❤️ 꿀잠키트는 다음피드에서 자세히 소개해볼게요😆  어제밤부터 굿슬립가바 먹기 시작했는데요   ✅️굿실림가바365는 유산균 발효를 통해 우리 뇌조직에 존재하는 수면 관련 성분인 가바와 동일한 구조로 만든 성분으로 식약처에서 수면질 개선 기능성을 인정받은 원료로 만든 제품입니다✨️✨️👏👏👏  자기전 1시간~30분정도에  꾸준히 먹으면 확실히  수면의 질의 차이가 있을꺼같아 기대됩니다.😎  오늘부터 갤럭시워치로 제 수면의 질도 데이터로 분석해보려구요~🫡  잠 못드는 그대들이여~~ 제가 중간중간 잠 잘오는 꿀팁도 공유해드릴테니 기대많이 해주세요❤️  꿀언니가 가바여신으로 거듭나 보렵니다😍😍  #꿀잠캠프 #꿀잠트래블러 #수면영양제 #수면건강기능식품 #굿슬립가바 #수면장애 #직장인영양제 #가바영앵제 #꿀잠템 #코스트코영양제 #올리브영영양제 #숙면템"".","#제품제공, #굿슬립가바365, #꿀잠캠프2기창단식, #꿀잠캠프, #꿀잠트래블러, #수면영양제, #수면건강기능식품, #굿슬립가바, #수면장애, #직장인영양제, #가바영앵제, #꿀잠템, #코스트코영양제, #올리브영영양제, #숙면템",38,0,6,2024-03-16 01:26:18,https://www.instagram.com/p/C4jno2LPQoA/, #제품제공 #굿슬립가바365 와 함께 하는 #꿀잠캠프2기창단식 아모레본사에 어제 다녀왔어요  1기때 꿀잠캠프 한 피드 보고  깊은 잠을 못이루는 1인으로서 너무 기다려왔어요  제가 불면증도 불면증이지만  정말 깊은 잠을 못자거든요  중간에 자다 여러번깨니 수면의질이 안좋아 늘 피곤해요  그래서 2기모집하는 글 보자마자 신청했지요  뽑혀서 너무 기뻤답니다  금밤 저녁시간에 꿀잠캠프 창단식이라 더 기분이 좋았어요 저희조는 딥슬림조 오늘 만나 반가웠어요  앞으로 두달간 잘해보아요 조별 미션도 있고 너무 재밌을꺼같아요  꿀잠키트와 함께 샌드위치와 과일까지 준비해주셨어요 꿀잠키트는 다음피드에서 자세히 소개해볼게요  어제밤부터 굿슬립가바 먹기 시작했는데요   굿실림가바365는 유산균 발효를 통해 우리 뇌조직에 존재하는 수면 관련 성분인 가바와 동일한 구조로 만든 성분으로 식약처에서 수면질 개선 기능성을 인정받은 원료로 만든 제품입니다  자기전 1시간30분정도에  꾸준히 먹으면 확실히  수면의 질의 차이가 있을꺼같아 기대됩니다  오늘부터 갤럭시워치로 제 수면의 질도 데이터로 분석해보려구요  잠 못드는 그대들이여 제가 중간중간 잠 잘오는 꿀팁도 공유해드릴테니 기대많이 해주세요  꿀언니가 가바여신으로 거듭나 보렵니다  #꿀잠캠프 #꿀잠트래블러 #수면영양제 #수면건강기능식품 #굿슬립가바 #수면장애 #직장인영양제 #가바영앵제 #꿀잠템 #코스트코영양제 #올리브영영양제 #숙면템 #제품제공 #굿슬립가바365 #꿀잠캠프2기창단식 #꿀잠캠프 #꿀잠트래블러 #수면영양제 #수면건강기능식품 #굿슬립가바 #수면장애 #직장인영양제 #가바영앵제 #꿀잠템 #코스트코영양제 #올리브영영양제 #숙면템,"['아모레', '본사', '다녀오', '캠프', '피드', '이루', '기다리', '불면증', '불면증', '중간', '수면', '피곤', '모집', '신청', '뽑히', '기쁘', '저녁', '시간', '캠프', '창단식', '기분', '저희', '슬림', '오늘', '만나', '반갑', '미션', '재밌', '키트', '샌드위치', '과일', '준비', '다음', '피드', '소개', '어제', '슬립', '시작', '유산균', '발효', '통하', '우리', '조직', '존재', '수면', '관련', '성분', '가바', '동일', '구조', '만들', '성분', '식약처', '수면', '개선', '기능', '인정', '원료', '만들', '제품', '시간', '정도', '수면', '차이', '기대', '오늘', '갤럭시', '워치', '수면', '데이터', '분석', '그대', '중간중간', '공유', '드리', '기대', '언니', '가바', '여신', '거듭나']"
3,1,,"""#협찬  🏷️ 이너플로라 미오이노시톨&콜린  투민이들과 남편의 영양제만 챙기다보니  후정작 제 영양에는 신경을 못쓰게 되는 날들이 늘어나더라구요  피부도 점점 쳐지는듯하고.. 여성건강도 신경을 못쓰고🥲  그래서 찾아보다 알게된 미오이노시톨&콜린!  하루 한 포로 순수한 미오이노시톨 4000mg 과 콜린까지  섭취 가능해서 따로 챙길 필요가 없더라구요  여성건강 필수 성분인 미오이노시톨은 호르몬,생리,임신,피부 등에 좋고 임산부와 태아에게 특히 좋은 콜린 성분은 이노시톨과 함께 섭취하면  좋다고 하네요  신뢰받는 국민 기업인 ‘유한건강생활’의 제품이라 더 믿음직해요 올리브영에도 출시한 신제품이니 꾸준히 섭취하머 제 건강에도 신경써야겠어요  제품구매는 요기서 가능해요🩵 https://oy.run/uOad727  🎁Thanks to @neworigin_official  #미오이노시톨 #콜린이노시톨 #올리브영영양제 #올리브영이노시톨 #이노시톨추천 #이노시톨효능 #여성호르몬영양제 #PMS증후군 #임산부영양제 #임신준비영양제 #다낭성난소증후군 #이너플로라 #이너플로라미오이노시톨콜린"".","#협찬, #미오이노시톨, #콜린이노시톨, #올리브영영양제, #올리브영이노시톨, #이노시톨추천, #이노시톨효능, #여성호르몬영양제, #PMS증후군, #임산부영양제, #임신준비영양제, #다낭성난소증후군, #이너플로라, #이너플로라미오이노시톨콜린",356,0,72,2025-05-26 14:33:50,https://www.instagram.com/p/DKHsr6rz9fE/, #협찬   이너플로라 미오이노시톨콜린  투민이들과 남편의 영양제만 챙기다보니  후정작 제 영양에는 신경을 못쓰게 되는 날들이 늘어나더라구요  피부도 점점 쳐지는듯하고 여성건강도 신경을 못쓰고  그래서 찾아보다 알게된 미오이노시톨콜린  하루 한 포로 순수한 미오이노시톨 4000mg 과 콜린까지  섭취 가능해서 따로 챙길 필요가 없더라구요  여성건강 필수 성분인 미오이노시톨은 호르몬생리임신피부 등에 좋고 임산부와 태아에게 특히 좋은 콜린 성분은 이노시톨과 함께 섭취하면  좋다고 하네요  신뢰받는 국민 기업인 유한건강생활의 제품이라 더 믿음직해요 올리브영에도 출시한 신제품이니 꾸준히 섭취하머 제 건강에도 신경써야겠어요  제품구매는 요기서 가능해요 httpsoyrunuOad727  Thanks to neworiginofficial  #미오이노시톨 #콜린이노시톨 #올리브영영양제 #올리브영이노시톨 #이노시톨추천 #이노시톨효능 #여성호르몬영양제 #PMS증후군 #임산부영양제 #임신준비영양제 #다낭성난소증후군 #이너플로라 #이너플로라미오이노시톨콜린 #협찬 #미오이노시톨 #콜린이노시톨 #올리브영영양제 #올리브영이노시톨 #이노시톨추천 #이노시톨효능 #여성호르몬영양제 #PMS증후군 #임산부영양제 #임신준비영양제 #다낭성난소증후군 #이너플로라 #이너플로라미오이노시톨콜린,"['이너플로라', '미오이노시', '콜린', '투민', '남편', '영양제', '챙기', '영양', '신경', '늘어나', '피부', '쳐지', '여성', '건강', '신경', '찾아보', '미오이노시', '하루', '순수', '미오이노시톨', '콜린', '섭취', '가능', '챙기', '필요', '여성', '건강', '필수', '성분', '미오이노시', '호르몬', '생리', '임신', '피부', '임산부', '태아', '콜린', '성분', '이노시톨', '섭취', '신뢰', '국민', '기업', '유한', '건강', '생활', '제품', '올리브', '출시', '제품', '섭취', '건강', '신경', '제품', '구매', '요기', '가능']"
2,1,,"""어제자 출시한 다이소 영양제 실사 뜸ㄷㄷ💊 루테인부터 오메가3, 콜라겐, 철분, 칼슘 등등 건기식 싹 다 있는데 걍 약국 아니냐곸ㅋㅋㅋ @@와 ㅁㅊㄸ 다이소 털러 가야됨;;;;;;;;;;;;; . . #다이소 #다이소영양제 #칼슘 #멀티비타민 #건기식 #건강기능식품 #좋아요 #팔로우 #다이소건강기능식품 #다이소건기식 #루테인 #오메가3"".","#다이소, #다이소영양제, #칼슘, #멀티비타민, #건기식, #건강기능식품, #좋아요, #팔로우, #다이소건강기능식품, #다이소건기식, #루테인, #오메가3",2553,0,80,2025-02-25 01:30:04,https://www.instagram.com/p/DGejjiGzaV4/, 어제자 출시한 다이소 영양제 실사 뜸 루테인부터 오메가3 콜라겐 철분 칼슘 등등 건기식 싹 다 있는데 걍 약국 아니냐곸 와  다이소 털러 가야됨   #다이소 #다이소영양제 #칼슘 #멀티비타민 #건기식 #건강기능식품 #좋아요 #팔로우 #다이소건강기능식품 #다이소건기식 #루테인 #오메가3 #다이소 #다이소영양제 #칼슘 #멀티비타민 #건기식 #건강기능식품 #좋아요 #팔로우 #다이소건강기능식품 #다이소건기식 #루테인 #오메가3,"['어제', '출시', '다이소', '영양제', '루테인', '오메가', '콜라겐', '철분', '칼슘', '등등', '건기', '약국', '아니', '다이소']"
2,1,,"""다이소에서 꼭! 사야 할 건강템💪🏻💪🏻 @@나도 박민영 선배픽 사러 갈래🛍️🛍️  #다이소추천 #다이소추천템 #다이소건강식품 #다이소영양제 #가성비템 #가심비템 #다이소건기식 #닥터블릿 #딜리노쉬 #대웅제약"".","#다이소추천, #다이소추천템, #다이소건강식품, #다이소영양제, #가성비템, #가심비템, #다이소건기식, #닥터블릿, #딜리노쉬, #대웅제약",54,0,0,2026-01-28 08:00:23,https://www.instagram.com/p/DUDAAUqDw7O/, 다이소에서 꼭 사야 할 건강템 나도 박민영 선배픽 사러 갈래  #다이소추천 #다이소추천템 #다이소건강식품 #다이소영양제 #가성비템 #가심비템 #다이소건기식 #닥터블릿 #딜리노쉬 #대웅제약 #다이소추천 #다이소추천템 #다이소건강식품 #다이소영양제 #가성비템 #가심비템 #다이소건기식 #닥터블릿 #딜리노쉬 #대웅제약,"['다이소', '건강', '박민영', '선배']"
2,1,,"""🍀 약사가 정리한 다이소 영양제 등급표 🍀 (편집 오류가 있어 다시 올려요!)     ✅️ 밀크씨슬 = F 등급  실리마린 함량에 속지마세요. 의약품아니면 유명 원료사로 먹어야 실리마린 중 중요한 실리빈이 보장됩니다.      ✅️ 바나바잎 = A 등급  가성비로 먹어는 볼 만한데 혈당에는 여전히  베르베린을 더 추천드리구요.     ✅️ 카테킨 = A 등급  카테킨은 콜레스테롤, 체지방에 도움이 될 수 있어서 가성비로 먹어볼 만 하다.      ✅️ 멀티비타민 = F 등급  이거 30알 모아봐야 비맥땡 한 알 정도 무슨 말인지 알겠죠? 함량이 너무 낮습니다.     ✅️ 칼마디 = B 등급  일단 탄산칼슘이 너무 마음에 안 들고 비타민 D 400이 거의 스쳐지나간 정도,,,      ✅️ 가르시니아 = F 등급  간독성 이슈가 있었죠. 가르시니아 성분 자체를 비추천합니다.     ✅️ 마그네슘 = B 등급  산화마그네슘이라 흡수율이 낮아서 비추 가성비 측면에서는 먹어볼만 합니다.      ✅️ 비타민 D 2000 & 4000 = S 등급  DSM 원료를 썼더라구요.  이건 먹어볼 만하다     ✅️ 비타민 C =  B등급  DSM 원료가 있긴한데 굳이 이산화 티타늄 색소를 왜 썼을까 이거 유럽은 2022년부터 안 쓰거든요     ✅️ 코큐텐 = B 등급  원료사가 일단 뭔지 모르겠는데 이미 성분, 가성비 좋은 코큐텐이 많아요     ✅️ 오메가 3 = F 등급  이게 다이소 1등이더라구요? 순도 고작 60%에  원료사도 불분명하고 포장도 PDVC가 아니라 PVC인 것도 아쉽습니다.     물론...! 진짜 저품질 보다는  다이소 영양제가 훨씬 낫습니다.   다만, 건강을 증진시키시거나 질환 관리를 원하신다면...!     저는 영양제는 좋은걸로 권장드리구요! (특히, 우리 팔로워분들 💕) 이중에서 오메가 3는 진짜... 진짜... 아니에요 여러분....     #여성건강 #다이소 #다이소영양제 #오메가3 #칼마디"".","#여성건강, #다이소, #다이소영양제, #오메가3, #칼마디",6712,0,147,2026-03-31 15:50:19,https://www.instagram.com/p/DWjer29mK72/,  약사가 정리한 다이소 영양제 등급표  편집 오류가 있어 다시 올려요      밀크씨슬  F 등급  실리마린 함량에 속지마세요 의약품아니면 유명 원료사로 먹어야 실리마린 중 중요한 실리빈이 보장됩니다       바나바잎  A 등급  가성비로 먹어는 볼 만한데 혈당에는 여전히  베르베린을 더 추천드리구요      카테킨  A 등급  카테킨은 콜레스테롤 체지방에 도움이 될 수 있어서 가성비로 먹어볼 만 하다       멀티비타민  F 등급  이거 30알 모아봐야 비맥땡 한 알 정도 무슨 말인지 알겠죠 함량이 너무 낮습니다      칼마디  B 등급  일단 탄산칼슘이 너무 마음에 안 들고 비타민 D 400이 거의 스쳐지나간 정도       가르시니아  F 등급  간독성 이슈가 있었죠 가르시니아 성분 자체를 비추천합니다      마그네슘  B 등급  산화마그네슘이라 흡수율이 낮아서 비추 가성비 측면에서는 먹어볼만 합니다       비타민 D 2000  4000  S 등급  DSM 원료를 썼더라구요  이건 먹어볼 만하다      비타민 C   B등급  DSM 원료가 있긴한데 굳이 이산화 티타늄 색소를 왜 썼을까 이거 유럽은 2022년부터 안 쓰거든요      코큐텐  B 등급  원료사가 일단 뭔지 모르겠는데 이미 성분 가성비 좋은 코큐텐이 많아요      오메가 3  F 등급  이게 다이소 1등이더라구요 순도 고작 60에  원료사도 불분명하고 포장도 PDVC가 아니라 PVC인 것도 아쉽습니다     물론 진짜 저품질 보다는  다이소 영양제가 훨씬 낫습니다   다만 건강을 증진시키시거나 질환 관리를 원하신다면     저는 영양제는 좋은걸로 권장드리구요 특히 우리 팔로워분들  이중에서 오메가 3는 진짜 진짜 아니에요 여러분     #여성건강 #다이소 #다이소영양제 #오메가3 #칼마디 #여성건강 #다이소 #다이소영양제 #오메가3 #칼마디,"['약사', '정리', '다이소', '영양제', '등급', '편집', '오류', '올리', '밀크', '등급', '함량', '의약품', '아니', '유명', '원료', '실리', '중요', '실리', '보장', '바나바잎', '등급', '가성비', '혈당', '베르', '추천', '드리', '카테킨', '등급', '카테킨', '콜레스테롤', '체지방', '도움', '가성비', '멀티', '비타민', '등급', '이거', '모으', '비맥땡', '정도', '함량', '마디', '등급', '탄산칼슘', '마음', '비타민', '스치', '지나가', '정도', '가르', '등급', '이슈', '가르', '성분', '자체', '추천', '마그네슘', '등급', '산화 마그네슘', '흡수', '비추', '가성비', '측면', '비타민', '등급', '원료', '이거', '비타민', '등급', '원료', '이산화 티타늄', '색소', '이거', '유럽', '코큐텐', '등급', '원료', '모르', '성분', '가성비', '코큐텐', '오메가', '등급', '이것', '다이소', '순도', '원료', '포장', '아니', '아쉽', '진짜', '품질', '다이소', '영양제', '건강', '증진', '질환', '관리', '영양제', '권장', '드리', '우리', '팔로워', '오메가', '아니', '여러분']"
2,1,,"""✅️ 다이소 영양제? 제품 핵심정리 ✅️  다이소에서  영양제?! 를 팔기 시작했네요.  제품들이 궁금해서 알아봤는데,  5000원이라는 금액이 납득이 되는 제품도 있고  터무니없는 제품이라 생각되는 제품들도 있네요  정해진 금액에 성분과 배합을 조합하기가 쉽지 않을 텐데,  그럼에도 그나마 5000원이라는 금액이  합리적인 소비가 될 수 있도록 정리해 봤습니다.   개인적으로 다이소 제품들은  영양제를 입문하기 위한 용도로 보는 게 맞는 것 같습니다.   믿을만하고 좋은 제품을 찾으시는 분들께는 선택지가 더 많으니 참고용으로 안내드립니다!  #다이소 #다이소영양제"".","#다이소, #다이소영양제",38,0,0,2025-02-28 15:36:02,https://www.instagram.com/p/DGnypjdv3Wj/,  다이소 영양제 제품 핵심정리   다이소에서  영양제 를 팔기 시작했네요  제품들이 궁금해서 알아봤는데  5000원이라는 금액이 납득이 되는 제품도 있고  터무니없는 제품이라 생각되는 제품들도 있네요  정해진 금액에 성분과 배합을 조합하기가 쉽지 않을 텐데  그럼에도 그나마 5000원이라는 금액이  합리적인 소비가 될 수 있도록 정리해 봤습니다   개인적으로 다이소 제품들은  영양제를 입문하기 위한 용도로 보는 게 맞는 것 같습니다   믿을만하고 좋은 제품을 찾으시는 분들께는 선택지가 더 많으니 참고용으로 안내드립니다  #다이소 #다이소영양제 #다이소 #다이소영양제,"['다이소', '영양제', '제품', '핵심', '정리', '다이소', '영양제', '시작', '제품', '알아보', '금액', '납득', '제품', '터무니없', '제품', '생각', '제품', '정하', '금액', '성분', '배합', '조합', '그렇', '금액', '합리', '소비', '정리', '개인', '다이소', '제품', '영양제', '입문', '위하', '용도', '제품', '선택지', '참고', '안내', '드리']"
2,1,,"""아직도 매장에서 뭐 살지 고민해? 약사들이 극찬한 다이소 영양제 체크💊  @@ 다이소 같이 가줄 사람!!!  **  🎯@thetrippick 팔로우 하고 잼컨 보기🩷 여행의 모든 것은 우리가 PICK!  #다이소 #다이소영양제 #영양제 #건기식 #건강기능식품 #가성비 #정보 #정보공유 #꿀팁 #꿀팁공유"".","#다이소, #다이소영양제, #영양제, #건기식, #건강기능식품, #가성비, #정보, #정보공유, #꿀팁, #꿀팁공유",27,0,2,2026-01-24 04:00:13,https://www.instagram.com/p/DT4RV5gAQ5Z/, 아직도 매장에서 뭐 살지 고민해 약사들이 극찬한 다이소 영양제 체크   다이소 같이 가줄 사람    thetrippick 팔로우 하고 잼컨 보기 여행의 모든 것은 우리가 PICK  #다이소 #다이소영양제 #영양제 #건기식 #건강기능식품 #가성비 #정보 #정보공유 #꿀팁 #꿀팁공유 #다이소 #다이소영양제 #영양제 #건기식 #건강기능식품 #가성비 #정보 #정보공유 #꿀팁 #꿀팁공유,"['매장', '고민', '약사', '극찬', '다이소', '영양제', '체크', '다이소', '사람', '팔로우', '여행', '우리']"
1,1,,"""CU 건강기능식품 90% 할인  CU 건기식 90% 할인?! 🤩 💊건기식 17종 5개 이상 토스페이 머니/계좌 결제시 적용  🗓️ 기간 ~ 5월 31일 → 최대 80% 할인 5/5, 5/8, 5/15 → 최대 90% 할인  🎁 포켓 CU QR 스캔 > 토스페이 머니/계좌 결제  ⚠️ 일 1회, 1회 최대 20,000원 한도 💌 대상 상품 및 재고 조회는 ‘씨유’ 댓글 남기기 🔔팔로우하시고 다양한 할인정보 빠르게 받아보세요!"".",,32,0,53,2026-05-04 22:00:00,https://www.instagram.com/p/DX7shUkk8iv/, CU 건강기능식품 90 할인  CU 건기식 90 할인  건기식 17종 5개 이상 토스페이 머니계좌 결제시 적용   기간  5월 31일  최대 80 할인 55 58 515  최대 90 할인   포켓 CU QR 스캔  토스페이 머니계좌 결제   일 1회 1회 최대 20000원 한도  대상 상품 및 재고 조회는 씨유 댓글 남기기 팔로우하시고 다양한 할인정보 빠르게 받아보세요 ,"['건강', '기능', '식품', '건기', '할인', '이상', '토스', '페이', '머니', '계좌', '결제', '적용', '기간', '최대', '최대', '포켓', '스캔', '토스', '페이', '머니', '계좌', '결제', '최대', '한도', '대상', '상품', '재고', '조회', '씨유', '댓글', '남기', '팔로우', '다양', '할인', '정보', '빠르']"
1,1,,"""ㅤ #EVENT 다 떨어진 건강기능식품을 발견한 아침! 하루 거르는 게 찝찝한 분?  공복에는 먹기 싫은 건강기능식품! 쉽게 언제든지 섭취하고 싶은 분?  전국 6천개 CU에서 바로 고민 해결 가능합니다 :)   믿을 수 있는 동아제약이 직접 개발한 필수 건강기능식품 8종 런칭  1. 셀파렉스 비타민C #끓어올려 2. 셀파렉스 마그네슘 #에너지 3. 셀파렉스 테아닌 #괜찮아  4. 셀파렉스 루테인지아잔틴 #눈호강 5. 셀파렉스 rTG오메가3 #혈행의선순환 6. 셀파렉스 밀크씨슬 #지금이순간 7. 셀파렉스 MSM 2000 #관절해 8. 셀파렉스 칼슘마그네슘비타민D #약골탈퇴  전 제품 5,000원에 상시 1+1 행사  ㄴ 개당 2,500원!! (교차구매 가능)  9~10월 매주 월요일 ""건강기능식품데이"" 단 하루! 6개 구매 시 67% 파격할인  ㄴ 9,900원 ▶ 개당 1,650원!  💬 댓글 EVENT 💬 지금 나에게 가장 필요한 건강기능식품이 무엇인지 댓글로 남겨주세요! 추첨을 통해 선물을 드립니다!  ✅ CU 공식 인스타그램 팔로우 필수! ✅ 기간: 9/23(화)~9/30(화) ✅ 당첨자 발표: 10/10(금) *당첨자 개별 DM 발표 ✅ 경품: CU 모바일상품권 3천원권 (10명)  ※ 본 이벤트는 2건의 게시물에서 동시에 진행 됩니다.  #동아제약 #셀파렉스 #건강기능식품 #건기식 #CU건기식 #CU #씨유 #당신의_좋은친구_CU  *판매원 ㈜동아제약 *제조원 : ㈜서흥, ㈜코스맥스바이오"".","#EVENT, #끓어올려, #에너지, #괜찮아, #눈호강, #혈행의선순환, #지금이순간, #관절해, #약골탈퇴, #동아제약, #셀파렉스, #건강기능식품, #건기식, #CU건기식, #CU, #씨유, #당신의_좋은친구_CU",296,0,252,2025-09-23 04:56:00,https://www.instagram.com/p/DO7V9_nDdQl/,  #EVENT 다 떨어진 건강기능식품을 발견한 아침 하루 거르는 게 찝찝한 분  공복에는 먹기 싫은 건강기능식품 쉽게 언제든지 섭취하고 싶은 분  전국 6천개 CU에서 바로 고민 해결 가능합니다    믿을 수 있는 동아제약이 직접 개발한 필수 건강기능식품 8종 런칭  1 셀파렉스 비타민C #끓어올려 2 셀파렉스 마그네슘 #에너지 3 셀파렉스 테아닌 #괜찮아  4 셀파렉스 루테인지아잔틴 #눈호강 5 셀파렉스 rTG오메가3 #혈행의선순환 6 셀파렉스 밀크씨슬 #지금이순간 7 셀파렉스 MSM 2000 #관절해 8 셀파렉스 칼슘마그네슘비타민D #약골탈퇴  전 제품 5000원에 상시 11 행사   개당 2500원 교차구매 가능  910월 매주 월요일 건강기능식품데이 단 하루 6개 구매 시 67 파격할인   9900원  개당 1650원   댓글 EVENT  지금 나에게 가장 필요한 건강기능식품이 무엇인지 댓글로 남겨주세요 추첨을 통해 선물을 드립니다   CU 공식 인스타그램 팔로우 필수  기간 923화930화  당첨자 발표 1010금 당첨자 개별 DM 발표  경품 CU 모바일상품권 3천원권 10명   본 이벤트는 2건의 게시물에서 동시에 진행 됩니다  #동아제약 #셀파렉스 #건강기능식품 #건기식 #CU건기식 #CU #씨유 #당신의좋은친구CU  판매원 동아제약 제조원  서흥 코스맥스바이오 #EVENT #끓어올려 #에너지 #괜찮아 #눈호강 #혈행의선순환 #지금이순간 #관절해 #약골탈퇴 #동아제약 #셀파렉스 #건강기능식품 #건기식 #CU건기식 #CU #씨유 #당신의좋은친구CU,"['떨어지', '건강', '기능', '식품', '발견', '아침', '하루', '거르', '공복', '건강', '기능', '식품', '언제', '섭취', '전국', '고민', '해결', '가능', '동아제약', '개발', '필수', '건강', '기능', '식품', '런칭', '렉스', '비타민', '셀파렉스', '마그네슘', '렉스', '아니', '셀파렉스', '루테인지아', '잔틴', '렉스', '오메가', '렉스', '밀크', '셀파렉스', '셀파렉스', '칼슘', '마그네슘', '비타민', '제품', '상시', '행사', '교차', '구매', '가능', '월요일', '건강', '기능', '식품', '데이', '하루', '구매', '파격', '할인', '댓글', '필요', '건강', '기능', '식품', '무엇', '댓글', '남기', '추첨', '통하', '선물', '드리', '공식', '인스타그램', '팔로우', '필수', '기간', '당첨자', '발표', '당첨자', '개별', '발표', '경품', '모바일', '상품', '이벤트', '게시물', '동시', '진행', '판매원', '동아제약', '제조', '서흥', '코스맥스', '바이오']"
1,1,,"""다이소는 실패했는데, 이번엔 CU(@cu_official)가 건기식 시장에 다시 도전장을 냈다고?! 🧐  전국 6,000여 특화점에서 건강기능식품을 선보인다는 CU의 당당한 발표가 이달 1일에 발표되었습니다. 다이소 때와는 다르게 일부 매장만 ‘특화점’으로 지정해서 인허가까지 꼼꼼히 챙긴 점이 차별화 포인트!  제약사와의 협업으로 CU에서만 만날 수 있는 단독 제품들도 곧 등장 예정이라는 소식까지! 앞으로의 반응이 궁금해지는데요, 편의점 시장 1위의 새로운 도전. 지금 카드뉴스에서 만나보세요 💚  @labit.official ————————— #마케팅매거진 #마케팅트렌드 #트렌드매거진 #트렌드레터 #마케팅인사이트 #건기식 #건강기능식품 #CU"".","#마케팅매거진, #마케팅트렌드, #트렌드매거진, #트렌드레터, #마케팅인사이트, #건기식, #건강기능식품, #CU",9,0,1,2025-07-03 13:35:00,https://www.instagram.com/p/DLpcNaPzs7P/, 다이소는 실패했는데 이번엔 CUcuofficial가 건기식 시장에 다시 도전장을 냈다고   전국 6000여 특화점에서 건강기능식품을 선보인다는 CU의 당당한 발표가 이달 1일에 발표되었습니다 다이소 때와는 다르게 일부 매장만 특화점으로 지정해서 인허가까지 꼼꼼히 챙긴 점이 차별화 포인트  제약사와의 협업으로 CU에서만 만날 수 있는 단독 제품들도 곧 등장 예정이라는 소식까지 앞으로의 반응이 궁금해지는데요 편의점 시장 1위의 새로운 도전 지금 카드뉴스에서 만나보세요   labitofficial  #마케팅매거진 #마케팅트렌드 #트렌드매거진 #트렌드레터 #마케팅인사이트 #건기식 #건강기능식품 #CU #마케팅매거진 #마케팅트렌드 #트렌드매거진 #트렌드레터 #마케팅인사이트 #건기식 #건강기능식품 #CU,"['다이소', '실패', '이번', '건기', '시장', '도전장', '전국', '특화', '건강', '기능', '식품', '선보이', '발표', '이달', '발표', '다이소', '다르', '일부', '매장', '특화', '지정', '인허가', '챙기', '차별', '포인트', '제약사', '협업', '만나', '단독', '제품', '등장', '예정', '소식', '반응', '편의점', '시장', '새롭', '도전', '카드', '뉴스', '만나']"
1,1,,"""ㅤ #EVENT  다가오는 설날 🌤 명절 선물 고민은 이제 끝!  설 명절맞이 건강관리 선물 ᕦ(๑•̀o•́๑)ᕤ CU와 함께 준비하세요!  마음을 전하는 파격 행사 🔥 건강기능식품 5개 구매 시 10,000원!!  💚 종근당 종합건강 10정 외 8종 각 5,000원 - 종근당 시리즈 9종 상품 간 교차구매 가능  🧡 동아 에너지 10정 외 7종 각 5,000원 - 동아 시리즈 8종 상품 간 교차구매 가능  ※ 판매원 : ㈜종근당 ※ 제조원 : 코스맥스엔비티, 네추럴웨이, 메디오젠  ※ 판매원 : ㈜동아제약 ※ 제조원 : 서흥, 코스맥스바이오  💬 댓글 EVENT 💬 이번 설에는 건강관리 선물로 마음을 전해보세요♡ 친구를 태그해 건강기능식품 행사 소식을 알려주세요! 추첨을 통해 선물을 드립니다 🎁  ✔️ @cu_official 인스타그램 계정 팔로우 ✔️ 이벤트 기간: 2/9(월) ~ 2/16(월) ✔️ 당첨자 발표: 2/23(월) *DM 개별 발표 ✔️ 경품: CU 모바일상품권 5천원권 (10명)  #건강기능식품 #건기식 #CU건기식 #CU할인 #CU행사 #할인행사 #CU프로모션 #CU #씨유 #CU편의점 #당신의_좋은친구_CU"".","#EVENT, #건강기능식품, #건기식, #CU건기식, #CU할인, #CU행사, #할인행사, #CU프로모션, #CU, #씨유, #CU편의점, #당신의_좋은친구_CU",697,0,773,2026-02-09 07:10:00,https://www.instagram.com/p/DUhsyHvD5uD/,  #EVENT  다가오는 설날  명절 선물 고민은 이제 끝  설 명절맞이 건강관리 선물 o CU와 함께 준비하세요  마음을 전하는 파격 행사  건강기능식품 5개 구매 시 10000원   종근당 종합건강 10정 외 8종 각 5000원  종근당 시리즈 9종 상품 간 교차구매 가능   동아 에너지 10정 외 7종 각 5000원  동아 시리즈 8종 상품 간 교차구매 가능   판매원  종근당  제조원  코스맥스엔비티 네추럴웨이 메디오젠   판매원  동아제약  제조원  서흥 코스맥스바이오   댓글 EVENT  이번 설에는 건강관리 선물로 마음을 전해보세요 친구를 태그해 건강기능식품 행사 소식을 알려주세요 추첨을 통해 선물을 드립니다    cuofficial 인스타그램 계정 팔로우  이벤트 기간 29월  216월  당첨자 발표 223월 DM 개별 발표  경품 CU 모바일상품권 5천원권 10명  #건강기능식품 #건기식 #CU건기식 #CU할인 #CU행사 #할인행사 #CU프로모션 #CU #씨유 #CU편의점 #당신의좋은친구CU #EVENT #건강기능식품 #건기식 #CU건기식 #CU할인 #CU행사 #할인행사 #CU프로모션 #CU #씨유 #CU편의점 #당신의좋은친구CU,"['다가오', '설날', '명절', '선물', '고민', '명절', '맞이', '건강', '관리', '선물', '준비', '마음', '전하', '파격', '행사', '건강', '기능', '식품', '구매', '종근당', '종합', '건강', '종근당', '시리즈', '상품', '교차', '구매', '가능', '동아', '에너지', '동아', '시리즈', '상품', '교차', '구매', '가능', '판매', '종근당', '제조', '코스맥스', '네추럴웨이', '메디오젠', '판매원', '동아제약', '제조', '서흥', '코스맥스', '바이오', '댓글', '이번', '건강관리', '선물', '마음', '전하', '친구', '태그', '건강', '기능', '식품', '행사', '소식', '알리', '추첨', '통하', '선물', '드리', '인스타그램', '계정', '팔로우', '이벤트', '기간', '당첨자', '발표', '개별', '발표', '경품', '모바일', '상품']"
1,1,,"""와... CU가 진짜 물가 때려잡으려고 작정했나 봐요! 🥳✨ 요즘 비싸서 못 사 먹던 건강기능식품 17종이 무려 90% 할인 중!  이거 실화인가 싶어서 계산해봤더니, 5개 이상 사면 개당 가격이 편의점 껌값 수준... ㄷㄷ 비타민부터 유산균, 홍삼까지 종류도 다양해서 부모님 선물이나 내 건강 챙기기에 딱이에요!  ✅ 이벤트 요약 (필독!)  내용: 건강기능식품 대상 품목 17종 90% 할인 조건: 대상 상품 5개 이상 구매 시 적용! (교차 선택 가능 여부 확인) 품목: 멀티비타민, 루테인, 밀크씨슬, 유산균 등 인기 17종  기간: 2026년 5월 한정 (재고 소진 시 종료)  자세한 링크 정보는 @humorzzip 팔로우후 댓글에 <건기식> 남기면 링크 쏴드림🚀  편의점마다 재고가 다를 수 있으니 '포켓CU' 앱으로 재고 조회하고 가세요! 품절 대란 예상되니까 보이면 일단 바구니에 담는 게 승리자입니다. 🏃‍♂️💨  ""이거 알려주면 엄마한테 칭찬받음 ㅋㅋㅋ @친구태그해서 같이 쓸어오기!"" 👇  #CU #CU신상 #CU편의점 #편의점꿀팁 #건강기능식품"".","#CU, #CU신상, #CU편의점, #편의점꿀팁, #건강기능식품",12,0,1,2026-05-06 08:55:00,https://www.instagram.com/p/DX_cRAjGKy5/, 와 CU가 진짜 물가 때려잡으려고 작정했나 봐요  요즘 비싸서 못 사 먹던 건강기능식품 17종이 무려 90 할인 중  이거 실화인가 싶어서 계산해봤더니 5개 이상 사면 개당 가격이 편의점 껌값 수준  비타민부터 유산균 홍삼까지 종류도 다양해서 부모님 선물이나 내 건강 챙기기에 딱이에요   이벤트 요약 필독  내용 건강기능식품 대상 품목 17종 90 할인 조건 대상 상품 5개 이상 구매 시 적용 교차 선택 가능 여부 확인 품목 멀티비타민 루테인 밀크씨슬 유산균 등 인기 17종  기간 2026년 5월 한정 재고 소진 시 종료  자세한 링크 정보는 humorzzip 팔로우후 댓글에 건기식 남기면 링크 쏴드림  편의점마다 재고가 다를 수 있으니 포켓CU 앱으로 재고 조회하고 가세요 품절 대란 예상되니까 보이면 일단 바구니에 담는 게 승리자입니다   이거 알려주면 엄마한테 칭찬받음  친구태그해서 같이 쓸어오기   #CU #CU신상 #CU편의점 #편의점꿀팁 #건강기능식품 #CU #CU신상 #CU편의점 #편의점꿀팁 #건강기능식품,"['물가', '때려잡', '작정', '요즘', '비싸', '건강', '기능', '식품', '이거', '실화', '계산', '이상', '가격', '편의점', '수준', '비타민', '유산균', '홍삼', '종류', '다양', '부모', '선물', '건강', '챙기', '이벤트', '요약', '필독', '내용', '건강', '기능', '식품', '대상', '품목', '할인', '조건', '대상', '상품', '이상', '구매', '적용', '교차', '선택', '가능', '여부', '확인', '품목', '멀티', '비타민', '루테', '밀크', '유산균', '인기', '기간', '한정', '재고', '소진', '종료', '링크', '정보', '팔로우', '댓글', '건기', '남기', '링크', '드리', '편의점', '재고', '다르', '포켓', '재고', '조회', '품절', '대란', '예상', '보이', '바구니', '승리자', '이거', '알리', '엄마', '칭찬', '친구', '태그']"
1,1,,"""ㅤ 몸도 혈당도 가볍게. 건강한 다이어트 필수템 CU 종근당 다이어트✨  📌 종근당)다이어트10정 / 5,000원 / 1+1증정! 📌 식후 혈당 상승 CUT 📌 체지방 & 콜레스테롤 DOUBLE CUT  지금 전국 약 6천개 CU에서 건강기능식품을 가장 가깝게 만나보세요!  오직 CU에서만! ☑ 개당 5,000원에 상시 1+1 👉 개당 2,500원 ☑ 6개 구매 시 12,000원 👉 개당 2,000원  ☑ 종근당 9종 상품 간, 교차 구매 가능!  🔍 건강기능식품 판매 점포 및 재고 조회는 포켓쳐 APP에서 확인하세요⚡  #헬CUP #헬씨업 #건강기능식품 #건기식 #CU건기식 #다이어트 #혈당컷 #CU #씨유 #당신의_좋은친구_CU   - 판매원 : ㈜종근당 - 제조원 : 코스맥스엔비티"".","#헬CUP, #헬씨업, #건강기능식품, #건기식, #CU건기식, #다이어트, #혈당컷, #CU, #씨유, #당신의_좋은친구_CU",111,0,1,2025-08-07 09:30:00,https://www.instagram.com/p/DNDH993KxmX/,  몸도 혈당도 가볍게 건강한 다이어트 필수템 CU 종근당 다이어트   종근당다이어트10정  5000원  11증정  식후 혈당 상승 CUT  체지방  콜레스테롤 DOUBLE CUT  지금 전국 약 6천개 CU에서 건강기능식품을 가장 가깝게 만나보세요  오직 CU에서만  개당 5000원에 상시 11  개당 2500원  6개 구매 시 12000원  개당 2000원   종근당 9종 상품 간 교차 구매 가능   건강기능식품 판매 점포 및 재고 조회는 포켓쳐 APP에서 확인하세요  #헬CUP #헬씨업 #건강기능식품 #건기식 #CU건기식 #다이어트 #혈당컷 #CU #씨유 #당신의좋은친구CU    판매원  종근당  제조원  코스맥스엔비티 #헬CUP #헬씨업 #건강기능식품 #건기식 #CU건기식 #다이어트 #혈당컷 #CU #씨유 #당신의좋은친구CU,"['혈당', '가볍', '건강', '다이어트', '필수', '종근당', '다이어트', '종근당', '다이어트', '증정', '식후', '혈당', '상승', '체지방', '콜레스테롤', '전국', '건강', '기능', '식품', '가깝', '만나', '상시', '구매', '종근당', '상품', '교차', '구매', '가능', '건강', '기능', '식품', '판매', '점포', '재고', '조회', '포켓', '확인', '판매원', '종근당', '제조', '코스맥스']"
1,1,,"""#협찬 하루 한 병으로 채우는 활력 에너지⚡ #비컴플  바쁜 현대인들을위해 간편하게 비타민과 각종 영양케어를 할 수 있는 제품💕  💙파란색 병💙은 마그네슘 180g+비타민으로 이중케어를  ❤빨간색 병❤은 아르기닌 3,000mg+비타민으로 이중케어를 도와요  만성피로와 피곤에 지쳐있는 하루😥라면 비컴플로 활력충전👍 어때요?  오직 💚CU💜에서만 판매중  ___  #마그네슘 #아르기닌 #CU #CU덕후 #CU영양제 #CU비컴플 #마그네슘영양제 #아르기닌영양제 #영양제추천 #영양제 #편의점영양제 #편의점피로회복제 #피로회복제 #비타민추천 #비타민 #편의점비타민"".","#협찬, #비컴플, #마그네슘, #아르기닌, #CU, #CU덕후, #CU영양제, #CU비컴플, #마그네슘영양제, #아르기닌영양제, #영양제추천, #영양제, #편의점영양제, #편의점피로회복제, #피로회복제, #비타민추천, #비타민, #편의점비타민",221,0,107,2024-11-24 10:50:00,https://www.instagram.com/p/DCwFtaCpSbs/, #협찬 하루 한 병으로 채우는 활력 에너지 #비컴플  바쁜 현대인들을위해 간편하게 비타민과 각종 영양케어를 할 수 있는 제품  파란색 병은 마그네슘 180g비타민으로 이중케어를  빨간색 병은 아르기닌 3000mg비타민으로 이중케어를 도와요  만성피로와 피곤에 지쳐있는 하루라면 비컴플로 활력충전 어때요  오직 CU에서만 판매중    #마그네슘 #아르기닌 #CU #CU덕후 #CU영양제 #CU비컴플 #마그네슘영양제 #아르기닌영양제 #영양제추천 #영양제 #편의점영양제 #편의점피로회복제 #피로회복제 #비타민추천 #비타민 #편의점비타민 #협찬 #비컴플 #마그네슘 #아르기닌 #CU #CU덕후 #CU영양제 #CU비컴플 #마그네슘영양제 #아르기닌영양제 #영양제추천 #영양제 #편의점영양제 #편의점피로회복제 #피로회복제 #비타민추천 #비타민 #편의점비타민,"['하루', '채우', '활력', '에너지', '바쁘', '현대인', '위하', '비타민', '각종', '영양', '케어', '제품', '파란색', '마그네슘', '비타민', '이중', '케어', '빨간색', '아르기닌', '비타민', '이중', '케어', '만성', '피로', '피곤', '지치', '하루', '플로', '활력', '충전', '어떻', '판매']"
1,1,,"""⠀ #EVENT  내가 돈이 없지, 사랑이 없나?! 5월 가정의 달, CU에서 알뜰하게 건강 선물하기 🎁  ① 건강기능식품 정제형 17종 5개 이상 구매 시 10,000원!  ✔ 5월 한 달간 토스페이 머니/계좌로 5개 이상 구매 시 👉 최대 80% 할인! ※ 5개 미만 결제 시 미적용 / 1회 최대 할인한도 20,000원  ✔ 5월 1일/5일/8일/15일 토스페이 머니/계좌로 5개 이상 구매 시 👉 최대 90% 멤버십QR 할인! ※ 5개 미만 결제 시 미적용 / 1회 최대 할인한도 20,000원 ※ 포켓CU 멤버십QR 스캔 필수 ※ 판매원(종근당/동아제약) 간 교차 불가  ② 건강기능식품 앰플, 이중제형 등 11종 1+1  증정 or 기본 할인!  ✔ 5월 한 달간 하나/농협/우리카드 결제 시 👉 20% 추가 할인! ※ 1개 당 적용 / 박스 단위 상품 미적용 / 1회 최대 할인한도 4,000원  ✔ 5월 1일/5일/8일/15일 하나/농협/우리카드 결제 시 👉 최대 50% 멤버십QR 추가 할인! ※ 1개 당 적용 / 박스 단위 상품 미적용 / 1일 1회, 1회 최대 할인한도 8,000원 ※ 포켓CU 멤버십QR 스캔 필수  더욱 자세한 행사 내용은 포켓CU APP에서 확인해주세요!  종근당 정제형 9종 ※ 판매원 : ㈜종근당 ※ 제조원 : 코스맥스엔비티, 네추럴웨이, 메디오젠  동아제약 정제형 8종 ※ 판매원 : ㈜동아제약 ※ 제조원 : 서흥, 코스맥스바이오  유한양행 3종  ※ 판매원 : ㈜유한양행 ※ 제조원 : 서흥, 서흥헬스케어  CJ제일제당 3종  ※ 판매원 : 씨제이웰케어㈜ ※ 제조원 : 코스맥스엔비타㈜  종근당건강 2종  ※ 판매원 : 종근당건강㈜ ※ 제조원 : 네추럴웨이, 종근당건강㈜  동화약품 2종 ※ 판매원 : 동화약품㈜ ※ 제조원 : 코스맥스바이오㈜  💬 댓글 EVENT 💬 @@아 CU에서 가정의 달 선물 미리 준비하자! 친구를 태그해 5월 건강기능식품 결제행사 소식을 알려주시면 추첨을 통해 선물을 드립니다 🎁 ⠀ ✅ CU 공식 인스타그램 팔로우 필수 ✅ 이벤트 기간: 5/1(금) ~ 5/8(금) ✅ 당첨자 발표: 5/15(금) *DM 개별 발표 ✅ 경품: CU 모바일 상품권 5천원권 (10명)  #5월할인 #결제할인 #할인행사 #건강기능식품 #가정의달 #CU할인 #CU결제행사 #CU할인혜택 #5월행사 #편의점할인 #CU #씨유 #CU편의점 #당신의_좋은친구_CU"".","#EVENT, #5월할인, #결제할인, #할인행사, #건강기능식품, #가정의달, #CU할인, #CU결제행사, #CU할인혜택, #5월행사, #편의점할인, #CU, #씨유, #CU편의점, #당신의_좋은친구_CU",564,0,581,2026-05-01 04:01:00,https://www.instagram.com/p/DXyCitfCCuO/,  #EVENT  내가 돈이 없지 사랑이 없나 5월 가정의 달 CU에서 알뜰하게 건강 선물하기    건강기능식품 정제형 17종 5개 이상 구매 시 10000원   5월 한 달간 토스페이 머니계좌로 5개 이상 구매 시  최대 80 할인  5개 미만 결제 시 미적용  1회 최대 할인한도 20000원   5월 1일5일8일15일 토스페이 머니계좌로 5개 이상 구매 시  최대 90 멤버십QR 할인  5개 미만 결제 시 미적용  1회 최대 할인한도 20000원  포켓CU 멤버십QR 스캔 필수  판매원종근당동아제약 간 교차 불가   건강기능식품 앰플 이중제형 등 11종 11  증정 or 기본 할인   5월 한 달간 하나농협우리카드 결제 시  20 추가 할인  1개 당 적용  박스 단위 상품 미적용  1회 최대 할인한도 4000원   5월 1일5일8일15일 하나농협우리카드 결제 시  최대 50 멤버십QR 추가 할인  1개 당 적용  박스 단위 상품 미적용  1일 1회 1회 최대 할인한도 8000원  포켓CU 멤버십QR 스캔 필수  더욱 자세한 행사 내용은 포켓CU APP에서 확인해주세요  종근당 정제형 9종  판매원  종근당  제조원  코스맥스엔비티 네추럴웨이 메디오젠  동아제약 정제형 8종  판매원  동아제약  제조원  서흥 코스맥스바이오  유한양행 3종   판매원  유한양행  제조원  서흥 서흥헬스케어  CJ제일제당 3종   판매원  씨제이웰케어  제조원  코스맥스엔비타  종근당건강 2종   판매원  종근당건강  제조원  네추럴웨이 종근당건강  동화약품 2종  판매원  동화약품  제조원  코스맥스바이오   댓글 EVENT  아 CU에서 가정의 달 선물 미리 준비하자 친구를 태그해 5월 건강기능식품 결제행사 소식을 알려주시면 추첨을 통해 선물을 드립니다    CU 공식 인스타그램 팔로우 필수  이벤트 기간 51금  58금  당첨자 발표 515금 DM 개별 발표  경품 CU 모바일 상품권 5천원권 10명  #5월할인 #결제할인 #할인행사 #건강기능식품 #가정의달 #CU할인 #CU결제행사 #CU할인혜택 #5월행사 #편의점할인 #CU #씨유 #CU편의점 #당신의좋은친구CU #EVENT #5월할인 #결제할인 #할인행사 #건강기능식품 #가정의달 #CU할인 #CU결제행사 #CU할인혜택 #5월행사 #편의점할인 #CU #씨유 #CU편의점 #당신의좋은친구CU,"['사랑', '가정', '알뜰', '건강', '선물', '건강', '기능', '식품', '정제', '이상', '구매', '토스', '페이', '머니', '계좌', '이상', '구매', '최대', '할인', '미만', '결제', '적용', '최대', '할인', '한도', '토스', '페이', '머니', '계좌', '이상', '구매', '최대', '멤버십', '할인', '미만', '결제', '적용', '최대', '할인', '한도', '포켓', '멤버십', '스캔', '필수', '판매', '동아제약', '교차', '불가', '건강', '기능', '식품', '앰플', '이중', '증정', '기본', '할인', '하나', '농협', '우리', '카드', '결제', '추가', '할인', '적용', '박스', '단위', '상품', '적용', '최대', '할인', '한도', '하나', '농협', '우리', '카드', '결제', '최대', '멤버십', '추가', '할인', '적용', '박스', '단위', '상품', '적용', '최대', '할인', '한도', '포켓', '멤버십', '스캔', '필수', '행사', '내용', '포켓', '확인', '종근당', '정제', '판매', '종근당', '제조', '코스맥스', '네추럴웨이', '메디오젠', '동아제약', '정제', '판매', '동아제약', '제조', '서흥', '코스맥스', '바이오', '유한양행', '판매', '유한양행', '제조', '서흥', '서흥', '헬스케어', 'CJ제일제당', '판매', '씨제이', '케어', '제조', '코스맥스', '종근당', '건강', '판매', '종근당', '건강', '제조', '네추럴웨이', '종근당', '건강', '동화약품', '판매원', '동화약품', '제조', '코스맥스', '바이오', '댓글', '가정', '선물', '준비', '친구', '그해', '건강', '기능', '식품', '결제', '행사', '소식', '알리', '추첨', '통하', '선물', '드리', '공식', '인스타그램', '팔로우', '필수', '이벤트', '기간', '당첨자', '발표', '개별', '발표', '경품', '모바일', '상품']"
1,1,,"""진짜 난리난 cu 건기식 행사입니다.  #cu #편의점 #건기식 #건강기능식품 #종근당 #동아"".","#cu, #편의점, #건기식, #건강기능식품, #종근당, #동아",186,0,79,2026-05-04 22:25:00,https://www.instagram.com/p/DX7vPkEA9UC/, 진짜 난리난 cu 건기식 행사입니다  #cu #편의점 #건기식 #건강기능식품 #종근당 #동아 #cu #편의점 #건기식 #건강기능식품 #종근당 #동아,"['난리', '건기', '행사']"
1,1,,"""ㅤ 워어어어얼화아아아수우우모옥금 한 주간 쌓인 스트레스로 인한 피로… CU 마그랩 포 스트레스 한 샷으로 케어하자!  📌 동화)마그랩포스트레스25ml / 3,900원 / 1+1증정! 📌 흡수 빠른 액상타입 글루콘산 마그네슘 📌 스트레스로 인한 피로 개선에 도움을 줄 수 있는 홍경천추출물 함유  지금 전국 약 6천개 CU에서 건강기능식품을 가장 가깝게 만나보세요!  오직 CU에서만! ☑ 개당 3,900원에 상시 1+1  ☑ 마그랩 2종 상품 간, 교차 구매 가능!  🔍 건강기능식품 판매 점포 및 재고 조회는 포켓CU APP에서 확인하세요⚡  #헬CUP #헬씨업 #건강기능식품 #건기식 #CU건기식 #마그랩 #마그랩포스트레스 #스트레스로인한피로개선 #CU #씨유 #당신의_좋은친구_CU","#헬CUP, #헬씨업, #건강기능식품, #건기식, #CU건기식, #마그랩, #마그랩포스트레스, #스트레스로인한피로개선, #CU, #씨유, #당신의_좋은친구_CU",0,0,0,2025-09-01 22:11:00,https://www.instagram.com/p/DOE2_9cE-gT/,  워어어어얼화아아아수우우모옥금 한 주간 쌓인 스트레스로 인한 피로 CU 마그랩 포 스트레스 한 샷으로 케어하자   동화마그랩포스트레스25ml  3900원  11증정  흡수 빠른 액상타입 글루콘산 마그네슘  스트레스로 인한 피로 개선에 도움을 줄 수 있는 홍경천추출물 함유  지금 전국 약 6천개 CU에서 건강기능식품을 가장 가깝게 만나보세요  오직 CU에서만  개당 3900원에 상시 11   마그랩 2종 상품 간 교차 구매 가능   건강기능식품 판매 점포 및 재고 조회는 포켓CU APP에서 확인하세요  #헬CUP #헬씨업 #건강기능식품 #건기식 #CU건기식 #마그랩 #마그랩포스트레스 #스트레스로인한피로개선 #CU #씨유 #당신의좋은친구CU #헬CUP #헬씨업 #건강기능식품 #건기식 #CU건기식 #마그랩 #마그랩포스트레스 #스트레스로인한피로개선 #CU #씨유 #당신의좋은친구CU,"['워어어어얼화아아아수우우모옥금', '쌓이', '스트레스', '인하', '피로', '스트레스', '케어', '화마', '스트레스', '증정', '흡수', '빠르', '액상', '타입', '마그네슘', '스트레스', '인하', '피로', '개선', '도움', '추출물', '함유', '전국', '건강', '기능', '식품', '가깝', '만나', '상시', '마그랩', '상품', '교차', '구매', '가능', '건강', '기능', '식품', '판매', '점포', '재고', '조회', '포켓', '확인']"
1,1,,"""식품의약품안전처가 숙취해소를 표방하는 일반식품에 대해 인체적용시험 자료 제출을 의무화하면서, 숙취해소제 시장에 변화의 바람이 불고 있습니다.  이에 따라 다수 브랜드가 임상시험 통과에 어려움을 겪는 가운데, 일본 건강기능식품 전문기업 네제스트(Nexest)가 개발한 숙취해소제 '아사이치케아'가 주목받고 있는데요.  아사이치케아는 핵심 원료인 'ACP-20'에 대한 인체적용시험을 식약처 기준에 따라 성공적으로 완료했습니다.  시험은 만 19세 이상 40세 이하의 성인 남녀를 대상으로 진행되었으며, 이중맹검·무작위배정·교차시험 설계를 통해 과학적 타당성을 확보했습니다. 그 결과, 혈중 알코올 및 아세트알데히드 농도 감소는 물론, 숙취 자각 증상 개선 효과까지 입증받았습니다.  7월 중순부터 전국 CU 편의점에서는 아사이치케아 입점을 기념해 1+1 프로모션을 진행 예정이라고 합니다.  📸 쥬퍼  #아사이치케아 #숙취해소제 #숙취 #숙취템 #숙취해소 #CU #원플러스원"".","#아사이치케아, #숙취해소제, #숙취, #숙취템, #숙취해소, #CU, #원플러스원",18,0,0,2025-07-21 05:30:00,https://www.instagram.com/p/DMW6-cxT-FZ/, 식품의약품안전처가 숙취해소를 표방하는 일반식품에 대해 인체적용시험 자료 제출을 의무화하면서 숙취해소제 시장에 변화의 바람이 불고 있습니다  이에 따라 다수 브랜드가 임상시험 통과에 어려움을 겪는 가운데 일본 건강기능식품 전문기업 네제스트Nexest가 개발한 숙취해소제 아사이치케아가 주목받고 있는데요  아사이치케아는 핵심 원료인 ACP20에 대한 인체적용시험을 식약처 기준에 따라 성공적으로 완료했습니다  시험은 만 19세 이상 40세 이하의 성인 남녀를 대상으로 진행되었으며 이중맹검무작위배정교차시험 설계를 통해 과학적 타당성을 확보했습니다 그 결과 혈중 알코올 및 아세트알데히드 농도 감소는 물론 숙취 자각 증상 개선 효과까지 입증받았습니다  7월 중순부터 전국 CU 편의점에서는 아사이치케아 입점을 기념해 11 프로모션을 진행 예정이라고 합니다   쥬퍼  #아사이치케아 #숙취해소제 #숙취 #숙취템 #숙취해소 #CU #원플러스원 #아사이치케아 #숙취해소제 #숙취 #숙취템 #숙취해소 #CU #원플러스원,"['식품', '의약품', '안전처', '숙취', '해소', '표방', '일반', '식품', '대하', '인체', '적용', '시험', '자료', '제출', '의무', '숙취', '해소', '시장', '변화', '바람', '따르', '다수', '브랜드', '임상', '시험', '통과', '어려움', '가운데', '일본', '건강', '기능', '식품', '전문', '기업', '네제스트', '개발', '숙취', '해소', '아사이치케아', '주목', '아사이치케아', '핵심', '원료', '대하', '인체', '적용', '시험', '식약처', '기준', '따르', '성공', '완료', '시험', '이상', '이하', '성인', '남녀', '대상', '진행', '작위', '배정', '교차', '시험', '설계', '통하', '과학', '확보', '결과', '알코올', '아세트알데히드', '농도', '감소', '숙취', '자각', '증상', '개선', '효과', '입증', '중순', '전국', '편의점', '아사이치케아', '입점', '기념', '프로모션', '진행', '예정', '쥬퍼']"
1,1,,"""⠀ #EVENT  돌아온 5월의 결제 혜택! 바코드 찍기 전 씨유딜 확인하세요 💜  제로탄산, 에너지드링크, 해피즈 등 더워지는 날씨에 딱! 필요한 다양한 음료부터 가정의 달 선물로 좋은 건강기능식품까지! 💌  결제할수록 혜택이 쌓이는 마법  이번 달도 아묻따 CU로 가! 💨💨  5월의 시작도 CU 혜택과 함께 싹쓸이하세요 (●'◡'●)  💬 댓글 EVENT 💬 5월 결제 혜택 라인업 중 가장 구매하고 싶은 상품은 무엇인지 댓글로 남겨주시면 추첨을 통해 선물을 드립니다 🎁 ⠀ ✅ CU 공식 인스타그램 팔로우 필수 ✅ 이벤트 기간: 4/30(목) ~ 5/7(목) ✅ 당첨자 발표: 5/14(목) *DM 개별 발표 ✅ 경품: CU 모바일 상품권 5천원권 (10명)  ※ 상세한 행사 상품 및 내용은 포켓CU APP 내   혜택 아이콘을 통해 확인해주세요. ⠀ #제로탄산 #에너지드링크 #get커피 #건강기능식품 #디저트 #프라페 #과일 #샌드위치 #샐러드 #삼각김밥 #CU5월행사 #5월결제행사 #씨유딜 #CU할인 #CU #씨유 #CU편의점 #당신의_좋은친구_CU"".","#EVENT, #제로탄산, #에너지드링크, #get커피, #건강기능식품, #디저트, #프라페, #과일, #샌드위치, #샐러드, #삼각김밥, #CU5월행사, #5월결제행사, #씨유딜, #CU할인, #CU, #씨유, #CU편의점, #당신의_좋은친구_CU",912,0,924,2026-04-30 02:38:00,https://www.instagram.com/p/DXvQFO0gY2v/,  #EVENT  돌아온 5월의 결제 혜택 바코드 찍기 전 씨유딜 확인하세요   제로탄산 에너지드링크 해피즈 등 더워지는 날씨에 딱 필요한 다양한 음료부터 가정의 달 선물로 좋은 건강기능식품까지   결제할수록 혜택이 쌓이는 마법  이번 달도 아묻따 CU로 가   5월의 시작도 CU 혜택과 함께 싹쓸이하세요    댓글 EVENT  5월 결제 혜택 라인업 중 가장 구매하고 싶은 상품은 무엇인지 댓글로 남겨주시면 추첨을 통해 선물을 드립니다    CU 공식 인스타그램 팔로우 필수  이벤트 기간 430목  57목  당첨자 발표 514목 DM 개별 발표  경품 CU 모바일 상품권 5천원권 10명   상세한 행사 상품 및 내용은 포켓CU APP 내   혜택 아이콘을 통해 확인해주세요  #제로탄산 #에너지드링크 #get커피 #건강기능식품 #디저트 #프라페 #과일 #샌드위치 #샐러드 #삼각김밥 #CU5월행사 #5월결제행사 #씨유딜 #CU할인 #CU #씨유 #CU편의점 #당신의좋은친구CU #EVENT #제로탄산 #에너지드링크 #get커피 #건강기능식품 #디저트 #프라페 #과일 #샌드위치 #샐러드 #삼각김밥 #CU5월행사 #5월결제행사 #씨유딜 #CU할인 #CU #씨유 #CU편의점 #당신의좋은친구CU,"['돌아오', '결제', '혜택', '바코드', '씨유딜', '확인', '제로', '탄산', '에너지', '드링크', '해피즈', '날씨', '필요', '다양', '음료', '가정', '선물', '건강', '기능', '식품', '결제', '혜택', '쌓이', '마법', '이번', '아묻따', '시작', '혜택', '싹쓸이', '댓글', '결제', '혜택', '라인업', '구매', '상품', '무엇', '댓글', '남기', '추첨', '통하', '선물', '드리', '공식', '인스타그램', '팔로우', '필수', '이벤트', '기간', '당첨자', '발표', '개별', '발표', '경품', '모바일', '상품', '행사', '상품', '내용', '포켓', '혜택', '아이콘', '통하', '확인']"
1,1,,"""#광고 비자XCU 💥CU모바일상품권(5000원)받으실 분👀  하루 종일 쉼없이 바쁘게 지내다 보면 밥도 제때 못 챙겨 먹을 때가 많고 불규칙한 생활 패턴에 무너지는 건 결국 체력이잖아요😭  모든 일의 기본은 체력💪 건강을 챙겨야 오래 버틸 수 있겠죠?  그래서 비자와 CU가 여러분의 건강을 위해 #댓글이벤트 를 준비했답니다🙉❤️  댓글에 요즘 갖고 있는 ’건강 고민‘을 남겨주세요 추첨을 통해 CU에서 건강기능식품 구매할 수 있는 모바일상품권을 드립니다😋  ✔️ 기간 : 9.15","#광고, #댓글이벤트",845,0,380,2025-09-12 02:21:00,https://www.instagram.com/p/DOfDhJxEq-s/, #광고 비자XCU CU모바일상품권5000원받으실 분  하루 종일 쉼없이 바쁘게 지내다 보면 밥도 제때 못 챙겨 먹을 때가 많고 불규칙한 생활 패턴에 무너지는 건 결국 체력이잖아요  모든 일의 기본은 체력 건강을 챙겨야 오래 버틸 수 있겠죠  그래서 비자와 CU가 여러분의 건강을 위해 #댓글이벤트 를 준비했답니다  댓글에 요즘 갖고 있는 건강 고민을 남겨주세요 추첨을 통해 CU에서 건강기능식품 구매할 수 있는 모바일상품권을 드립니다   기간  915 #광고 #댓글이벤트,"['비자', '모바일', '상품', '하루', '종일', '바쁘', '지내', '제때', '챙기', '규칙', '생활', '패턴', '무너지', '체력', '기본', '체력', '건강', '챙기', '버티', '비자', '여러분', '건강', '위하', '준비', '댓글', '건강', '고민', '남기', '추첨', '통하', '건강', '기능', '식품', '구매', '모바일', '상품권', '드리', '기간']"
1,1,,"""ㅤ 오늘도 내일도 건강하게! 간편한 건강 습관, CU에서 시작하자✨  가장 가까운 건강 플랫폼! 전국 약 6천개 CU에서 건강기능식품을 더 손쉽게 만나보세요💜  🔍 헬C UP! 건강기능식품 판매 점포 및 재고 조회는? 포켓CU APP에서!  #헬CUP #헬씨업 #건강기능식품 #건기식 #CU건기식 #CU #씨유 #당신의_좋은친구_CU   ※ 판매원 : (주)종근당, 동화약품  ※ 제조원 : 코스맥스엔비티, 네추럴웨이, 메디오젠, 코스맥스바이오"".","#헬CUP, #헬씨업, #건강기능식품, #건기식, #CU건기식, #CU, #씨유, #당신의_좋은친구_CU",126,0,0,2025-07-28 10:37:00,https://www.instagram.com/p/DMpe-nxRWtL/,  오늘도 내일도 건강하게 간편한 건강 습관 CU에서 시작하자  가장 가까운 건강 플랫폼 전국 약 6천개 CU에서 건강기능식품을 더 손쉽게 만나보세요   헬C UP 건강기능식품 판매 점포 및 재고 조회는 포켓CU APP에서  #헬CUP #헬씨업 #건강기능식품 #건기식 #CU건기식 #CU #씨유 #당신의좋은친구CU    판매원  주종근당 동화약품   제조원  코스맥스엔비티 네추럴웨이 메디오젠 코스맥스바이오 #헬CUP #헬씨업 #건강기능식품 #건기식 #CU건기식 #CU #씨유 #당신의좋은친구CU,"['오늘', '내일', '건강', '간편하', '건강', '습관', '시작', '가깝', '건강', '플랫폼', '전국', '건강', '기능', '식품', '손쉽', '만나', '건강', '기능', '식품', '판매', '점포', '재고', '조회', '포켓', '판매원', '종근당', '동화약품', '제조', '코스맥스', '네추럴웨이', '메디오젠', '코스맥스', '바이오']"
1,1,,"""#댓글event 회사에서 제 추구미요? 그저 제 눈과 뇌와 간이 건강하길 바랄 뿐입니다 🙏  더도 말고 덜도 말고 건강이 최고인 직장인들을 위한 편의점 건강기능식품의 등장! 💊  전국 CU에서 24시간 건강기능식품 1+1이니까 나에게 필요한 건강을 간편하게 챙기세요~ !  ✅ 눈건강 ✅ 간건강 ✅ 두뇌기억력 ✅ 장건강 ✅ 종합건강 ✅ 다이어트  ✅ 이너케어 ✅ 혈행건강 ✅ 뼈건강  ※  종근당 9종 상품 간, 교차 구매 가능 ※  개당 5,000원에 상시 1+1 ! 개당 2,500원 꼴이에요!  ______________________________________________ #댓글event 댓글로 “지금 나에게 가장 필요한  건기식”을 남기면 추첨을 통해 CU상품권을 드려요!  ✔️ 이벤트 기간: 9/11(목) ~ 9/18(목) ✔️ 당첨자 발표: 9/25(목) @cu_official 계정으로 개별 DM을 드릴 예정이니 메시지함을 확인해주세요 *  ✔️ 경품 * CU 모바일 상품권 3만원 (3명) * CU 모바일 상품권 1만원 (7명)  🔍 건강기능식품 판매 점포 및 재고 조회는 포켓CU APP에서 확인하세요!  - 판매원 : ㈜종근당 - 제조원 : 코스맥스엔비티  #광고 #CU #씨유 #헬CUP #헬씨업 #건강기능식품 #건기식 #CU건기식"".","#댓글event, #댓글event, #광고, #CU, #씨유, #헬CUP, #헬씨업, #건강기능식품, #건기식, #CU건기식",1115,0,532,2025-09-11 09:34:00,https://www.instagram.com/p/DOdMd-YDcdD/, #댓글event 회사에서 제 추구미요 그저 제 눈과 뇌와 간이 건강하길 바랄 뿐입니다   더도 말고 덜도 말고 건강이 최고인 직장인들을 위한 편의점 건강기능식품의 등장   전국 CU에서 24시간 건강기능식품 11이니까 나에게 필요한 건강을 간편하게 챙기세요    눈건강  간건강  두뇌기억력  장건강  종합건강  다이어트   이너케어  혈행건강  뼈건강    종근당 9종 상품 간 교차 구매 가능   개당 5000원에 상시 11  개당 2500원 꼴이에요   #댓글event 댓글로 지금 나에게 가장 필요한  건기식을 남기면 추첨을 통해 CU상품권을 드려요   이벤트 기간 911목  918목  당첨자 발표 925목 cuofficial 계정으로 개별 DM을 드릴 예정이니 메시지함을 확인해주세요    경품  CU 모바일 상품권 3만원 3명  CU 모바일 상품권 1만원 7명   건강기능식품 판매 점포 및 재고 조회는 포켓CU APP에서 확인하세요   판매원  종근당  제조원  코스맥스엔비티  #광고 #CU #씨유 #헬CUP #헬씨업 #건강기능식품 #건기식 #CU건기식 #댓글event #댓글event #광고 #CU #씨유 #헬CUP #헬씨업 #건강기능식품 #건기식 #CU건기식,"['회사', '추구', '건강', '바라', '건강', '최고', '직장인', '위하', '편의점', '건강', '기능', '식품', '등장', '전국', '시간', '건강', '기능', '식품', '필요', '건강', '간편하', '챙기', '건강', '건강', '두뇌', '기억력', '건강', '종합', '건강', '다이어트', '이너', '케어', '건강', '건강', '종근당', '상품', '교차', '구매', '가능', '상시', '댓글', '필요', '기식', '남기', '추첨', '통하', '상품권', '드리', '이벤트', '기간', '당첨자', '발표', '계정', '개별', '드리', '예정', '메시지', '확인', '경품', '모바일', '상품', '모바일', '상품', '건강', '기능', '식품', '판매', '점포', '재고', '조회', '포켓', '확인', '판매', '종근당', '제조', '코스맥스']"
1,1,,"""ㅤ 칼슘·마그네슘, 비타민, 아연으로 튼튼하게! CU에서 시작하세요🦴  📌 종근당)뼈건강10정 / 5,000원 / 1+1 증정! 📌 칼슘, 마그네슘 2:1 배합 📌 11중 복합 기능성  지금 전국 약 6천개 CU에서 건강기능식품을 가장 가깝게 만나보세요!  오직 CU에서만! ☑ 개당 5,000원에 상시 1+1 👉 개당 2,500원 ☑ 6개 구매시 12,000원 👉 개당 2,000원  ☑ 종근당 9종 상품 간, 교차 구매 가능!  🔍 건강기능식품 판매 점포 및 재고 조회는 포켓CU APP에서 확인하세요⚡  #헬CUP #헬씨업 #건강기능식품 #건기식 #CU건기식 #뼈건강 #칼슘 #마그네슘 #CU #씨유 #당신의_좋은친구_CU  - 판매원 : ㈜종근당 - 제조원 : 네추럴웨이"".","#헬CUP, #헬씨업, #건강기능식품, #건기식, #CU건기식, #뼈건강, #칼슘, #마그네슘, #CU, #씨유, #당신의_좋은친구_CU",101,0,3,2025-08-11 09:30:00,https://www.instagram.com/p/DNNbJhWuXLL/,  칼슘마그네슘 비타민 아연으로 튼튼하게 CU에서 시작하세요   종근당뼈건강10정  5000원  11 증정  칼슘 마그네슘 21 배합  11중 복합 기능성  지금 전국 약 6천개 CU에서 건강기능식품을 가장 가깝게 만나보세요  오직 CU에서만  개당 5000원에 상시 11  개당 2500원  6개 구매시 12000원  개당 2000원   종근당 9종 상품 간 교차 구매 가능   건강기능식품 판매 점포 및 재고 조회는 포켓CU APP에서 확인하세요  #헬CUP #헬씨업 #건강기능식품 #건기식 #CU건기식 #뼈건강 #칼슘 #마그네슘 #CU #씨유 #당신의좋은친구CU   판매원  종근당  제조원  네추럴웨이 #헬CUP #헬씨업 #건강기능식품 #건기식 #CU건기식 #뼈건강 #칼슘 #마그네슘 #CU #씨유 #당신의좋은친구CU,"['칼슘', '마그네슘', '비타민', '아연', '시작', '건강', '증정', '칼슘', '마그네슘', '배합', '복합', '기능', '전국', '건강', '기능', '식품', '가깝', '만나', '상시', '구매', '종근당', '상품', '교차', '구매', '가능', '건강', '기능', '식품', '판매', '점포', '재고', '조회', '포켓', '확인', '판매원', '종근당', '제조', '네추럴웨이']"
1,1,,"""#EVENT 🎊동아동 NEW 주민 입성🎊 CU편의점에서 바로 만나는 데일리 비타민C  바쁜 일상에 빠질 수 없는 리프레시템 비타민C #즉시비타민 #셀파렉스_비타민C_1000mg 로 하루를 상큼하게 리프레시! ✨  #셀파렉스_바로 비타민C, 밀크씨슬 등 총 8종 라인업을 CU편의점에서 확인하세요🔍  🛒 셀파렉스 구매는 오직 CU에서만! 포켓CU 앱에서도 구매 가능해요 🙌  -  #댓글이벤트  🌟너는 나의 비타민🌟  힘들 때, 지칠 때 나를 리프레시 시켜주는  나만의 비타민 같은 사람이 있나요?💛  댓글로  @나의 비타민을  소환해주시면  셀파렉스 비타민을 드립니다🎁  ✅참여 방법 ① 본 계정(@donga_official) 팔로우 후 ② 댓글로 나만의 비타민 소환하기 @친구야  나의 비타민이 되어줘서 고마워🫰  📆이벤트 일정 : 9/26(금) ~ 10/2(목) 🎁경품 : 셀파렉스 비타민C 1000mg (10명) ✔발표 : 10/15(수)  DM 발표 및 댓글 공지  본 광고는 건강기능식품 광고입니다.  -제조원 : 코스맥스바이오(주) -판매원 : 동아제약㈜"".","#EVENT, #즉시비타민, #셀파렉스_비타민C_1000mg, #셀파렉스_바로, #댓글이벤트",151,0,183,2025-09-26 08:04:00,https://www.instagram.com/p/DPDt5iXEWWd/, #EVENT 동아동 NEW 주민 입성 CU편의점에서 바로 만나는 데일리 비타민C  바쁜 일상에 빠질 수 없는 리프레시템 비타민C #즉시비타민 #셀파렉스비타민C1000mg 로 하루를 상큼하게 리프레시   #셀파렉스바로 비타민C 밀크씨슬 등 총 8종 라인업을 CU편의점에서 확인하세요   셀파렉스 구매는 오직 CU에서만 포켓CU 앱에서도 구매 가능해요     #댓글이벤트  너는 나의 비타민  힘들 때 지칠 때 나를 리프레시 시켜주는  나만의 비타민 같은 사람이 있나요  댓글로  나의 비타민을  소환해주시면  셀파렉스 비타민을 드립니다  참여 방법  본 계정dongaofficial 팔로우 후  댓글로 나만의 비타민 소환하기 친구야  나의 비타민이 되어줘서 고마워  이벤트 일정  926금  102목 경품  셀파렉스 비타민C 1000mg 10명 발표  1015수  DM 발표 및 댓글 공지  본 광고는 건강기능식품 광고입니다  제조원  코스맥스바이오주 판매원  동아제약 #EVENT #즉시비타민 #셀파렉스비타민C1000mg #셀파렉스바로 #댓글이벤트,"['동아', '주민', '입성', '편의점', '만나', '데일리', '비타민', '바쁘', '일상', '빠지', '리프레시템', '비타민', '하루', '리프', '비타민', '밀크', '라인업', '편의점', '확인', '렉스', '구매', '포켓', '구매', '가능', '비타민', '힘들', '지치', '리프레시', '비타민', '사람', '댓글', '비타민', '소환', '렉스', '비타민', '드리', '참여', '방법', '계정', '팔로우', '댓글', '비타민', '소환', '친구', '비타민', '고맙', '이벤트', '일정', '경품', '렉스', '비타민', '발표', '발표', '댓글', '공지', '광고', '건강', '기능', '식품', '광고', '제조', '코스맥스', '바이오', '판매원', '동아제약']"
1,1,,"""ㅤ #EVENT  열정이 필요한 지금. 영국산 비타민C 1000mg로 너의 열정 끓어올려↗  📌 하루 한번, 한 번에 한 알로 가볍게!  📌 DSM사 프리미엄 영국산 비타민C 1000mg 함유!  지금 전국 약 6,000개 CU에서 동아제약 건강기능식품을 만나보세요! ※ 포켓CU APP에서 판매점포 확인 및 재고 조회 필수!  ♥️ 오직 CU에서만 ♥️ 동아제약)셀파렉스비타민C1000 10정 5,000원 ✔️ 상시 1+1 행사진행(개당 2,500원) ✔️ 동아제약 8종 상품 간 교차구매 가능  💬 댓글 EVENT 💬 비타민C 뭐 먹을지 고민하는 친구들 모여! 비타민C 유목민 친구들에게 소문내주세요. 추첨을 통해 선물을 드립니다.  ✅ CU 공식 인스타그램 팔로우 필수! ✅ 이벤트 기간: 11/25(화)~12/2(화) ✅ 당첨자 발표: 12/9(화) *당첨자 개별 DM 발표 ✅ 경품: CU 모바일상품권 5천원권 (5명)  -판매원 : (주)동아제약 -제조원 : (주)서흥  #동아제약 #셀파렉스 #건강기능식품 #CU #씨유 #CU편의점 #당신의_좋은친구_CU"".","#EVENT, #동아제약, #셀파렉스, #건강기능식품, #CU, #씨유, #CU편의점, #당신의_좋은친구_CU",310,0,290,2025-11-25 02:00:00,https://www.instagram.com/p/DRdj7sdjQev/,  #EVENT  열정이 필요한 지금 영국산 비타민C 1000mg로 너의 열정 끓어올려   하루 한번 한 번에 한 알로 가볍게   DSM사 프리미엄 영국산 비타민C 1000mg 함유  지금 전국 약 6000개 CU에서 동아제약 건강기능식품을 만나보세요  포켓CU APP에서 판매점포 확인 및 재고 조회 필수   오직 CU에서만  동아제약셀파렉스비타민C1000 10정 5000원  상시 11 행사진행개당 2500원  동아제약 8종 상품 간 교차구매 가능   댓글 EVENT  비타민C 뭐 먹을지 고민하는 친구들 모여 비타민C 유목민 친구들에게 소문내주세요 추첨을 통해 선물을 드립니다   CU 공식 인스타그램 팔로우 필수  이벤트 기간 1125화122화  당첨자 발표 129화 당첨자 개별 DM 발표  경품 CU 모바일상품권 5천원권 5명  판매원  주동아제약 제조원  주서흥  #동아제약 #셀파렉스 #건강기능식품 #CU #씨유 #CU편의점 #당신의좋은친구CU #EVENT #동아제약 #셀파렉스 #건강기능식품 #CU #씨유 #CU편의점 #당신의좋은친구CU,"['열정', '필요', '영국', '비타민', '열정', '올리', '하루', '가볍', '프리미엄', '영국', '비타민', '함유', '전국', '동아제약', '건강', '기능', '식품', '만나', '포켓', '판매', '점포', '확인', '재고', '조회', '필수', '동아제약', '렉스', '비타민', '상시', '행사', '진행', '동아제약', '상품', '교차', '구매', '가능', '댓글', '비타민', '고민', '친구', '모이', '비타민', '유목민', '친구', '소문', '추첨', '통하', '선물', '드리', '공식', '인스타그램', '팔로우', '필수', '이벤트', '기간', '당첨자', '발표', '당첨자', '개별', '발표', '경품', '모바일', '상품', '판매원', '동아제약', '제조']"
1,1,,"""ㅤ 장 속이 편해야 진짜 편한 하루! CU 장건강으로 매일 가볍게 시작하세요💨  📌 종근당)장건강10정 / 5,000원 / 1+1 증정! 📌 특허 비피더스균 함유 📌 1캡슐 당 프로바이오틱스 수 20억 CFU 보장  지금 전국 약 6천개 CU에서 건강기능식품을 가장 가깝게 만나보세요!  오직 CU에서만! ☑ 개당 5,000원에 상시 1+1 👉 개당 2,500원 ☑ 6개 구매시 12,000원 👉 개당 2,000원  ☑ 종근당 9종 상품 간, 교차 구매 가능!  🔍 건강기능식품 판매 점포 및 재고 조회는 포켓CU APP에서 확인하세요⚡  #헬CUP #헬씨업 #건강기능식품 #건기식 #CU건기식 #장건강 #비피더스균 #프로바이오틱스 #CU #씨유 #당신의_좋은친구_CU  - 판매원 : ㈜종근당 - 제조원 : 메디오젠"".","#헬CUP, #헬씨업, #건강기능식품, #건기식, #CU건기식, #장건강, #비피더스균, #프로바이오틱스, #CU, #씨유, #당신의_좋은친구_CU",96,0,1,2025-08-16 02:00:00,https://www.instagram.com/p/DNZftVXNApA/,  장 속이 편해야 진짜 편한 하루 CU 장건강으로 매일 가볍게 시작하세요   종근당장건강10정  5000원  11 증정  특허 비피더스균 함유  1캡슐 당 프로바이오틱스 수 20억 CFU 보장  지금 전국 약 6천개 CU에서 건강기능식품을 가장 가깝게 만나보세요  오직 CU에서만  개당 5000원에 상시 11  개당 2500원  6개 구매시 12000원  개당 2000원   종근당 9종 상품 간 교차 구매 가능   건강기능식품 판매 점포 및 재고 조회는 포켓CU APP에서 확인하세요  #헬CUP #헬씨업 #건강기능식품 #건기식 #CU건기식 #장건강 #비피더스균 #프로바이오틱스 #CU #씨유 #당신의좋은친구CU   판매원  종근당  제조원  메디오젠 #헬CUP #헬씨업 #건강기능식품 #건기식 #CU건기식 #장건강 #비피더스균 #프로바이오틱스 #CU #씨유 #당신의좋은친구CU,"['편하', '편하', '하루', '건강', '가볍', '시작', '당장', '건강', '증정', '특허', '비피더스', '함유', '캡슐', '프로바이오틱스', '보장', '전국', '건강', '기능', '식품', '가깝', '만나', '상시', '구매', '종근당', '상품', '교차', '구매', '가능', '건강', '기능', '식품', '판매', '점포', '재고', '조회', '포켓', '확인', '판매원', '종근당', '제조', '메디오젠']"
1,1,,"""ㅤ 비타민부터 미네랄까지, 한 번에! CU 종합건강 한 알로 간편하게 챙기세요☀  📌 종근당)종합건강10정 / 5,000원 / 1+1 증정! 📌 한국인 맞춤 설계 비타민&미네랄 20종 📌 비타민B군 7종 1일 영양성분기분치 300% 이상 함유  지금 전국 약 6천개 CU에서 건강기능식품을 가장 가깝게 만나보세요!  오직 CU에서만! ☑ 개당 5,000원에 상시 1+1 👉 개당 2,500원 ☑ 6개 구매시 12,000원 👉 개당 2,000원  ☑ 종근당 9종 상품 간, 교차 구매 가능!  🔍 건강기능식품 판매 점포 및 재고 조회는 포켓CU APP에서 확인하세요⚡  #헬CUP #헬씨업 #건강기능식품 #건기식 #CU건기식 #종합건강 #비타민 #미네랄 #CU #씨유 #당신의_좋은친구_CU  - 판매원 : ㈜종근당 - 제조원 : 코스맥스엔비티"".","#헬CUP, #헬씨업, #건강기능식품, #건기식, #CU건기식, #종합건강, #비타민, #미네랄, #CU, #씨유, #당신의_좋은친구_CU",103,0,0,2025-08-25 01:00:00,https://www.instagram.com/p/DNwj_oJXuv8/,  비타민부터 미네랄까지 한 번에 CU 종합건강 한 알로 간편하게 챙기세요   종근당종합건강10정  5000원  11 증정  한국인 맞춤 설계 비타민미네랄 20종  비타민B군 7종 1일 영양성분기분치 300 이상 함유  지금 전국 약 6천개 CU에서 건강기능식품을 가장 가깝게 만나보세요  오직 CU에서만  개당 5000원에 상시 11  개당 2500원  6개 구매시 12000원  개당 2000원   종근당 9종 상품 간 교차 구매 가능   건강기능식품 판매 점포 및 재고 조회는 포켓CU APP에서 확인하세요  #헬CUP #헬씨업 #건강기능식품 #건기식 #CU건기식 #종합건강 #비타민 #미네랄 #CU #씨유 #당신의좋은친구CU   판매원  종근당  제조원  코스맥스엔비티 #헬CUP #헬씨업 #건강기능식품 #건기식 #CU건기식 #종합건강 #비타민 #미네랄 #CU #씨유 #당신의좋은친구CU,"['비타민', '미네랄', '종합', '건강', '간편하', '챙기', '종근당', '종합', '건강', '증정', '한국인', '맞춤', '설계', '비타민', '미네랄', '비타민', '영양', '성분', '기분', '이상', '함유', '전국', '건강', '기능', '식품', '가깝', '만나', '상시', '구매', '종근당', '상품', '교차', '구매', '가능', '건강', '기능', '식품', '판매', '점포', '재고', '조회', '포켓', '확인', '판매원', '종근당', '제조', '코스맥스']"
1,1,,"""ㅤ #EVENT 다 떨어진 건강기능식품을 발견한 아침! 하루 거르는 게 찝찝한 분?  공복에는 먹기 싫은 건강기능식품! 쉽게 언제든지 섭취하고 싶은 분?  전국 6천개 CU에서 바로 고민 해결 가능합니다 :)   믿을 수 있는 동아제약이 직접 개발한 필수 건강기능식품 8종 런칭  1. 셀파렉스 비타민C #끓어올려 2. 셀파렉스 마그네슘 #에너지 3. 셀파렉스 테아닌 #괜찮아  4. 셀파렉스 루테인지아잔틴 #눈호강 5. 셀파렉스 rTG오메가3 #혈행의선순환 6. 셀파렉스 밀크씨슬 #지금이순간 7. 셀파렉스 MSM 2000 #관절해 8. 셀파렉스 칼슘마그네슘비타민D #약골탈퇴  전 제품 5,000원에 상시 1+1 행사  ㄴ 개당 2,500원!! (교차구매 가능)  9~10월 매주 월요일 ""건강기능식품데이"" 단 하루! 6개 구매 시 67% 파격할인  ㄴ 9,900원 ▶ 개당 1,650원!  💬 댓글 EVENT 💬 지금 나에게 가장 필요한 건강기능식품이 무엇인지 댓글로 남겨주세요! 추첨을 통해 선물을 드립니다!  ✅ CU 공식 인스타그램 팔로우 필수! ✅ 기간: 9/23(화)~9/30(화) ✅ 당첨자 발표: 10/10(금) *당첨자 개별 DM 발표 ✅ 경품: CU 모바일상품권 3천원권 (10명)  ※ 본 이벤트는 2건의 게시물에서 동시에 진행 됩니다.  #동아제약 #셀파렉스 #건강기능식품 #건기식 #CU건기식 #CU #씨유 #당신의_좋은친구_CU  *판매원 ㈜동아제약 *제조원 : ㈜서흥, ㈜코스맥스바이오"".","#EVENT, #끓어올려, #에너지, #괜찮아, #눈호강, #혈행의선순환, #지금이순간, #관절해, #약골탈퇴, #동아제약, #셀파렉스, #건강기능식품, #건기식, #CU건기식, #CU, #씨유, #당신의_좋은친구_CU",223,0,149,2025-09-23 04:56:00,https://www.instagram.com/p/DO7V7RgDS2-/,  #EVENT 다 떨어진 건강기능식품을 발견한 아침 하루 거르는 게 찝찝한 분  공복에는 먹기 싫은 건강기능식품 쉽게 언제든지 섭취하고 싶은 분  전국 6천개 CU에서 바로 고민 해결 가능합니다    믿을 수 있는 동아제약이 직접 개발한 필수 건강기능식품 8종 런칭  1 셀파렉스 비타민C #끓어올려 2 셀파렉스 마그네슘 #에너지 3 셀파렉스 테아닌 #괜찮아  4 셀파렉스 루테인지아잔틴 #눈호강 5 셀파렉스 rTG오메가3 #혈행의선순환 6 셀파렉스 밀크씨슬 #지금이순간 7 셀파렉스 MSM 2000 #관절해 8 셀파렉스 칼슘마그네슘비타민D #약골탈퇴  전 제품 5000원에 상시 11 행사   개당 2500원 교차구매 가능  910월 매주 월요일 건강기능식품데이 단 하루 6개 구매 시 67 파격할인   9900원  개당 1650원   댓글 EVENT  지금 나에게 가장 필요한 건강기능식품이 무엇인지 댓글로 남겨주세요 추첨을 통해 선물을 드립니다   CU 공식 인스타그램 팔로우 필수  기간 923화930화  당첨자 발표 1010금 당첨자 개별 DM 발표  경품 CU 모바일상품권 3천원권 10명   본 이벤트는 2건의 게시물에서 동시에 진행 됩니다  #동아제약 #셀파렉스 #건강기능식품 #건기식 #CU건기식 #CU #씨유 #당신의좋은친구CU  판매원 동아제약 제조원  서흥 코스맥스바이오 #EVENT #끓어올려 #에너지 #괜찮아 #눈호강 #혈행의선순환 #지금이순간 #관절해 #약골탈퇴 #동아제약 #셀파렉스 #건강기능식품 #건기식 #CU건기식 #CU #씨유 #당신의좋은친구CU,"['떨어지', '건강', '기능', '식품', '발견', '아침', '하루', '거르', '공복', '건강', '기능', '식품', '언제', '섭취', '전국', '고민', '해결', '가능', '동아제약', '개발', '필수', '건강', '기능', '식품', '런칭', '렉스', '비타민', '셀파렉스', '마그네슘', '렉스', '아니', '셀파렉스', '루테인지아', '잔틴', '렉스', '오메가', '렉스', '밀크', '셀파렉스', '셀파렉스', '칼슘', '마그네슘', '비타민', '제품', '상시', '행사', '교차', '구매', '가능', '월요일', '건강', '기능', '식품', '데이', '하루', '구매', '파격', '할인', '댓글', '필요', '건강', '기능', '식품', '무엇', '댓글', '남기', '추첨', '통하', '선물', '드리', '공식', '인스타그램', '팔로우', '필수', '기간', '당첨자', '발표', '당첨자', '개별', '발표', '경품', '모바일', '상품', '이벤트', '게시물', '동시', '진행', '판매원', '동아제약', '제조', '서흥', '코스맥스', '바이오']"
1,1,,"""이번 주 F&B 트렌드, 한 눈에 정리했어요! 실무에 바로 쓰이는 뉴스만 담았습니다 👀✨  👇 지금 확인해보세요!  🚩점심값 가장 비싼 동네는 ‘분당’ 🚩CU, 건강기능식품 전국 유통 🚩배민이 꼽은 외식업 3대 키워드 🚩13조 소비쿠폰, 외식업에도 훈풍? 🚩외식업, 이제는 육각형 전략이 답!  📩 매주 금요일, 뉴스레터로 받아보고 싶다면? 👉 프로필 링크에서 구독 신청하세요! @insight_platform   #인사이트플랫폼 #외식업트렌드 #식자재이슈 #FNB업계 #배달앱이슈 #프랜차이즈뉴스 #소상공인지원 #브랜드전략 #실무인사이트 #외식업마케팅"".","#인사이트플랫폼, #외식업트렌드, #식자재이슈, #FNB업계, #배달앱이슈, #프랜차이즈뉴스, #소상공인지원, #브랜드전략, #실무인사이트, #외식업마케팅",70,0,0,2025-07-04 01:12:00,https://www.instagram.com/p/DLqrfBxzMAQ/, 이번 주 FB 트렌드 한 눈에 정리했어요 실무에 바로 쓰이는 뉴스만 담았습니다    지금 확인해보세요  점심값 가장 비싼 동네는 분당 CU 건강기능식품 전국 유통 배민이 꼽은 외식업 3대 키워드 13조 소비쿠폰 외식업에도 훈풍 외식업 이제는 육각형 전략이 답   매주 금요일 뉴스레터로 받아보고 싶다면  프로필 링크에서 구독 신청하세요 insightplatform   #인사이트플랫폼 #외식업트렌드 #식자재이슈 #FNB업계 #배달앱이슈 #프랜차이즈뉴스 #소상공인지원 #브랜드전략 #실무인사이트 #외식업마케팅 #인사이트플랫폼 #외식업트렌드 #식자재이슈 #FNB업계 #배달앱이슈 #프랜차이즈뉴스 #소상공인지원 #브랜드전략 #실무인사이트 #외식업마케팅,"['이번', '트렌드', '정리', '실무', '쓰이', '뉴스', '확인', '점심', '비싸', '동네', '분당', '건강', '기능', '식품', '전국', '유통', '외식업', '키워드', '소비', '쿠폰', '외식업', '훈풍', '외식업', '이제', '육각형', '전략', '금요일', '뉴스레터', '프로필', '링크', '구독', '신청']"
1,1,,"""ㅤ 혈액순환이 살아야 하루가 산다! CU 혈행건강으로 하루의 흐름을 시작하세요💧  📌 종근당)혈행건강10정 / 5,000원 / 1+1 증정! 📌 EPA 및 DHA 함유 유지 📌 비타민E 1일 영양성분기준치 대비 100%  지금 전국 약 6천개 CU에서 건강기능식품을 가장 가깝게 만나보세요!  오직 CU에서만! ☑ 개당 5,000원에 상시 1+1 👉 개당 2,500원 ☑ 6개 구매시 12,000원 👉 개당 2,000원  ☑ 종근당 9종 상품 간, 교차 구매 가능!  🔍 건강기능식품 판매 점포 및 재고 조회는 포켓CU APP에서 확인하세요⚡  #헬CUP #헬씨업 #건강기능식품 #건기식 #CU건기식 #혈행건강 #비타민E #CU #씨유 #당신의_좋은친구_CU  - 판매원 : ㈜종근당 - 제조원 : 코스맥스엔비티"".","#헬CUP, #헬씨업, #건강기능식품, #건기식, #CU건기식, #혈행건강, #비타민E, #CU, #씨유, #당신의_좋은친구_CU",102,0,0,2025-08-28 12:02:00,https://www.instagram.com/p/DN5eE0RjJQW/,  혈액순환이 살아야 하루가 산다 CU 혈행건강으로 하루의 흐름을 시작하세요   종근당혈행건강10정  5000원  11 증정  EPA 및 DHA 함유 유지  비타민E 1일 영양성분기준치 대비 100  지금 전국 약 6천개 CU에서 건강기능식품을 가장 가깝게 만나보세요  오직 CU에서만  개당 5000원에 상시 11  개당 2500원  6개 구매시 12000원  개당 2000원   종근당 9종 상품 간 교차 구매 가능   건강기능식품 판매 점포 및 재고 조회는 포켓CU APP에서 확인하세요  #헬CUP #헬씨업 #건강기능식품 #건기식 #CU건기식 #혈행건강 #비타민E #CU #씨유 #당신의좋은친구CU   판매원  종근당  제조원  코스맥스엔비티 #헬CUP #헬씨업 #건강기능식품 #건기식 #CU건기식 #혈행건강 #비타민E #CU #씨유 #당신의좋은친구CU,"['혈액', '순환', '하루', '건강', '하루', '흐름', '시작', '건강', '증정', '함유', '유지', '비타민', '영양', '성분', '기준', '대비', '전국', '건강', '기능', '식품', '가깝', '만나', '상시', '구매', '종근당', '상품', '교차', '구매', '가능', '건강', '기능', '식품', '판매', '점포', '재고', '조회', '포켓', '확인', '판매원', '종근당', '제조', '코스맥스']"
1,1,,"""⠀ #EVENT  어라.. 이거.. 난가..? 이제는 건강도 미리미리 챙겨야 할 때! ꒰ง'̀꒳'́꒱ง ✧  4월 나의 건강 루틴 CU와 함께 START!  🍀 건강기능식품 정제형 17종 ① 5개 이상 구매 시 10,000원 ② 토스페이 머니/계좌 결제 시 추가 50% 할인! ㄴ 5개 이상 결제할인 구매 시 개당 1,000원! ※ 교차할인 대상 : 종근당 9종 / 동아제약 8종  ※ 5개 미만 결제 시 미적용 ※ 1회 최대 할인한도  20,000원  🗓 행사기간 ① 5개 10,000원 행사 : 별도 안내시까지 ② 토스페이 결제 할인 행사 : 4/1(수) ~ 4/30(목)  ※ 판매원 : ㈜종근당 ※ 제조원 : 코스맥스엔비티, 네추럴웨이, 메디오젠  ※ 판매원 : ㈜동아제약 ※ 제조원 : 서흥, 코스맥스바이오  💬 댓글 EVENT 💬 건강 충전이 필요한 설늙은이 친구를 태그해 건강기능식품 할인 행사 소식을 알려주세요! 추첨을 통해 선물을 드립니다 🎁  ✅ CU 공식 인스타그램 팔로우 필수 ✅ 이벤트 기간: 4/3(금) ~ 4/10(금) ✅ 당첨자 발표: 4/17(금) *DM 개별 발표 ✅ 경품: CU 모바일 상품권 5천원권 (10명)  #건강기능식품 #건기식 #CU건기식 #CU할인 #CU행사 #할인행사 #CU프로모션 #CU #씨유 #CU편의점 #당신의_좋은친구_CU"".","#EVENT, #건강기능식품, #건기식, #CU건기식, #CU할인, #CU행사, #할인행사, #CU프로모션, #CU, #씨유, #CU편의점, #당신의_좋은친구_CU",579,0,606,2026-04-03 03:31:00,https://www.instagram.com/p/DWp4wVDEcRO/,  #EVENT  어라 이거 난가 이제는 건강도 미리미리 챙겨야 할 때    4월 나의 건강 루틴 CU와 함께 START   건강기능식품 정제형 17종  5개 이상 구매 시 10000원  토스페이 머니계좌 결제 시 추가 50 할인  5개 이상 결제할인 구매 시 개당 1000원  교차할인 대상  종근당 9종  동아제약 8종   5개 미만 결제 시 미적용  1회 최대 할인한도  20000원   행사기간  5개 10000원 행사  별도 안내시까지  토스페이 결제 할인 행사  41수  430목   판매원  종근당  제조원  코스맥스엔비티 네추럴웨이 메디오젠   판매원  동아제약  제조원  서흥 코스맥스바이오   댓글 EVENT  건강 충전이 필요한 설늙은이 친구를 태그해 건강기능식품 할인 행사 소식을 알려주세요 추첨을 통해 선물을 드립니다    CU 공식 인스타그램 팔로우 필수  이벤트 기간 43금  410금  당첨자 발표 417금 DM 개별 발표  경품 CU 모바일 상품권 5천원권 10명  #건강기능식품 #건기식 #CU건기식 #CU할인 #CU행사 #할인행사 #CU프로모션 #CU #씨유 #CU편의점 #당신의좋은친구CU #EVENT #건강기능식품 #건기식 #CU건기식 #CU할인 #CU행사 #할인행사 #CU프로모션 #CU #씨유 #CU편의점 #당신의좋은친구CU,"['이거', '이제', '건강', '챙기', '건강', '루틴', '건강', '기능', '식품', '정제', '이상', '구매', '토스', '페이', '머니', '계좌', '결제', '추가', '이상', '결제', '할인', '구매', '교차', '할인', '대상', '종근당', '동아제약', '미만', '결제', '적용', '최대', '할인', '한도', '행사', '기간', '행사', '별도', '안내', '토스', '페이', '결제', '할인', '행사', '판매원', '종근당', '제조', '코스맥스', '네추럴웨이', '메디오젠', '판매원', '동아제약', '제조', '서흥', '코스맥스', '바이오', '댓글', '건강', '충전', '필요', '늙은이', '친구', '태그', '건강', '기능', '식품', '할인', '행사', '소식', '알리', '추첨', '통하', '선물', '드리', '공식', '인스타그램', '팔로우', '필수', '이벤트', '기간', '당첨자', '발표', '개별', '발표', '경품', '모바일', '상품']"
1,1,,"""ㅤ 오늘도 내일도 건강하게! 간편한 건강 습관, CU에서 시작하자✨  가장 가까운 건강 플랫폼! 전국 약 6천개 CU에서 건강기능식품을 더 손쉽게 만나보세요💜  🔍 헬C UP! 건강기능식품 판매 점포 및 재고 조회는? 포켓CU APP에서!  #헬CUP #헬씨업 #건강기능식품 #건기식 #CU건기식 #CU #씨유 #당신의_좋은친구_CU   ※ 판매원 : (주)종근당, 동화약품  ※ 제조원 : 코스맥스엔비티, 네추럴웨이, 메디오젠, 코스맥스바이오"".","#헬CUP, #헬씨업, #건강기능식품, #건기식, #CU건기식, #CU, #씨유, #당신의_좋은친구_CU",107,0,0,2025-07-28 10:37:00,https://www.instagram.com/p/DMpftvEzOE3/,  오늘도 내일도 건강하게 간편한 건강 습관 CU에서 시작하자  가장 가까운 건강 플랫폼 전국 약 6천개 CU에서 건강기능식품을 더 손쉽게 만나보세요   헬C UP 건강기능식품 판매 점포 및 재고 조회는 포켓CU APP에서  #헬CUP #헬씨업 #건강기능식품 #건기식 #CU건기식 #CU #씨유 #당신의좋은친구CU    판매원  주종근당 동화약품   제조원  코스맥스엔비티 네추럴웨이 메디오젠 코스맥스바이오 #헬CUP #헬씨업 #건강기능식품 #건기식 #CU건기식 #CU #씨유 #당신의좋은친구CU,"['오늘', '내일', '건강', '간편하', '건강', '습관', '시작', '가깝', '건강', '플랫폼', '전국', '건강', '기능', '식품', '손쉽', '만나', '건강', '기능', '식품', '판매', '점포', '재고', '조회', '포켓', '판매원', '종근당', '동화약품', '제조', '코스맥스', '네추럴웨이', '메디오젠', '코스맥스', '바이오']"
1,1,,"""구리는 화학 기호 Cu(라틴어: Cuprum)와 원자 번호 29를 가진 화학 원소입니다.   원래 많은 분들이 구리는 금속으로 알고 있죠. 전이 금속에 속하며, 특히 전기 전도성과 열 전도성이 매우 뛰어난 것으로 잘 알려져 있습니다.  ​그러나, 우리가 중요하게 다룰 것은 '영양소' 구리입니다. 영양소로서의 구리는 인체에 필수적인 미량 미네랄입니다.   인체 내에서 구리는 여러 중요한 생리적 과정에 관여하는데, 특히 효소의 활성화에 필수적인 역할을 합니다.   ​아래에서 그 역할을 자세히 다루겠지만, 잘 모르셨을 법한 점은 '콜라겐과 엘라스틴의 생산을 돕는 효소의 활성에 중요한 역할을 한다'라는 것입니다.  - 구리의 역할 (효능, 효과) (1) 효소의 활성화 (2) 에너지 생산 (3) 철분 대사 (4) 결합 조직 형성 및 유지 (5) 항산화 기능 (6) 신경계 건강 유지 (7) 면역 체계 강화  - 구리가 부족하면? (결핍) (1) 빈혈 (2) 뼈와 결합 조직의 문제 (3) 신경계 문제 (감각 이상, 운동 장애 등) (4) 면역 체계 약화 (5) 심혈관 건강 문제 (혈관 관련) (6) 콜레스테롤 수치 변화  - 구리가 넘치면? (과잉) (1) 위장 장애 (구역, 구토, 복통, 설사 등) (2) 간 손상, 간 기능 장애 (3) 두통, 현기증, 기억 상실, 우울증 등 (4) 피부 반점 (초록색 혹은 푸른색) (5) 신장 손상 (6) 적혈구 손상으로 용혈성 빈혈 (7) 심혈관 문제  - 윌슨병 (Wilson's disease) 체내에서 구리 대사가 제대로 이루어지지 않아 과도하게 축적되는 유전적 장애입니다.   주요 증상  (1) 간 질환 : 간염, 간경화, 간부전 등  (2) 신경계 증상 : 발음 장애, 손 떨림, 근육 경직, 이상한 움직임 등  (3) 정신적 변화 : 우울증, 변덕, 성격 변화 등  (4) 기타 증상 : 키저-플레이셔 고리(눈 주위에 나타나는 구리 침착으로 인한 갈색 또는 회색 고리), 신장 문제, 빈혈 등  - 구리 권장 섭취량은 하루 800㎍ 입니다.  - 구리가 많이 든 음식 (1) 해산물 : 굴, 랍스터, 새우, 연어, 게 등 (2) 견과류 : 캐슈넛, 호두, 아몬드 등 (3) 곡류 : 퀴노아, 통밀, 보리, 기장 등 (4) 채소 : 시금치, 칼레, 브로콜리, 감자 등 (5) 과일 : 아보카도, 망고, 바나나, 파인애플 (6) 육류 : 소간, 돼지 간, 양고기, 소고기 등  - 구리 섭취 주의사항 (1) 약물 상호작용 ex. 페니실라민, 티아민, 알로푸리놀 등 (2) 아연과의 상호작용 (적정량) 주의 (3) 특정 건강 문제, 유전적 조건 주의 . . . 본 포스팅에서는 축약하여 올린 것이고, 자세한 내용과 건강, 라이프스타일을 다루는 정보들은 블로그에 있습니다. . . . . . #구리 #무기질 #비타민 #미네랄 #빈혈 #윌슨병 #건강 #필수영양소 #건강정보 #건강스타그램 #건기식 #건강기능식품 #영양제 #큐티랩 #세이치"".","#구리, #무기질, #비타민, #미네랄, #빈혈, #윌슨병, #건강, #필수영양소, #건강정보, #건강스타그램, #건기식, #건강기능식품, #영양제, #큐티랩, #세이치",0,0,0,2024-04-13 10:40:00,https://www.instagram.com/p/C5stsgKhnNU/, 구리는 화학 기호 Cu라틴어 Cuprum와 원자 번호 29를 가진 화학 원소입니다   원래 많은 분들이 구리는 금속으로 알고 있죠 전이 금속에 속하며 특히 전기 전도성과 열 전도성이 매우 뛰어난 것으로 잘 알려져 있습니다  그러나 우리가 중요하게 다룰 것은 영양소 구리입니다 영양소로서의 구리는 인체에 필수적인 미량 미네랄입니다   인체 내에서 구리는 여러 중요한 생리적 과정에 관여하는데 특히 효소의 활성화에 필수적인 역할을 합니다   아래에서 그 역할을 자세히 다루겠지만 잘 모르셨을 법한 점은 콜라겐과 엘라스틴의 생산을 돕는 효소의 활성에 중요한 역할을 한다라는 것입니다   구리의 역할 효능 효과 1 효소의 활성화 2 에너지 생산 3 철분 대사 4 결합 조직 형성 및 유지 5 항산화 기능 6 신경계 건강 유지 7 면역 체계 강화   구리가 부족하면 결핍 1 빈혈 2 뼈와 결합 조직의 문제 3 신경계 문제 감각 이상 운동 장애 등 4 면역 체계 약화 5 심혈관 건강 문제 혈관 관련 6 콜레스테롤 수치 변화   구리가 넘치면 과잉 1 위장 장애 구역 구토 복통 설사 등 2 간 손상 간 기능 장애 3 두통 현기증 기억 상실 우울증 등 4 피부 반점 초록색 혹은 푸른색 5 신장 손상 6 적혈구 손상으로 용혈성 빈혈 7 심혈관 문제   윌슨병 Wilsons disease 체내에서 구리 대사가 제대로 이루어지지 않아 과도하게 축적되는 유전적 장애입니다   주요 증상  1 간 질환  간염 간경화 간부전 등  2 신경계 증상  발음 장애 손 떨림 근육 경직 이상한 움직임 등  3 정신적 변화  우울증 변덕 성격 변화 등  4 기타 증상  키저플레이셔 고리눈 주위에 나타나는 구리 침착으로 인한 갈색 또는 회색 고리 신장 문제 빈혈 등   구리 권장 섭취량은 하루 800 입니다   구리가 많이 든 음식 1 해산물  굴 랍스터 새우 연어 게 등 2 견과류  캐슈넛 호두 아몬드 등 3 곡류  퀴노아 통밀 보리 기장 등 4 채소  시금치 칼레 브로콜리 감자 등 5 과일  아보카도 망고 바나나 파인애플 6 육류  소간 돼지 간 양고기 소고기 등   구리 섭취 주의사항 1 약물 상호작용 ex 페니실라민 티아민 알로푸리놀 등 2 아연과의 상호작용 적정량 주의 3 특정 건강 문제 유전적 조건 주의    본 포스팅에서는 축약하여 올린 것이고 자세한 내용과 건강 라이프스타일을 다루는 정보들은 블로그에 있습니다      #구리 #무기질 #비타민 #미네랄 #빈혈 #윌슨병 #건강 #필수영양소 #건강정보 #건강스타그램 #건기식 #건강기능식품 #영양제 #큐티랩 #세이치 #구리 #무기질 #비타민 #미네랄 #빈혈 #윌슨병 #건강 #필수영양소 #건강정보 #건강스타그램 #건기식 #건강기능식품 #영양제 #큐티랩 #세이치,"['구리', '화학', '기호', '라틴어', '원자', '번호', '가지', '화학', '원소', '구리', '금속', '금속', '속하', '전기', '전도', '전도', '뛰어나', '알려지', '우리', '중요', '다루', '영양소', '구리', '영양소', '구리', '인체', '필수', '미량', '미네랄', '인체', '구리', '중요', '생리', '과정', '관여', '효소', '활성', '필수', '역할', '아래', '역할', '다루', '모르', '콜라겐', '라스', '생산', '효소', '활성', '중요', '역할', '구리', '역할', '효능', '효과', '효소', '활성', '에너지', '생산', '철분', '대사', '결합', '조직', '형성', '유지', '항산화', '기능', '신경', '건강', '유지', '면역', '체계', '강화', '구리', '부족', '결핍', '빈혈', '결합', '조직', '문제', '신경', '문제', '감각', '이상', '운동', '장애', '면역', '체계', '약화', '심혈관', '건강', '문제', '혈관', '관련', '콜레스테롤', '수치', '변화', '구리', '넘치', '과잉', '위장', '장애', '구역', '구토', '복통', '설사', '손상', '기능', '장애', '두통', '현기증', '기억', '상실', '우울증', '피부', '반점', '초록색', '푸른색', '신장', '손상', '적혈구', '손상', '용혈성 빈혈', '심혈관', '문제', '윌슨병', '체내', '구리', '대사', '이루어지', '과도', '축적', '유전', '장애', '주요', '증상', '질환', '간염', '간경화', '부전', '신경', '증상', '발음', '장애', '떨리', '근육', '경직', '이상', '움직임', '정신', '변화', '우울증', '변덕', '성격', '변화', '기타', '증상', '플레이', '고리', '주위', '나타나', '구리', '침착', '인하', '갈색', '회색', '고리', '신장', '문제', '빈혈', '구리', '권장', '섭취량', '하루', '구리', '음식', '해산물', '랍스터', '새우', '연어', '견과', '캐슈넛', '호두', '아몬드', '퀴노아', '통밀', '보리', '기장', '채소', '시금치', '칼레', '브로콜리', '감자', '과일', '아보카도', '망고', '바나나', '파인애플', '육류', '소간', '돼지', '양고기', '소고기', '구리', '섭취', '주의', '사항', '약물', '상호', '작용', '페니', '티아민', '알로푸리놀', '아연', '상호', '작용', '적정', '주의', '특정', '건강', '문제', '유전', '조건', '주의', '포스팅', '축약', '올리', '내용', '건강', '라이프', '스타일', '다루', '정보', '블로그']"
1,1,,"""ㅤ #EVENT 💙 국내 판매 1위 멀티비타민, 오쏘몰 이뮨이 드디어 CU에 상륙! 💙  독일 Orthomol의 미량영양소 연구 기술로 탄생한 오쏘몰! 우리 몸에 필요한 영양소를 액상 + 정제 이중 제형으로 밸런스 있게 채우는 프리미엄 포뮬러!  이번 CU 입점으로, 바쁜 일상 속에서도 오쏘몰을 가장 빠르고 간편하게 만나보세요!  💡 이럴 때, 특히 오쏘몰이 필요해요! 새벽 골프 전에 몸이 축날 것 같을 때! 회식 자리에서 분위기 업! 팀 케어가 필요할 때! 야근 다음 날, 체력이 바닥나는 느낌일 때!  💬 댓글 EVENT 💬 오쏘몰이 지금 꼭 필요한 친구를 태그하고 CU 출시 소식을 알려주세요! 추첨을 통해 선물을 드립니다🎁  ✔ CU 공식 인스타그램 팔로우 필수 ✔ 이벤트 기간: 11/27(목) ~ 12/4(목) ✔ 당첨자 발표: 12/11(목) — DM 개별 안내 ✔ 경품: CU 모바일상품권 5천원권 (10명)  편의점에서 바로 챙기고, 회식 자리에서도 센스 있게 케어하는 순간💙  •1위 근거: 유로모니터 인터내셔널, 건강기능식품 2025 에디션, 멀티비타민 2024년 전 유통채널 소매 판매액 기준(오쏘몰 브랜드 기준) •제조원: Orthomol(독일) | 판매원: 동아제약㈜ | 건강기능식품 •본 제품은 동아제약의 건강기능식품입니다.  #오쏘몰 #이중제형비타민 #국내판매1위 #오쏘몰이뮨 #CU신상 #CU건강기능식품 #편의점신상 #CU #씨유 #CU편의점 #당신의_좋은친구_CU"".","#EVENT, #오쏘몰, #이중제형비타민, #국내판매1위, #오쏘몰이뮨, #CU신상, #CU건강기능식품, #편의점신상, #CU, #씨유, #CU편의점, #당신의_좋은친구_CU",346,0,281,2025-11-27 03:52:00,https://www.instagram.com/p/DRi0XQTD5_4/,  #EVENT  국내 판매 1위 멀티비타민 오쏘몰 이뮨이 드디어 CU에 상륙   독일 Orthomol의 미량영양소 연구 기술로 탄생한 오쏘몰 우리 몸에 필요한 영양소를 액상  정제 이중 제형으로 밸런스 있게 채우는 프리미엄 포뮬러  이번 CU 입점으로 바쁜 일상 속에서도 오쏘몰을 가장 빠르고 간편하게 만나보세요   이럴 때 특히 오쏘몰이 필요해요 새벽 골프 전에 몸이 축날 것 같을 때 회식 자리에서 분위기 업 팀 케어가 필요할 때 야근 다음 날 체력이 바닥나는 느낌일 때   댓글 EVENT  오쏘몰이 지금 꼭 필요한 친구를 태그하고 CU 출시 소식을 알려주세요 추첨을 통해 선물을 드립니다   CU 공식 인스타그램 팔로우 필수  이벤트 기간 1127목  124목  당첨자 발표 1211목  DM 개별 안내  경품 CU 모바일상품권 5천원권 10명  편의점에서 바로 챙기고 회식 자리에서도 센스 있게 케어하는 순간  1위 근거 유로모니터 인터내셔널 건강기능식품 2025 에디션 멀티비타민 2024년 전 유통채널 소매 판매액 기준오쏘몰 브랜드 기준 제조원 Orthomol독일  판매원 동아제약  건강기능식품 본 제품은 동아제약의 건강기능식품입니다  #오쏘몰 #이중제형비타민 #국내판매1위 #오쏘몰이뮨 #CU신상 #CU건강기능식품 #편의점신상 #CU #씨유 #CU편의점 #당신의좋은친구CU #EVENT #오쏘몰 #이중제형비타민 #국내판매1위 #오쏘몰이뮨 #CU신상 #CU건강기능식품 #편의점신상 #CU #씨유 #CU편의점 #당신의좋은친구CU,"['국내', '판매', '멀티', '비타민', '오쏘몰', '이뮨', '상륙', '독일', '미량', '영양소', '연구', '기술', '탄생', '오쏘몰', '우리', '필요', '영양소', '액상', '정제', '이중', '제형', '밸런스', '채우', '프리미엄', '포뮬러', '이번', '입점', '바쁘', '일상', '오쏘몰', '빠르', '만나', '이렇', '오쏘몰', '필요', '새벽', '골프', '축나', '회식', '자리', '분위기', '케어', '필요', '야근', '다음', '체력', '바닥나', '느낌', '댓글', '오쏘몰', '필요', '친구', '태그', '출시', '소식', '알리', '추첨', '통하', '선물', '드리', '공식', '인스타그램', '팔로우', '필수', '이벤트', '기간', '당첨자', '발표', '개별', '안내', '경품', '모바일', '상품', '편의점', '챙기', '회식', '자리', '센스', '케어', '순간', '근거', '유로', '모니터', '인터내셔널', '건강', '기능', '식품', '에디션', '멀티', '비타민', '유통', '채널', '소매', '판매액', '기준', '브랜드', '기준', '제조', '독일', '판매원', '동아제약', '건강', '기능', '식품', '제품', '동아제약', '건강', '기능', '식품']"
1,1,,"""ㅤ 요즘 자꾸 깜빡깜빡 한다면? 지금 CU에서 두뇌기억력을 챙겨보세요🧠  📌 종근당)두뇌기억력10정 / 5,000원 / 1+1증정! 📌 은행잎추출물로 기억력 및 혈행개선 더블케어 📌 플라보놀배당체 식약처 1일 섭취량 기준 최대함량 함유  지금 전국 약 6천개 CU에서 건강기능식품을 가장 가깝게 만나보세요!  오직 CU에서만! ☑ 개당 5,000원에 상시 1+1 👉 개당 2,500원 ☑ 6개 구매시 12,000원 👉 개당 2,000원  ☑ 종근당 9종 상품 간, 교차 구매 가능!  🔍 건강기능식품 판매 점포 및 재고 조회는 포켓CU APP에서 확인하세요⚡  #헬CUP #헬씨업 #건강기능식품 #건기식 #CU건기식 #두뇌기억력 #비타민E #은행잎추출물 #플라보놀배당체 #CU #씨유 #당신의_좋은친구_CU  - 판매원 : ㈜종근당 - 제조원 : 코스맥스엔비티"".","#헬CUP, #헬씨업, #건강기능식품, #건기식, #CU건기식, #두뇌기억력, #비타민E, #은행잎추출물, #플라보놀배당체, #CU, #씨유, #당신의_좋은친구_CU",108,0,0,2025-08-22 08:05:00,https://www.instagram.com/p/DNpmJt-S0-T/,  요즘 자꾸 깜빡깜빡 한다면 지금 CU에서 두뇌기억력을 챙겨보세요   종근당두뇌기억력10정  5000원  11증정  은행잎추출물로 기억력 및 혈행개선 더블케어  플라보놀배당체 식약처 1일 섭취량 기준 최대함량 함유  지금 전국 약 6천개 CU에서 건강기능식품을 가장 가깝게 만나보세요  오직 CU에서만  개당 5000원에 상시 11  개당 2500원  6개 구매시 12000원  개당 2000원   종근당 9종 상품 간 교차 구매 가능   건강기능식품 판매 점포 및 재고 조회는 포켓CU APP에서 확인하세요  #헬CUP #헬씨업 #건강기능식품 #건기식 #CU건기식 #두뇌기억력 #비타민E #은행잎추출물 #플라보놀배당체 #CU #씨유 #당신의좋은친구CU   판매원  종근당  제조원  코스맥스엔비티 #헬CUP #헬씨업 #건강기능식품 #건기식 #CU건기식 #두뇌기억력 #비타민E #은행잎추출물 #플라보놀배당체 #CU #씨유 #당신의좋은친구CU,"['요즘', '두뇌', '기억력', '챙기', '종근당', '두뇌', '기억력', '증정', '은행', '추출물', '기억력', '개선', '더블', '케어', '플라보놀배당체', '식약처', '섭취량', '기준', '최대', '함량', '함유', '전국', '건강', '기능', '식품', '가깝', '만나', '상시', '구매', '종근당', '상품', '교차', '구매', '가능', '건강', '기능', '식품', '판매', '점포', '재고', '조회', '포켓', '확인', '판매원', '종근당', '제조', '코스맥스']"
1,1,,"""ㅤ #EVENT  지금 스트레스 만땅이신가요? 테아닌 한 정으로 스트레스로 인한 긴장감을 릴렉스~  📌 하루 한번, 한 번에 한 알로 가볍게!  📌 각종 환경에서 받는 스트레스로 인한 긴장감을 싹~ 다운!  지금 전국 약 6,000개 CU에서 동아제약 건강기능식품을 만나보세요! ※ 포켓CU APP에서 판매점포 확인 및 재고 조회 필수!  ♥️ 오직 CU에서만 ♥️ 동아제약)셀파렉스테아닌 10정 5,000원 ✔️ 상시 1+1 행사진행(개당 2,500원) ✔️ 동아제약 8종 상품 간 교차구매 가능  ⭐특별할인 행사⭐ ① 11/1(일)~16(토) 16일간! ② 6개 구매시 67% 할인→개당 825원  💬 댓글 EVENT 💬 스트레스에 갇힌 친구들 모여! 스트레스를 풀어주고 싶은 친구들에게 소문내주세요. 추첨을 통해 선물을 드립니다.  ✅ CU 공식 인스타그램 팔로우 필수! ✅ 이벤트 기간: 11/14(금)~11/21(금) ✅ 당첨자 발표: 11/28(금) *당첨자 개별 DM 발표 ✅ 경품: CU 모바일상품권 5천원권 (5명)  -판매원 : (주)동아제약 -제조원 : (주)서흥  #동아제약 #셀파렉스 #건강기능식품 #CU #씨유 #CU편의점 #당신의_좋은친구_CU"".","#EVENT, #동아제약, #셀파렉스, #건강기능식품, #CU, #씨유, #CU편의점, #당신의_좋은친구_CU",308,0,272,2025-11-14 02:00:00,https://www.instagram.com/p/DRBPLFVDVXZ/,  #EVENT  지금 스트레스 만땅이신가요 테아닌 한 정으로 스트레스로 인한 긴장감을 릴렉스   하루 한번 한 번에 한 알로 가볍게   각종 환경에서 받는 스트레스로 인한 긴장감을 싹 다운  지금 전국 약 6000개 CU에서 동아제약 건강기능식품을 만나보세요  포켓CU APP에서 판매점포 확인 및 재고 조회 필수   오직 CU에서만  동아제약셀파렉스테아닌 10정 5000원  상시 11 행사진행개당 2500원  동아제약 8종 상품 간 교차구매 가능  특별할인 행사  111일16토 16일간  6개 구매시 67 할인개당 825원   댓글 EVENT  스트레스에 갇힌 친구들 모여 스트레스를 풀어주고 싶은 친구들에게 소문내주세요 추첨을 통해 선물을 드립니다   CU 공식 인스타그램 팔로우 필수  이벤트 기간 1114금1121금  당첨자 발표 1128금 당첨자 개별 DM 발표  경품 CU 모바일상품권 5천원권 5명  판매원  주동아제약 제조원  주서흥  #동아제약 #셀파렉스 #건강기능식품 #CU #씨유 #CU편의점 #당신의좋은친구CU #EVENT #동아제약 #셀파렉스 #건강기능식품 #CU #씨유 #CU편의점 #당신의좋은친구CU,"['스트레스', '아니', '스트레스', '인하', '긴장감', '릴렉스', '하루', '가볍', '각종', '환경', '스트레스', '인하', '긴장감', '다운', '전국', '동아제약', '건강', '기능', '식품', '만나', '포켓', '판매', '점포', '확인', '재고', '조회', '필수', '동아제약', '렉스', '아니', '상시', '행사', '진행', '동아제약', '상품', '교차', '구매', '가능', '특별', '할인', '행사', '구매', '할인', '댓글', '스트레스', '갇히', '친구', '모이', '스트레스', '친구', '소문', '추첨', '통하', '선물', '드리', '공식', '인스타그램', '팔로우', '필수', '이벤트', '기간', '당첨자', '발표', '당첨자', '개별', '발표', '경품', '모바일', '상품', '판매원', '동아제약', '제조']"
1,1,,"""ㅤ 회식, 야근 잦은 직장인을 위한 필수 건강기능식품 밀크씨슬도 CU에서는 1+1✨  📌 종근당)간건강10정 / 5,000원 / 1+1증정! 📌 간 건강 실리마린 식약처 1일 섭취 기준 100% 함유  지금 전국 약 6천개 CU에서 건강기능식품을 가장 가깝게 만나보세요!  오직 CU에서만! ☑ 개당 5,000원에 상시 1+1 👉 개당 2,500원 ☑ 6개 구매 시 12,000원 👉 개당 2,000원  ☑ 종근당 9종 상품 간, 교차 구매 가능!  🔍 건강기능식품 판매 점포 및 재고 조회는 포켓CU APP에서 확인하세요⚡  #헬CUP #헬씨업 #건강기능식품 #건기식 #CU건기식 #간건강 #밀크씨슬  #CU #씨유 #당신의_좋은친구_CU   - 판매원 : ㈜종근당 - 제조원 : 코스맥스엔비티"".","#헬CUP, #헬씨업, #건강기능식품, #건기식, #CU건기식, #간건강, #밀크씨슬, #CU, #씨유, #당신의_좋은친구_CU",95,0,0,2025-08-06 01:00:00,https://www.instagram.com/p/DM_o4vUCULP/,  회식 야근 잦은 직장인을 위한 필수 건강기능식품 밀크씨슬도 CU에서는 11   종근당간건강10정  5000원  11증정  간 건강 실리마린 식약처 1일 섭취 기준 100 함유  지금 전국 약 6천개 CU에서 건강기능식품을 가장 가깝게 만나보세요  오직 CU에서만  개당 5000원에 상시 11  개당 2500원  6개 구매 시 12000원  개당 2000원   종근당 9종 상품 간 교차 구매 가능   건강기능식품 판매 점포 및 재고 조회는 포켓CU APP에서 확인하세요  #헬CUP #헬씨업 #건강기능식품 #건기식 #CU건기식 #간건강 #밀크씨슬  #CU #씨유 #당신의좋은친구CU    판매원  종근당  제조원  코스맥스엔비티 #헬CUP #헬씨업 #건강기능식품 #건기식 #CU건기식 #간건강 #밀크씨슬 #CU #씨유 #당신의좋은친구CU,"['회식', '야근', '직장인', '위하', '필수', '건강', '기능', '식품', '밀크', '종근당', '건강', '증정', '건강', '마리', '식약처', '섭취', '기준', '함유', '전국', '건강', '기능', '식품', '가깝', '만나', '상시', '구매', '종근당', '상품', '교차', '구매', '가능', '건강', '기능', '식품', '판매', '점포', '재고', '조회', '포켓', '확인', '판매원', '종근당', '제조', '코스맥스']"
1,1,,"""#광고 이제 가까운 CU에서 건강을 챙긴다!? 바쁘고 정신 없는 우리를 위한 꿀팁 등장이요💊  CU에서만 가능한 1+1 Crazy한 혜택🔥 눈 건강, 장 건강, 뼈 건강… 내 몸 상태 보고 골라 담자!  게다가 종근당 9종 전부 교차 구매까지 된다니 이건 ㄹㅇ 효율 갑🎯  오직 CU에서만! ☑ 개당 5,000원에 상시 1+1 👉 개당 2,500원 ☑ 20일치에 2,500원 꼴!! 그냥 갓성비 💯  @@집 앞 CU에서 함께 건강 챙길 친구 태그 ㄱㄱ  #EVENT CU에서 건강 루틴 함께 시작하고 싶은 친구를 댓글로 태그하고 CU 건강기능식품 판매 소식을 알려주세요!  ✔이벤트 기간: 8/20(수) ~ 8/27(수) ✔당첨자 발표: 9/3(수) *개별 DM으로 발표 예정입니다 ✔경품: CU모바일상품권 3,000원 (20명)  #CU #씨유 #헬CUP #헬씨업 #건강기능식품 #건기식 #CU건기식 #종근당  - 판매원 : (주)종근당 - 제조원 : 코스맥스엔비티, 네추얼웨이, 메디오젠  ※ 해당 게시물 재업로드 되었습니다. ※ 이전 기존 게시물을 통해 댓글 이벤트 참여해주신 분들 모두 이벤트 참여 정상 인정되는 점 안내 드립니다."".","#광고, #EVENT, #CU, #씨유, #헬CUP, #헬씨업, #건강기능식품, #건기식, #CU건기식, #종근당",523,0,14,2025-08-21 09:03:00,https://www.instagram.com/p/DNke146xQg6/, #광고 이제 가까운 CU에서 건강을 챙긴다 바쁘고 정신 없는 우리를 위한 꿀팁 등장이요  CU에서만 가능한 11 Crazy한 혜택 눈 건강 장 건강 뼈 건강 내 몸 상태 보고 골라 담자  게다가 종근당 9종 전부 교차 구매까지 된다니 이건  효율 갑  오직 CU에서만  개당 5000원에 상시 11  개당 2500원  20일치에 2500원 꼴 그냥 갓성비   집 앞 CU에서 함께 건강 챙길 친구 태그   #EVENT CU에서 건강 루틴 함께 시작하고 싶은 친구를 댓글로 태그하고 CU 건강기능식품 판매 소식을 알려주세요  이벤트 기간 820수  827수 당첨자 발표 93수 개별 DM으로 발표 예정입니다 경품 CU모바일상품권 3000원 20명  #CU #씨유 #헬CUP #헬씨업 #건강기능식품 #건기식 #CU건기식 #종근당   판매원  주종근당  제조원  코스맥스엔비티 네추얼웨이 메디오젠   해당 게시물 재업로드 되었습니다  이전 기존 게시물을 통해 댓글 이벤트 참여해주신 분들 모두 이벤트 참여 정상 인정되는 점 안내 드립니다 #광고 #EVENT #CU #씨유 #헬CUP #헬씨업 #건강기능식품 #건기식 #CU건기식 #종근당,"['가깝', '건강', '챙기', '바쁘', '정신', '우리', '위하', '등장', '가능', '혜택', '건강', '건강', '건강', '상태', '고르', '종근당', '교차', '구매', '이거', '효율', '상시', '성비', '건강', '챙기', '친구', '태그', '건강', '루틴', '시작', '친구', '댓글', '태그', '건강', '기능', '식품', '판매', '소식', '알리', '이벤트', '기간', '당첨자', '발표', '개별', '발표', '예정', '경품', '모바일', '상품', '판매원', '종근당', '제조', '코스맥스', '네추얼웨이', '메디오젠', '해당', '게시물', '업로드', '이전', '기존', '게시물', '통하', '댓글', '이벤트', '참여', '이벤트', '참여', '정상', '인정', '안내', '드리']"
1,1,,"""ㅤ #EVENT  벌써 하나 둘 가득해지는 연말 일정, 다가오는 송년회가 두려우신가요?! 👀  잦은 회식으로 더부룩해진 속을 뻥 뚫어줄 육식파 키위효소를 CU에서 만나보세요! 🥝  📌 그린 키위의 액티니딘과 파인애플의 브로멜라인 효소로 단백질을 동시에 소화! 📌 탄수화물 분해효소 아밀라아제로 탄수화물까지 동시에! 📌 효소 특유의 쿰쿰한 맛 NO! 맛있게 새콤달콤한 키위맛으로 입까지 시원하게!  지금 전국 약 6,000개 CU에서 동아제약 건강기능식품을 만나보세요! ※ 포켓CU APP에서 판매점포 확인 및 재고 조회 필수!  💜오직 CU에서만💜 동아)육식파키위효소3g 2,000원 ✔ 12월 1+1 행사 진행! -식품유형 : 효소식품 -유통전문판매원 : (주)동아제약 -제조원 : 코스맥스바이오(주)   💬 댓글 EVENT 💬 다가오는 연말 송년회, 육식파 키위효소가 가장 필요할 것 같은 친구를 태그해주세요! 추첨을 통해 선물을 드립니다🎁  ✅ CU 공식 인스타그램 팔로우 필수! ✅ 기간: 11/21(금)~11/28(금) ✅ 당첨자 발표: 12/5(금) *당첨자 개별 DM 발표 ✅ 경품: CU 모바일상품권 5천원권 (10명)  #동아제약 #육식파 #육식파키위효소 #송년회 #연말회식 #건강기능식품 #CU #씨유 #CU편의점 #당신의_좋은친구_CU"".","#EVENT, #동아제약, #육식파, #육식파키위효소, #송년회, #연말회식, #건강기능식품, #CU, #씨유, #CU편의점, #당신의_좋은친구_CU",422,0,318,2025-11-25 06:00:00,https://www.instagram.com/p/DRUEQOdEcav/,  #EVENT  벌써 하나 둘 가득해지는 연말 일정 다가오는 송년회가 두려우신가요   잦은 회식으로 더부룩해진 속을 뻥 뚫어줄 육식파 키위효소를 CU에서 만나보세요    그린 키위의 액티니딘과 파인애플의 브로멜라인 효소로 단백질을 동시에 소화  탄수화물 분해효소 아밀라아제로 탄수화물까지 동시에  효소 특유의 쿰쿰한 맛 NO 맛있게 새콤달콤한 키위맛으로 입까지 시원하게  지금 전국 약 6000개 CU에서 동아제약 건강기능식품을 만나보세요  포켓CU APP에서 판매점포 확인 및 재고 조회 필수  오직 CU에서만 동아육식파키위효소3g 2000원  12월 11 행사 진행 식품유형  효소식품 유통전문판매원  주동아제약 제조원  코스맥스바이오주    댓글 EVENT  다가오는 연말 송년회 육식파 키위효소가 가장 필요할 것 같은 친구를 태그해주세요 추첨을 통해 선물을 드립니다   CU 공식 인스타그램 팔로우 필수  기간 1121금1128금  당첨자 발표 125금 당첨자 개별 DM 발표  경품 CU 모바일상품권 5천원권 10명  #동아제약 #육식파 #육식파키위효소 #송년회 #연말회식 #건강기능식품 #CU #씨유 #CU편의점 #당신의좋은친구CU #EVENT #동아제약 #육식파 #육식파키위효소 #송년회 #연말회식 #건강기능식품 #CU #씨유 #CU편의점 #당신의좋은친구CU,"['하나', '연말', '일정', '다가오', '송년회', '두렵', '회식', '육식', '키위', '효소', '만나', '그린', '키위', '액티니딘', '파인애플', '브로', '라인', '효소', '단백질', '동시', '소화', '탄수화물', '분해', '효소', '아밀라아제', '탄수화물', '동시', '효소', '특유', '쿰쿰', '맛있', '키위', '시원하', '전국', '동아제약', '건강', '기능', '식품', '만나', '포켓', '판매', '점포', '확인', '재고', '조회', '필수', '동아', '육식', '키위', '효소', '행사', '진행', '식품', '유형', '효소', '식품', '유통', '전문', '판매원', '동아제약', '제조', '코스맥스', '바이오', '댓글', '다가오', '연말', '송년회', '육식', '키위', '효소', '필요', '친구', '태그', '추첨', '통하', '선물', '드리', '공식', '인스타그램', '팔로우', '필수', '기간', '당첨자', '발표', '당첨자', '개별', '발표', '경품', '모바일', '상품']"
1,1,,"""ㅤ #EVENT  유독 금방 지쳐버린 오늘. 밀크씨슬 한 정으로 지금이순'간' 케어 !  📌 하루 한번, 한 번에 한 알로 가볍게!  📌 간건강 대표성분 밀크씨슬로 간피로 집중 케어!  지금 전국 약 6,000개 CU에서 동아제약 건강기능식품을 만나보세요! ※ 포켓CU APP에서 판매점포 확인 및 재고 조회 필수!  ♥️ 오직 CU에서만 ♥️ 동아제약)셀파렉스밀크씨슬 10정 5,000원 ✔️ 상시 1+1 행사진행(개당 2,500원) ✔️ 동아제약 8종 상품 간 교차구매 가능  💬 댓글 EVENT 💬 스트레스에 갇힌 친구들 모여! 스트레스를 풀어주고 싶은 친구들에게 소문내주세요. 추첨을 통해 선물을 드립니다.  ✅ CU 공식 인스타그램 팔로우 필수! ✅ 이벤트 기간: 11/18(화)~11/25(화) ✅ 당첨자 발표: 12/2(화) *DM 개별 발표 ✅ 경품: CU 모바일상품권 5천원권 (5명)  -판매원 : (주)동아제약 -제조원 : (주)서흥  #동아제약 #셀파렉스 #건강기능식품 #CU #씨유 #CU편의점 #당신의_좋은친구_CU"".","#EVENT, #동아제약, #셀파렉스, #건강기능식품, #CU, #씨유, #CU편의점, #당신의_좋은친구_CU",299,0,274,2025-11-18 02:00:00,https://www.instagram.com/p/DRLiXO0jRuL/,  #EVENT  유독 금방 지쳐버린 오늘 밀크씨슬 한 정으로 지금이순간 케어    하루 한번 한 번에 한 알로 가볍게   간건강 대표성분 밀크씨슬로 간피로 집중 케어  지금 전국 약 6000개 CU에서 동아제약 건강기능식품을 만나보세요  포켓CU APP에서 판매점포 확인 및 재고 조회 필수   오직 CU에서만  동아제약셀파렉스밀크씨슬 10정 5000원  상시 11 행사진행개당 2500원  동아제약 8종 상품 간 교차구매 가능   댓글 EVENT  스트레스에 갇힌 친구들 모여 스트레스를 풀어주고 싶은 친구들에게 소문내주세요 추첨을 통해 선물을 드립니다   CU 공식 인스타그램 팔로우 필수  이벤트 기간 1118화1125화  당첨자 발표 122화 DM 개별 발표  경품 CU 모바일상품권 5천원권 5명  판매원  주동아제약 제조원  주서흥  #동아제약 #셀파렉스 #건강기능식품 #CU #씨유 #CU편의점 #당신의좋은친구CU #EVENT #동아제약 #셀파렉스 #건강기능식품 #CU #씨유 #CU편의점 #당신의좋은친구CU,"['지치', '버리', '오늘', '밀크', '순간', '케어', '하루', '가볍', '건강', '대표', '성분', '밀크', '피로', '집중', '케어', '전국', '동아제약', '건강', '기능', '식품', '만나', '포켓', '판매', '점포', '확인', '재고', '조회', '필수', '동아제약', '렉스', '밀크', '상시', '행사', '진행', '동아제약', '상품', '교차', '구매', '가능', '댓글', '스트레스', '갇히', '친구', '모이', '스트레스', '친구', '소문', '추첨', '통하', '선물', '드리', '공식', '인스타그램', '팔로우', '필수', '이벤트', '기간', '당첨자', '발표', '개별', '발표', '경품', '모바일', '상품', '판매원', '동아제약', '제조']"
1,3,외국인들 건기식·단백질쉐이크 올리브영·CU에서... ,"최근 명동과 홍대, 성수동에서 외국인 관광객들이 한국 건기식과 단백질 쉐이크를 대량 구매를 많이하고 있다고합니다. 특히 올리브영과 편의점 CU를 중심으로 “한국 웰니스 제품” 열풍이 커지고 있는데요....","#편의점,#CU",0,0,0,2026-05-15 00:00:00,https://blog.naver.com/loveran3/224286881724,외국인들 건기식단백질쉐이크 올리브영CU에서  최근 명동과 홍대 성수동에서 외국인 관광객들이 한국 건기식과 단백질 쉐이크를 대량 구매를 많이하고 있다고합니다 특히 올리브영과 편의점 CU를 중심으로 한국 웰니스 제품 열풍이 커지고 있는데요 #편의점#CU,"['외국인', '건기', '단백질', '쉐이크', '올리브', '최근', '명동', '홍대', '성수동', '외국인', '관광객', '한국', '건기', '단백질', '쉐이크', '대량', '구매', '올리브', '편의점', '중심', '한국', '웰니스', '제품', '열풍', '커지']"
1,3,[CU X 토스페이] 오늘 마지막!! 건강기능식품 90% 할인!... ,"동일 제조사 상품으로 5개 이상 포켓CU 어플 내 QR코드 스캔 후 -&gt; 토스페이 머니/계좌로 구매 시 50정에 2,500원이니 완전 꿀이벤트! T멤버십 있는 분들은 T멤버십 CU할인도 같이 받으세요! T멤버십 등급에...",#CU,0,0,0,2026-05-15 00:00:00,https://blog.naver.com/hppy100/224286596151,CU X 토스페이 오늘 마지막 건강기능식품 90 할인  동일 제조사 상품으로 5개 이상 포켓CU 어플 내 QR코드 스캔 후 gt 토스페이 머니계좌로 구매 시 50정에 2500원이니 완전 꿀이벤트 T멤버십 있는 분들은 T멤버십 CU할인도 같이 받으세요 T멤버십 등급에 #CU,"['토스', '페이', '마지막', '건강', '기능', '식품', '할인', '동일', '제조사', '상품', '이상', '포켓', '어플', '코드', '스캔', '토스', '페이', '머니', '계좌', '구매', '이벤트', '멤버십', '멤버십', '할인', '멤버십', '등급']"
1,3,[CU] 건기식 17종 토스 90% 할인(+skT할인) #건강기능식품... ,"[CU] 건기식 17종 토스 90% 할인(+skT할인적용) [CU] 건강기능식품 17종 토스 90%할인 대상일자 : 5/1, 5/5, 5/8, 5/15 오늘 90%마지막 행사일이에요! 일1회, 1회최대 20,000원하도 포켓 cu스캔 후 대상결제수단 결제...","#CU,#건강기능식품",0,0,0,2026-05-15 00:00:00,https://blog.naver.com/gii1234/224286297941,CU 건기식 17종 토스 90 할인skT할인 #건강기능식품  CU 건기식 17종 토스 90 할인skT할인적용 CU 건강기능식품 17종 토스 90할인 대상일자  51 55 58 515 오늘 90마지막 행사일이에요 일1회 1회최대 20000원하도 포켓 cu스캔 후 대상결제수단 결제 #CU#건강기능식품,"['건기', '토스', '할인', '건기', '토스', '할인', '적용', '건강', '기능', '식품', '토스', '할인', '대상', '일자', '오늘', '마지막', '행사', '최대', '포켓', '스캔', '대상', '결제', '수단', '결제']"
1,3,Weekly Logistics News Letter Vol.789(5/15),"l [CU 물류 파업, 그 후]③보상 타결 BGF, 진짜 복병은 '운송비' l [CU 물류 파업, 그 후]④일회성 비용... &quot;물류 현장 혁신 이끈다&quot; l 건기식부터 AIoT 물류 솔루션까지…5월 첫째주 투자유치 스 l 가락시장...",#CU,0,0,0,2026-05-15 00:00:00,https://blog.naver.com/acesu/224286103335,Weekly Logistics News Letter Vol789515 l CU 물류 파업 그 후보상 타결 BGF 진짜 복병은 운송비 l CU 물류 파업 그 후일회성 비용 quot물류 현장 혁신 이끈다quot l 건기식부터 AIoT 물류 솔루션까지5월 첫째주 투자유치 스 l 가락시장 #CU,"['물류', '파업', '보상', '타결', '진짜', '복병', '운송비', '물류', '파업', '비용', '물류', '현장', '혁신', '이끌', '물류', '솔루션', '첫째', '투자', '유치', '가락시장']"
1,3,할인 ) 포켓CU 토스페이 결제시 건기식 17종 공휴일 90%  할인... ,"건강기능식품 17종 중 5개 이상 구매시 토스페이 머니, 계좌로 결제하면 최대 80% 할인 5월 1월 / 5일 / 8일 / 15일 공휴일은 최대90% 할인적용 포켓cU QR 스캔 후 토스페이 결제하기",#CU,0,0,0,2026-05-15 00:00:00,https://blog.naver.com/celyena/224286092685,할인  포켓CU 토스페이 결제시 건기식 17종 공휴일 90  할인  건강기능식품 17종 중 5개 이상 구매시 토스페이 머니 계좌로 결제하면 최대 80 할인 5월 1월  5일  8일  15일 공휴일은 최대90 할인적용 포켓cU QR 스캔 후 토스페이 결제하기 #CU,"['할인', '포켓', '토스', '페이', '결제', '건기', '공휴일', '건강', '기능', '식품', '이상', '구매', '토스', '페이', '머니', '계좌', '결제', '최대', '공휴일', '최대', '할인', '적용', '포켓', '스캔', '토스', '페이', '결제']"
1,3,[CU] 건기식 17종 토스 90%  할인(+T할인) (마지막날),오늘또 건기식 할인하는 날! 스승의날! 오늘이 마지막 이벤트날이네용 SKT 통신사까지 중복돼서 10%기준 최종기ㅡ 13통 3900원! 통신사없어두 저렴~ *5개이상! 큐알찍고 토스결제...,#CU,0,0,0,2026-05-15 00:00:00,https://blog.naver.com/bboddo00_/224286052404,CU 건기식 17종 토스 90  할인T할인 마지막날 오늘또 건기식 할인하는 날 스승의날 오늘이 마지막 이벤트날이네용 SKT 통신사까지 중복돼서 10기준 최종기 13통 3900원 통신사없어두 저렴 5개이상 큐알찍고 토스결제 #CU,"['건기', '토스', '할인', '마지막', '건기', '할인', '스승', '오늘', '마지막', '이벤트', '통신사', '중복', '기준', '종기', '통신사', '이상', '토스', '결제']"
1,3,"[CU] 5월달 간편결제(카카오페이,네이버페이 등), 신용카드 행사","이것 때문에 CU에서 건기식 대란이 났다고 하던데, 아직도 재고가 있으려나? 주변 CU들렸는데 건기식 재고가 보인다 싶으면 5개 집고 80%만 할인 받아보자 공휴일, 기념일까지 맞춰서 돌기에는 공수가 더 들...",#CU,0,0,0,2026-05-13 00:00:00,https://blog.naver.com/com030303/224284053972,CU 5월달 간편결제카카오페이네이버페이 등 신용카드 행사 이것 때문에 CU에서 건기식 대란이 났다고 하던데 아직도 재고가 있으려나 주변 CU들렸는데 건기식 재고가 보인다 싶으면 5개 집고 80만 할인 받아보자 공휴일 기념일까지 맞춰서 돌기에는 공수가 더 들 #CU,"['결제', '카카오페이', '네이버', '페이', '신용', '카드', '행사', '이것', '때문', '건기', '대란', '재고', '주변', '들리', '건기', '재고', '보이', '할인', '공휴일', '기념일', '맞추', '공수']"
1,3,이여사 중간가계부 _ 5월 첫번째,"기타 _ 실지출 타다택시 _ 실지출 0원 / 절약액 36,000원 CU)건기식(유산균) _ 실지출 0원 / 절약액 120,000원 타다택시 _ 실지출 0원 / 절약액 36,000원 아이들 대회가 있어서 강남까지 이동해야하는데 차를...","#유산균,#CU",0,0,0,2026-05-12 00:00:00,https://blog.naver.com/moonkim17/224282745736,이여사 중간가계부  5월 첫번째 기타  실지출 타다택시  실지출 0원  절약액 36000원 CU건기식유산균  실지출 0원  절약액 120000원 타다택시  실지출 0원  절약액 36000원 아이들 대회가 있어서 강남까지 이동해야하는데 차를 #유산균#CU,"['여사', '중간', '가계부', '기타', '실지', '택시', '지출', '절약', '유산균', '지출', '절약', '택시', '지출', '절약', '아이', '대회', '강남', '이동']"
1,3,“데일리 물류 뉴스” 5월12일(화),"8조 몸값 지킨 컬리 l 이베이, 한국 셀러 역직구 매출 6분기 연속 성장 l 우체국택배, CU 손잡고... 0, '친환경 라스트마일' 선점 경쟁 CLT(Cutting Edge Logistics Technology)/물류 최신기술 l 건기식부터 AIoT 물류...",#CU,0,0,0,2026-05-11 00:00:00,https://blog.naver.com/acesu/224281773084,데일리 물류 뉴스 5월12일화 8조 몸값 지킨 컬리 l 이베이 한국 셀러 역직구 매출 6분기 연속 성장 l 우체국택배 CU 손잡고 0 친환경 라스트마일 선점 경쟁 CLTCutting Edge Logistics Technology물류 최신기술 l 건기식부터 AIoT 물류 #CU,"['데일리', '물류', '뉴스', '몸값', '지키', '컬리', '이베이', '한국', '셀러', '직구', '매출', '분기', '연속', '성장', '우체국', '택배', '손잡', '환경', '라스트', '마일', '선점', '경쟁', '물류', '최신', '기술', '물류']"
1,3,CU 편의점 행사 건강기능식품 이뮨 비컴플 할인 후기,아마 5/15 에 더 쟁일까 고민하기는 한데 선물용으로 비컴플 좋은거같고 실제 먹는건 마그랩 좋은듯 ...,"#CU편의점건강식품추천,#cu편의점할인,#편의점,#추천,#CU건강기능식품,#cu할인행사,#후기,#CU,#cu건강식품,#cu편의점건기식,#할인",0,0,0,2026-05-09 00:00:00,https://blog.naver.com/jiyiloves2/224279805105,CU 편의점 행사 건강기능식품 이뮨 비컴플 할인 후기 아마 515 에 더 쟁일까 고민하기는 한데 선물용으로 비컴플 좋은거같고 실제 먹는건 마그랩 좋은듯  #CU편의점건강식품추천#cu편의점할인#편의점#추천#CU건강기능식품#cu할인행사#후기#CU#cu건강식품#cu편의점건기식#할인,"['편의점', '행사', '건강', '기능', '식품', '이뮨', '비컴플', '할인', '후기', '쟁이', '고민', '선물', '비컴플', '실제']"
1,3,"&quot;부모님 선물했는데...&quot; 영양제랑 약, 같이 먹어도 될까?... ","식약처는 지난해 8월부터 맞춤형 건기식 제품 포장의 QR코드로 관련 정보를 확인할 수 있는 시스템을 구축했습니다. 현재 GS25, CU, 정관장 등 주요 유통 채널에서도 관련 정보를 쉽게 확인할 수 있도록 안내...","#영양제,#CU",0,0,0,2026-05-08 00:00:00,https://blog.naver.com/todeng_pharm/224279384295,quot부모님 선물했는데quot 영양제랑 약 같이 먹어도 될까  식약처는 지난해 8월부터 맞춤형 건기식 제품 포장의 QR코드로 관련 정보를 확인할 수 있는 시스템을 구축했습니다 현재 GS25 CU 정관장 등 주요 유통 채널에서도 관련 정보를 쉽게 확인할 수 있도록 안내 #영양제#CU,"['부모', '선물', '영양제', '식약처', '지난해', '맞춤', '건기', '제품', '포장', '코드', '관련', '정보', '확인', '시스템', '구축', '관장', '주요', '유통', '채널', '관련', '정보', '확인', '안내']"
1,3,CU 편의점 건기식 최대 90% 할인받아 구매하기,편의점도 이벤트를 잘만 이용하면 건강기능식품(건기식) 구매하기 괜찮구나 싶어서 글 써봅니다....,"#편의점,#cu동아,#cu종근당,#cu건기식,#편의점영양제할인,#cu영양제결제방법,#cu건기식결제,#편의점영양제,#CU,#영양제",0,0,0,2026-05-08 00:00:00,https://blog.naver.com/diavol95/224278863593,CU 편의점 건기식 최대 90 할인받아 구매하기 편의점도 이벤트를 잘만 이용하면 건강기능식품건기식 구매하기 괜찮구나 싶어서 글 써봅니다 #편의점#cu동아#cu종근당#cu건기식#편의점영양제할인#cu영양제결제방법#cu건기식결제#편의점영양제#CU#영양제,"['편의점', '건기', '최대', '할인', '구매', '편의점', '이벤트', '이용', '건강', '기능', '식품', '건기', '구매', '괜찮']"
1,3,CU 편의점 토스페이 결제 건기식 90% 할인,CU 편의점에서 최대 90% 할인 구매할 수 있다고 해서 필요한 건기식으로 많이 담아왔어요.^^ CU × 토스페이 결제 이벤트 CU 편의점 건기식 최대 90% 할인은 토스페이로 결제 시 적용이 되는데요. 건기식 5개...,"#편의점,#CU",0,0,0,2026-05-08 00:00:00,https://blog.naver.com/army2799/224278623794,CU 편의점 토스페이 결제 건기식 90 할인 CU 편의점에서 최대 90 할인 구매할 수 있다고 해서 필요한 건기식으로 많이 담아왔어요 CU  토스페이 결제 이벤트 CU 편의점 건기식 최대 90 할인은 토스페이로 결제 시 적용이 되는데요 건기식 5개 #편의점#CU,"['편의점', '토스', '페이', '결제', '편의점', '최대', '할인', '구매', '필요', '건기', '토스', '페이', '결제', '이벤트', '편의점', '건기', '최대', '할인', '토스', '페이', '결제', '적용', '건기']"
1,3,CU 건강기능식품 90% 할인받기/개당 500원,할인 받으면 더 저렴해요 / 건강기능식품 17종 최대 90% 할인 https://www.pocketcu.co.kr/deepLink/checkAppInstall?viewType=1&amp;viewUrl=/event/eventView/9005260410125,"#CU건기식,#CU,#CU건강기능식품,#이벤트",0,0,0,2026-05-08 00:00:00,https://blog.naver.com/hoihoiyoiyoi/224278586517,CU 건강기능식품 90 할인받기개당 500원 할인 받으면 더 저렴해요  건강기능식품 17종 최대 90 할인 httpswwwpocketcucokrdeepLinkcheckAppInstallviewType1ampviewUrleventeventView9005260410125 #CU건기식#CU#CU건강기능식품#이벤트,"['건강', '기능', '식품', '할인', '할인', '저렴하', '건강', '기능', '식품', '최대']"
1,3,[CU] 건기식 17종 토스 90%  할인 (공휴일/기념일만),오늘또 건기식 할인하는 날! 기념일이라서여 어버이날! SKT 통신사까지 중복돼서 13통 3900원! 통신사없어두 저렴~ *5개이상! 큐알찍고 토스결제 재고조회하고 가보셔여...,#CU,0,0,0,2026-05-08 00:00:00,https://blog.naver.com/bboddo00_/224278318988,CU 건기식 17종 토스 90  할인 공휴일기념일만 오늘또 건기식 할인하는 날 기념일이라서여 어버이날 SKT 통신사까지 중복돼서 13통 3900원 통신사없어두 저렴 5개이상 큐알찍고 토스결제 재고조회하고 가보셔여 #CU,"['건기', '토스', '할인', '공휴일', '기념일', '건기', '할인', '기념일', '어버이날', '통신사', '중복', '통신사', '이상', '토스', '결제', '재고', '조회']"
1,3,경남제약 주가 전망,"이 제품은 비타민C, 구연산, 웰레몬을 함유한 탄산음료로 기획됐고, 전국 CU를 통해 우선 판매를... 편의점·이커머스·간식형 건기식 쪽으로 확장하려는 움직임이 보입니다. 이 부분은 분명 긍정적입니다....","#비타민,#편의점,#CU",0,0,0,2026-05-08 00:00:00,https://blog.naver.com/soft_waves/224278309911,경남제약 주가 전망 이 제품은 비타민C 구연산 웰레몬을 함유한 탄산음료로 기획됐고 전국 CU를 통해 우선 판매를 편의점이커머스간식형 건기식 쪽으로 확장하려는 움직임이 보입니다 이 부분은 분명 긍정적입니다 #비타민#편의점#CU,"['경남', '제약', '주가', '전망', '제품', '비타민', '연산', '레몬', '함유', '탄산', '음료', '기획', '전국', '통하', '판매', '편의점', '커머스', '간식', '건기', '확장', '움직임', '보이', '부분', '긍정']"
1,3,씨유 편의점 5월 이벤트 건강기능식품 90% 할인 결제수단 확인... ,"CU 건기식 할인 행사 내용 CU 편의점에서 5월 할인 행사로 건강기능식품 90% 할인 이벤트를 진행중이다. 토스페이 머니, 계좌로 결제 시 평소 80%, 주말 공휴일에는 90% 할인 행사다. 결제수단 확인 필수! 꼭...","#편의점,#CU",0,0,0,2026-05-07 00:00:00,https://blog.naver.com/kkoolog/224277568610,씨유 편의점 5월 이벤트 건강기능식품 90 할인 결제수단 확인  CU 건기식 할인 행사 내용 CU 편의점에서 5월 할인 행사로 건강기능식품 90 할인 이벤트를 진행중이다 토스페이 머니 계좌로 결제 시 평소 80 주말 공휴일에는 90 할인 행사다 결제수단 확인 필수 꼭 #편의점#CU,"['씨유', '편의점', '이벤트', '건강', '기능', '식품', '할인', '결제', '수단', '확인', '건기', '할인', '행사', '내용', '편의점', '할인', '행사', '건강', '기능', '식품', '할인', '이벤트', '진행', '토스', '페이', '머니', '계좌', '결제', '평소', '주말', '공휴일', '할인', '행사', '결제', '수단', '확인', '필수']"
1,3,"건기식·약, 함께 먹으면 ‘독’?… QR로 병용 섭취 주의 정보... ","유통 채널 배포: 해당 QR 코드는 다이소, GS25, CU, 정관장 등 주요 건기식 유통 매장에도 배포되어 접근성을 높였습니다. 3. 향후 서비스 고도화 계획 식약처는 정보 취약 계층인 어르신 등을 위해 교육을...",#CU,0,0,0,2026-05-07 00:00:00,https://blog.naver.com/01goodday/224275041856,건기식약 함께 먹으면 독 QR로 병용 섭취 주의 정보  유통 채널 배포 해당 QR 코드는 다이소 GS25 CU 정관장 등 주요 건기식 유통 매장에도 배포되어 접근성을 높였습니다 3 향후 서비스 고도화 계획 식약처는 정보 취약 계층인 어르신 등을 위해 교육을 #CU,"['건기', '병용', '섭취', '주의', '정보', '유통', '채널', '배포', '코드', '다이소', '관장', '주요', '건기', '유통', '매장', '배포', '접근', '높이', '향후', '서비스', '고도', '계획', '식약처', '정보', '취약', '계층', '어르신', '위하', '교육']"
1,3,CU 건강기능식품 최대 90% 할인?! 5월 역대급 행사 조건 총정리,점포마다 행사상품 다름 어떤 매장은 거의 없고 어떤 곳은 건기식 코너가 꽤 크게 들어와 있다는 후기도 있습니다. 그래서 큰 매장이나 번화가 CU가 유리하다는 반응도 있어요. &quot;이 포스팅은 네이버 쇼핑...,"#후기,#CU",0,0,0,2026-05-06 00:00:00,https://blog.naver.com/sadieu/224276685424,CU 건강기능식품 최대 90 할인 5월 역대급 행사 조건 총정리 점포마다 행사상품 다름 어떤 매장은 거의 없고 어떤 곳은 건기식 코너가 꽤 크게 들어와 있다는 후기도 있습니다 그래서 큰 매장이나 번화가 CU가 유리하다는 반응도 있어요 quot이 포스팅은 네이버 쇼핑 #후기#CU,"['건강', '기능', '식품', '최대', '역대', '행사', '조건', '정리', '점포', '행사', '상품', '다르', '매장', '건기', '코너', '들어오', '후기', '매장', '번화가', '유리', '반응', '포스팅', '네이버 쇼핑']"
1,3,| 정보 | CU 건강기능식품 90% 할인(개당 500원),"CU 건강기능식품 90% 할인(개당 500원) CU에서는 5월 1달간 건강기능식품을 할인한다. 공휴일과 기념일에는 90% 할인, 나머지 날에는 80% 할인이다. 대상은 다음과 같다. 최대 할인을 받으려면 13개...",#CU,0,0,0,2026-05-06 00:00:00,https://blog.naver.com/pursuittttttttt/224276184645, 정보  CU 건강기능식품 90 할인개당 500원 CU 건강기능식품 90 할인개당 500원 CU에서는 5월 1달간 건강기능식품을 할인한다 공휴일과 기념일에는 90 할인 나머지 날에는 80 할인이다 대상은 다음과 같다 최대 할인을 받으려면 13개 #CU,"['정보', '건강', '기능', '식품', '할인', '건강', '기능', '식품', '할인', '건강', '기능', '식품', '할인', '공휴일', '기념일', '나머지', '할인', '대상', '다음', '최대', '할인']"
1,3,CU 건강기능식품 90% 할인 13개 2천원대 득템 구매 순서 꿀팁,1?? 제품 스캔 (건기식 13개 몽땅!) 2?? CU VIP 쿠폰 스캔 (있으신 분들만) 3?? SKT 등 통신사 멤버십 바코드 스캔 (있으신 분들만) 4?? 포켓CU QR 스캔 (토스페이 결제 행사 적용용) 5?? Toss 페이 QR 스캔...,#CU,0,0,0,2026-05-05 00:00:00,https://blog.naver.com/togang2e/224275675680,CU 건강기능식품 90 할인 13개 2천원대 득템 구매 순서 꿀팁 1 제품 스캔 건기식 13개 몽땅 2 CU VIP 쿠폰 스캔 있으신 분들만 3 SKT 등 통신사 멤버십 바코드 스캔 있으신 분들만 4 포켓CU QR 스캔 토스페이 결제 행사 적용용 5 Toss 페이 QR 스캔 #CU,"['건강', '기능', '식품', '할인', '득템', '구매', '순서', '제품', '스캔', '쿠폰', '스캔', '통신사', '멤버십', '바코드', '스캔', '포켓', '스캔', '토스', '페이', '결제', '행사', '적용', '페이', '스캔']"
1,3,[CU] 건기식 -마그랩포에너지/스트레스 8병 4800원  (비씨... ,여러분 이것두 좋네여!! 이것도 공휴일/기념일만! 오늘지나면 8일에 또 이가격 나옴! 마그랩포에너지/스트레스 1+1이라 8병 최종가 4800나와여! 픽업주문하면 3천할쿠 떠서 적용되고...,#CU,0,0,0,2026-05-05 00:00:00,https://blog.naver.com/bboddo00_/224275673086,CU 건기식 마그랩포에너지스트레스 8병 4800원  비씨  여러분 이것두 좋네여 이것도 공휴일기념일만 오늘지나면 8일에 또 이가격 나옴 마그랩포에너지스트레스 11이라 8병 최종가 4800나와여 픽업주문하면 3천할쿠 떠서 적용되고 #CU,"['건기', '마그랩포', '에너지', '스트레스', '비씨', '여러분', '이것', '이것', '공휴일', '기념일', '지나', '가격', '나오', '에너지', '스트레스', '최종', '나오', '픽업', '주문', '적용']"
1,3,cu 건강기능식품 할인받기,받으세요. 대상일자 5월1일 5월5일 5월8일 5일15일 건강기능식품 17종 5개 이상 구입하면 할인받을수 있다고 합니다 5월1일은 늦게 알고 구입 못하고 오늘은 저도...,"#편의점,#건기식,#cu편의점,#할인,#CU,#건강기능식품",0,0,0,2026-05-05 00:00:00,https://blog.naver.com/suhoo23/224275585226,cu 건강기능식품 할인받기 받으세요 대상일자 5월1일 5월5일 5월8일 5일15일 건강기능식품 17종 5개 이상 구입하면 할인받을수 있다고 합니다 5월1일은 늦게 알고 구입 못하고 오늘은 저도 #편의점#건기식#cu편의점#할인#CU#건강기능식품,"['건강', '기능', '식품', '할인', '대상', '일자', '건강', '기능', '식품', '이상', '구입', '할인', '구입', '오늘']"
1,3,"CU 종근당, 동아 건기식 90% 토스 할인 이벤트 구매 후기 공개",영양제입니다 CU 앱에서 재고 확인 후 가세요! 저는 1일과 5일 총 2일간 구매했고 재고 확인을 한 후 제가 사고 싶은 제품이 있는 곳을 방문했습니다 건기식 구매 후기 저는 종근당 건강만 구매했고 다이어트...,"#후기,#영양제,#CU",0,0,0,2026-05-05 00:00:00,https://blog.naver.com/lazisstt/224275523540,CU 종근당 동아 건기식 90 토스 할인 이벤트 구매 후기 공개 영양제입니다 CU 앱에서 재고 확인 후 가세요 저는 1일과 5일 총 2일간 구매했고 재고 확인을 한 후 제가 사고 싶은 제품이 있는 곳을 방문했습니다 건기식 구매 후기 저는 종근당 건강만 구매했고 다이어트 #후기#영양제#CU,"['종근당', '동아', '건기', '토스', '할인', '이벤트', '구매', '후기', '공개', '영양제', '재고', '확인', '구매', '재고', '확인', '제품', '방문', '건기', '구매', '후기', '종근당', '건강', '구매', '다이어트']"
1,3,CU편의점 토스페이 할인 건강기능식품 건기식 추천,재고도 거의 없어서 못쟁이는 중 사놓은거나 잘 먹어보겠습니다!,"#편의점,#추천,#cu종근당할인,#cu건기식할인,#CU토스페이할인,#cu건강기능식품,#cu종근당,#추천제품,#CU편의점할인,#편의점건기식,#CU,#편의점건강기능식품",0,0,0,2026-05-05 00:00:00,https://blog.naver.com/jiyiloves2/224275461737,CU편의점 토스페이 할인 건강기능식품 건기식 추천 재고도 거의 없어서 못쟁이는 중 사놓은거나 잘 먹어보겠습니다 #편의점#추천#cu종근당할인#cu건기식할인#CU토스페이할인#cu건강기능식품#cu종근당#추천제품#CU편의점할인#편의점건기식#CU#편의점건강기능식품,"['편의점', '토스', '페이', '할인', '건강', '기능', '식품', '건기', '추천', '재고', '쟁이']"
1,3,[CU X 토스페이] 건강기능식품 90% 할인! 파격 혜택!!,"종근당, 동아 2개 제조사 총 17개 상품 판매 중 5/5, 5/8, 5/15에 동일 제조사 상품으로 5개 이상 포켓CU 어플 내 QR코드 스캔 후 토스페이 머니/계좌로 구매 시 50정에 2,500원이니 완전 꿀이벤트!...",#CU,0,0,0,2026-05-05 00:00:00,https://blog.naver.com/hppy100/224275443522,CU X 토스페이 건강기능식품 90 할인 파격 혜택 종근당 동아 2개 제조사 총 17개 상품 판매 중 55 58 515에 동일 제조사 상품으로 5개 이상 포켓CU 어플 내 QR코드 스캔 후 토스페이 머니계좌로 구매 시 50정에 2500원이니 완전 꿀이벤트 #CU,"['토스', '페이', '건강', '기능', '식품', '할인', '파격', '혜택', '종근당', '동아', '제조사', '상품', '판매', '동일', '제조사', '상품', '이상', '포켓', '어플', '코드', '스캔', '토스', '페이', '머니', '계좌', '구매', '이벤트']"
1,3,[CU] 건기식 17종 토스 90%  할인 (SKT중복 가능... ,+) 페이스페이 쿠폰도 중복된대요 대박~~ 이거 안사시나여? 공휴일/기념일만이에요~ 오늘 안사면 8일에 또 90% 재고있을때 사보세용 SKT 통신사까지 중복돼서 13통 3900원...,#CU,0,0,0,2026-05-05 00:00:00,https://blog.naver.com/bboddo00_/224275295278,CU 건기식 17종 토스 90  할인 SKT중복 가능   페이스페이 쿠폰도 중복된대요 대박 이거 안사시나여 공휴일기념일만이에요 오늘 안사면 8일에 또 90 재고있을때 사보세용 SKT 통신사까지 중복돼서 13통 3900원 #CU,"['건기', '토스', '중복', '가능', '페이스', '페이', '쿠폰', '중복', '이거', '공휴일', '기념일', '보세', '통신사', '중복']"
1,3,토스 x 씨유 건강기능식품 90% 할인 l 준비물ㅣ순서 I 주의할점,주변 CU가 새로 생겼고 심지어 페이스페이까지 됨 재고 조회하니까 오픈한지 얼마 안되어 재고 넉넉 바로 꼬 준비물 -SKT 멤버십 -CU 큐알 -토스페이 (나는 페이스페이) 결론부터 보자면 종근당 간건강 6개...,#CU,0,0,0,2026-05-05 00:00:00,https://blog.naver.com/higlji/224275241601,토스 x 씨유 건강기능식품 90 할인 l 준비물순서 I 주의할점 주변 CU가 새로 생겼고 심지어 페이스페이까지 됨 재고 조회하니까 오픈한지 얼마 안되어 재고 넉넉 바로 꼬 준비물 SKT 멤버십 CU 큐알 토스페이 나는 페이스페이 결론부터 보자면 종근당 간건강 6개 #CU,"['토스', '씨유', '건강', '기능', '식품', '준비물', '순서', '주의', '주변', '생기', '페이스', '페이', '재고', '조회', '오픈', '얼마', '재고', '준비물', '멤버십', '토스', '페이', '페이스', '페이', '결론', '종근당', '건강']"
1,3,"CU 편의점 건기식 90% 할인 대란, 종근당 비타민 12개 3600원... ",아무튼 싸게 샀으니 아침마다 까먹지 말고 잘 챙겨 먹어야겠습니다.,"#편의점,#종근당비타민할인,#T멤버십할인,#CU건기식,#편의점할인꿀팁,#내돈내산후기,#CU행사,#토스페이할인,#후기,#생활비방어,#쌍둥이육아,#30대직장인,#CU,#비타민",0,0,0,2026-05-05 00:00:00,https://blog.naver.com/doublepapa/224275141318,CU 편의점 건기식 90 할인 대란 종근당 비타민 12개 3600원  아무튼 싸게 샀으니 아침마다 까먹지 말고 잘 챙겨 먹어야겠습니다 #편의점#종근당비타민할인#T멤버십할인#CU건기식#편의점할인꿀팁#내돈내산후기#CU행사#토스페이할인#후기#생활비방어#쌍둥이육아#30대직장인#CU#비타민,"['편의점', '건기', '할인', '대란', '종근당', '비타민', '아침', '까먹', '챙기']"
1,3,[CU] 건기식 17종 토스 90%  할인 (공휴일/기념일만),오늘 또 이거하는날! 공휴일만이에요~~ 진짜 싸서 핫하더라구영~~~ *5개이상! 큐알찍고 토스결제 재고조회하고 가보셔여~ https://www.pocketcu.co.kr/deepLink/checkAppInstall?...,#CU,0,0,0,2026-05-05 00:00:00,https://blog.naver.com/bboddo00_/224274947474,CU 건기식 17종 토스 90  할인 공휴일기념일만 오늘 또 이거하는날 공휴일만이에요 진짜 싸서 핫하더라구영 5개이상 큐알찍고 토스결제 재고조회하고 가보셔여 httpswwwpocketcucokrdeepLinkcheckAppInstall #CU,"['건기', '토스', '할인', '공휴일', '기념일', '이거', '공휴일', '핫하', '이상', '토스', '결제', '재고', '조회']"
1,3,유통 데일리-Vol.0022026년 5월 2일 (토),"시사점 건기식 이마트 '이팩트', 롯데마트 '오늘존', 올리브영 '탄탄' 등 PB 건기식 채널 다변화 가속.... GS25·CU·이마트24 모두 이 물량을 눈독 들이고 있다. 대형마트 20개 폐점 공백도 이마트와 롯데마트가...",#CU,0,0,0,2026-05-02 00:00:00,https://blog.naver.com/somoli/224272796608,유통 데일리Vol0022026년 5월 2일 토 시사점 건기식 이마트 이팩트 롯데마트 오늘존 올리브영 탄탄 등 PB 건기식 채널 다변화 가속 GS25CU이마트24 모두 이 물량을 눈독 들이고 있다 대형마트 20개 폐점 공백도 이마트와 롯데마트가 #CU,"['유통', '데일리', '시사점', '건기', '이마트', '팩트', '롯데마트', '올리브', '건기', '채널', '다변', '가속', '이마트', '물량', '눈독', '들이', '대형', '마트', '폐점', '공백', '이마트', '롯데마트']"
1,3,토스페이머니로 cu건강기능식품 영양제 240알 12000원에... ,190원 프리바이오틱스도 대량 구매해도 150원은 훨씬 넘으니 완전 이득입니다ㅎ 나머지 날들도 사야겠어요ㅎㅎ,"#cu토스건기식,#영양제토스,#앱테크,#이벤트,#cu이벤트,#영양제,#토스이벤트,#CU,#짠테크",0,0,0,2026-05-01 00:00:00,https://blog.naver.com/dray1004/224271904058,토스페이머니로 cu건강기능식품 영양제 240알 12000원에  190원 프리바이오틱스도 대량 구매해도 150원은 훨씬 넘으니 완전 이득입니다 나머지 날들도 사야겠어요 #cu토스건기식#영양제토스#앱테크#이벤트#cu이벤트#영양제#토스이벤트#CU#짠테크,"['토스', '페이', '머니', '건강', '기능', '식품', '영양제', '프리', '바이오', '대량', '구매', '이득', '나머지']"
1,3,할인 ) 포켓CU 토스페이 결제시 건기식 17종 공휴일 90%  할인,"건강기능식품 17종 중 5개 이상 구매시 토스페이 머니, 계좌로 결제하면 최대 80% 할인 5월 1월 / 5일 / 8일 / 15일 공휴일은 최대90% 할인적용 포켓cU QR 스캔 후 토스페이 결제하기",#CU,0,0,0,2026-05-01 00:00:00,https://blog.naver.com/celyena/224271272349,할인  포켓CU 토스페이 결제시 건기식 17종 공휴일 90  할인 건강기능식품 17종 중 5개 이상 구매시 토스페이 머니 계좌로 결제하면 최대 80 할인 5월 1월  5일  8일  15일 공휴일은 최대90 할인적용 포켓cU QR 스캔 후 토스페이 결제하기 #CU,"['할인', '포켓', '토스', '페이', '결제', '건기', '공휴일', '건강', '기능', '식품', '이상', '구매', '토스', '페이', '머니', '계좌', '결제', '최대', '공휴일', '최대', '할인', '적용', '포켓', '스캔', '토스', '페이', '결제']"
1,3,[포켓CU] 건기식 17종 공휴일 90%  할인 / [전자랜드] 최대... ,*5개이상! 큐알찍고 토스결제 할인 크네요! 공휴일만 90%라 오늘 재고조회하고 가보셔여~~ 건강기능식품 17종 최대 90% 할인 https://www.pocketcu.co.kr/deepLink...,#CU,0,0,0,2026-05-01 00:00:00,https://blog.naver.com/bboddo00_/224271269121,포켓CU 건기식 17종 공휴일 90  할인  전자랜드 최대  5개이상 큐알찍고 토스결제 할인 크네요 공휴일만 90라 오늘 재고조회하고 가보셔여 건강기능식품 17종 최대 90 할인 httpswwwpocketcucokrdeepLink #CU,"['포켓', '건기', '공휴일', '전자랜드', '최대', '이상', '토스', '결제', '할인', '공휴일', '오늘', '재고', '조회', '건강', '기능', '식품', '최대']"
1,3,"“5000원도 무너졌다”…건강기능식품, 초저가 경쟁 본격화","CU는 올해 건기식 특화 매장을 1만 개까지 늘릴 계획이며, 종근당·동화약품 등과 협업해 기능성 중심 제품을 강화하고 있다. GS25와 세븐일레븐 역시 관련 상품을 확대하며 경쟁에 가세했다. 퀵커머스 시장도...",#CU,0,0,0,2026-04-30 00:00:00,https://blog.naver.com/foodtoday1/224270616869,5000원도 무너졌다건강기능식품 초저가 경쟁 본격화 CU는 올해 건기식 특화 매장을 1만 개까지 늘릴 계획이며 종근당동화약품 등과 협업해 기능성 중심 제품을 강화하고 있다 GS25와 세븐일레븐 역시 관련 상품을 확대하며 경쟁에 가세했다 퀵커머스 시장도 #CU,"['무너지', '건강', '기능', '식품', '저가', '경쟁', '본격', '올해', '건기', '특화', '매장', '늘리', '계획', '종근당', '동화약품', '협업', '기능', '중심', '제품', '강화', '세븐일레븐', '관련', '상품', '확대', '경쟁', '가세', '커머스', '시장']"
1,3,[GS25] GS25 편의점 다이어트 빵 추천 널담 고단백저당 베이글... ,"음료, 건기식 음료도 다른 편의점보다 종류가 몇배 많아보여요 . 냉동/냉장 간편식 하겐다즈도 맛이... 문자로 Cu, gs25, 세븐일레븐 등에서 6천원 이상 구매시 , 5천원 결제일 할인 쿠폰을 보내주는데 1+1 행사와...","#편의점,#추천,#CU",0,0,0,2026-04-23 00:00:00,https://blog.naver.com/ddon180/224262798855,GS25 GS25 편의점 다이어트 빵 추천 널담 고단백저당 베이글  음료 건기식 음료도 다른 편의점보다 종류가 몇배 많아보여요  냉동냉장 간편식 하겐다즈도 맛이 문자로 Cu gs25 세븐일레븐 등에서 6천원 이상 구매시  5천원 결제일 할인 쿠폰을 보내주는데 11 행사와 #편의점#추천#CU,"['편의점', '다이어트', '추천', '단백', '베이글', '음료', '음료', '편의점', '종류', '보이', '냉동', '냉장', '편식', '하겐다즈도', '문자', '세븐일레븐', '이상', '구매', '결제일', '할인', '쿠폰', '보내', '행사']"
1,3,"&quot;진짜 끔찍해&quot; 21세 男, '나비 피부병' 뭐길래?","맞춤형 건기식을 찾고, 중년 남성들이 전립선 건강을 회복하기 위해 노력하듯, 신체적 결함이라는 병목 현상을 정신력으로 뚫어내는 메시츠의 모습은 많은 이들에게 깊은 울림을 줍니다. CU 편의점의 물류...","#편의점,#CU",0,0,0,2026-04-22 00:00:00,https://blog.naver.com/pangpang4294/224260806740,quot진짜 끔찍해quot 21세  나비 피부병 뭐길래 맞춤형 건기식을 찾고 중년 남성들이 전립선 건강을 회복하기 위해 노력하듯 신체적 결함이라는 병목 현상을 정신력으로 뚫어내는 메시츠의 모습은 많은 이들에게 깊은 울림을 줍니다 CU 편의점의 물류 #편의점#CU,"['나비', '피부병', '맞춤', '건기', '중년', '남성', '전립선', '건강', '회복', '위하', '노력', '신체', '결함', '병목', '현상', '정신력', '메시츠', '모습', '울림', '편의점', '물류']"
1,3,"66만 유튜버 개조이, 유부녀 사실 깜짝 고백",한편 CU 편의점의 물류 마비 사태로 인해 많은 직장인이 간편식 구매에 어려움을 겪는 혼란 속에서도... 정보 탐색의 중심지 최근 조사에 따르면 건기식 정보 탐색 채널 중 동영상 플랫폼이 차지하는 비중이...,"#편의점,#CU",0,0,0,2026-04-22 00:00:00,https://blog.naver.com/zz3916730/224260798480,66만 유튜버 개조이 유부녀 사실 깜짝 고백 한편 CU 편의점의 물류 마비 사태로 인해 많은 직장인이 간편식 구매에 어려움을 겪는 혼란 속에서도 정보 탐색의 중심지 최근 조사에 따르면 건기식 정보 탐색 채널 중 동영상 플랫폼이 차지하는 비중이 #편의점#CU,"['유튜버', '개조', '유부녀', '고백', '한편', '편의점', '물류', '마비', '사태', '직장인', '구매', '어려움', '혼란', '정보', '탐색', '중심지', '조사', '따르', '건기', '정보', '탐색', '채널', '동영상', '플랫폼', '차지', '비중']"
1,3,유통 데일리 Vol.354 | 2026년 04월 20일 (화),이마트에브리데이 5K프라이스 프로틴 쉐이크 시리즈 출시로 가성비 건기식 채널 진입 가속화 간편식 세븐일레븐·CU 등 편의점 간편식 외국인 고객 30~60% 신장 기록. K-푸드 간편식 수출 동력화 가속. 마트도...,"#편의점,#가성비,#CU",0,0,0,2026-04-21 00:00:00,https://blog.naver.com/somoli/224259514917,유통 데일리 Vol354  2026년 04월 20일 화 이마트에브리데이 5K프라이스 프로틴 쉐이크 시리즈 출시로 가성비 건기식 채널 진입 가속화 간편식 세븐일레븐CU 등 편의점 간편식 외국인 고객 3060 신장 기록 K푸드 간편식 수출 동력화 가속 마트도 #편의점#가성비#CU,"['유통', '데일리', '이마트', '브리', '데이', '프라이스', '프로', '쉐이크', '시리즈', '출시', '가성비', '건기', '채널', '진입', '가속', '편식', '세븐일레븐', '편의점', '편식', '외국인', '고객', '신장', '기록', '푸드', '편식', '수출', '동력', '가속', '마트']"
1,3,성북구다이어트 셀포랩 슬림패스 누워서하는 온열관리 후기,및 건기식 구비 꾸준히 찾게 될 수 밖에 없는 성북구다이어트 맛집 셀포랩 슬림패스에서 다이어트 프로그램을 받고 온 후기입니다 :D 셀포랩 슬림패스 서울 성북구 동소문동7가 77 cu 건물 2층 ?운영시간...,"#후기,#CU",0,0,0,2026-04-19 00:00:00,https://blog.naver.com/lastnameischoii/224257546212,성북구다이어트 셀포랩 슬림패스 누워서하는 온열관리 후기 및 건기식 구비 꾸준히 찾게 될 수 밖에 없는 성북구다이어트 맛집 셀포랩 슬림패스에서 다이어트 프로그램을 받고 온 후기입니다 D 셀포랩 슬림패스 서울 성북구 동소문동7가 77 cu 건물 2층 운영시간 #후기#CU,"['성북구', '다이어트', '슬림', '패스', '관리', '후기', '건기', '구비', '성북구', '다이어트', '맛집', '슬림', '패스', '다이어트', '프로그램', '후기', '슬림', '패스', '서울', '성북구', '소문', '건물', '운영', '시간']"
1,3,CVS가 800개 매장을 닫고 다시 여는 이유 ? 유통 채널이... ,"CU는 업계 최초로 건강기능식품을 도입하고, 건기식 특화점을 6,000점까지 늘리고 있어요. 재밌는 건 구매 고객의 60% 이상이 2030세대라는 점이에요. 건기식이 더 이상 부모님 세대 이야기가 아닌 거죠....",#CU,0,0,0,2026-04-14 00:00:00,https://blog.naver.com/commercebehind/224251807818,CVS가 800개 매장을 닫고 다시 여는 이유  유통 채널이  CU는 업계 최초로 건강기능식품을 도입하고 건기식 특화점을 6000점까지 늘리고 있어요 재밌는 건 구매 고객의 60 이상이 2030세대라는 점이에요 건기식이 더 이상 부모님 세대 이야기가 아닌 거죠 #CU,"['매장', '이유', '유통', '채널', '업계', '최초', '건강', '기능', '식품', '도입', '건기', '특화', '늘리', '재밌', '구매', '고객', '이상', '세대', '이상', '부모', '세대', '이야기', '아니']"
1,3,26년 4월 14일  안장 출근길 뉴스 헤드라인,"“건강하려고 먹었는데”…건기식 ‘이상사례’, 5년새 3배 늘었다 7. “편의점에서 명품을?”… CU, 앱으로 프라다 가방까지 판다 ㄴ 명품 아니면 초저가…소비 양극화 가속화 8. '릴스 중독'에 떼돈...","#편의점,#CU",0,0,0,2026-04-14 00:00:00,https://blog.naver.com/anjangram/224251551691,26년 4월 14일  안장 출근길 뉴스 헤드라인 건강하려고 먹었는데건기식 이상사례 5년새 3배 늘었다 7 편의점에서 명품을 CU 앱으로 프라다 가방까지 판다  명품 아니면 초저가소비 양극화 가속화 8 릴스 중독에 떼돈 #편의점#CU,"['안장', '출근길', '뉴스', '헤드라인', '건강', '건기', '이상', '사례', '편의점', '명품', '프라다', '가방', '명품', '아니', '저가', '소비', '양극', '가속', '릴스', '중독', '떼돈']"
1,3,"단백질바부터 비프버거까지, 혈당은 덜 흔들고 포만감은... ","샐러드·건기식·저당 간식 등 결심 상품 매출 급증’, BGF 보도자료 ‘CU, 990원 고단백 저당 시리얼바로 PBICK 확대’, 하림 보도자료 ‘오!늘단백 초코바 2종 출시’, 풀무원다논 ‘풀무원요거트 그릭...",#CU,0,0,0,2026-04-09 00:00:00,https://blog.naver.com/geul_geul/224246309441,단백질바부터 비프버거까지 혈당은 덜 흔들고 포만감은  샐러드건기식저당 간식 등 결심 상품 매출 급증 BGF 보도자료 CU 990원 고단백 저당 시리얼바로 PBICK 확대 하림 보도자료 오늘단백 초코바 2종 출시 풀무원다논 풀무원요거트 그릭 #CU,"['단백질', '비프', '버거', '혈당', '흔들', '포만감', '샐러드', '저당', '간식', '결심', '상품', '매출', '급증', '보도', '자료', '단백', '시리얼', '확대', '보도', '자료', '단백', '초코', '출시', '풀무원다논', '풀무원', '요거트', '그릭']"
1,3,밥 대신 단백질 스낵? 라벨 꼼꼼히 따지는 다이어터의 편의점... ,"‘샐러드·건기식·저당 간식 등 결심 상품 매출 급증’, BGF리테일 ‘CU, 건강 식품 매출 137% 껑충! 건강기능식품 도입 추진’, 식품의약품안전처 ‘2026년 영양표시제도 주요 변경사항 알림’, 하림 ‘신제품...","#편의점,#CU",0,0,0,2026-04-08 00:00:00,https://blog.naver.com/geul_geul/224245705746,밥 대신 단백질 스낵 라벨 꼼꼼히 따지는 다이어터의 편의점  샐러드건기식저당 간식 등 결심 상품 매출 급증 BGF리테일 CU 건강 식품 매출 137 껑충 건강기능식품 도입 추진 식품의약품안전처 2026년 영양표시제도 주요 변경사항 알림 하림 신제품 #편의점#CU,"['대신', '단백질', '스낵', '라벨', '따지', '다이어터', '편의점', '샐러드', '저당', '간식', '결심', '상품', '매출', '급증', 'BGF리테일', '건강', '식품', '매출', '건강', '기능', '식품', '도입', '추진', '식품', '의약품', '안전처', '영양', '표시', '제도', '주요', '변경', '사항', '알림', '제품']"
1,3,헬스·러닝 즐기는 2030이라면… 나도 모르게 50조 시장... ,"62%, CU는 무려 87.4%에 달해요. CU 건강기능식품 매출은 2021년부터 3년 연속 두 자릿수 성장을... ③ 내 소비 구조도 같이 점검해보세요 술자리 줄고 헬스장·건기식 지출이 늘었다면, 오히려 고정비 구조가 바뀐...",#CU,0,0,0,2026-04-03 00:00:00,https://blog.naver.com/breathing_room_/224240037898,헬스러닝 즐기는 2030이라면 나도 모르게 50조 시장  62 CU는 무려 874에 달해요 CU 건강기능식품 매출은 2021년부터 3년 연속 두 자릿수 성장을  내 소비 구조도 같이 점검해보세요 술자리 줄고 헬스장건기식 지출이 늘었다면 오히려 고정비 구조가 바뀐 #CU,"['헬스', '러닝', '즐기', '모르', '시장', '달하', '건강', '기능', '식품', '매출', '연속', '자릿수', '성장', '소비', '구조', '점검', '술자리', '헬스', '건기', '지출', '고정비', '구조', '바뀌']"
1,3,&quot;요즘 진짜 하나도 안 보이네&quot;…술집서 사라진 젊은이들 다... ,5배 증가 편의점 건강식 구매 비중 (2030) GS25: 62% CU: 87.4% 이번 트렌드의 시사점 술은 더 이상 “필수... 영양제·건기식 소비 증가 홈트레이닝 시장 성장 공통점: “나를 위한 소비” ?? (참고) 관련 제도 및...,"#편의점,#영양제,#CU",0,0,0,2026-04-03 00:00:00,https://blog.naver.com/investment_future/224239478505,quot요즘 진짜 하나도 안 보이네quot술집서 사라진 젊은이들 다  5배 증가 편의점 건강식 구매 비중 2030 GS25 62 CU 874 이번 트렌드의 시사점 술은 더 이상 필수 영양제건기식 소비 증가 홈트레이닝 시장 성장 공통점 나를 위한 소비  참고 관련 제도 및 #편의점#영양제#CU,"['하나', '보이', '술집', '사라지', '젊은이', '증가', '편의점', '건강식', '구매', '비중', '이번', '트렌드', '시사점', '이상', '필수', '영양제', '건기', '소비', '증가', '트레이닝', '시장', '성장', '공통점', '위하', '소비', '참고', '관련', '제도']"
1,3,"&quot;술 사 먹을 돈 없나요? 아니요, 그 돈으로 '근육' 샀습니다!... ","술집 대신 '편의점 건기식'으로 몰리는 돈 술 마실 돈으로 이 친구들, 건강을 삽니다. CU 건기식 매출 87%가 MZ: 편의점에서 비타민, 단백질 셰이크 사 먹는 사람 10명 중 9명이 2030입니다. 매출 성장률이 매년 20~40...","#비타민,#편의점,#CU",0,0,0,2026-04-03 00:00:00,https://blog.naver.com/shj600220/224239338019,quot술 사 먹을 돈 없나요 아니요 그 돈으로 근육 샀습니다  술집 대신 편의점 건기식으로 몰리는 돈 술 마실 돈으로 이 친구들 건강을 삽니다 CU 건기식 매출 87가 MZ 편의점에서 비타민 단백질 셰이크 사 먹는 사람 10명 중 9명이 2030입니다 매출 성장률이 매년 2040 #비타민#편의점#CU,"['근육', '술집', '대신', '편의점', '건기', '몰리', '마시', '친구', '건강', '건기', '매출', '편의점', '비타민', '단백질', '셰이크', '사람', '매출', '성장']"
1,3,영양제가 젤리로 | CJ웰케어 건강구미 7종 성분·구매처 완벽... ,"형태: 달콤청량한 과일맛 젤리 용량: 10일분 소포장 밀봉 파우치 식약처 인증 건기식 4종: 눈건강 루테인, 멀티비타민&amp;미네랄, 풍성영양 비오틴, 뼈건강 비타민D&amp;아연 구매처: 편의점 3종(GS25·CU) + 온라인 7종...","#비타민,#편의점,#영양제,#CU",0,0,0,2026-04-01 00:00:00,https://blog.naver.com/kangdw_1010/224237045147,영양제가 젤리로  CJ웰케어 건강구미 7종 성분구매처 완벽  형태 달콤청량한 과일맛 젤리 용량 10일분 소포장 밀봉 파우치 식약처 인증 건기식 4종 눈건강 루테인 멀티비타민amp미네랄 풍성영양 비오틴 뼈건강 비타민Damp아연 구매처 편의점 3종GS25CU  온라인 7종 #비타민#편의점#영양제#CU,"['영양제', '젤리', '케어', '건강', '구미', '성분', '구매', '완벽', '형태', '과일', '젤리', '용량', '포장', '밀봉', '파우치', '식약처', '인증', '건강', '루테', '멀티', '비타민', '미네랄', '풍성', '영양', '비오티', '건강', '비타민', '아연', '구매처', '편의점', '온라인']"
1,3,[보름 일기] 봄동비빔밥/밥도둑참치/뽀니콜라보 4종 후기,쿠팡 체험단으로 받은 담백 하루 혈당 케어 바나바 맥스 건기식 제품인데 플라시보 효과인지 먹고... 구매 CU나 GS25였으면 좋았을걸 우리 집 근처엔 이마트24 지점이 없어서 생고생했다 흑임자 사르르산도 제일...,"#후기,#CU",0,0,0,2026-04-01 00:00:00,https://blog.naver.com/bitez1p/224236428460,보름 일기 봄동비빔밥밥도둑참치뽀니콜라보 4종 후기 쿠팡 체험단으로 받은 담백 하루 혈당 케어 바나바 맥스 건기식 제품인데 플라시보 효과인지 먹고 구매 CU나 GS25였으면 좋았을걸 우리 집 근처엔 이마트24 지점이 없어서 생고생했다 흑임자 사르르산도 제일 #후기#CU,"['보름', '일기', '봄동', '비빔밥', '밥도둑', '참치', '콜라', '후기', '쿠팡', '체험', '하루', '혈당', '케어', '맥스', '건기', '제품', '플라시보', '효과', '구매', '우리', '근처', '이마트', '지점', '고생', '흑임자']"
1,3,소용량 건강기능식품 인기 상승 이유와 소비 패턴 변천,"CU에서는 매출이 19배 증가했고, 처음 출시된 시점과 비교할 때 71배 폭발적인 성장을 보였답니다. 작은... 처음 건기식을 접하는 사람에게는 “효과가 있을까?”라는 불확실성을 줄여주기도 하죠. 부담 없는...",#CU,0,0,0,2026-03-26 00:00:00,https://blog.naver.com/sonzt2qf/224223634615,소용량 건강기능식품 인기 상승 이유와 소비 패턴 변천 CU에서는 매출이 19배 증가했고 처음 출시된 시점과 비교할 때 71배 폭발적인 성장을 보였답니다 작은 처음 건기식을 접하는 사람에게는 효과가 있을까라는 불확실성을 줄여주기도 하죠 부담 없는 #CU,"['용량', '건강', '기능', '식품', '인기', '상승', '이유', '소비', '패턴', '변천', '매출', '증가', '처음', '출시', '시점', '비교', '폭발', '성장', '보이', '처음', '건기', '접하', '사람', '효과', '줄이', '부담']"
1,3,"이마트 5K PRICE 매출 40% 급증, 유통업계 균일가 전략 총정리",건기식의 경우 약국 대비 절반 이하 가격에 동일 성분 제품을 구매할 수 있다는 점이 입소문을... CU와 GS25는 소비 침체와 이커머스의 동시 공세 속에서 PB(자체 브랜드) 상품 기획력을 생존 무기로 내세우고...,#CU,0,0,0,2026-03-24 00:00:00,https://blog.naver.com/amugeona-1215/224227191653,이마트 5K PRICE 매출 40 급증 유통업계 균일가 전략 총정리 건기식의 경우 약국 대비 절반 이하 가격에 동일 성분 제품을 구매할 수 있다는 점이 입소문을 CU와 GS25는 소비 침체와 이커머스의 동시 공세 속에서 PB자체 브랜드 상품 기획력을 생존 무기로 내세우고 #CU,"['이마트', '매출', '급증', '유통업', '균일', '전략', '정리', '건기', '경우', '약국', '대비', '절반', '이하', '가격', '동일', '성분', '제품', '구매', '입소문', '소비', '침체', '커머스', '동시', '공세', '자체', '브랜드', '상품', '기획', '생존', '무기', '내세우']"
1,3,"2026년 3월 3주차 유통업 (백화점, 편의점) 뉴스 클리핑 리포트",CU 기준 건기식 구매 고객의 87.4%가 2030세대라는 수치는 이 세대가 건강관리를 일상 소비의 영역으로 끌어왔음을 보여줌. 인사이트 2: 소포장이라는 작은 혁신이 만드는 카테고리 확장의 큰 그림 건기식이...,"#편의점,#CU",0,0,0,2026-03-22 00:00:00,https://blog.naver.com/edwards_consulting/224225599564,2026년 3월 3주차 유통업 백화점 편의점 뉴스 클리핑 리포트 CU 기준 건기식 구매 고객의 874가 2030세대라는 수치는 이 세대가 건강관리를 일상 소비의 영역으로 끌어왔음을 보여줌 인사이트 2 소포장이라는 작은 혁신이 만드는 카테고리 확장의 큰 그림 건기식이 #편의점#CU,"['유통업', '백화점', '편의점', '뉴스', '리포트', '기준', '건기', '구매', '고객', '세대', '수치', '세대', '건강', '관리', '일상', '소비', '영역', '보이', '인사이트', '포장', '혁신', '만들', '카테고리', '확장', '그림', '건기']"
1,3,동소문동 바디관리 셀포랩 슬림패스 누워서 편하게 예신다이어트,가능 cu 건물 뒷편에 전용 주차공간이 있어서 편하게 차를 가지고 올 수도 있어요 :) 원장님께... 햅-삐 ? 건기식 구비 셀포랩(Cell For Lab)은 독자적임 슬리밍 관리 프로그램을 기반으로 건강과 아름다움을...,#CU,0,0,0,2026-03-17 00:00:00,https://blog.naver.com/lastnameischoii/224219082524,동소문동 바디관리 셀포랩 슬림패스 누워서 편하게 예신다이어트 가능 cu 건물 뒷편에 전용 주차공간이 있어서 편하게 차를 가지고 올 수도 있어요  원장님께 햅삐  건기식 구비 셀포랩Cell For Lab은 독자적임 슬리밍 관리 프로그램을 기반으로 건강과 아름다움을 #CU,"['소문', '바디', '관리', '슬림', '패스', '편하', '다이어트', '가능', '건물', '뒷편', '전용', '주차', '공간', '편하', '가지', '원장', '햅삐', '건기', '구비', '독자', '슬리밍', '관리', '프로그램', '기반', '건강', '아름다움']"
1,3,"건기식재고매입 올리브영, 다이소, 편의점까지 한번에... ","대표적으로 올리브영이나 다이소, CU, GS25 등을 들 수 있죠. 건강기능식품을 판매하는 곳이 많아지는 만큼, 남은 재고를 처분하기 위해 다양한 곳에서 문의를 주시는데요. 건기식재고매입을 효과적으로 하는...","#편의점,#CU",0,0,0,2026-03-03 00:00:00,https://blog.naver.com/gldqi96211/224202393579,건기식재고매입 올리브영 다이소 편의점까지 한번에  대표적으로 올리브영이나 다이소 CU GS25 등을 들 수 있죠 건강기능식품을 판매하는 곳이 많아지는 만큼 남은 재고를 처분하기 위해 다양한 곳에서 문의를 주시는데요 건기식재고매입을 효과적으로 하는 #편의점#CU,"['건기', '재고', '매입', '올리브', '다이소', '편의점', '대표', '올리브', '다이소', '건강', '기능', '식품', '판매', '만큼', '재고', '처분', '위하', '다양', '문의', '건기', '재고', '매입', '효과']"
1,3,나잇살 고민 끝! '지니어트'로 건강 챙기고 용돈 버는 법... ,"적립 받은 포인트로 헬시딜에서 건기식과 닭가슴살 구매하고 다이어트 하세요. 제 추천코드는 [ 4HUYG... * 스타벅스, 투썸플레이스 커피 쿠폰 * 편의점(GS25, CU) 기프티콘 * 파리바게뜨 빵, 배스킨라빈스...","#편의점,#추천,#CU",0,0,0,2026-02-24 00:00:00,https://blog.naver.com/ryuapolo/224193621797,나잇살 고민 끝 지니어트로 건강 챙기고 용돈 버는 법  적립 받은 포인트로 헬시딜에서 건기식과 닭가슴살 구매하고 다이어트 하세요 제 추천코드는  4HUYG  스타벅스 투썸플레이스 커피 쿠폰  편의점GS25 CU 기프티콘  파리바게뜨 빵 배스킨라빈스 #편의점#추천#CU,"['나잇살', '고민', '지니어트', '건강', '챙기', '용돈', '적립', '포인트', '헬시딜', '건기', '가슴살', '구매', '다이어트', '추천', '코드', '스타벅스', '투썸플레이스', '커피', '쿠폰', '편의점', '기프티콘', '파리', '바게뜨', '배스킨라빈스']"
1,3,2026-02-19 목요일 23:51 헤드라인 뉴스,"되는 '건기식 궁합' - 중앙일보 11 “기계처럼 매일 그림만 그리던 남편 유영국”, 김기순 씨 별세... '생리대 최대 79% 저렴'…CU, 물가 안정 '쟁여위크' 연다 4. 李대통령 물가 고삐…유통업계, 연휴...",#CU,0,0,0,2026-02-20 00:00:00,https://blog.naver.com/artemis_2016/224188754718,20260219 목요일 2351 헤드라인 뉴스 되는 건기식 궁합  중앙일보 11 기계처럼 매일 그림만 그리던 남편 유영국 김기순 씨 별세 생리대 최대 79 저렴CU 물가 안정 쟁여위크 연다 4 대통령 물가 고삐유통업계 연휴 #CU,"['목요일', '헤드라인', '뉴스', '궁합', '중앙일보', '기계', '그림', '그리', '남편', '유영국', '별세', '생리대', '최대', '물가', '안정', '쟁이', '위크', '대통령', '물가', '고삐', '유통업', '연휴']"
1,3,WELCOME 2026,딸기모찌와 cu 군고구마(씨유 복불복 주의 ..) 오픈 런 아니고 마감 런 한 나의 최애 화덕 피자 맛집... 나머지 건기식들은 약간의 플라시보 효과도.. ㅎ 요즘 내 마인드 = 한살이라도 젊을 때 몸 건강에 부지런히...,#CU,0,0,0,2026-02-17 00:00:00,https://blog.naver.com/jm_22224/224186603959,WELCOME 2026 딸기모찌와 cu 군고구마씨유 복불복 주의  오픈 런 아니고 마감 런 한 나의 최애 화덕 피자 맛집 나머지 건기식들은 약간의 플라시보 효과도  요즘 내 마인드  한살이라도 젊을 때 몸 건강에 부지런히 #CU,"['딸기', '모찌', '고구마', '복불복', '오픈', '아니', '마감', '최애', '화덕', '피자', '맛집', '나머지', '건기', '약간', '플라시보', '효과', '요즘', '마인드', '건강']"
1,3,2026.2.13 (금) 관심 기사 스크랩,"date=20260213 &lt;전자신문&gt; CU, 디저트 특화 편의점 승부수 띄웠다... date=20260213 &lt;동아일보&gt; 배민, ‘5000원 영양제’로 건기식 시장 도전 https://n.news.naver.com/article...","#편의점,#영양제,#CU",0,0,0,2026-02-13 00:00:00,https://blog.naver.com/short_talk/224182376254,2026213 금 관심 기사 스크랩 date20260213 lt전자신문gt CU 디저트 특화 편의점 승부수 띄웠다 date20260213 lt동아일보gt 배민 5000원 영양제로 건기식 시장 도전 httpsnnewsnavercomarticle #편의점#영양제#CU,"['관심', '기사', '스크랩', '전자', '신문', '디저트', '특화', '편의점', '승부수', '띄우', '동아일보', '영양제', '건기', '시장', '도전']"
1,3,"동아제약, 동아제약전자어음할인, 동아제약어음할인",단일성분 담은 8종. 1회 섭취만으로 효과 체감. 바로. CU와 손잡고 8종의 건강기능식품 라인업 셀파렉스 바로를 출시. 셀파렉스 바로는 즉효성 즉시서응ㄹ 핵심 가치로....,"#셀파렉스,#건기식,#휴대성,#CU",0,0,0,2026-02-11 00:00:00,https://blog.naver.com/boohung114/224180607076,동아제약 동아제약전자어음할인 동아제약어음할인 단일성분 담은 8종 1회 섭취만으로 효과 체감 바로 CU와 손잡고 8종의 건강기능식품 라인업 셀파렉스 바로를 출시 셀파렉스 바로는 즉효성 즉시서응 핵심 가치로 #셀파렉스#건기식#휴대성#CU,"['동아제약', '동아제약', '전자', '어음', '할인', '동아제약', '어음', '할인', '단일', '성분', '섭취', '효과', '손잡', '건강', '기능', '식품', '라인업', '셀파렉스', '출시', '렉스', '즉시', '핵심', '가치']"
1,3,"건강기능식품 시성비 시대, 바쁜 직장인이 1분 만에 건강... ","편의점 CU는 종근당건강, 동화약품 등 6개 제약사와 손잡고 소용량 건기식 10여 종을 6,000개 이상 매장에서 판매하기 시작했어요. 올리브 영에서는 젤, 샷, 스틱 형태의 간편 섭취 건기식 검색량이 크게 늘었고...","#편의점,#CU",0,0,0,2026-02-11 00:00:00,https://blog.naver.com/moonpark2024/224180586870,건강기능식품 시성비 시대 바쁜 직장인이 1분 만에 건강  편의점 CU는 종근당건강 동화약품 등 6개 제약사와 손잡고 소용량 건기식 10여 종을 6000개 이상 매장에서 판매하기 시작했어요 올리브 영에서는 젤 샷 스틱 형태의 간편 섭취 건기식 검색량이 크게 늘었고 #편의점#CU,"['건강', '기능', '식품', '성비', '시대', '바쁘', '직장인', '건강', '편의점', '종근당', '건강', '동화약품', '제약사', '손잡', '용량', '건기', '이상', '매장', '판매', '시작', '올리브', '스틱', '형태', '섭취', '건기', '검색']"
1,3,"다이소발 5천 원의 공습, 올리브영과 무신사","CJ웰케어와 손잡고 6,900원 건기식을 내놨습니다. 우리도 싸게 팔 수 있다는 절박한 외침입니다. 패션... GS25와 CU는 아예 편의점을 약국으로 만들고 있습니다. 3,500원짜리 소용량 비타민, 2주분 유산균 등을...","#비타민,#유산균,#편의점,#CU",0,0,0,2026-02-11 00:00:00,https://blog.naver.com/guiyogy/224177912300,다이소발 5천 원의 공습 올리브영과 무신사 CJ웰케어와 손잡고 6900원 건기식을 내놨습니다 우리도 싸게 팔 수 있다는 절박한 외침입니다 패션 GS25와 CU는 아예 편의점을 약국으로 만들고 있습니다 3500원짜리 소용량 비타민 2주분 유산균 등을 #비타민#유산균#편의점#CU,"['다이소', '공습', '올리브', '무신', '케어', '손잡', '건기', '우리', '외침', '패션', '편의점', '약국', '만들', '용량', '비타민', '유산균']"
1,3,2026년 1월 편의점 식품 트렌드 정리,? GS25 매출 분석에 따르면 12월 말부터 1월 초까지 건강/샐러드/건기식/저당 간식 등 ‘결심... 2) 식사 대체용/즉석식 강화 CU는 빵(특히 소금빵 등 차별화 빵) 매출이 30% 증가했다고 발표했다. 왜...,"#편의점,#CU",0,0,0,2026-02-08 00:00:00,https://blog.naver.com/esunadelicia/224174273758,2026년 1월 편의점 식품 트렌드 정리  GS25 매출 분석에 따르면 12월 말부터 1월 초까지 건강샐러드건기식저당 간식 등 결심 2 식사 대체용즉석식 강화 CU는 빵특히 소금빵 등 차별화 빵 매출이 30 증가했다고 발표했다 왜 #편의점#CU,"['편의점', '식품', '트렌드', '정리', '매출', '분석', '따르', '건강', '샐러드', '저당', '간식', '결심', '식사', '대체', '즉석', '강화', '소금', '차별', '매출', '증가', '발표']"
1,3,2026년 2월 6일 오늘의 HOT100 뉴스(매도 사이드 카) 부평구... ,"편의점 CU도 건기식 판매…&quot;내년 상반기 전국 가맹점 도입&quot; - MTN 머니투데이방송 [봄날인천요양원] 유니클로, 스튜디오 지브리 컬렉션 다음달 선봬 - MTN 머니투데이방송 [봄날인천요양원] 아우디 대형...","#편의점,#CU",0,0,0,2026-02-06 00:00:00,https://blog.naver.com/sbom2011/224173751307,2026년 2월 6일 오늘의 HOT100 뉴스매도 사이드 카 부평구  편의점 CU도 건기식 판매quot내년 상반기 전국 가맹점 도입quot  MTN 머니투데이방송 봄날인천요양원 유니클로 스튜디오 지브리 컬렉션 다음달 선봬  MTN 머니투데이방송 봄날인천요양원 아우디 대형 #편의점#CU,"['오늘', '뉴스', '매도', '사이드', '부평구', '편의점', '건기', '판매', '내년', '상반기', '전국', '가맹점', '도입', '머니투데이', '방송', '봄날', '인천', '요양원', '유니클로', '스튜디오', '지브리', '컬렉션', '다음', '선뵈', '머니투데이', '방송', '봄날', '인천', '요양원', '아우디']"
1,3,동화약품 배러레스트 Better Rest 후기 (장원영 광고템... ,"레스트 CU, GS25 / 3500원 (1+1 행사 중) 편의점에서도 판매하고 있고 이번 달 1+1 행사도 있어 2개에 3500원... 배러레스트는 의약품도 아니고 건기식도 아니고 그냥 ?혼합음료이기 때문에 매일 마셔도 상관없지만...","#후기,#편의점,#CU",0,0,0,2026-02-05 00:00:00,https://blog.naver.com/artisfun650/224172479330,동화약품 배러레스트 Better Rest 후기 장원영 광고템  레스트 CU GS25  3500원 11 행사 중 편의점에서도 판매하고 있고 이번 달 11 행사도 있어 2개에 3500원 배러레스트는 의약품도 아니고 건기식도 아니고 그냥 혼합음료이기 때문에 매일 마셔도 상관없지만 #후기#편의점#CU,"['동화약품', '배러레스트', '후기', '장원영', '광고', '레스', '행사', '편의점', '판매', '이번', '행사', '배러레스트', '의약품', '아니', '건기', '아니', '혼합', '음료', '때문', '마시', '상관없']"
1,3,&quot;거거익선 대신 소소익선&quot;…소비자 절반 '가벼운' 패키지 선택... ,"과거 약국 중심의 대용량·고가 판매 방식에서 탈피해, 편의점(CU·GS25·세븐일레븐)과 다이소 등 생활밀착형 채널이 건기식 시장의 새로운 격전지로 떠오르고 있는데요, 1~2주 분량의 소포장 제품을 5,000원...","#편의점,#CU",0,0,0,2026-02-02 00:00:00,https://blog.naver.com/dmcmedia_official/224169246019,quot거거익선 대신 소소익선quot소비자 절반 가벼운 패키지 선택  과거 약국 중심의 대용량고가 판매 방식에서 탈피해 편의점CUGS25세븐일레븐과 다이소 등 생활밀착형 채널이 건기식 시장의 새로운 격전지로 떠오르고 있는데요 12주 분량의 소포장 제품을 5000원 #편의점#CU,"['대신', '소비자', '절반', '가볍', '패키지', '선택', '과거', '약국', '중심', '용량', '고가', '판매', '방식', '탈피', '편의점', '세븐일레븐', '다이소', '생활', '밀착', '채널', '건기', '시장', '새롭', '격전지', '떠오르', '분량', '포장', '제품']"
3,3,2026 다이소 헬스·건강 꿀템 7종 총정리 | 건기식부터 홈트... ,다이소 전용 라인 : 동일 브랜드의 약국·올리브영 제품과 같지 않습니다. 가성비 입문용으로 접근하세요. 재입고 알림 활용 : 건기식도 품절이 잦습니다. 다이소몰 앱에서 재입고 알림을 신청하세요. 10....,,0,0,0,2026-05-15 00:00:00,https://blog.naver.com/binuspawar/224286617437,2026 다이소 헬스건강 꿀템 7종 총정리  건기식부터 홈트  다이소 전용 라인  동일 브랜드의 약국올리브영 제품과 같지 않습니다 가성비 입문용으로 접근하세요 재입고 알림 활용  건기식도 품절이 잦습니다 다이소몰 앱에서 재입고 알림을 신청하세요 10 ,"['다이소', '헬스', '건강', '정리', '다이소', '전용', '라인', '동일', '브랜드', '약국', '올리브', '제품', '가성비', '입문', '접근', '입고', '알리', '활용', '기식', '품절', '다이소', '입고', '알림', '신청']"
3,3,"에이치피오 주가 전망, 실적 회복 기대에 더 오를까","비오팜의 OEM 물량 확보, 하이앤고고 덴마크 공장 BEP 목표, 주닥의 올리브영·아마존 중심 매출 증가 기대가 언급됐습니다. 특히 주닥은 2025년 지분 51.9%를 인수한 더마 코스메틱 브랜드로, 건기식 외 성장...",,0,0,0,2026-05-15 00:00:00,https://blog.naver.com/conylog/224286475303,에이치피오 주가 전망 실적 회복 기대에 더 오를까 비오팜의 OEM 물량 확보 하이앤고고 덴마크 공장 BEP 목표 주닥의 올리브영아마존 중심 매출 증가 기대가 언급됐습니다 특히 주닥은 2025년 지분 519를 인수한 더마 코스메틱 브랜드로 건기식 외 성장 ,"['에이치', '주가', '전망', '실적', '회복', '기대', '오르', '비오팜', '물량', '확보', '하이', '고고', '덴마크', '공장', '목표', '주닥', '올리브', '아마존', '중심', '매출', '증가', '기대', '언급', '주닥', '지분', '인수', '코스', '브랜드', '건기', '성장']"
3,3,노바렉스 주가전망,"홈쇼핑, 온라인, 약국, 올리브영, 이커머스까지 판매 채널은 많지만 브랜드도 너무 많습니다. 그래서... ❷ 두 번째 리스크: 건강기능식품 시장 경쟁 심화 건기식 시장은 트렌드 변화가 빠릅니다. 제품...",,0,0,0,2026-05-15 00:00:00,https://blog.naver.com/cosud/224286184260,노바렉스 주가전망 홈쇼핑 온라인 약국 올리브영 이커머스까지 판매 채널은 많지만 브랜드도 너무 많습니다 그래서  두 번째 리스크 건강기능식품 시장 경쟁 심화 건기식 시장은 트렌드 변화가 빠릅니다 제품 ,"['노바렉스', '주가', '전망', '홈쇼핑', '온라인', '약국', '올리브', '커머스', '판매', '채널', '브랜드', '리스크', '건강', '기능', '식품', '시장', '경쟁', '심화', '시장', '트렌드', '변화', '빠르', '제품']"
3,3,26.05/14(목). 평생주식 카페 그레이트 킴 기사모음 공부,"(방한 외국인의 약국 및 건기식 지출이 급증하는 가운데, 에이치피오 오프라인 매출의 60% 이상이 올리브영과 면세점에서 발생하고 있어 직접적인 수혜) 6. SK네트웍스, 1분기 영업익 334억…전년비 102.4...",,0,0,0,2026-05-14 00:00:00,https://blog.naver.com/shj1234q/224285835483,260514목 평생주식 카페 그레이트 킴 기사모음 공부 방한 외국인의 약국 및 건기식 지출이 급증하는 가운데 에이치피오 오프라인 매출의 60 이상이 올리브영과 면세점에서 발생하고 있어 직접적인 수혜 6 SK네트웍스 1분기 영업익 334억전년비 1024 ,"['평생', '주식', '카페', '그레이트', '기사', '모음', '공부', '방한', '외국인', '약국', '건기', '지출', '급증', '가운데', '에이치', '오프라인', '매출', '이상', '올리브', '면세점', '발생', '직접', '수혜', 'SK네트웍스', '분기', '영업익', '전년']"
3,3,코스피 주가현황 주가시세 주가분석 요약 (2026년 5월 11일)-(4),"8%yoy)으로 기아, KT, 올리브영 등 대형 오프라인 프로젝트 효과로 CX 부문 확대되며 외형 성장... 빼는 건기식, 미용 수요 정조준 ㅁ 합성 펩타이드 기반 포트폴리오 다각화 ㅁ 높은...",,0,0,0,2026-05-14 00:00:00,https://blog.naver.com/newjeansjazz/224285742730,코스피 주가현황 주가시세 주가분석 요약 2026년 5월 11일4 8yoy으로 기아 KT 올리브영 등 대형 오프라인 프로젝트 효과로 CX 부문 확대되며 외형 성장 빼는 건기식 미용 수요 정조준  합성 펩타이드 기반 포트폴리오 다각화  높은 ,"['코스피', '주가', '현황', '주가', '시세', '주가', '분석', '요약', '기아', '올리브', '대형', '오프라인', '프로젝트', '효과', '부문', '확대', '외형', '성장', '미용', '수요', '정조준', '합성', '펩타이드', '기반', '포트폴리오', '다각']"
3,3,올리브 베러 강남점 방문기 olive better,여러분 올리브영 말고 올리브 베러라고 아시나요 외국인들이 환장하는 플레이스 낋여왔습니다. 외국인들이 건기식이랑 단백질 쉐이크를 싹쓸이 한다고 하네요. 올리브영이 새롭게 런칭한 웰니스 큐레이팅...,,0,0,0,2026-05-14 00:00:00,https://blog.naver.com/yny1022/224285357611,올리브 베러 강남점 방문기 olive better 여러분 올리브영 말고 올리브 베러라고 아시나요 외국인들이 환장하는 플레이스 낋여왔습니다 외국인들이 건기식이랑 단백질 쉐이크를 싹쓸이 한다고 하네요 올리브영이 새롭게 런칭한 웰니스 큐레이팅 ,"['올리브', '강남점', '방문기', '여러분', '올리브', '올리브', '외국인', '환장', '플레이스', '낋여', '외국인', '건기', '단백질', '쉐이크', '싹쓸이', '올리브', '새롭', '런칭', '웰니스', '큐레이팅']"
3,3,올리브영 다이어트보조제 추천 :) 포켓몬기획세트 탄탄 젤리... ,다이어트보조제나 건기식들이 이렇게 젤리로 나오면 좋은 게 뭔가 더 먹고 싶을 때 간식이 되어줘서... ...,"#제품제공,#탄탄,#tantan,#탄탄젤리,#다이어트젤리,#다이어트,#올리브영다이어트,#올리브영",0,0,0,2026-05-13 00:00:00,https://blog.naver.com/ftislandjsj/224283993603,올리브영 다이어트보조제 추천  포켓몬기획세트 탄탄 젤리  다이어트보조제나 건기식들이 이렇게 젤리로 나오면 좋은 게 뭔가 더 먹고 싶을 때 간식이 되어줘서  #제품제공#탄탄#tantan#탄탄젤리#다이어트젤리#다이어트#올리브영다이어트#올리브영,"['올리브', '다이어트', '보조제', '추천', '포켓몬', '기획', '세트', '젤리', '다이어트', '보조제', '건기', '이렇', '젤리', '나오', '간식']"
3,3,2026년 5월12일 증시요약,3배 ④ 코스맥스 MBT: 건기식(올리브영 공급) 국내외 사업 전방위 호조 / PER 6.5배 저평가 6️⃣ 리튬·배터리 원자재 ① 탄산리튬 가격: 1분기 말 대비 +23% 상승 중 ② 재고일수: 25일 (정상 65일 대비 급감)...,,0,0,0,2026-05-12 00:00:00,https://blog.naver.com/imstar6002/224283465608,2026년 5월12일 증시요약 3배  코스맥스 MBT 건기식올리브영 공급 국내외 사업 전방위 호조  PER 65배 저평가 6 리튬배터리 원자재  탄산리튬 가격 1분기 말 대비 23 상승 중  재고일수 25일 정상 65일 대비 급감 ,"['증시', '코스맥스', '건기', '올리브', '공급', '국내외', '사업', '방위', '호조', '평가', '리튬', '배터리', '원자재', '탄산 리튬', '가격', '분기', '대비', '상승', '재고', '일수', '정상', '대비', '급감']"
3,3,요즘 핫한 여성 건강기능식품 성분 이노시톨이 뭔데... ,"핫한 건기식성분인 이노시톨이 무엇인지, 좋은 이노시톨을 고르는 방법은 무엇일지도 함께... 할인정보 지노마스터 이노시톨 30포 (+포켓몬 카드케이스증정)는 26년 5월 12일 기준 올리브영에서 42% 할인된 금액인...",,0,0,0,2026-05-12 00:00:00,https://blog.naver.com/j_smin_/224283461661,요즘 핫한 여성 건강기능식품 성분 이노시톨이 뭔데  핫한 건기식성분인 이노시톨이 무엇인지 좋은 이노시톨을 고르는 방법은 무엇일지도 함께 할인정보 지노마스터 이노시톨 30포 포켓몬 카드케이스증정는 26년 5월 12일 기준 올리브영에서 42 할인된 금액인 ,"['요즘', '핫하', '여성', '건강', '기능', '식품', '성분', '이노시톨', '핫하', '건기', '성분', '무엇', '고르', '방법', '무엇', '할인', '정보', '마스터', '이노시톨', '포켓몬', '카드', '케이스', '증정', '기준', '올리브', '할인', '금액']"
3,3,"잠 못 자는 직장인, 수면 보충제 효과 있을까?","수면 건강 관련 제품이 전년 대비 15.2% 성장하며 건기식 시장 전체를 견인하고 있습니다. 핵심 성분... 있으며, 올리브영의 웰니스 전문 플랫폼 '올리브베러', 그리고 다이소에서도 기본 영양제를 구매할 수...",,0,0,0,2026-05-12 00:00:00,https://blog.naver.com/wisebio/224283448521,잠 못 자는 직장인 수면 보충제 효과 있을까 수면 건강 관련 제품이 전년 대비 152 성장하며 건기식 시장 전체를 견인하고 있습니다 핵심 성분 있으며 올리브영의 웰니스 전문 플랫폼 올리브베러 그리고 다이소에서도 기본 영양제를 구매할 수 ,"['직장인', '수면', '보충', '효과', '수면', '건강', '관련', '제품', '전년', '대비', '성장', '건기', '시장', '전체', '견인', '핵심', '성분', '올리브', '웰니스', '전문', '플랫폼', '올리브', '다이소', '기본', '영양제', '구매']"
3,3,"5월 12일, 급등 후 시작된 변동성 확대, 바이오는 반격(김용범... ",3배 수준으로 저평가 건기식(코스맥스엔비티): 올리브영 공급 확대에 힘입어 1분기 실적 호조 및 주가 상한가 기록 실적 급증에도 불구하고 PER 6.5배 수준으로 낮은 밸류에이션 유지 3. 배터리 소재(리튬) 수급...,,0,0,0,2026-05-12 00:00:00,https://blog.naver.com/privacy01/224283377105,5월 12일 급등 후 시작된 변동성 확대 바이오는 반격김용범  3배 수준으로 저평가 건기식코스맥스엔비티 올리브영 공급 확대에 힘입어 1분기 실적 호조 및 주가 상한가 기록 실적 급증에도 불구하고 PER 65배 수준으로 낮은 밸류에이션 유지 3 배터리 소재리튬 수급 ,"['급등', '시작', '변동', '확대', '바이오', '반격', '김용', '수준', '평가', '코스맥스', '올리브', '공급', '확대', '힘입', '분기', '실적', '호조', '주가', '상한', '기록', '실적', '급증', '수준', '밸류', '에이', '유지', '배터리', '소재', '리튬', '수급']"
3,3,2026년 5월 12일 염승환이사님의 시장브리핑,"건기식: 코스맥스엔비티 등 올리브영 공급 확대에 따른 실적 개선세가 뚜렷합니다. 8. 2차전지, 판가 상승 사이클 가속 (미래에셋증권 김철중/정세훈) 리튬 가격 상승: 1분기 말 대비 23% 이상 상승했으며...",,0,0,0,2026-05-12 00:00:00,https://blog.naver.com/dourbest21/224283290858,2026년 5월 12일 염승환이사님의 시장브리핑 건기식 코스맥스엔비티 등 올리브영 공급 확대에 따른 실적 개선세가 뚜렷합니다 8 2차전지 판가 상승 사이클 가속 미래에셋증권 김철중정세훈 리튬 가격 상승 1분기 말 대비 23 이상 상승했으며 ,"['이사', '시장', '브리핑', '코스맥스', '올리브', '공급', '확대', '따르', '실적', '개선', '뚜렷하', '전지', '상승', '사이클', '가속', '미래에셋증권', '김철중', '정세', '리튬', '가격', '상승', '분기', '대비', '이상', '상승']"
3,3,올리브영다이어트 헬시푸드마켓  grn 분홍이초록이... ,에디션도 올리브영 매대에서도 눈에 확 띄더라구요! 핑크+그린 조합에 이제 다이어트 건기식하면 분홍이초록이가 대표적이죠ㅋㅋ 이번 분홍이초록이 슬림밸런스SET 세트는 ✔ 분홍이 슬림밸런스&amp;비오틴...,,0,0,0,2026-05-12 00:00:00,https://blog.naver.com/captivate_u/224282840181,올리브영다이어트 헬시푸드마켓  grn 분홍이초록이  에디션도 올리브영 매대에서도 눈에 확 띄더라구요 핑크그린 조합에 이제 다이어트 건기식하면 분홍이초록이가 대표적이죠 이번 분홍이초록이 슬림밸런스SET 세트는  분홍이 슬림밸런스amp비오틴 ,"['올리브', '다이어트', '푸드', '마켓', '분홍', '초록', '에디션', '올리브', '매대', '핑크', '그린', '조합', '다이어트', '기식', '분홍', '초록', '대표', '이번', '분홍', '초록', '슬림', '밸런스', '세트', '분홍', '슬림', '밸런스', '비오티']"
3,3,"1Q26 코스맥스엔비티- 슈퍼서프라이즈, 올리브영과 중국수출... ","재발주(올리브영 매출 20억), 상위 20개 고객사 매출 yoy + 45%(뉴스에서 본대로 국내 건기식... ［222040］_20260507_MERITZ_1095152.pdf 곡물도감, CJ올리브영 웰니스 플랫폼 ′올리브베러′ 입점",,0,0,0,2026-05-12 00:00:00,https://blog.naver.com/kob1805/224282531235,1Q26 코스맥스엔비티 슈퍼서프라이즈 올리브영과 중국수출  재발주올리브영 매출 20억 상위 20개 고객사 매출 yoy  45뉴스에서 본대로 국내 건기식 22204020260507MERITZ1095152pdf 곡물도감 CJ올리브영 웰니스 플랫폼 올리브베러 입점 ,"['코스맥스', '슈퍼', '서프라이즈', '올리브', '중국', '수출', '재발주', '올리브', '매출', '상위', '고객사', '매출', '뉴스', '대로', '국내', '건기', '곡물', '도감', '올리브', '플랫폼', '올리브', '입점']"
3,3,"영업이익 1080% 폭증! 코스맥스NBT, K-건기식 대장주 등극하나?",국내 시장에서도 올리브영 입점 브랜드인 '올더베러' 등의 수주가 폭발하며 내수와 수출이 조화롭게 성장하는 '쌍끌이' 장세가 연출되었습니다. 해외 매출 비중이 70%를 상회하는 진정한 글로벌 건기식 ODM...,,0,0,0,2026-05-11 00:00:00,https://blog.naver.com/dalgun65/224282121185,영업이익 1080 폭증 코스맥스NBT K건기식 대장주 등극하나 국내 시장에서도 올리브영 입점 브랜드인 올더베러 등의 수주가 폭발하며 내수와 수출이 조화롭게 성장하는 쌍끌이 장세가 연출되었습니다 해외 매출 비중이 70를 상회하는 진정한 글로벌 건기식 ODM ,"['영업', '이익', '코스맥스', '대장', '등극', '국내', '시장', '올리브', '입점', '브랜드', '올더베러', '수주', '폭발', '내수', '수출', '조화', '성장', '쌍끌이', '장세', '연출', '해외', '매출', '비중', '상회', '글로벌', '건기']"
3,3,"코스맥스엔비티 주가 분석, 매매 전략 및 전망",────────────────── ...,"#코스맥스엔비티,#건기식,#ODM,#턴어라운드,#실적개선,#어닝서프라이즈,#글로벌확장,#재무리스크,#차입금,#디레버리징,#다이소,#올리브영,#투자전략,#밸류에이션",0,0,0,2026-05-11 00:00:00,https://blog.naver.com/trustreviewlab/224280955658,코스맥스엔비티 주가 분석 매매 전략 및 전망   #코스맥스엔비티#건기식#ODM#턴어라운드#실적개선#어닝서프라이즈#글로벌확장#재무리스크#차입금#디레버리징#다이소#올리브영#투자전략#밸류에이션,"['코스맥스', '주가', '분석', '매매', '전략', '전망']"
3,3,"코스맥스비티아이 주가 전망, &quot;이렇게 된다고?&quot;","최근 건기식 시장은 과거처럼 TV 홈쇼핑이나 약국 중심에만 머물지 않고, 편의점, 다이소, 올리브영 계열 채널, SNS 공동구매, 유튜브 스토어, 콘텐츠 커머스 등으로 판매 채널이 넓어지고 있습니다. IB토마토...",,0,0,0,2026-05-10 00:00:00,https://blog.naver.com/whereisfreedom/224281126259,코스맥스비티아이 주가 전망 quot이렇게 된다고quot 최근 건기식 시장은 과거처럼 TV 홈쇼핑이나 약국 중심에만 머물지 않고 편의점 다이소 올리브영 계열 채널 SNS 공동구매 유튜브 스토어 콘텐츠 커머스 등으로 판매 채널이 넓어지고 있습니다 IB토마토 ,"['코스맥스', '아이', '주가', '전망', '이렇', '최근', '건기', '시장', '과거', '홈쇼핑', '약국', '중심', '머물', '편의점', '다이소', '올리브', '계열', '채널', '공동구매', '유튜브', '스토어', '콘텐츠', '커머스', '판매', '채널', '토마토']"
3,3,코스맥스엔비티 주가 전망 합병 이슈 어닝서프라이즈 상한가?,"올리브영, 다이소, 편의점까지 건기식 판매 채널이 넓어지면서 코스맥스엔비티 같은 ODM 업체 입장에서는 고객사가 늘어나는 겁니다. 올더베러는 올리브영이 웰니스에 특화한 전문관인데, 여기 입점하려는...",,0,0,0,2026-05-10 00:00:00,https://blog.naver.com/humanresource/224280949714,코스맥스엔비티 주가 전망 합병 이슈 어닝서프라이즈 상한가 올리브영 다이소 편의점까지 건기식 판매 채널이 넓어지면서 코스맥스엔비티 같은 ODM 업체 입장에서는 고객사가 늘어나는 겁니다 올더베러는 올리브영이 웰니스에 특화한 전문관인데 여기 입점하려는 ,"['코스맥스', '주가', '전망', '합병', '이슈', '어닝', '서프라이즈', '상한', '올리브', '다이소', '편의점', '건기', '판매', '채널', '코스맥스', '업체', '입장', '고객사', '늘어나', '올더베러', '올리브', '니스', '특화', '전문', '여기', '입점']"
3,3,"포켓몬올리브영 콜라보 단백질쉐이크크런틴,탄탄젤리 구매후기",다이어트해야되는시기에 건기식브랜드들과도 콜라보 해서 귀여운제품들 사서기분 좋아졌어요 ...,"#올리브영포켓몬,#올리브영건기식추천템,#올리브영포켓몬콜라보,#탄탄젤리후기,#단백질쉐이크크런틴",0,0,0,2026-05-10 00:00:00,https://blog.naver.com/cocoma7272/224280798734,포켓몬올리브영 콜라보 단백질쉐이크크런틴탄탄젤리 구매후기 다이어트해야되는시기에 건기식브랜드들과도 콜라보 해서 귀여운제품들 사서기분 좋아졌어요  #올리브영포켓몬#올리브영건기식추천템#올리브영포켓몬콜라보#탄탄젤리후기#단백질쉐이크크런틴,"['포켓몬', '올리브', '콜라', '단백질', '쉐이크', '젤리', '구매', '후기', '다이어트', '시기', '건기', '브랜드', '콜라', '귀엽', '제품', '기분']"
3,3,코스맥스엔비티 주가 전망,"올리브영, 다이소, 편의점, 온라인몰처럼 접근성이 좋은 채널에서 건기식 제품이 더 자주 보이기 시작했어요. 소비자 입장에서는 “약국 가서 큰 병 사는 제품”이 아니라 “필요할 때 바로 사는 생활 소비재”...",,0,0,0,2026-05-08 00:00:00,https://blog.naver.com/hanpunmami/224279135865,코스맥스엔비티 주가 전망 올리브영 다이소 편의점 온라인몰처럼 접근성이 좋은 채널에서 건기식 제품이 더 자주 보이기 시작했어요 소비자 입장에서는 약국 가서 큰 병 사는 제품이 아니라 필요할 때 바로 사는 생활 소비재 ,"['코스맥스', '주가', '전망', '올리브', '다이소', '편의점', '온라인', '접근', '채널', '건기', '제품', '보이', '시작', '소비자', '입장', '약국', '제품', '아니', '필요', '생활', '소비재']"
3,3,코스맥스엔비티 주가 전망,"편의점, H&amp;B스토어, 올리브영, 다이소, 온라인 플랫폼 등으로 판매 채널이 넓어지고 있습니다. 소비자 입장에서는 건기식을 약처럼 챙겨 먹는 제품이 아니라, 젤리·크런치·분말·스틱형처럼 가볍게 소비하는...",,0,0,0,2026-05-08 00:00:00,https://blog.naver.com/conylog/224279030151,코스맥스엔비티 주가 전망 편의점 HampB스토어 올리브영 다이소 온라인 플랫폼 등으로 판매 채널이 넓어지고 있습니다 소비자 입장에서는 건기식을 약처럼 챙겨 먹는 제품이 아니라 젤리크런치분말스틱형처럼 가볍게 소비하는 ,"['코스맥스', '주가', '전망', '편의점', '스토어', '올리브', '다이소', '온라인', '플랫폼', '판매', '채널', '소비자', '입장', '건기', '챙기', '제품', '아니', '젤리', '크런치', '분말', '스틱', '가볍', '소비']"
3,3,코스맥스비티아이 주가와 전망,"최근 건기식은 예전처럼 TV홈쇼핑에만 의존하지 않습니다. 온라인몰, 올리브영 계열 채널, 다이소, 편의점, SNS 공동구매, 유튜브 스토어까지 판매 채널이 넓어졌습니다. 이 흐름은 코스맥스비티아이에게 꽤...",,0,0,0,2026-05-08 00:00:00,https://blog.naver.com/vongvara/224278864993,코스맥스비티아이 주가와 전망 최근 건기식은 예전처럼 TV홈쇼핑에만 의존하지 않습니다 온라인몰 올리브영 계열 채널 다이소 편의점 SNS 공동구매 유튜브 스토어까지 판매 채널이 넓어졌습니다 이 흐름은 코스맥스비티아이에게 꽤 ,"['코스맥스', '아이', '주가', '전망', '최근', '건기', '예전', '홈쇼핑', '의존', '온라인', '올리브', '계열', '채널', '다이소', '편의점', '공동구매', '유튜브', '스토어', '판매', '채널', '흐름', '코스맥스', '아이']"
3,3,코스맥스엔비티 상한가,조사를 해보니 건기식은 올리브 베러 1곳만 파는게 아니라 올리브영 차원에서 건기식 매대가 따로 있다고 한다. 여기서 결정타는 올리브영은 한국 사람만 가는 곳이 아니라는 것이다. 서울 주요 관광지의...,,0,0,0,2026-05-08 00:00:00,https://blog.naver.com/thisismi/224278624201,코스맥스엔비티 상한가 조사를 해보니 건기식은 올리브 베러 1곳만 파는게 아니라 올리브영 차원에서 건기식 매대가 따로 있다고 한다 여기서 결정타는 올리브영은 한국 사람만 가는 곳이 아니라는 것이다 서울 주요 관광지의 ,"['코스맥스', '상한', '조사', '건기', '올리브', '아니', '올리브', '차원', '건기', '매대', '여기', '결정타', '올리브', '한국', '사람', '아니', '서울', '주요', '관광지']"
3,3,★ 쵱쥬니의 something을 추천합니다 ★,"다른 건기식들은 안 이런가요? 뭐 암튼 한 통에 3만원 이상 하는 비싼 영양제라서 효과 없으면 바로... &amp; 쿠팡보다 올영이 거의 2,000원 더 저렴해서 올리브영 링크 달아둘게용 ⑧ 스키장에서 용감하고 싶은 분께...",,0,0,0,2026-05-08 00:00:00,https://blog.naver.com/yujls4787/224278603064, 쵱쥬니의 something을 추천합니다  다른 건기식들은 안 이런가요 뭐 암튼 한 통에 3만원 이상 하는 비싼 영양제라서 효과 없으면 바로 amp 쿠팡보다 올영이 거의 2000원 더 저렴해서 올리브영 링크 달아둘게용  스키장에서 용감하고 싶은 분께 ,"['쵱쥬니', '추천', '건기', '이렇', '이상', '비싸', '영양제', '효과', '쿠팡', '저렴하', '올리브', '링크', '스키장']"
3,3,건기식도 ‘일상 소비재’ 시대 ::: 한국 마케팅신문 :::,최근 발표된 오픈서베이의 ‘건강기능식품 트렌드 리포트 2026’에 따르면 온라인 시장을 장악해 온 쿠팡과 네이버쇼핑의 굳건한 아성 속에서도 2030 세대를 중심으로 올리브영과 다이소가 건기식의 새로운...,,0,0,0,2026-05-08 00:00:00,https://blog.naver.com/kimnkimmarketing/224278587666,건기식도 일상 소비재 시대  한국 마케팅신문  최근 발표된 오픈서베이의 건강기능식품 트렌드 리포트 2026에 따르면 온라인 시장을 장악해 온 쿠팡과 네이버쇼핑의 굳건한 아성 속에서도 2030 세대를 중심으로 올리브영과 다이소가 건기식의 새로운 ,"['건기', '일상', '소비재', '시대', '한국', '마케팅', '신문', '최근', '발표', '오픈', '서베이', '건강', '기능', '식품', '트렌드', '리포트', '따르', '온라인', '시장', '장악', '쿠팡', '네이버 쇼핑', '아성', '세대', '중심', '올리브', '다이소', '건기', '새롭']"
3,3,소화효소제 추천 | 캔틴나인 서퍼데이 브이효소 + 제로샷... ,5년간 정말 다양한 건기식들을 직접 써봤는데요. 솔직히 소화 관련 제품은 체감이 빠른 편이라 써보면... 분 올리브영다이어트보조제 같은 거 찾아보다가 결국 성분 없는 제품들에 실망하셨던 분들이라면...,,0,0,0,2026-05-08 00:00:00,https://blog.naver.com/lucaslee93/224278577259,소화효소제 추천  캔틴나인 서퍼데이 브이효소  제로샷  5년간 정말 다양한 건기식들을 직접 써봤는데요 솔직히 소화 관련 제품은 체감이 빠른 편이라 써보면 분 올리브영다이어트보조제 같은 거 찾아보다가 결국 성분 없는 제품들에 실망하셨던 분들이라면 ,"['소화', '효소', '추천', '나인', '서퍼', '데이', '브이', '효소', '제로', '다양', '건기', '소화', '관련', '제품', '체감', '빠르', '올리브', '다이어트', '보조제', '결국', '성분', '제품', '실망']"
2,3,"다이소 가성비 꿀템! 종근당건강 오메가3, 알티지오메가3 추천... ",요즘 다이소 가보면 예전이랑 분위기가 정말 많이 달라진 것 같아요 생활용품이나 간식 위주로 보던 곳이었는데 최근에는 건강기능식품 코너도 다양하게 들어와 있어서 다이소 추천템 찾아보는 재미가...,,0,0,0,2026-05-15 00:00:00,https://blog.naver.com/hyoung7371/224286341533,다이소 가성비 꿀템 종근당건강 오메가3 알티지오메가3 추천  요즘 다이소 가보면 예전이랑 분위기가 정말 많이 달라진 것 같아요 생활용품이나 간식 위주로 보던 곳이었는데 최근에는 건강기능식품 코너도 다양하게 들어와 있어서 다이소 추천템 찾아보는 재미가 ,"['다이소', '가성비', '종근당', '건강', '오메가', '알티', '오메가', '추천', '요즘', '다이소', '예전', '분위기', '달라지', '생활', '용품', '간식', '위주', '최근', '건강', '기능', '식품', '코너', '다양', '들어오', '다이소', '추천', '찾아보', '재미']"
2,3,다이소 유산균 유한양행 장건강 유한 생유산균(캡슐),"속에서 장 건강 관리까지 깔끔하게 챙기고 싶다면, 다이소에서 한 번쯤 가볍게 시작해보기 괜찮은 선택지였다.","#다이소건기식,#다이소유산균,#장건강유한생유산균,#유한양행프로바이오틱스,#다이소프로바이오틱스",0,0,0,2026-05-15 00:00:00,https://blog.naver.com/sexybeast777/224286304030,다이소 유산균 유한양행 장건강 유한 생유산균캡슐 속에서 장 건강 관리까지 깔끔하게 챙기고 싶다면 다이소에서 한 번쯤 가볍게 시작해보기 괜찮은 선택지였다 #다이소건기식#다이소유산균#장건강유한생유산균#유한양행프로바이오틱스#다이소프로바이오틱스,"['다이소', '유산균', '유한양행', '건강', '유한', '유산균', '캡슐', '건강', '관리', '챙기', '다이소', '가볍', '시작', '괜찮', '선택지']"
2,3,다이소 추천템 종근당건강 알티지오메가3 가성비 오메가3 후기,추천템 찾다가 발견한 5천원대 다이소 가성비템! 종근당건강 알티지오메가3 후기 글 / 사진. 꽃냥이 안녕하세요. 꽃냥이입니다. 다이소 가면 생활용품이나 간식 코너만 둘러보게 되는 줄 알았는데 요즘은...,,0,0,0,2026-05-15 00:00:00,https://blog.naver.com/missyou106/224286265705,다이소 추천템 종근당건강 알티지오메가3 가성비 오메가3 후기 추천템 찾다가 발견한 5천원대 다이소 가성비템 종근당건강 알티지오메가3 후기 글  사진 꽃냥이 안녕하세요 꽃냥이입니다 다이소 가면 생활용품이나 간식 코너만 둘러보게 되는 줄 알았는데 요즘은 ,"['다이소', '추천', '종근당', '건강', '알티', '오메가', '가성비', '오메가', '후기', '추천', '발견', '다이소', '가성비', '종근당', '건강', '알티', '오메가', '후기', '사진', '안녕', '다이소', '생활용품', '간식', '코너', '둘러보', '요즘']"
2,3,다이소 가성비템 등장! 종근당건강 알티지 오메가3 추천 꿀템,"드디어 입고 된 다이소 추천템, 종근당건강 알티지 오메가3 추천 꿀템 다이소에 가면 꼭 사려던 것만 사고 나오는 일이 잘 없잖아요. 저도 이날은 주방용품만 사려고 갔다가 건강기능식품 코너 앞에서 발이 딱...",,0,0,0,2026-05-15 00:00:00,https://blog.naver.com/yoon8863_/224286249199,다이소 가성비템 등장 종근당건강 알티지 오메가3 추천 꿀템 드디어 입고 된 다이소 추천템 종근당건강 알티지 오메가3 추천 꿀템 다이소에 가면 꼭 사려던 것만 사고 나오는 일이 잘 없잖아요 저도 이날은 주방용품만 사려고 갔다가 건강기능식품 코너 앞에서 발이 딱 ,"['다이소', '가성비', '등장', '종근당', '건강', '알티', '오메가', '추천', '입고', '다이소', '추천', '종근당', '건강', '알티', '오메가', '추천', '다이소', '나오', '주방', '용품', '건강', '기능', '식품', '코너']"
2,3,다이소 꿀템 가성비 건강기능식품 종근당건강 알티지 오메가3... ,느꼈어요 다이소 꿀템 추천 이유 요즘 같은 고물가 시대에는 건기식 하나 구매하는 것 자체도 은근 부담이 되는데요 이 제품은 한달 분량이 5천원이면서도 믿을 수 있는 원료와 알찬 성분 구성으로 가성비...,,0,0,0,2026-05-15 00:00:00,https://blog.naver.com/chemi05/224286188457,다이소 꿀템 가성비 건강기능식품 종근당건강 알티지 오메가3  느꼈어요 다이소 꿀템 추천 이유 요즘 같은 고물가 시대에는 건기식 하나 구매하는 것 자체도 은근 부담이 되는데요 이 제품은 한달 분량이 5천원이면서도 믿을 수 있는 원료와 알찬 성분 구성으로 가성비 ,"['다이소', '가성비', '건강', '기능', '식품', '종근당', '건강', '알티', '오메가', '느끼', '다이소', '꿀템', '추천', '이유', '요즘', '물가', '시대', '건기', '하나', '구매', '자체', '은근', '부담', '제품', '분량', '원료', '알차', '성분', '구성', '가성비']"
2,3,다이소 영양제 추천 유한양행 프리바이오틱스로 챙기는 장 건강,그러던 중 우연히 들른 다이소에서 유한양행 로고가 선명하게 박힌 프로바이오틱스 시리즈가 쫙... 그래서 저는 다이소 건기식 코너에 방문하시는 분들께 다른 유산균과 더불어 이 프리바이오틱스를 가장 먼저...,,0,0,0,2026-05-15 00:00:00,https://blog.naver.com/semee95/224285349876,다이소 영양제 추천 유한양행 프리바이오틱스로 챙기는 장 건강 그러던 중 우연히 들른 다이소에서 유한양행 로고가 선명하게 박힌 프로바이오틱스 시리즈가 쫙 그래서 저는 다이소 건기식 코너에 방문하시는 분들께 다른 유산균과 더불어 이 프리바이오틱스를 가장 먼저 ,"['다이소', '영양제', '추천', '유한양행', '프리', '바이오', '스로', '챙기', '건강', '그러', '들르', '다이소', '유한양행', '로고', '선명', '박히', '프로바이오틱스', '시리즈', '다이소', '코너', '방문', '유산균', '더불', '프리', '바이오']"
2,3,다이소 가성비 추천템 찾다가 발견한 종근당건강 오메가3,이번에도 다이소 추천 제품들 뭐 있으려나 보다가 건기식 코너 앞에서 한참 구경했네연 ㅎㅎ 다이소... 오메가3추천,"#다이소추천,#다이소건강기능식품,#다이소건기식,#다이소신상,#다이소가성비템,#다이소필수템",0,0,0,2026-05-15 00:00:00,https://blog.naver.com/besisik/224285708361,다이소 가성비 추천템 찾다가 발견한 종근당건강 오메가3 이번에도 다이소 추천 제품들 뭐 있으려나 보다가 건기식 코너 앞에서 한참 구경했네연  다이소 오메가3추천 #다이소추천#다이소건강기능식품#다이소건기식#다이소신상#다이소가성비템#다이소필수템,"['다이소', '가성비', '추천', '발견', '종근당', '건강', '오메가', '이번', '다이소', '추천', '제품', '건기', '코너', '한참', '구경', '다이소', '오메가', '추천']"
2,3,멜라토닌/수면보조제 1년 이상 먹어본 후기,건기식이 아니라서 영양제라 하기가 좀 애매..굳이 비싼 걸 먹을 필요는 없는 것 같다. 네 가지... 운전 주의 그래서 결론 앞으로 나는 계속 멜라토닌을 먹을 것이고 최대한 싼 걸 사서 먹겠다. (ex 다이소 멜라토닌),,0,0,0,2026-05-14 00:00:00,https://blog.naver.com/hv-hv/224285841860,멜라토닌수면보조제 1년 이상 먹어본 후기 건기식이 아니라서 영양제라 하기가 좀 애매굳이 비싼 걸 먹을 필요는 없는 것 같다 네 가지 운전 주의 그래서 결론 앞으로 나는 계속 멜라토닌을 먹을 것이고 최대한 싼 걸 사서 먹겠다 ex 다이소 멜라토닌 ,"['멜라토닌', '수면', '보조제', '이상', '후기', '건기', '아니', '영양제', '비싸', '필요', '가지', '운전', '주의', '결론', '멜라토닌', '다이소', '멜라토닌']"
2,3,강서구 최대 규모 [다이소 마곡나루역점] 코엑스 지하 2층... ,쪽에는 건기식 존도 있는데 이제 영양제도 다이소에서 저렴한 가격으로 먹을 수 있다뉘! 없는게 없는 다이소 매장이 큰데 1층짜리라 쇼핑하기도 편하구 ☺️ 뭘 사려고 들어온건 아닌데 다이소만 가면 자꾸...,,0,0,0,2026-05-14 00:00:00,https://blog.naver.com/kkul_tteok/224284726906,강서구 최대 규모 다이소 마곡나루역점 코엑스 지하 2층  쪽에는 건기식 존도 있는데 이제 영양제도 다이소에서 저렴한 가격으로 먹을 수 있다뉘 없는게 없는 다이소 매장이 큰데 1층짜리라 쇼핑하기도 편하구  뭘 사려고 들어온건 아닌데 다이소만 가면 자꾸 ,"['강서구', '규모', '다이소', '마곡나루역', '코엑스', '지하', '건기', '영양제', '다이소', '저렴하', '가격', '다이소', '매장', '쇼핑', '편하', '들어오', '아니', '다이소']"
2,3,다이소 유산균 &quot;장건강 유한 생유산균&quot; - 부담 없는 가격과... ,퇴근길에 아기 장난감에 갈아낄 건전지를 사러 다이소를 들렀습니다. 이것저것 신기한 거 구경하는 걸 좋아하는 편이라 다이소에 가면 10~20분은 모든 코너를 천천히 둘러봅니다. 피곤한 퇴근길이지만 다이소에...,,0,0,0,2026-05-14 00:00:00,https://blog.naver.com/meta231/224284711089,다이소 유산균 quot장건강 유한 생유산균quot  부담 없는 가격과  퇴근길에 아기 장난감에 갈아낄 건전지를 사러 다이소를 들렀습니다 이것저것 신기한 거 구경하는 걸 좋아하는 편이라 다이소에 가면 1020분은 모든 코너를 천천히 둘러봅니다 피곤한 퇴근길이지만 다이소에 ,"['다이소', '유산균', '건강', '유한', '유산균', '부담', '가격', '퇴근길', '아기', '장난감', '건전지', '다이소', '들르', '이것저것', '구경', '좋아하', '다이소', '코너', '둘러보', '피곤', '퇴근길', '다이소']"
2,3,"유한양행 프로바이오틱스, 1일 1캡슐로 간편한 장 건강 관리","필요한 생활용품을 사려고 다이소에 들렀다가, 건강기능식품 코너를 보게 됐어요. 정리 용품만 사고... 다이소 건강기능식품 코너가 다양해졌다는 건 알고 있었지만 유한양행 프로바이오틱스 제품까지...",,0,0,0,2026-05-13 00:00:00,https://blog.naver.com/lucky1127/224284469793,유한양행 프로바이오틱스 1일 1캡슐로 간편한 장 건강 관리 필요한 생활용품을 사려고 다이소에 들렀다가 건강기능식품 코너를 보게 됐어요 정리 용품만 사고 다이소 건강기능식품 코너가 다양해졌다는 건 알고 있었지만 유한양행 프로바이오틱스 제품까지 ,"['유한양행', '프로바이오틱스', '캡슐', '간편하', '건강', '관리', '필요', '생활', '용품', '다이소', '들르', '건강', '기능', '식품', '코너', '정리', '용품', '다이소', '건강', '기능', '식품', '코너', '다양', '유한양행', '프로바이오틱스', '제품']"
2,3,다이소 건기식 유산균과 함께 먹는 유한양행 프리바이오틱스... ,그래서 웬만한 신상은 다 꿰고 있는데 이번에 건기식 코너에서 신상템을 발견하게 되었어요. 평소... ...,"#다이소유산균,#다이소건기식,#유한양행,#유한양행프로바이오틱스,#프로바이오틱스추천,#프리바이오틱스",0,0,0,2026-05-13 00:00:00,https://blog.naver.com/kwp2002/224282849411,다이소 건기식 유산균과 함께 먹는 유한양행 프리바이오틱스  그래서 웬만한 신상은 다 꿰고 있는데 이번에 건기식 코너에서 신상템을 발견하게 되었어요 평소  #다이소유산균#다이소건기식#유한양행#유한양행프로바이오틱스#프로바이오틱스추천#프리바이오틱스,"['다이소', '유산균', '유한양행', '프리', '바이오', '신상', '이번', '건기', '코너', '신상', '발견', '평소']"
2,3,[다이소 추천템] 다이소 제로슈가 비비랩 애사비 탱글 포켓 젤리!,다이소에서 건기식을 판매하면서부터 하나하나 사먹으면서 리뷰하고 있는데욤! 그래도 괜찮았던 다이소 추천템 소개해볼게요! 오늘 제가 먹고 있는 다이소추천템은 비비랩 애사비 탱글 포켓젤리입니다!...,,0,0,0,2026-05-13 00:00:00,https://blog.naver.com/edgarlorentz/224283754036,다이소 추천템 다이소 제로슈가 비비랩 애사비 탱글 포켓 젤리 다이소에서 건기식을 판매하면서부터 하나하나 사먹으면서 리뷰하고 있는데욤 그래도 괜찮았던 다이소 추천템 소개해볼게요 오늘 제가 먹고 있는 다이소추천템은 비비랩 애사비 탱글 포켓젤리입니다 ,"['다이소', '추천', '다이소', '제로슈', '애사비', '탱글', '포켓', '젤리', '다이소', '기식', '판매', '하나', '하나', '리뷰', '괜찮', '다이소', '추천', '소개', '다이소', '추천', '애사비', '탱글', '포켓', '젤리']"
2,3,다이소 고유가지원금 2차... 직영점 가맹점 건기식 재고조회,다이소는 생활용품을 판매하므로 기본적으로 지원금 사용이 가능합니다. 다이소 건기식과 영양제는 어떨까요 건기식이나 영양제를 구매하고 싶었는데 사용 가능한지 문의해봤어요. 사용 가능 업종에 약국과...,,0,0,0,2026-05-11 00:00:00,https://blog.naver.com/mc_kwak/224282283203,다이소 고유가지원금 2차 직영점 가맹점 건기식 재고조회 다이소는 생활용품을 판매하므로 기본적으로 지원금 사용이 가능합니다 다이소 건기식과 영양제는 어떨까요 건기식이나 영양제를 구매하고 싶었는데 사용 가능한지 문의해봤어요 사용 가능 업종에 약국과 ,"['다이소', '유가', '지원금', '직영점', '가맹점', '건기', '재고', '조회', '다이소', '생활', '용품', '판매', '기본', '지원금', '사용', '가능', '다이소', '영양제', '어떻', '식이', '영양제', '구매', '사용', '가능', '문의', '사용', '가능', '업종', '약국']"
2,3,다이소 건기식 추천 ! 가르니시아 오브맘 다이어트 홀릭 체지방... ,...,"#다이어트,#다이어트후기,#가르니시아,#다이소갓성비,#다이소건기식,#다이소건기식추천,#다이어트영양제,#오브맘,#오브맘다이어트홀릭,#다이소가르니시아,#다이소영양제,#다이소필수템,#서이추,#서이추환영",0,0,0,2026-05-11 00:00:00,https://blog.naver.com/isnt_it/224282023137,다이소 건기식 추천  가르니시아 오브맘 다이어트 홀릭 체지방   #다이어트#다이어트후기#가르니시아#다이소갓성비#다이소건기식#다이소건기식추천#다이어트영양제#오브맘#오브맘다이어트홀릭#다이소가르니시아#다이소영양제#다이소필수템#서이추#서이추환영,"['다이소', '추천', '가르니시아', '오브', '다이어트', '홀릭', '체지방']"
2,3,with김쌤 · 시사 연계 세특 가이드영양제·건강기능식품... ,"국내 건기식 시장 6조원 돌파 후 정체 국면. 비타민·무기질이 홍삼 추월해 생산 1위. 온라인 69.8% 구매, 다이소·쿠팡 채널 확장. 위조 제품 그레이마켓 확산이 브랜드 신뢰 위협. K-바이오·K-건강기능식품...",,0,0,0,2026-05-11 00:00:00,https://blog.naver.com/bbibbong79/224281833466,with김쌤  시사 연계 세특 가이드영양제건강기능식품  국내 건기식 시장 6조원 돌파 후 정체 국면 비타민무기질이 홍삼 추월해 생산 1위 온라인 698 구매 다이소쿠팡 채널 확장 위조 제품 그레이마켓 확산이 브랜드 신뢰 위협 K바이오K건강기능식품 ,"['시사', '연계', '가이드', '영양제', '건강', '기능', '식품', '국내', '건기', '시장', '돌파', '정체', '국면', '비타민', '무기질', '홍삼', '추월', '생산', '온라인', '구매', '다이소', '쿠팡', '채널', '확장', '위조', '제품', '그레이', '마켓', '확산', '브랜드', '신뢰', '위협', '바이오', '건강', '기능', '식품']"
2,3,오프라인 공구 매장 알뜰 쇼핑 후기,"온 가족 건강 챙기는 '산양유 프로틴' &amp; 건기식 요즘 단백질 챙겨 드시는 분들 많으시죠? 온라인에서도... 다이소만큼 저렴한데 품질은 우리가 잘 아는 브랜드 제품들이라니, 이건 안 살 이유가 없죠? &quot;나만 알고...",,0,0,0,2026-05-11 00:00:00,https://blog.naver.com/qkpblmqwaj17093/224281779053,오프라인 공구 매장 알뜰 쇼핑 후기 온 가족 건강 챙기는 산양유 프로틴 amp 건기식 요즘 단백질 챙겨 드시는 분들 많으시죠 온라인에서도 다이소만큼 저렴한데 품질은 우리가 잘 아는 브랜드 제품들이라니 이건 안 살 이유가 없죠 quot나만 알고 ,"['오프라인', '공구', '매장', '알뜰', '쇼핑', '후기', '가족', '건강', '챙기', '산양', '프로', '건기', '요즘', '단백질', '챙기', '드시', '온라인', '다이소', '저렴하', '품질', '우리', '브랜드', '제품', '이거', '이유']"
2,3,코스맥스비티아이 주가 급등한 이유는?,"코스맥스엔비티의 외형 성장을 이끈 핵심 채널은 올리브영의 웰니스 전문 채널 '올더베러', 다이소... 올더베러 ...","#다이소건기식,#글로벌확장,#투자분석,#성장주,#배당수익률,#코스맥스비티아이주가",0,0,0,2026-05-10 00:00:00,https://blog.naver.com/blahblah771/224280709792,코스맥스비티아이 주가 급등한 이유는 코스맥스엔비티의 외형 성장을 이끈 핵심 채널은 올리브영의 웰니스 전문 채널 올더베러 다이소 올더베러  #다이소건기식#글로벌확장#투자분석#성장주#배당수익률#코스맥스비티아이주가,"['코스맥스', '급등', '이유', '코스맥스', '외형', '성장', '이끌', '핵심', '채널', '올리브', '웰니스', '전문', '채널', '올더베러', '다이소', '올더베러']"
2,3,다이소 대웅제약 밀크씨슬 내돈내산 후기! 가성비로 가볍게... ,대웅제약은 다이소 전용 건강기능식품 브랜드 ‘닥터베어’를 출시하면서 밀크씨슬 등 다양한 건기식을 판매하고 있어요. --- ✔️ 제품 특징 ✔️ 밀크씨슬(실리마린) 함유 간 건강 관리용 제품 ✔️ 하루...,,0,0,0,2026-05-10 00:00:00,https://blog.naver.com/gkrgnlrhdwn/224280794529,다이소 대웅제약 밀크씨슬 내돈내산 후기 가성비로 가볍게  대웅제약은 다이소 전용 건강기능식품 브랜드 닥터베어를 출시하면서 밀크씨슬 등 다양한 건기식을 판매하고 있어요   제품 특징  밀크씨슬실리마린 함유 간 건강 관리용 제품  하루 ,"['다이소', '대웅제약', '밀크', '후기', '가성비', '가볍', '대웅제약', '다이소', '전용', '건강', '기능', '식품', '브랜드', '닥터', '베어', '출시', '밀크', '다양', '판매', '제품', '특징', '밀크', '함유', '건강', '관리', '제품', '하루']"
2,3,스쳐가는 것들을 기록,"뭐든 할수 있을 때 열심히 즐겨야한다 (그랬음) 이제 우리는 건기식 토크를 해… 서울 온 김에... 취미 : 산리오템 구경하기,, 취미 : 먹기 키링 백만개 중에 뭐 달지...","#무오키,#다이소,#옛날탕수육,#해송반점",0,0,0,2026-05-10 00:00:00,https://blog.naver.com/throughthought/224280595227,스쳐가는 것들을 기록 뭐든 할수 있을 때 열심히 즐겨야한다 그랬음 이제 우리는 건기식 토크를 해 서울 온 김에 취미  산리오템 구경하기 취미  먹기 키링 백만개 중에 뭐 달지 #무오키#다이소#옛날탕수육#해송반점,"['스치', '기록', '즐기', '그렇', '우리', '건기', '토크', '서울', '취미', '산리오', '구경', '취미', '백만']"
2,3,다이소 영양제 추천 비피더스 유한양행 유산균 변비탈출 후기,요즘 다이소 제품이 너무 좋아서 다이소 영양제를 이것저것 사 먹어보는 편인데 최근에는 장 보조제 하나 사볼까 하고 건기식 코너를 둘러보다가 유한양행에서 출시한 비피더스 유산균을 발견! 다이소 영양제...,,0,0,0,2026-05-08 00:00:00,https://blog.naver.com/wl2874/224277605724,다이소 영양제 추천 비피더스 유한양행 유산균 변비탈출 후기 요즘 다이소 제품이 너무 좋아서 다이소 영양제를 이것저것 사 먹어보는 편인데 최근에는 장 보조제 하나 사볼까 하고 건기식 코너를 둘러보다가 유한양행에서 출시한 비피더스 유산균을 발견 다이소 영양제 ,"['다이소', '영양제', '추천', '비피더스', '유한양행', '유산균', '변비', '탈출', '후기', '요즘', '다이소', '제품', '다이소', '영양제', '이것저것', '최근', '보조제', '하나', '건기', '코너', '둘러보', '유한양행', '출시', '비피더스', '유산균', '발견', '다이소', '영양제']"
2,3,다이소 영양제 추천 건기식 프로바이오틱스 유한양행 비피더스... ,요새 다이소 영양제가 핫하기도 하고 유튜브에서도 다이소 건기식 추천템으로도 많은 영상이 올라오는... 위한 건기식 다이소 영양제 추천하는 유한양행 비피더스 유한 생유산균 후기였는데요 부담 없는...,,0,0,0,2026-05-07 00:00:00,https://blog.naver.com/eun_da_/224278178690,다이소 영양제 추천 건기식 프로바이오틱스 유한양행 비피더스  요새 다이소 영양제가 핫하기도 하고 유튜브에서도 다이소 건기식 추천템으로도 많은 영상이 올라오는 위한 건기식 다이소 영양제 추천하는 유한양행 비피더스 유한 생유산균 후기였는데요 부담 없는 ,"['다이소', '영양제', '추천', '프로바이오틱스', '유한양행', '비피더스', '다이소', '영양제', '핫하', '유튜브', '다이소', '추천', '영상', '올라오', '위하', '건기', '다이소', '영양제', '추천', '유한양행', '비피더스', '유한', '유산균', '후기', '부담']"
2,3,함께 좋아질까,"한편 내수는 전분기에 이어서 호실적을 기록하며 성장을 견인했는데 1)올리브영, 다이소, 편의점 등 오프라인 채널의 건기식 매대 확대, 2)홈쇼핑 내 건기식 판매 호조, 3)건기식을 비롯해...",,0,0,0,2026-05-07 00:00:00,https://blog.naver.com/lph7942/224278057237,함께 좋아질까 한편 내수는 전분기에 이어서 호실적을 기록하며 성장을 견인했는데 1올리브영 다이소 편의점 등 오프라인 채널의 건기식 매대 확대 2홈쇼핑 내 건기식 판매 호조 3건기식을 비롯해 ,"['내수', '분기', '실적', '기록', '성장', '견인', '올리브', '다이소', '편의점', '오프라인', '채널', '건기', '매대', '확대', '쇼핑', '건기', '판매', '호조', '기식']"
2,3,[다이소 영양제 리뷰 10탄] 대웅제약 '닥터베어+ 콜라겐... ,"지난 9탄 글루타치온에 이어, 다이소 영양제 리뷰 10탄으로 돌아왔습니다. 최근 약국 매대에서도 가장... 단점 (Cons) 1.건기식 미인증: 기능성을 인정받지 못한 '당류가공품'으로 확실한 효과를 담보할 수...",,0,0,0,2026-05-07 00:00:00,https://blog.naver.com/guddns251/224277662697,다이소 영양제 리뷰 10탄 대웅제약 닥터베어 콜라겐  지난 9탄 글루타치온에 이어 다이소 영양제 리뷰 10탄으로 돌아왔습니다 최근 약국 매대에서도 가장 단점 Cons 1건기식 미인증 기능성을 인정받지 못한 당류가공품으로 확실한 효과를 담보할 수 ,"['다이소', '영양제', '리뷰', '대웅제약', '닥터', '베어', '콜라겐', '지나', '다이소', '영양제', '리뷰', '돌아오', '최근', '약국', '매대', '단점', '건기', '인증', '기능', '인정받', '못하', '가공품', '효과', '담보']"
2,3,[다이소 영양제 리뷰 9탄] 대웅제약 '닥터베어+ 글루타치온',"지난 8탄 비타민B 리뷰에 이어, 오늘도 다이소 영양제 코너에서 유명한 제품을 들고 왔습니다. 요즘... 단점 (Cons) 1.기능성 미인증: '건기식'이 아닌 '캔디류'로 효과를 담보할 수 없습니다. 2.함량 부족: 5...",,0,0,0,2026-05-06 00:00:00,https://blog.naver.com/guddns251/224276666709,다이소 영양제 리뷰 9탄 대웅제약 닥터베어 글루타치온 지난 8탄 비타민B 리뷰에 이어 오늘도 다이소 영양제 코너에서 유명한 제품을 들고 왔습니다 요즘 단점 Cons 1기능성 미인증 건기식이 아닌 캔디류로 효과를 담보할 수 없습니다 2함량 부족 5 ,"['다이소', '영양제', '리뷰', '대웅제약', '닥터', '베어', '지나', '비타민', '리뷰', '오늘', '다이소', '영양제', '코너', '유명', '제품', '요즘', '단점', '기능', '인증', '건기', '아니', '캔디', '효과', '담보', '함량', '부족']"
2,3,트리플스트리트 D동에 이런 약국이? 창고형약국 오픈 전 핵심... ,"주변 기준점으로는 다이소 매장이 언급되고 있어서, 다이소를 먼저 찾으면 근처에서 바로 확인할 수... 요즘 영양제나 건기식을 해외에서 사는 분도 많은데, 막상 국내 약국 진열대에서 직접 보고 비교할 기회가...",,0,0,0,2026-05-06 00:00:00,https://blog.naver.com/yym1014/224276659171,트리플스트리트 D동에 이런 약국이 창고형약국 오픈 전 핵심  주변 기준점으로는 다이소 매장이 언급되고 있어서 다이소를 먼저 찾으면 근처에서 바로 확인할 수 요즘 영양제나 건기식을 해외에서 사는 분도 많은데 막상 국내 약국 진열대에서 직접 보고 비교할 기회가 ,"['트리플', '스트리트', '약국', '창고', '약국', '오픈', '핵심', '주변', '기준점', '다이소', '매장', '언급', '다이소', '근처', '확인', '영양제', '건기', '해외', '국내', '약국', '진열대', '비교', '기회']"
2,3,"씹어 먹는 다이소 건기식 비타민 D 아연 츄어블, 뼈 건강 관리","다이소 건기식 &lt;비타민D 1000IU 아연 츄어블&gt;인데요. 가격 부담이 없고 섭취 방식이 간편해 입문용으로... 고온다습한 곳이나 직사관성 피해 서늘한 곳에 보관 제조원:(주) 한미양행 판매처: 다이소 가격: 1,000원",,0,0,0,2026-05-06 00:00:00,https://blog.naver.com/mirikhan/224276550208,씹어 먹는 다이소 건기식 비타민 D 아연 츄어블 뼈 건강 관리 다이소 건기식 lt비타민D 1000IU 아연 츄어블gt인데요 가격 부담이 없고 섭취 방식이 간편해 입문용으로 고온다습한 곳이나 직사관성 피해 서늘한 곳에 보관 제조원주 한미양행 판매처 다이소 가격 1000원 ,"['다이소', '비타민', '아연', '츄어블', '건강', '관리', '다이소', '비타민', '아연', '츄어블', '가격', '부담', '섭취', '방식', '입문', '고온', '다습', '직사', '관성', '피해', '보관', '제조', '한미', '판매', '다이소', '가격']"
2,3,"가정의 달 프로모션, 소규모 셀러가 살아남는 법대형몰 경쟁... ","홍삼·건기식 대량 할인 지함보 포장, 커스텀 용돈박스, 손편지 대행 패키지 나들이·레저 대형 캠핑... 모으고 다이소의 효도삼 용돈박스가 SNS에서 입소문을 탄 이유를 생각해 보세요. 선물하는 과정 자체에...",,0,0,0,2026-05-06 00:00:00,https://blog.naver.com/udidpayapp/224276328746,가정의 달 프로모션 소규모 셀러가 살아남는 법대형몰 경쟁  홍삼건기식 대량 할인 지함보 포장 커스텀 용돈박스 손편지 대행 패키지 나들이레저 대형 캠핑 모으고 다이소의 효도삼 용돈박스가 SNS에서 입소문을 탄 이유를 생각해 보세요 선물하는 과정 자체에 ,"['가정', '프로모션', '규모', '셀러', '살아남', '경쟁', '홍삼', '건기', '대량', '할인', '포장', '커스', '용돈', '박스', '편지', '대행', '패키지', '나들이', '레저', '캠핑', '모으', '다이소', '효도', '용돈', '박스', '입소문', '이유', '생각', '선물', '과정', '자체']"
2,3,"다이소 추천 신상 홀베리 시리즈 모음,진짜  별게 다 있넹","오랜만에 가져온 다이소 추천 쇼핑 후기입니다. 다이소 건기식 쫌쫌따리 구매해서 챙겨보고 있는데, 가성비 좋은 것도 있고 조금씩 맛보기하기 좋은 제품도 있어요. 오늘 소개한 제품들은 건기식은 아니지만...",,0,0,0,2026-05-06 00:00:00,https://blog.naver.com/besisik/224275912593,다이소 추천 신상 홀베리 시리즈 모음진짜  별게 다 있넹 오랜만에 가져온 다이소 추천 쇼핑 후기입니다 다이소 건기식 쫌쫌따리 구매해서 챙겨보고 있는데 가성비 좋은 것도 있고 조금씩 맛보기하기 좋은 제품도 있어요 오늘 소개한 제품들은 건기식은 아니지만 ,"['다이소', '추천', '신상', '베리', '시리즈', '모음', '오랜만', '가져오', '다이소', '추천', '쇼핑', '후기', '건기', '따리', '구매', '챙기', '가성비', '조금', '맛보', '제품', '소개', '제품', '건기', '아니']"
2,3,진짜 효능 있을까? 다이소 건기식 성분표 직접 확인해 봤습니다,“이 포스팅은 쿠팡파트너스 활동의 일환으로 일정 수수료를 제공받습니다.&quot; 국내 건기식 시장 규모... 좋은 정보를 만드는 힘이 됩니다.,"#다이소건기식,#다이소영양제,#50대영양제,#시니어건강,#루테인,#오메",0,0,0,2026-05-05 00:00:00,https://blog.naver.com/toktokland/224275455167,진짜 효능 있을까 다이소 건기식 성분표 직접 확인해 봤습니다 이 포스팅은 쿠팡파트너스 활동의 일환으로 일정 수수료를 제공받습니다quot 국내 건기식 시장 규모 좋은 정보를 만드는 힘이 됩니다 #다이소건기식#다이소영양제#50대영양제#시니어건강#루테인#오메,"['효능', '다이소', '성분', '확인', '포스팅', '쿠팡', '파트너스', '활동', '일환', '일정', '수수료', '제공', '국내', '건기', '시장', '규모', '정보', '만들']"
2,3,올리브영 포켓몬 콜라보 내돈내산 솔직 리뷰 - 패키지부터... ,(올영에 어린이 이렇게 많은 거 처음봄) 일단 리빙이랑 건기식쪽. 저 딜라이트프로젝트 단쉐... 컬러는 예쁘긴한데 이게 최선입니까 다이소 미니 후로킹 퍼프는 안맞고 하트 손가락 퍼프만 들어가니 참고할...,,0,0,0,2026-05-05 00:00:00,https://blog.naver.com/wintercotton/224274953657,올리브영 포켓몬 콜라보 내돈내산 솔직 리뷰  패키지부터  올영에 어린이 이렇게 많은 거 처음봄 일단 리빙이랑 건기식쪽 저 딜라이트프로젝트 단쉐 컬러는 예쁘긴한데 이게 최선입니까 다이소 미니 후로킹 퍼프는 안맞고 하트 손가락 퍼프만 들어가니 참고할 ,"['올리브', '포켓몬', '콜라', '리뷰', '패키지', '어린이', '이렇', '처음', '리빙', '건기', '딜라이트', '프로젝트', '컬러', '예쁘', '이것', '최선', '다이소', '미니', '퍼프', '하트', '손가락', '퍼프', '들어가', '참고']"
2,3,26.5.4 월 주요리포트 및 이슈정리,8%) = 신채널(다이소·올리브영·편의점·아트박스) 고신장 92억 추정 = 2026년 380억 목표 = 수출... 노바렉스 = 건기식 ODM 구조적 성장 = 1Q26E: 매출 1122억(YoY +24%) / 영업이익 123억(YoY +47%) = 핵심 수출...,,0,0,0,2026-05-04 00:00:00,https://blog.naver.com/gloryb0924/224274716275,2654 월 주요리포트 및 이슈정리 8  신채널다이소올리브영편의점아트박스 고신장 92억 추정  2026년 380억 목표  수출 노바렉스  건기식 ODM 구조적 성장  1Q26E 매출 1122억YoY 24  영업이익 123억YoY 47  핵심 수출 ,"['주요', '리포트', '이슈', '정리', '채널', '올리브', '편의점', '아트', '박스', '신장', '추정', '목표', '수출', '노바렉스', '건기', '구조', '성장', '매출', '영업', '이익', '핵심', '수출']"
2,3,️ 대군부인 아이유가 타던 부가티가 의약품이라면? — 관절... ,"진짜 건기식입니다. 없으면 그냥 식품입니다. Tier 4 | 일반식품 = 자전거 출처 스페셜라이즈드 편의점이나 다이소에서 파는 관절 젤리, 관절 캔디, &quot;콘드로이친 함유&quot; 음료 같은 것들입니다. 일반식품에는...",,0,0,0,2026-05-04 00:00:00,https://blog.naver.com/nktrading0214/224274670455, 대군부인 아이유가 타던 부가티가 의약품이라면  관절  진짜 건기식입니다 없으면 그냥 식품입니다 Tier 4  일반식품  자전거 출처 스페셜라이즈드 편의점이나 다이소에서 파는 관절 젤리 관절 캔디 quot콘드로이친 함유quot 음료 같은 것들입니다 일반식품에는 ,"['대군', '부인', '아이유', '부가티', '의약품', '관절', '건기', '식품', '일반', '식품', '자전거', '출처', '스페셜', '이즈', '편의점', '다이소', '관절', '젤리', '관절', '캔디', '콘드로이친', '함유', '음료', '일반', '식품']"
2,3,"안녕하세요, 이웃님들! 벌써 2026년 5월 4일, 가정의 달이... ","올리브영이나 다이소만 가봐도 콜라겐이니 단백질 바니 하는 제품들이 쏟아져 나오잖아요? 예전엔... 온가족 건강관리, 모두를 위한 나만의 꿀팁 (2030 위한 건기식도!) 그럼 이제 온 가족을 아우르는 온가족...",,0,0,0,2026-05-04 00:00:00,https://blog.naver.com/mkoobs5968/224274016940,안녕하세요 이웃님들 벌써 2026년 5월 4일 가정의 달이  올리브영이나 다이소만 가봐도 콜라겐이니 단백질 바니 하는 제품들이 쏟아져 나오잖아요 예전엔 온가족 건강관리 모두를 위한 나만의 꿀팁 2030 위한 건기식도 그럼 이제 온 가족을 아우르는 온가족 ,"['안녕', '이웃', '가정', '올리브', '다이소', '콜라겐', '단백질', '제품', '쏟아지', '나오', '예전', '가족', '건강', '관리', '모두', '위하', '기식', '가족', '아우르', '가족']"
2,3,"vs 다이소, 약국 망하는거 아냐 ?  이곳에 유명 제약사 건기식이... ","유한양행도 유산균 제품을 내놓고, 대웅제약도 이미 3000~5000원대 건기식을 선보였다고 한답니다. 광동제약, 동국제약 등 다른 제약사들도 줄줄이 다이소 에 입점하고 있다고 하니, 앞으로 다이소 건기식 코너가...",,0,0,0,2026-05-03 00:00:00,https://blog.naver.com/sagesma/224273360185,vs 다이소 약국 망하는거 아냐   이곳에 유명 제약사 건기식이  유한양행도 유산균 제품을 내놓고 대웅제약도 이미 30005000원대 건기식을 선보였다고 한답니다 광동제약 동국제약 등 다른 제약사들도 줄줄이 다이소 에 입점하고 있다고 하니 앞으로 다이소 건기식 코너가 ,"['다이소', '약국', '망하', '이곳', '유명', '제약사', '식이', '유한양행', '유산균', '제품', '내놓', '대웅제약', '건기', '선보이', '광동제약', '동국', '제약', '제약사', '다이소', '입점', '다이소', '코너']"
2,3,다이소 rTG 알티지 오메가3 건강기능식품 가격/리뷰 (EPA+DHA... ,저는 주로 네이버 검색을 통해 건기식을 사먹는데 조금 큰 다이소를 가니까 건강기능식품도 여러가지가 눈에 띄어 구경해보았습니다~ 안그래도 오메가3를 한 번 먹어볼까 생각이 들어서 찾아보니 알티지...,,0,0,0,2026-05-03 00:00:00,https://blog.naver.com/raemian6872/224273279513,다이소 rTG 알티지 오메가3 건강기능식품 가격리뷰 EPADHA  저는 주로 네이버 검색을 통해 건기식을 사먹는데 조금 큰 다이소를 가니까 건강기능식품도 여러가지가 눈에 띄어 구경해보았습니다 안그래도 오메가3를 한 번 먹어볼까 생각이 들어서 찾아보니 알티지 ,"['다이소', '알티', '오메가', '건강', '기능', '식품', '가격', '리뷰', '네이버', '검색', '통하', '건기', '다이소', '건강', '기능', '식품', '가지', '구경', '그렇', '오메가', '생각', '알티']"
2,3,"다이소영양제 추천 오브맘 눈건강 루테인 하루구미, 솔직히 이... ","요즘 핸드폰, 컴퓨터 하루 종일 보다 보니까 눈 피로가 확 느껴져서 다이소영양제 찾다가 발견한 제품... 제품 정보 오브맘 눈건강 루테인 하루구미 블루베리맛 4g X 30 개 120g 건강기능식품 다이소 건강기능식품...",,0,0,0,2026-05-02 00:00:00,https://blog.naver.com/allthetravels/224272660113,다이소영양제 추천 오브맘 눈건강 루테인 하루구미 솔직히 이  요즘 핸드폰 컴퓨터 하루 종일 보다 보니까 눈 피로가 확 느껴져서 다이소영양제 찾다가 발견한 제품 제품 정보 오브맘 눈건강 루테인 하루구미 블루베리맛 4g X 30 개 120g 건강기능식품 다이소 건강기능식품 ,"['다이소', '영양제', '추천', '오브', '건강', '루테', '하루', '구미', '요즘', '핸드폰', '컴퓨터', '하루', '종일', '피로', '느끼', '다이소', '영양제', '발견', '제품', '제품', '정보', '오브', '건강', '루테', '하루구미', '블루베리', '건강', '기능', '식품', '다이소', '건강', '기능', '식품']"
2,3,다이소 건강기능식품 오브맘 피부건강 면역톡톡 알로에겔 솔직... ,"오늘은 다이소 건강기능식품 오브맘 피부건강 면역톡톡 알로에겔 가성비 영양제 후기... 이것저것 챙기기는 귀찮고, 그렇다고 아무것도 안 하자니 좀 찝찝해서 가볍게 시작할 수 있는 다이소 영양제인 오브맘...",,0,0,0,2026-05-02 00:00:00,https://blog.naver.com/wo_odi/224272435349,다이소 건강기능식품 오브맘 피부건강 면역톡톡 알로에겔 솔직  오늘은 다이소 건강기능식품 오브맘 피부건강 면역톡톡 알로에겔 가성비 영양제 후기 이것저것 챙기기는 귀찮고 그렇다고 아무것도 안 하자니 좀 찝찝해서 가볍게 시작할 수 있는 다이소 영양제인 오브맘 ,"['다이소', '건강', '기능', '식품', '오브', '피부', '건강', '면역', '오늘', '다이소', '건강', '기능', '식품', '오브', '피부', '건강', '면역', '알로에', '가성비', '영양제', '후기', '이것저것', '챙기', '귀찮', '그렇', '아무것', '가볍', '시작', '다이소', '영양제', '오브']"
