comment_text,content_id,형태소,형태소기반_감정,맥락기반_감정
버스티고 조금나가서 종근당 12박스 구매했습니다 감사합니다 ❤,1,"['버스', '나가', '종근당', '박스', '구매', '감사']",긍정,긍정
약국을 가지 않고 씨유 편의점에서 바로 픽업해서 종근당 제품을 먹을 수 있어서 너무 좋은 것 같아요!👍 리쮸님 덕분에 좋은 정보 알아가요! 오늘도 영상 잘 봤어요⭐️,5,"['약국', '씨유', '편의점', '픽업', '종근당', '제품', '리쮸', '덕분', '정보', '오늘', '영상']",중립,긍정
오 좋네요!👍 할인이벤트 지나서 아쉽..😢,5,"['할인', '이벤트', '지나', '아쉽']",중립,긍정
종근당 제품들 다 너무 좋은데 편의점에서도 쉽게 만날 수 있는게 되게 좋은거 같아요!,5,"['종근당', '제품', '편의점', '만나']",긍정,긍정
포켓 CU 어플로 구매하면 가까운 매장에서 픽업 가능해 편한 것 같아요,10,"['포켓', '어플', '구매', '가깝', '매장', '픽업', '가능', '편하']",긍정,긍정
"🤩종근당과 CU가 콜라보했어요! https://www.pocketcu.co.kr/deepLink/checkAppInstall?viewType=1&viewUrl=/special/detail/CDK0VSBL07059 84년 전통의 종근당 건강기능식품 9종을 이제 CU에서 만나보실 수 있답니다. 멀티비타민미네랄로 기본 영양 챙기고, 깨끗하고 흡수 잘 되는! 초임계 알티지 오메가3 밀크씨슬은 간 건강, 루테인+비타민A는 눈 건강에 좋고요 프로바이오틱스는 이너케어 & 장 건강을 도와주고, 두뇌기억력엔 징코가 집중력과 기억력에 딱! 칼마디케이는 관절 케어, 혈당컷 다이어트는 혈당 조절과 다이어트에 도움을 줍니다. 하루 한 알, 간편하게 챙기기 딱 좋아요! 더 빠르게 갖고 싶다면 포켓CU 앱에서 주문 후 가까운 CU에서 바로 픽업하세요! 집 앞 CU에서 기다림 없이 바로 받아가니까 너무 편해요. 게다가 지금 런칭 기념 1+1 이벤트 중! 5천 원에 2박스, 20일치 건강 챙기기 찬스! 종근당 건강기능식품, CU에서 착한 가격에 만나보세요!",15,"['종근당', '콜라', '전통', '종근당', '건강', '기능', '식품', '만나', '멀티', '비타민', '미네랄', '기본', '영양', '챙기', '흡수', '초임', '알티', '오메가', '밀크', '건강', '루테', '비타민', '건강', '프로바이오틱스', '이너', '케어', '건강', '도와주', '두뇌', '기억력', '집중력', '기억력', '마디', '케이', '관절', '케어', '혈당', '다이어트', '혈당', '조절', '다이어트', '도움', '하루', '챙기', '빠르', '포켓', '주문', '가깝', '픽업', '기다리', '편하', '런칭', '기념', '이벤트', '박스', '건강', '챙기', '찬스', '종근당', '건강', '기능', '식품', '착하', '가격', '만나']",긍정,긍정
어머나~~반가운 소식이네요,19,"['반갑', '소식']",긍정,긍정
"이제 좀 신경써서 챙겨 먹어야 하는 시기인데, 저도 구입해봐야겠어요",19,"['신경', '챙기', '시기', '구입']",긍정,긍정
제품 다양해서 좋네요,19,"['제품', '다양']",중립,긍정
cu로 당장 달려가야겠어요 ㅎ,19,['달려가'],중립,긍정
역시 종근당 최고네요~!!,19,"['종근당', '최고']",긍정,긍정
9900원 가격 대박이네요 저도 고고씽,19,"['가격', '고고씽']",중립,긍정
이정도만 챙겨 먹어도 되겠군오ㅡ,19,"['정도', '챙기']",긍정,긍정
오늘도 감사합나다,22,['감사'],긍정,긍정
더위에 건강 챙기면서 일하세요! 오늘도 좋은 정보 감사합니다 :),22,"['더위', '건강', '챙기', '오늘', '정보', '감사']",긍정,긍정
몸관리 잘하세요 감사합니다^^,22,"['관리', '감사']",긍정,긍정
감사합니다😊,22,['감사'],긍정,긍정
감사합니다:),22,['감사'],긍정,긍정
진짜 최고입니다 매번 ㅎㅎㅎ 매 주 월요일 방송 하고 업무 시작하시는건가요?,22,"['최고', '월요일', '방송', '업무', '시작']",긍정,긍정
감사합니다 😊,22,['감사'],긍정,긍정
"💚 동아제약에서 출시한 CU 전용 건강기능식품 브랜드 ‘셀파렉스 바로’ 💊 가격은 단 5,000원✨ 항산화💪 비타민C1000부터 근육·에너지⚡ 마그네슘, 스트레스 완화🌿 테아닌, 눈 건강👀 루테인, 혈행·건조한 눈 개선💧 알티지오메가3, 관절·연골 건강🦵 MSM2000, 뼈·치아 건강🦷 칼슘마그네슘비타민D, 간 건강💚 밀크씨슬까지! 기능별로 골라먹는 8종 건강 케어라인업! 패키지도 예뻐서 보는 순간 시선 👀 확! 가까운 CU에서 만나보세요💚",23,"['동아제약', '출시', '전용', '건강', '기능', '식품', '브랜드', '셀파렉스', '가격', '항산화', '비타민', '근육', '에너지', '마그네슘', '스트레스', '완화', '아니', '건강', '루테', '건조', '개선', '오메가', '관절', '연골', '건강', '치아', '건강', '칼슘', '마그네슘', '비타민', '건강', '밀크', '기능', '고르', '건강', '케어', '라인', '패키지', '예쁘', '순간', '시선', '가깝', '만나']",긍정,긍정
정가거부님 첫날부터 좋은 정보 정리해주신다고 고생하셨네요! 항상 감사해요 🥰,24,"['정가', '거부', '첫날', '정보', '정리', '고생', '감사']",긍정,긍정
cu 도시락 할인 3-4월동안 행복했습니다 이제 안하겠네요 + 토스 페이스페이 한정 cu 간편식 50프로할인이 생겼네요 영상에없는데 참고,24,"['도시락', '할인', '동안', '행복', '토스', '페이스', '페이', '한정', '편식', '프로', '할인', '생기', '영상']",긍정,긍정
감사합니당정가거부님😅영양제90프로놀라워용😮,24,"['감사', '정가', '거부', '영양제', '프로', '놀랍']",긍정,긍정
0:36 샌드위치&커피 콤보는 굳이 저 카드 아니어도 기본 콤보 할인 천원이 되기 때문에 직전에 나온 샌드위치 카카오페이 할인 40%와 연계하시면 꽤 괜찮은 할인률이 나옵니다. (제가 최근 몇개월간 계속 출근길 아침 챙겨먹은 방법입니다.),24,"['샌드위치', '커피', '콤보', '카드', '아니', '기본', '콤보', '할인', '때문', '직전', '나오', '샌드위치', '카카오페이', '할인', '연계', '괜찮', '할인', '나오', '최근', '개월', '출근길', '아침', '챙기', '방법']",긍정,긍정
4월동안 혜자로운 빵 아주 좋았는데 5월도 하는군요 😊,24,"['동안', '혜자']",긍정,긍정
넹 감사합니당,24,['감사'],긍정,긍정
정가거부 마아아안~세~!^^/,24,"['정가', '거부', '마아아안세']",중립,긍정
감사합니다 계란 혜자빵 좋아요,24,"['감사', '계란', '혜자']",긍정,긍정
카드할인 부탁드리겠습니다 급합니다 ㅜㅜ 항상 잘 보고있습니다,24,"['카드', '할인', '부탁', '드리', '급하']",중립,긍정
계란 15구 25퍼 할인해서 3900원이면 좋네요,24,"['계란', '할인']",중립,긍정
"축사에서 소들이 혀로 핥고 있는 이 빨간 덩어리는 단순한 사탕처럼 보일 수 있지만, 실제로는 소금과 다양한 무기질이 압축되어 만든 가축용 미네랄 보충제입니다. 🔹 미네랄 블록이란 무엇인가요? 미네랄 블록은 주로 소금(NaCl), 칼슘(Ca), 인(P), 마그네슘(Mg), 아연(Zn), 구리(Cu), 코발트(Co), 요오드(I), 셀레늄(Se) 등 동물에게 필수적인 무기질을 포함하고 있으며, 이들을 압축하여 고체 형태로 만든 제품입니다. 🧂 왜 미네랄 블록이 필요한가요? 가축들은 자연 상태에서는 다양한 식물을 통해 무기질을 섭취하지만, 축사나 사료 중심의 사육 환경에서는 무기질이 부족해지기 쉽습니다. 그중에서도 **소금(나트륨)**은 가장 부족해지기 쉬운 성분 중 하나이며, 가축의 식욕, 소화, 근육 기능, 수분 조절 등에 중요한 역할을 합니다. 🐄 소는 얼마나 먹나요? 과다섭취는 괜찮을까요? 소는 본능적으로 자신의 몸에 필요한 만큼만 미네랄을 섭취합니다. 과다섭취를 걱정하지 않아도 되며, 실제로 부족한 영양소가 채워지면 더 이상 핥지 않습니다. 💡 미네랄 블록의 장점 자율 섭취 가능 – 동물이 자유롭게 섭취할 수 있어 편리합니다. 관리 용이 – 일정 기간 사용할 수 있어 교체 주기가 깁니다. 균형 영양 보충 – 중요한 미량 원소까지 포함되어 있어 전체 건강을 유지하는 데 도움을 줍니다. 스트레스 완화 – 일부 가축은 미네랄 부족 시 스트레스를 겪을 수 있는데, 이를 예방할 수 있습니다. 🐖 어떤 동물들이 사용할 수 있나요? 미네랄 블록은 다양한 가축에게 유용합니다. 아래는 대표적인 사용 대상입니다: 소(한우, 젖소) 돼지 말 염소 양 사슴 닭 및 가금류 (이 경우에는 블록 형태보다는 가루 형태로 제공되는 경우가 많음) 야생동물 (자연 방사지에서 사용하는 경우도 있음) 🌱 사용 시 주의사항 미네랄 블록은 건조하고 통풍이 잘 되는 곳에 설치하는 것이 좋습니다. 직사광선이나 빗물에 노출되지 않도록 주의해야 하며, 오염되지 않도록 관리해야 합니다. 자연 상태에서 사육 중인 동물에게도 유용하게 제공할 수 있습니다. 📌 기억하세요! 미네랄 블록은 단순한 먹이가 아닌, 가축 건강을 유지하고 생산성을 높이는 중요한 수단입니다. 소들은 똑똑하게도 자신의 몸에 꼭 필요한 만큼만 핥기 때문에, 너무 많이 먹을까 걱정하지 않으셔도 됩니다. 🧠 가축을 키우신다면 꼭 미네랄 블록을 활용해보세요. 건강한 동물은 더 나은 품질의 축산물로 이어집니다!",34,"['축사', '빨갛', '덩어리', '단순', '사탕', '보이', '소금', '다양', '무기질', '압축', '만들', '가축', '미네랄', '보충', '미네랄', '블록', '무엇', '미네랄', '블록', '소금', '칼슘', '마그네슘', '아연', '구리', '코발트', '요오드', '레늄', '동물', '필수', '무기질', '포함', '압축', '고체', '형태', '만들', '제품', '미네랄', '블록', '필요', '가축', '자연', '상태', '다양', '식물', '통하', '무기질', '섭취', '축사', '사료', '중심', '사육', '환경', '무기질', '부족', '소금', '나트륨', '부족', '성분', '하나', '가축', '식욕', '소화', '근육', '기능', '수분', '조절', '중요', '역할', '과다', '섭취', '괜찮', '본능', '자신', '필요', '만큼', '미네랄', '섭취', '과다', '섭취', '걱정', '부족', '영양소', '채우', '이상', '미네랄', '블록', '장점', '자율', '섭취', '가능', '동물', '자유', '섭취', '편리', '관리', '일정', '기간', '사용', '교체', '주기', '균형', '영양', '보충', '중요', '미량', '원소', '포함', '전체', '건강', '유지', '도움', '스트레스', '완화', '일부', '가축', '미네랄', '부족', '스트레스', '예방', '동물', '사용', '미네랄', '블록', '다양', '가축', '유용', '아래', '대표', '사용', '대상', '한우', '젖소', '돼지', '염소', '사슴', '가금', '경우', '블록', '형태', '가루', '형태', '제공', '경우', '야생', '동물', '자연', '방사', '사용', '경우', '사용', '주의', '사항', '미네랄', '블록', '건조', '통풍', '설치', '직사광선', '빗물', '노출', '주의', '오염', '관리', '자연', '상태', '사육', '동물', '유용', '제공', '기억', '미네랄', '블록', '단순', '먹이', '아니', '가축', '건강', '유지', '생산', '높이', '중요', '수단', '자신', '필요', '만큼', '때문', '걱정', '가축', '키우', '미네랄', '블록', '활용', '건강', '동물', '품질', '축산물', '이어지']",중립,긍정
노래에 빠졌어요 🎵🎶🎶🥰🥰❤️❤️👍👍,37,"['노래', '빠지']",중립,긍정
❤❤건강해😊😊,37,['건강'],중립,긍정
유튜브에 안 올라오는 일상 사진은 인스타그램에 올리고 있어요 :) 👩 일상 계정 → @seung.aah 🐶 꼬미 출근 릴스 → @kkom.aah 팔로우하고 더 자주 만나요~!,39,"['유튜브', '올라오', '일상', '사진', '인스타그램', '올리', '일상', '계정', '꼬미', '출근', '릴스', '팔로우', '만나']",긍정,긍정
ㅎㅎ조카마니컷네요ㅎㅎ꼬미 사료씹는 소리랑 물마시는소리 넘 좋아요ㅎㅎ😊,39,"['조카마니컷네요꼬미', '사료', '소리', '마시', '소리']",중립,긍정
오늘도귀엽네요😊😊,39,"['오늘', '귀엽']",긍정,긍정
"저는 에스더몰에서 초임계 알티지 오메가3, 멀티비타민 미네랄 두 개 먹고 있어요. 8900원씩 하는데 저렴하죠? 의사선생님인 여에스더님이 판매하시는 거라 믿고 먹어요. 승아님도 오메가, 멀티비타민 미네랄 드시나요? 안 드시면 드시는 걸 추천해요😊 비판텐 좋은진 얘기 많이 들어 알긴 한데 아이크림 대용으로도 좋군요? 참고할게요~ 저도 아이크림이 필요한데.. 한 번 아이크림으로 써봐? 저희 강아지는 식탐은 없어서 길가에서 뭐 줏어먹진 않는데 외할머니댁에서 엄마 요리할 때 대파가 부엌바닥에 떨어졌는데 그거 먹은 줄 알고 늦은 저녁에 24시 2차? 동물병원가서 게워내게 하고 난리였었어요😂 뱃속엔 황태 뿐..(사료를 못 챙겨가서 한 끼는 황태만 한 줌 먹임) 되돌아보니 그것도 추억?이라면 비싼 추억이네요😂 대파 안 먹어서 다행이었지.. 제가 화장품은 화해 앱에서 성분 검색해서 쓰는데 달바.. 어떤 제품은 성분은 좋지 못한 걸로 나오던데 많이들 쓰시더라구요😂 저는 순한 것, 기능성 쓰다가 귀찮아서 안 바르다가 하고 있네요😂 (피부 좋은 것도 아니면서 안 챙기고 어쩐대😢) 5:27 퇴근하니까 꼬미도 좋은가봐요, 꼬리도 방정?맞게 흔들면서 걷구😂ㅋㅋ 이번 겨울은 유난히 추운 것 같아요. 영하로 거의 떨어지지 않는 남쪽나라 부산이 오후엔 계속 영하..😅 빨리 봄이 되서 날이 풀렸으면 좋겠어요. 울 딴이 산책갈 때마다 미안해죽겠어요😂😂 이렇게 추운 추위는 6년 평생 처음 겪어보다시피 할텐데 하구요~ ㅋㅋ저는 내복입고 다녀요. 내복빨 때면 바지 안에 레깅스입기도..ㅋㅋ 저는 엄마가 두부조림, 오이무침을 정말 맛있게 하셔서 그 두 개를 배워 보려는데 잘 안 가르쳐 주시네요😂ㅋㅋ 그 수업듣기 참 비싸다 정말~.. 어디까지 도는 거예요..? 어디까지 올라가는 거예요?였나ㅋㅋ 부산억양으로 읽었어요ㅋㅋㅋㅋ 오~ 울쎄라 좋은가요? 나도 저렇게 관리를 잘해야 할텐데 이마주름이 조금 생겨버림....ㅠ 추천해주시는 것 참고해서 받아볼게요~😊고맙습니다. 이번 주도 알차게 잘 봤어요ㅎㅅㅎ 다음 주도 기대하며~!!우리는 다음에 또 만나영~^.^//",39,"['에스', '초임', '알티', '오메가', '멀티', '비타민', '미네랄', '저렴하', '의사', '선생', '여에스더', '판매', '승아', '오메가', '멀티', '비타민', '미네랄', '드시', '드시', '드시', '추천', '비판', '얘기', '크림', '대용', '참고', '크림', '필요', '크림', '저희', '강아지', '식탐', '길가', '외할머니', '엄마', '요리', '대파', '부엌', '바닥', '떨어지', '그거', '저녁', '동물', '병원', '게우', '난리', '뱃속', '황태', '사료', '챙기', '황태', '먹이', '되돌아보', '그것', '추억', '비싸', '추억', '다행', '화장품', '화해', '성분', '검색', '제품', '성분', '못하', '나오', '순하', '기능', '귀찮', '바르', '피부', '아니', '챙기', '어쩌', '퇴근', '꼬미', '꼬리', '방정맞', '흔들', '이번', '겨울', '영하', '떨어지', '남쪽', '나라', '부산', '오후', '영하', '풀리', '산책', '미안', '이렇', '추위', '평생', '처음', '내복', '다니', '내복', '바지', '레깅스', '엄마', '두부', '조림', '오이', '무침', '맛있', '배우', '가르치', '수업', '비싸', '어디', '어디', '올라가', '부산', '억양', '울쎄라', '관리', '이마', '주름', '생기', '버리', '추천', '참고', '고맙', '이번', '알차', '다음', '기대', '우리', '다음', '만나']",긍정,긍정
간식 주세요❤❤❤,42,['간식'],중립,긍정
어르미 배고픈데 간식줘라😮 많이~많이 안돼 뱃살나와 ❤❤❤,42,"['어르미', '배고프', '간식', '뱃살', '나오']",중립,긍정
여르미공듀 😍❤,42,['여르미공듀'],중립,긍정
😅😊😊❤,42,[],중립,긍정
어르미공주야 간식은 좋치❤❤❤,42,"['어르미', '공주', '간식']",중립,긍정
Merci beaucoup sublime ton toutou ❤ ❤,42,[],중립,긍정
귀여워❤❤귀는왜😂😂,42,['귀엽'],긍정,긍정
귀엽다 ㅎㅎ,44,['귀엽'],긍정,긍정
안취해야할때 꼭쓰세요..❤,44,['취하'],중립,긍정
음..뭘 먹는것보다 술마실때 음료수대신 물을 마시세요..!! 이게 제일 효과 좋아요 진탕마셔도 물만 많이 마셔주면 다음날 머리만 어지러울뿐 속 뒤집어지진 않아요👍,44,"['마시', '음료수', '대신', '마시', '이것', '효과', '마시', '마시', '다음', '머리', '어지럽', '뒤집']",긍정,긍정
약국가서 술먹기전에 먹는 약 주세요 하면 더 효과좋은거 추천해줌,44,"['약국', '효과', '추천']",긍정,긍정
솔직히 저거 다 필요없음 담배피는거 따라가고 음료수 아이스크림 제공해서 밖에 오래있고 술 자체를 들 마시는게 최고임,44,"['저거', '필요', '담배', '따라가', '음료수', '아이스크림', '제공', '자체', '마시', '최고']",긍정,긍정
그냥 술마시지마세요 안취하면 몸이 썩어가는순간입니다,44,"['마시', '취하', '순간']",중립,긍정
한눈에 보는 단백이 포인트 1⃣ 노른자 NO! 노른자 없이 흰자만 쏙— 지방·콜레스테롤 걱정 없이 가볍게! 2⃣ 단백질 듬뿍! 단백이 1개 = 계란 흰자 2개 3⃣ 맛도 다양하게 오리지널: 삶은 계란 흰자 그대로! 짭짤한맛: 소금 살짝 찍은 듯한 고소한 맛 4⃣ 섭취는 간편하게 그냥 바로 먹어도 OK! 전자레인지에 살짝 데워도 맛있어요. 5⃣ 건강한 칼로리 밸런스 단백이 1개 기준 30~35kcal / 단백질 7~8g 6⃣ 소비기한 오리지널: 60일 짭짤한맛: 60일 CU 편의점에서 만나요! 🎁 단백이 댓글 이벤트 1. 참여방법 댓글에 단백이 기대평을 남겨 주세요! 2. 당첨자 혜택(5명) 단백이 오리지널 10개입 📌응모 기한 2025.11.28(금) ~ 12.12(금) 📌당첨자 발표 : 추후 커뮤니티 공지 ▶ 이벤트 & 할인 정보 카톡 플친 👉 http://pf.kakao.com/_vUxjHG ▶ 요즘 먹는 영양제(아이허브 장바구니 목록) 👉 https://iherb.co/2vFryqAd,45,"['한눈', '포인트', '노른자', '노른자', '흰자', '지방', '콜레스테롤', '걱정', '가볍', '단백질', '단백', '계란', '흰자', '다양', '오리지널', '계란', '흰자', '소금', '섭취', '간편하', '전자레인지', '데우', '맛있', '건강', '칼로리', '밸런스', '단백', '기준', '단백질', '소비', '기한', '오리지널', '편의점', '만나', '단백', '댓글', '이벤트', '참여', '방법', '댓글', '단백', '기대', '남기', '당첨자', '혜택', '단백', '오리지널', '응모', '기한', '당첨자', '발표', '추후', '커뮤니티', '공지', '이벤트', '할인', '정보', '카톡', '플친', '영양제', '아이', '허브', '장바구니', '목록']",긍정,긍정
163kg에서 N년을 걸쳐 드디어 2자리 숫자에 돌입했네요!!! 요즘은 2자리 숫자에 돌입해서 그런가 확실히 옛날에 비해 살 빠지는 속도가 줄어들었지만 영차님 영상 보면서 조급해 하지말고 천천히 요요 없이 빼려고 합니다...단백이 먹으면서 저도 제가 설정한 최종 목표까지 도달했으면 좋겠습니다😊 늘 식단 먹방(?) 다이어트 영상 잘 보고있어요 ㅋㅋㅋ🤭,45,"['걸치', '자리', '숫자', '돌입', '요즘', '자리', '숫자', '돌입', '그렇', '옛날', '비하', '빠지', '속도', '영상', '요요', '단백', '설정', '최종', '목표', '도달', '식단', '먹방', '다이어트', '영상']",중립,긍정
오늘자로 14kg 정도 감량했습니다 원체 고도비만이라 아직 갈길이 멀지만... 화이팅해서 이겨나가보겠습니다. 단백이도 맛나보여요 저도 가끔먹는 카레에 같이먹으면 완전 꿀맛일거같아 기대됩니다 :),45,"['오늘', '정도', '감량', '고도', '비만', '이기', '나가', '단백', '맛나', '보이', '카레', '꿀맛', '기대']",긍정,긍정
"프로틴쉐이크에 감미료 걱정됐는데, 단백이는 간단하게 단백질 챙기기도 좋고 건강해서 넘 기대됩니다❤❤❤",45,"['프로', '쉐이크', '감미료', '걱정', '단백', '단백질', '챙기', '건강', '기대']",긍정,긍정
오 단백이 진짜 괜찮네요 ㄷㄷ 노른자도 식단에 안 좋대서 고민중이었는데 바로 무봐야겠네요,45,"['단백', '괜찮', '노른자', '식단', '고민']",긍정,긍정
단백이 기대되네요 건강한 단백질 채우기 진짜 딱인 거 같아요 !! 너무 간편하고 좋네요 ~ 가지고 다니면서 먹기도 좋아서 기대되용 ㅎㅎ,45,"['단백', '기대', '건강', '단백질', '채우', '가지', '다니', '기대']",긍정,긍정
단백이로 간편하고 담백하게 단백질을 채울수있을것 같아 너무 기대되네요!,45,"['단백', '간편하', '단백질', '채우', '기대']",긍정,긍정
단백이 먹어보고싶네요 맨날 반숙 완숙 먹는데 흰자만 있다니 기대가 됩니다. 목 막힐 걱정도 줄어들거같아요 ㅋㅋ,45,"['단백', '반숙', '완숙', '흰자', '기대', '막히', '걱정', '줄어들']",중립,긍정
단백이 처음 알았네요 시간없을때 챙겨 먹어봐야 겠습니다,45,"['단백', '처음', '시간', '챙기']",긍정,긍정
단백이 항상 먹어보고 싶었는데 이렇게 보게 돼서 좋네요! 나중에 한 번 먹어봐야겠어요!,45,"['단백', '이렇', '나중']",중립,긍정
가끔 편의점에서 사먹는데 너무 괜찮더라구요!!!!!단백이 당첨되묜 넘 행복할듯요...♥️,45,"['편의점', '괜찮', '단백', '당첨', '행복']",긍정,긍정
삶은 계란 먹을 때 노른자는 항상 뺴고 먹었었는데 단백이는 흰자로만 되어 있어서 너무 기대가 되네요. 자주 이용할 것 같아요!,45,"['계란', '노른자', '뺴고', '단백', '흰자', '기대', '이용']",긍정,긍정
와 단백이!! 제가 체지방 18%에서 지금 10%까지 만들어 내는데 가장 도움을 준게 바로 계란 흰자였습니다 그런게 간단식으로 나왔다니!! 너무 기대된다 기대돼!!,45,"['단백', '체지방', '만들', '도움', '계란', '흰자', '나오', '기대', '기대']",긍정,긍정
단백이 한번도 안 먹어봤는데 식단할때 큰 도움 되겠네요! 맛도 궁금해서 길 가다 찾아봐야겠어요!,45,"['단백', '식단', '도움']",긍정,긍정
와 영상 넘 좋다 감사합니다,45,"['영상', '감사']",긍정,긍정
오늘도 먹방 유튜브 잘봤습니다.,45,"['오늘', '먹방', '유튜브']",중립,긍정
달걀 흰자 진짜 좋아하는데 단백이 맛있겠네요~~,45,"['달걀', '흰자', '좋아하', '단백', '맛있']",긍정,긍정
단백이 기대되네요 건강한 단백질 관리 간편하게 챙겨먹고싶어요,45,"['단백', '기대', '건강', '단백질', '관리', '간편하', '챙기']",긍정,긍정
다이어트중에 그램수 까지 재면서 다이어트 하는 1인입니다 항상 묘하게 모자란데 딱맞는 칼로리때문에 신경이 쓰였는데 단백이 있으면 단백질 채우기 좋겠네요! 기대됩니다😮,45,"['다이어트', '그램', '다이어트', '묘하', '모자라', '칼로리', '때문', '신경', '쓰이', '단백', '단백질', '채우', '기대']",긍정,긍정
"단백이 지방,칼로리낮고 단백질 높죠 ㅎㅎ 자주 챙겨먹었는데 식단으로 간편하게 좋아요",45,"['단백', '지방', '칼로리', '단백질', '챙기', '식단', '간편하']",긍정,긍정
"단백이 사려다가 영상이 알고리즘에 떴네요. 구운맛은 아직인데, 짭짤, 오리지널, 구운 다이어트 하기 너무 좋은듯요. 심지어 맛있음. 지금 구매하러 갑니다 ㅠㅠ",45,"['단백', '영상', '알고리즘', '오리지널', '다이어트', '맛있', '구매']",중립,긍정
요즘 다이어트땜에 삶은 달걀 정말 많이 먹는데 노른자는 퍽퍽해서 잘 안먹게 되더라구요.. 근데 단백이 이거 완전 저를 위한 제품 같네요!! 식단할때 너무 좋을거같아요! 좋은 제품 소개해주셔서 감사합니다😊😊,45,"['요즘', '다이어트', '달걀', '노른자', '퍽퍽하', '단백', '이거', '위하', '제품', '식단', '제품', '소개', '감사']",긍정,긍정
"➊ 대웅제약 코엔자임 Q10 다이소 영양제 코너에서 하루 1알 섭취하세요. ➋ 근거 코엔자임 Q10은 세포 에너지 생성에 관여해 피부 탄력·주름 개선, 혈압·심혈관 건강, 면역력 강화에 도움을 줍니다. 약사들도 약국보다 다이소에서 먼저 찾는 이유가 바로 이 가성비입니다. ➌ 주의사항 혈압·심혈관 관련 약을 복용 중이거나, 임신·수유 중인 분은 섭취 전 전문가 상담이 필요합니다. 지속적으로 복용하는 것이 중요하며, 과다 섭취는 피하세요.",46,"['대웅제약', '코엔자임', '다이소', '영양제', '코너', '하루', '섭취', '근거', '코엔자임', '세포', '에너지', '생성', '관여', '피부', '탄력', '주름', '개선', '혈압', '심혈관', '건강', '면역력', '강화', '도움', '약사', '약국', '다이소', '이유', '가성비', '주의', '사항', '혈압', '심혈관', '관련', '복용', '임신', '수유', '섭취', '전문가', '상담', '필요', '지속', '복용', '중요', '과다', '섭취', '피하']",긍정,긍정
저도 코큐텐은 다이소꺼먹어요! 다만 애사비는 성분도그렇고 괜찮은거없어서 좋은습관초산균 여기꺼 따로 주문합니다 ㅠ,46,"['코큐', '다이소', '애사비', '성분', '그렇', '괜찮', '습관', '초산', '여기', '주문']",긍정,긍정
"프롬바이오 코엔자임q10 = 가격 거의 같고, 함께 먹으면 좋은 성분도 많음...",46,"['프롬', '바이오', '코엔자임', '가격', '성분']",중립,긍정
"신기해서 2개정도 사먹음 원제조사 더 저렴히 파네요. 다이소 영양제 안삼. 오메가3, 비타민c 이것만 몸에 받아주는만큼 먹어주는게 좋데요.",46,"['정도', '원제', '조사', '다이소', '영양제', '오메가', '비타민', '이것', '만큼']",중립,긍정
코큐텐 바나나잎~~ 그 외는 대부분 함유량 미달 가격대비 적게 든 영양제는 괜찮다고 하는데 이노시톨 유산균? 10개 5천원짜리 후기 괜찮음.,46,"['코큐텐', '바나나', '대부분', '함유량', '미달', '가격', '대비', '영양제', '괜찮', '유산균', '후기', '괜찮']",긍정,긍정
다이소 영양제 건강식품 가성비 좋습니다 함량이 적다면 2캡슐 드시면 됩니다,46,"['다이소', '영양제', '건강식품', '가성비', '함량', '캡슐', '드시']",긍정,긍정
코큐텐 마그네슘만 다이소거 먹음...배송비 없으니...멀해도 저게 저렴함.,46,"['코큐텐', '마그네슘', '다이소', '배송비', '저것', '저렴하']",긍정,긍정
자연푸릇이 짱임,46,['자연푸릇'],중립,긍정
❤❤a Q,46,[],중립,긍정
고약사님영상도 잘보고있어요! 두분조합 칭찬합니다❤,47,"['약사', '영상', '조합', '칭찬']",중립,긍정
재밌게봤어요 ❤ 감사합니다,47,"['재밌', '감사']",긍정,긍정
잘봤어용~다이소 콜라겐 특집! 요런거도 해주시면 여성분들께 도움이 더 될거같네요!,47,"['다이소', '콜라겐', '특집', '여성', '도움']",긍정,긍정
전문가 분들이 이야기하시니 믿음이 가네요 도움이 많이 되었습니다. 감사합니다,47,"['전문가', '이야기', '믿음', '도움', '감사']",긍정,긍정
진짜 진정한 약사이신분…. 최고…❤,47,"['진정하', '약사', '최고']",긍정,긍정
대웅제약건 없네요?! 대웅제약이 젤 많이 나가고 재구매도 많다고 다이소 직원이 추천해줘서 많이 쟁였는데,47,"['대웅제약', '대웅제약', '나가', '구매', '다이소', '직원', '추천', '쟁이']",긍정,긍정
종근당 루테인 지아잔틴은 중장년 노안에는 도움되나요?,47,"['종근당', '루테', '지아', '잔틴', '중장년', '노안', '도움']",긍정,긍정
다이소 영양제23일분 저렴한거 아님,47,"['다이소', '영양제', '저렴하', '아니']",긍정,긍정
감사감사합니다 ❤❤❤,47,"['감사', '감사']",긍정,긍정
나쁘지 않은 게 다이소 가면 건기식 종류가 꽤 있는데 한달치 30정에 5000원 이런 식으로 딱 한달 저렴하게 먹어보고 다시 재구매 할 지 안 할지 생각해 볼 수 있어서 좋더라고요. 다이소 건기식 코너의 경쟁력 상당히 있어 보입니다.,47,"['나쁘', '다이소', '건기', '종류', '저렴하', '구매', '생각', '다이소', '코너', '경쟁력', '보이']",긍정,긍정
비싼 약국약 보다는 다이소 영양제가 가성비로 좋긴함. 일부 양심적인 약사들이 인정한 부분임.,48,"['비싸', '약국', '다이소', '영양제', '가성비', '일부', '양심', '약사', '인정', '부분']",중립,긍정
그래도 다이소에서 영양제를 팔아서 저희같은 서민들한텐 도움이 되는것 같습니다 전 락토핏유산균이랑 더레드석류즙은 꼭 챙기고 있는데 다른건 뭐 챙기면 좋을지요 나이는 53세 입니다,48,"['다이소', '영양제', '저희', '서민', '도움', '락토핏', '유산균', '레드', '석류', '챙기', '챙기', '나이']",긍정,긍정
비타민D 샀었는데 이번거까지만 먹고 다른거사야겠네요;;; 유산균이나 초산균은 성분땜에 온라인에서 따로사는게 효과 더 좋네요. 유산균은 번갈아가면서 바꿔먹고 애사비는 꼭 좋은습관초산균으로 먹어용 ㅎㅎ 혈당스파이크 진짜 덜함...,49,"['비타민', '이번', '유산균', '초산', '성분', '온라인', '효과', '유산균', '번갈', '바꾸', '습관', '초산', '혈당', '스파이크']",긍정,긍정
보라색 마그네슘 변비에 좋다는 그... 수산화? 맞나여?,49,"['보라색', '마그네슘', '변비', '수산']",중립,긍정
미쳣다 낼 다이소갈 예정이었음👍,50,"['미치', '다이소', '예정']",중립,긍정
다이소 영양제 호기심에 사서 먹어봤는데 바나바잎이랑 좋은습관 초산균 먹어주니까 혈당 잘잡아주더라고요 가격이 싸니까 꾸준히 먹어보려고요 ㅎㅎ,50,"['다이소', '영양제', '호기심', '습관', '초산', '혈당', '가격']",중립,긍정
매번 보면서도 내가 정말 할 수 잇을까? 오늘은 한번은 시도를 해 봐야겟다는 생각이 드네요. 늘 감사합니다 용기를 주셔서,51,"['오늘', '시도', '생각', '감사', '용기']",긍정,긍정
좋은 정보 감사합니다.^^,51,"['정보', '감사']",긍정,긍정
요즘 다이소 가격대비 품질이 좋기때문에 잘고르면 계속 팔리는 것 같아요 ~ 집근처에 다이소없는 지방이나 다이소가기 귀찮으신분 .. 궁금한 점들이 있었는데 많이 해결되었습니다 감사합니다 모두 가격표가 붙어있어서.. 직접 사서 보내는데요 영상을 보니까 그냥 보내시는군요... 굳이 다이소제품이라고 하지 않아도 별다른 클레임 없는 것인지ㅠ 궁금하네요 온라인몰 사업자로 가입하긴했는데 온라인으로 보내야겠어요 아직 가격스티커 때문에 못보내봐서요,51,"['요즘', '다이소', '가격', '대비', '품질', '때문', '고르', '팔리', '근처', '다이소', '지방', '다이소', '귀찮', '해결', '감사', '가격표', '보내', '영상', '보내', '다이소', '제품', '별다르', '클레이', '궁금하', '온라인', '사업자', '가입', '온라인', '보내', '가격', '스티커', '때문', '보내']",긍정,긍정
쿠팡이 항상 가격이 저렴한거 아니었나요,51,"['쿠팡', '가격', '저렴하', '아니']",긍정,긍정
"좋은정보 감사합니다. 다이소에 가격이 붙어 있는데, 쿠팡에서 판매를 해서 문제가 되면 반품을 받아야 하는데, 그런 경우가 있을 것 같은데 설명 요청드립니다",51,"['정보', '감사', '다이소', '가격', '쿠팡', '판매', '문제', '반품', '경우', '설명', '요청', '드리']",긍정,긍정
다이소 바나바잎추출물은 진심 혜자템임. 밥먹고 한알먹으면 식곤증같은거 없어져요. 호기심에 사봤는데 완전정착함.,52,"['다이소', '추출물', '진심', '혜자템임', '식곤증', '호기심', '정착']",긍정,긍정
다이소 약품 궁금했는데~~ 약사님이 설명해주시니 완전 좋네요.😊 감사합니다.❤❤❤,52,"['다이소', '약품', '약사', '설명', '감사']",긍정,긍정
약사님 영상도 깔끔하면서 설명이 잘되있고 덧글다신분들한테도 친절하게 글 달아주시네요~ 정보 감사해요.,52,"['약사', '영상', '깔끔', '설명', '다시', '친절', '정보', '감사']",긍정,긍정
약사님 고마워요~!!! 사실 약국과 다이소 사이에서 눈치챙기고 있었는데 이렇게 알려주시니 감사땡큐예요~,52,"['약사', '고맙', '약국', '다이소', '사이', '눈치', '챙기', '이렇', '알리', '감사', '땡큐']",긍정,긍정
한알에 100원꼴이라 가성비가 좋은데 혈당관련해서 괜찮은거 못찾아서 아직까진 좋은습관 초산균 먹어요 ㅋ쿠ㅜㅜ 바나바잎이 괜찮다는데 저희 동네에선 계속 품절크리,52,"['가성비', '혈당', '관련', '괜찮', '습관', '초산', '괜찮', '저희', '동네', '품절']",긍정,긍정
추천해주신 거 전부 장바구니에 담아놨어요!!ㅎㅎ 감사합니다😊 혹시 영상에 올라온 비타민들은 전부 식전에 먹어도 될까요?,52,"['추천', '장바구니', '감사', '영상', '올라오', '비타민', '식전']",긍정,긍정
좋은 정보 감사합니다 ㅎㅎ 바나바 사야겠네요😊,52,"['정보', '감사']",긍정,긍정
구독했어요 좋은 영상 감사해요❤,52,"['구독', '영상', '감사']",긍정,긍정
오 이건 사야겠다. 땡큐!,52,"['이거', '땡큐']",중립,긍정
감사합니다 번창하세요!!,52,"['감사', '번창']",긍정,긍정
유용합니다 감사합니다❤,52,['감사'],긍정,긍정
역시 내실생활에 도움주시는 진정한 약사님 감사합니다🎉,52,"['실생활', '도움', '약사', '감사']",긍정,긍정
약사님 바나바잎추출물 혈당때문에 샀는데.식전.식후 언제 복용하는게 좋은가요? 그리고 코엔자임도 오전.오후 언제 먹는게 좋은지요?,52,"['약사', '추출물', '혈당', '때문', '식전', '식후', '복용', '코엔자임', '오전', '오후']",중립,긍정
"헬스를 하고 있어서 나우푸드 데일리 비츠 멀티비타민&미네랄, 나우푸드 실리마린 밀크시슬, 스포츠리서치 오메가3 이정도는 매일 챙겨먹고 있는데 추천해주신 제품도 같이 복용해도 괜찮을까요??",52,"['헬스', '푸드', '데일리', '비츠', '멀티', '비타민', '미네랄', '나우', '푸드', '밀크', '스포츠', '리서치', '오메가', '정도', '챙기', '추천', '제품', '복용', '괜찮']",긍정,긍정
약사추천은 못참지. 감사합니다,52,"['약사', '추천', '감사']",긍정,긍정
구독박습니다 😊 많이 많이 알려주세요~:),52,"['구독', '박스', '알리']",중립,긍정
"다이소에서 밀크씨슬, 코엔자임큐텐, 바나바잎 샀는데 바나바잎은 점심 식전에 먹고 나머지는 식후에 먹으려는데 괜찮을까요? ㅠㅠ 요새 체력이 너무 떨어져서요 혹시 한번에 먹기엔 너무 과한걸까요?😢 마그네슘도 샀는데 이건 저녁 식후에 먹으려구요!",52,"['다이소', '밀크', '코엔자임', '점심', '식전', '나머지', '식후', '괜찮', '요새', '체력', '떨어지', '과하', '마그네슘', '이거', '저녁', '식후']",긍정,긍정
"아버지 당뇨에 고지혈증 콜레스테롤도 높고 한데 혹시 어떤 영양제 먹어야할까요? 그리고 비티민b군, 아르기닌 제품 추천도 해줄수있나요?",52,"['아버지', '당뇨', '고지혈증', '콜레스테롤', '영양제', '티민', '아르기닌', '제품', '추천']",긍정,긍정
정보 감사합ㄴ다❤,52,"['정보', '감사']",긍정,긍정
일단 좋아요 박고 저장하고 생각해,52,"['저장', '생각']",중립,긍정
막으네슘 정말 좋네요 잘근잘근 씹어먹어도 되겠죠?,52,['막으네슘'],중립,긍정
루테인 관련 다이소 제품도 추천해주실 수 있나요 ? 루테인도 종류가많더라구요,52,"['루테', '관련', '다이소', '제품', '추천', '루테인', '종류']",긍정,긍정
감사합니다,52,['감사'],긍정,긍정
좋아요 먼저 누르고 시청~~~😊,53,"['누르', '시청']",중립,긍정
아산 배방역 앞에있는 다이소 약코너 💊 있는데 거기도 팔아요.. 진짜 저렴하더라구요 루테인 30알에 3000원😮,53,"['아산', '배방역', '다이소', '코너', '거기', '저렴하', '루테']",긍정,긍정
이런 비교분석하는 영상 넘 좋아요^^❤,53,"['비교', '분석', '영상']",중립,긍정
약의 원료는 가장 싼등급부터 원가가 200배까지 차이남. 우리 약국의 눈영양제는 다이소 보다 11배 비싼데 고정 고객이 많고 한번에 여러통 사서 친척과 같이 나누기도 함. 전문 보조제를 추천합니다. 그러나 마구 파는 제품은 싼등급의 원료만 쓸수밖에.. 가성비? 가격은 싼데 효과가 없다면 가성비 좋은걸까요?,53,"['원료', '등급', '원가', '차이', '우리', '약국', '영양제', '다이소', '비싸', '고정', '고객', '친척', '나누', '전문', '보조제', '추천', '제품', '등급', '원료', '가성비', '가격', '효과', '가성비']",긍정,긍정
유익한 정보 감사합니다 🙏,54,"['유익', '정보', '감사']",긍정,긍정
감사합니다 ❤,54,['감사'],긍정,긍정
다이소 토비콤 미니가 좋네요,54,"['다이소', '토비', '콤 미니']",중립,긍정
비타민 A는 눈건강에 도움 없나요..?,54,"['비타민', '건강', '도움']",긍정,긍정
참 유익하네요 루테인 지아잔틴 많이들어봤어요 추가로 도움될수있는 영양소가 필요하군요 저는 황반변성있어서 계속살펴보고있습니다,54,"['유익', '루테인', '지아잔틴', '추가', '도움', '영양소', '필요', '황반', '변성', '살펴보']",긍정,긍정
너무 유용해요 감사합니다 전 알로에겔 먹고 설사 해서 정보 찾아보다가 영상 보게 되었습니다,56,"['유용', '감사', '설사', '정보', '찾아보', '영상']",긍정,긍정
저게 약사들이 화낸 이유가 왜 싸게 파냐가 아니라 '그 가격으로 납품할 수 있었으면서 왜 약국 빌런 만드냐.' 였음... 이 주제는 잘 생각하고 넘어가자,58,"['저것', '약사', '화내', '이유', '아니', '가격', '납품', '약국', '만들', '주제', '생각', '넘어가']",중립,긍정
절대 저렴하지 않습니다 표준량에서 소분해서 낮은가격에 파는겁니다,58,"['표준', '가격']",중립,긍정
다이소 약은 한달치 약만 주는거고 효과도 반절 정도라 입문용으로 사는겨,58,"['다이소', '효과', '반절', '정도', '입문']",긍정,긍정
참고로 다이소 비타민+영양제는 성분미달이예요 그 가격에 딱 그 품질이니까 큰 기대는 하지마샘,58,"['참고', '다이소', '비타민', '영양제', '성분', '미달', '가격', '품질', '기대']",긍정,긍정
솔직히 저렴하면서 좋은건 없음. 가성비 있는 건 있지. 다이소에서 사면 후회하는 것은 내구성이 중요한 물건들이었다. 게다가 내구성 쓸만하고 괜찮은 제품은 어느새 쥐도새도 모르게 사라지고 하위호환 제품만 늘어남. 그래서 솔직히 건강기능식품이랑 화장품도 못 믿겠어서 안삼.,58,"['저렴하', '가성비', '다이소', '후회', '내구', '중요', '물건', '내구', '괜찮', '제품', '모르', '사라지', '하위', '호환', '제품', '늘어나', '건강', '기능', '식품', '화장품']",긍정,긍정
와아 강아지 영양ㅇ제는 넘좋다,58,"['강아지', '영양제']",중립,긍정
왜 저렴한지 약성분이 다른 이유는 말 안하네,58,"['저렴하', '성분', '다르', '이유']",긍정,긍정
식후 혈당 방어에 도움이 되는 땅콩버터 확인하기 ➡https://www.youtube.com/watch?v=biZOjSzMq6U&t=3s,59,"['식후', '혈당', '방어', '도움', '땅콩', '버터', '확인']",긍정,긍정
와. 엄청 꼼꼼히 실험하셨네요. 입으로 떠드는 의사유튜브보다 훨씬 도움됩니다.,59,"['실험', '떠들', '의사', '유튜브', '도움']",긍정,긍정
효과가 좋으면 벌써 처방약으로 나왔겠죠 영양제는 영양제일뿐,59,"['효과', '처방', '나오', '영양제', '영양제']",긍정,긍정
"다이소 쏘팔메토, 루테인, 칼슘마그네슘 먹고 있는데, 서서히 좋아져서 한달이면 효과가 나오더라구요. 가격 생각하면 꿀입니다.",59,"['다이소', '쏘팔메토', '루테', '칼슘', '마그네슘', '효과', '나오', '가격', '생각']",긍정,긍정
당뇨 탈출한 사람으로 가장 효과 좋은거 결국 체중 다이어트 그리고 현실적인거 한가지 더 당뇨약 보통 병원에서 2개월치 보통 5만원쯤이죠 그러면 실비 보험 있으면 돌려 받으면 만원정도 그러면 굳이 저 바나바 잎 부터 여러가지 많잖아요 효과는 아주 없진 않은데 결국 근본적인 치료는 살빼세요 그리고 근육이 단련하면서 근육이 혈당을 써야 합니다. 인간의 육체는 항산성이 좋아서 결국 당뇨 치료는 살빼고 근육이 혈당을 쓰는걸 유지하는게 몸이 적응을 하면 그때부터 당뇨가 호전되고 치료 되는 겁니다.,59,"['당뇨', '탈출', '사람', '효과', '체중', '다이어트', '현실', '가지', '당뇨', '병원', '개월', '실비', '보험', '돌리', '정도', '가지', '효과', '결국', '근본', '치료', '근육', '단련', '근육', '혈당', '인간', '육체', '항산', '당뇨', '치료', '근육', '혈당', '유지', '적응', '그때', '당뇨', '호전', '치료']",긍정,긍정
당뇨인 들에게 좋은 컨텐츠네요. 자신의 몸을 테스터용으로 사용하다니 진정성과 진심이 느껴지네요. 앞으로 일익번창 하시길 바랍니다.,59,"['당뇨', '컨텐츠', '자신', '테스터', '사용', '진정', '진심', '느끼', '번창', '바라']",중립,긍정
감사합니다. 참고가 많이 됩니다. 그래프를 보면 당뇨인 답지 않은 모습이네요.. 건강하게 관리를 잘하고 계신것 같아 큰 참고가 되겠습니다. 화이팅입니다..^^,59,"['감사', '참고', '그래프', '당뇨', '모습', '건강', '관리', '계시', '참고']",긍정,긍정
솔직한 후기 감사히 잘 보았습니다.감사 합니다.,59,"['후기', '감사']",긍정,긍정
바로구독박았음... 이렇게 오랫동안 실험해서 올려주는거 꽁짜로보는데 안누를수가없다.,59,"['구독', '이렇', '오랫동안', '실험', '올리', '꽁짜', '누르']",중립,긍정
이게 밥먹기 전에 한 30분전에 먹으면 효과가 더 좋더라고요 전 개인적으로,59,"['이것', '효과', '개인']",긍정,긍정
밥먹고 가벼운 산책하는게 최고,59,"['가볍', '산책', '최고']",긍정,긍정
수고 많으셨어요 좋은 정보 감사 합니다,59,"['수고', '정보', '감사']",긍정,긍정
와 역시 꾸준히 먹어야 되는 거였네요. 과자 실험도 그렇고 좋은 영상 감사히 봣습니다. 구독하고 갑니다.😊,59,"['과자', '실험', '그렇', '영상', '감사', '구독']",긍정,긍정
좋은 정보 고맙습니다,59,"['정보', '고맙']",중립,긍정
바로 구독햇습니다,59,['구독'],중립,긍정
대단하시다 잘봤습니다,59,['대단하'],중립,긍정
진짜 바나바차를 드세요.효과 있습니다.,59,"['바나바차', '드세', '효과']",긍정,긍정
장기복용 영상도 꼭 챙겨서 보겠습니다. 저는 당뇨는 아니지만 미리 관리차원에서 먹어보는것도 좋을것 같네요^^,59,"['장기', '복용', '영상', '챙기', '당뇨', '아니', '관리', '차원']",긍정,긍정
좋은 말씀 고맙습니다 ❤,60,"['말씀', '고맙']",중립,긍정
"💊 약사가 고른 다이소 영양제 등급 다이소 영양제, 싸다고 무심코 집으셨나요? 🤔 약사 부부가 성분 함량부터 원료 출처, 가성비까지 꼼꼼하게 분석해 등급을 매겨봤습니다! ⚠️ 약사의 주관적인 견해가 포함된 리뷰이며, 개인의 체질과 건강 상태에 따라 결과가 다를 수 있으므로 제품 선택 시 참고용으로만 활용해 주시기 바랍니다. ‼️ D등급. 대웅제약 닥터베어 비타민B ✅ 핵심 B군 함량이 1mg대로 성인 기준 ’아기 영양제‘ 수준 👶 ✅ 피로 회복을 위한 치료 용량이 아닌 최소 결핍 방지 수준이라 효과 미미할 수 있음. ✅ 성분 1mg당 단가를 따져보면 약국 고함량 제품보다 20배나 비싼 꼴 ❗️ C등급. 자연관 이뮨 멀티비타민 미네랄 ✅ 상세 페이지에 순도 및 품질이 높은 DSM 원료 사용을 명시하고 있으나, 성분표상 ’혼합제제‘가 많아 정확한 DSM 원료 비중은 불분명함🧐 ✅ 비타민 C 함량(150mg)이 일반적인 항산화 권장량(1000mg) 대비 현저히 낮음 ✅ 액상+정제 이중 제형으로 흡수율은 높였으나 함량 대비 가성비는 떨어짐 ❕ B등급. 대웅제약 닥터베어 바나바잎 추출물 ✅ 혈당 케어 핵심 성분 ’코로솔산‘을 식약처 최대치인 1.3mg 꽉 채움👍 ✅ 흡수율 높은 피콜린산 형태가 아닌 ’일반 크롬 30ug‘ 사용 (혈당 개선 목적으론 함량이 낮음) ✅ 가성비는 우수하나 당뇨 관리를 위한 고함량(200~1000ug) 배합은 아님 ❗️ C등급. 대웅제약 닥터베어 rTG 오메가3 ✅ 유효 성분(EPA+DHA) 순도가 약 60%로 낮아 불필요한 지방 섭취가 많음 🐟 ✅ 함량을 맞추려 하루 2알씩 복용 시 실제 비용이 온라인 대용량 제품보다 비싸짐 💸 ❕ B등급. 대웅제약 닥터베어 마그네슘 ✅ 3개월 9,000원! 다이소 제품 중 압도적인 가성비💰 ✅ 단, 산화마그네슘 특성상 흡수율이 낮고(약 4%) 설사 유발 가능성 있음 🚽 ✅ 입문용으로는 훌륭하나 성인 기준 비타민 D 함량은 다소 아쉬움 ❕ B등급. 대웅제약 닥터베어 코엔자임Q10 ✅ 코엔자임Q10 100mg 함량 대비 가격 우수함 👍 ✅ 원료사 미표기 및 장 점액층을 약화시킬 우려가 있는 ’폴리소르베이트 80‘ 포함 ❗️ C등급. 닥터블릿 푸응 7days 팻버닝 ✅ CLA 함량이 기능성 최소 기준(1,400mg)으로 임상 권장량(3,200mg) 대비 현저히 낮음 ✅ 원료 순도가 불확실하며 순도와 함량 고려 시 타 제품 대비 가격 메리트 떨어짐💸 ❗️ C등급. 대웅제약 닥터베어 루테인 ✅ 저렴한 인도산 원료 사용으로 순도가 낮고 황반 케어 핵심인 ’지아잔틴‘ 함량이 매우 낮음 👀 ✅ 장 점액층을 약화시킬 우려가 있는 ’폴리소르베이트 80‘ 포함 🏆 A등급. 대웅제약 닥터베어 비타민D 4000IU ✅ 순도 및 품질이 높은 스위스 DSM사의 프리미엄 원료 사용을 공식적으로 명시함 ✅ 4000IU 고함량인데 저렴한 가격!💰 ⚠️ 본 자료는 교육 및 일반적인 정보 제공을 목적으로 제작되었습니다. 의학적 진단이나 치료를 대신할 수 없으며, 개인의 건강 상태나 체질에 따라 결과가 다를 수 있습니다. 특정 질환이 있거나 의학적 조언이 필요한 경우 반드시 전문 의료인과 상담하시기 바랍니다. ‼️ 본 계정의 모든 콘텐츠는 저작권법의 보호를 받으며, 무단 전재 및 재배포를 금합니다. 도움이 되셨다면 @areum_couple ❤️좋아요&구독 부탁드립니다! 추가로 궁금한 점은 댓글로 남겨주세요! 👇 #건기식 #다이소추천템 #영양제",63,"['약사', '고르', '다이소', '영양제', '등급', '다이소', '영양제', '약사', '부부', '성분', '함량', '원료', '출처', '가성비', '분석', '등급', '매기', '약사', '주관', '견해', '포함', '리뷰', '개인', '체질', '건강', '상태', '따르', '결과', '다르', '제품', '선택', '참고', '활용', '바라', '등급', '대웅제약', '닥터', '베어', '비타민', '핵심', '함량', '성인', '기준', '아기', '영양제', '수준', '피로', '회복', '위하', '치료', '용량', '아니', '최소', '결핍', '방지', '수준', '효과', '성분', '단가', '따지', '약국', '함량', '제품', '비싸', '등급', '자연관', '이뮨', '멀티', '비타민', '미네랄', '페이지', '순도', '품질', '원료', '사용', '명시', '성분', '혼합', '제제', '정확', '원료', '비중', '불분명하', '비타민', '함량', '일반', '항산화', '권장', '대비', '액상', '정제', '이중', '제형', '흡수', '높이', '함량', '대비', '가성비', '떨어지', '등급', '대웅제약', '닥터', '베어', '추출물', '혈당', '케어', '핵심', '성분', '식약처', '최대', '채우', '흡수', '피코', '형태', '아니', '일반', '크롬', '사용', '혈당', '개선', '목적', '함량', '가성비', '우수', '당뇨', '관리', '위하', '함량', '배합', '아니', '등급', '대웅제약', '닥터', '베어', '오메가', '유효', '성분', '순도', '필요', '지방', '섭취', '함량', '맞추', '하루', '복용', '실제', '비용', '온라인', '용량', '제품', '비싸', '등급', '대웅제약', '닥터', '베어', '마그네슘', '개월', '다이소', '제품', '압도', '가성비', '산화 마그네슘', '특성', '흡수', '설사', '유발', '가능', '입문', '성인', '기준', '비타민', '함량', '아쉬움', '등급', '대웅제약', '닥터', '베어', '코엔자임', '코엔자임', '함량', '대비', '가격', '우수', '원료', '표기', '점액', '약화', '우려', '폴리소르베이트', '포함', '등급', '닥터블릿', '푸응', '팻버닝', '함량', '기능', '최소', '기준', '임상', '권장', '대비', '원료', '순도', '순도', '함량', '고려', '제품', '대비', '가격', '메리트', '떨어지', '등급', '대웅제약', '닥터', '베어', '루테', '저렴하', '인도', '원료', '사용', '순도', '황반', '케어', '핵심', '지아', '함량', '점액', '약화', '우려', '폴리소르베이트', '포함', '등급', '대웅제약', '닥터', '베어', '비타민', '순도', '품질', '스위스', '프리미엄', '원료', '사용', '공식', '명시', '함량', '저렴하', '가격', '자료', '교육', '일반', '정보', '제공', '목적', '제작', '의학', '진단', '치료', '대신', '개인', '건강', '상태', '체질', '따르', '결과', '다르', '특정', '질환', '의학', '조언', '필요', '경우', '전문', '의료인', '상담', '바라', '계정', '콘텐츠', '저작', '보호', '무단', '전재', '배포', '금하', '도움', '구독', '부탁', '드리', '추가', '궁금하', '댓글', '남기', '다이소', '추천', '영양제']",긍정,긍정
가볍게 먹기에는 괜찮은데 바나바잎은 저한테 혈당 효과가 그닥 ㅜㅜ 좋은습관 초산균이 가격은 좀 더 비싸도 효과 괜찮았어요,66,"['가볍', '괜찮', '혈당', '효과', '습관', '초산', '가격', '비싸', '효과', '괜찮']",긍정,긍정
감사합니다!,67,['감사'],긍정,긍정
와우 감사합니다 철분제는 약국가야겠네요,67,"['감사', '철분', '약국']",긍정,긍정
효과가 같나요,68,['효과'],긍정,긍정
"다이소 대웅제약 코엔자임 Q10 30캡슐, 하루 1알만 드시면 됩니다. ➋ 근거 코엔자임 Q10은 세포 에너지(ATP) 생산과 강력한 항산화 작용으로 ✔ 주름·탄력 개선 ✔ 피로 회복 ✔ 노화 지연 ✔ 혈압·혈관 건강 ✔ 당뇨 보조 관리 에 도움된다는 연구 결과가 있습니다. ➌ 주의사항 항응고제(와파린 등) 복용 중인 분들은 의사와 꼭 상의하세요. 과량 복용은 피하시고, 권장량은 보통 하루 100mg 전후입니다.",69,"['다이소', '대웅제약', '코엔자임', '캡슐', '하루', '드시', '근거', '코엔자임', '세포', '에너지', '생산', '항산화', '작용', '주름', '탄력', '개선', '피로', '회복', '노화', '지연', '혈압', '혈관', '건강', '당뇨', '보조', '관리', '도움', '연구', '결과', '주의', '사항', '응고제', '복용', '의사', '상의', '과량', '복용', '피하', '권장', '하루', '전후']",긍정,긍정
혈압 정상수치인데 먹어도 될까요? 노화에도 좋다고 하셔서 물어봅니다 참고로 저는 50대 후반이에요,69,"['혈압', '정상', '수치', '노화', '참고', '후반']",중립,긍정
락토핏 당케어 유산균도 추천드려요 ㅎㅎ,71,"['락토핏', '케어', '유산균', '추천', '드리']",긍정,긍정
감사합니다,71,['감사'],긍정,긍정
마그네슘도 괜찮더라고요! 혈당관리엔 바나바잎이랑 좋은습관 초산균 먹으면 되고 진짜 만능 다이소.. 넘 사랑해..,71,"['마그네슘', '괜찮', '혈당', '관리', '바나', '습관', '초산', '만능', '다이소', '사랑']",긍정,긍정
자세한 설명 감사합니다 ❤,72,"['자세하', '설명', '감사']",긍정,긍정
비타민 다른 곳에서는 가격이 꽤나 비싸던데 다이소에서는 훨씬 저렴하게 구매할 수 있군요,75,"['비타민', '가격', '비싸', '다이소', '저렴하', '구매']",중립,긍정
"이 포스팅은 쿠팡파트너스 활동의 일환으로, 이에 따른 일정액의 수수료를 제공받습니다. https://link.coupang.com/a/cUavlJ 1위 : 테팔 인덕션 티타늄 1X 스테인리스 스틸 트렌디쿡 프라이팬 가격 : 43,900원 링크 : https://link.coupang.com/a/cUavlJ 2위 : 닥터린 초임계 알티지 오메가3 알파 가격 : 29,600원 링크 : https://link.coupang.com/a/cUavlK 3위 : 크리넥스 데코 앤 소프트 화이트 천연펄프 3겹 고급롤화장지 가격 : 24,600원 링크 : https://link.coupang.com/a/cUavlL 4위 : 락키홈즈 게이밍 컴퓨터 책상 1200 가격 : 50,800원 링크 : https://link.coupang.com/a/cUavlM 5위 : 코카콜라 오리지널 가격 : 16,950원 링크 : https://link.coupang.com/a/cUavlP 6위 : 농협안심한우 1 | | 등급 안심특선 23호 총1kg 등심200g | 채끝200g | 갈비살200g | 부채살200g | 살치살200g 가격 : 162,900원 링크 : https://link.coupang.com/a/cUavlR 7위 : 바겐슈타이거 연마제 없는 스텐 사각 트레이 세트 가격 : 18,100원 링크 : https://link.coupang.com/a/cUavlT 8위 : 포트메리온 보타닉가든 스타터 2인 세트 5p 가격 : 67,900원 링크 : https://link.coupang.com/a/cUavlU 9위 : 쏘픽 일회용 마스크 대형 가격 : 9,360원 링크 : https://link.coupang.com/a/cUavlV 10위 : 이스타 전동 야채 오토 슬라이서 멀티 자동 채칼 가격 : 99,000원 링크 : https://link.coupang.com/a/cUavlW ⭐️ 특별 혜택 링크 https://temu.to/k/glb5f443d8e 을(를) 탭하고 최고 품질의 상품을 초저가로 만나보세요. 🛍 이렇게 파격적인 혜택은 오직 Temu에서만 제공됩니다. 지금 쇼핑하고 큰 할인을 받으세요! ⭐️ 당신을 위한 또 다른 놀라움! 저와 함께 수익을 얻으시려면 https://temu.to/k/g7a19moq5z4 을 클릭하세요! 감사합니다.",77,"['포스팅', '쿠팡', '파트너스', '활동', '일환', '따르', '일정액', '수수료', '제공', '테팔', '인덕션', '티타늄', '스테인리스', '스틸', '트렌디', '프라이팬', '가격', '링크', '닥터', '초임', '알티', '오메가', '알파', '가격', '링크', '크리넥스', '데코', '소프트', '화이트', '천연', '펄프', '고급', '화장지', '가격', '링크', '락키홈즈', '게이밍', '컴퓨터', '책상', '가격', '링크', '코카콜라', '오리지널', '가격', '링크', '농협', '안심', '한우', '등급', '안심', '특선', '등심', '채끝', '갈비', '부채살', '가격', '링크', '바겐슈타이거', '연마', '스텐', '사각', '트레이', '세트', '가격', '링크', '포트', '메리', '보타닉', '스타터', '세트', '가격', '링크', '쏘픽', '일회', '마스크', '가격', '링크', '스타', '전동', '야채', '오토', '멀티', '자동', '가격', '링크', '특별', '혜택', '링크', '최고', '품질', '상품', '저가', '만나', '이렇', '파격', '혜택', '제공', '쇼핑', '할인', '당신', '위하', '놀랍', '수익', '클릭', '감사']",긍정,긍정
"이 포스팅은 쿠팡파트너스 활동의 일환으로, 이에 따른 일정액의 수수료를 제공받습니다. https://link.coupang.com/a/cYihq7 1위 : [국민건강 프로젝트] 대웅제약 마그네슘 에너지케어 가격 : 19,900원 링크 : https://link.coupang.com/a/cYihq7 2위 : [국민건강 프로젝트] 대웅제약 바나바잎추출물 가격 : 20,000원 링크 : https://link.coupang.com/a/cYihq9 3위 : [국민건강 프로젝트] 대웅제약 프로바이오틱스 유산균 가격 : 19,900원 링크 : https://link.coupang.com/a/cYihra 4위 : BH코리아 다용도 접이식 식품 건조망 (생선건조,야채건조,나물건조,고추건조) BH KOREA, 1개, 3단, 화이트 가격 : 11,500원 링크 : https://link.coupang.com/a/cYihrc 5위 : [국민건강 프로젝트] 대웅제약 바나바잎추출물 가격 : 10,000원 링크 : https://link.coupang.com/a/cYihrf 6위 : 휴대용 빨래건조기 UV살균 접이식 미니 건조기 스타일러 소형 빨래건조기 접이식 휴대용 원룸건조기, 화이트 가격 : 31,990원 링크 : https://link.coupang.com/a/cYihrg 7위 : 판클 EPA DPA 중성지방 다이어트 오메가3 지방산 30일분 가격 : 16,300원 링크 : https://link.coupang.com/a/cYihrh 8위 : 유니스 고급형 다용도 접이식 생선 건조망, 1개, 3단, 화이트 가격 : 12,100원 링크 : https://link.coupang.com/a/cYihri 9위 : 종근당건강 프로메가 오메가3 트리플 장용성 가격 : 10,590원 링크 : https://link.coupang.com/a/cYihrj 10위 : ON US 식품 건조기 고추 야채 소형 과일 가정용 업소용 가격 : 149,000원 링크 : https://link.coupang.com/a/cYihrk ⭐️ 특별 혜택 링크 https://temu.to/k/glb5f443d8e 을(를) 탭하고 최고 품질의 상품을 초저가로 만나보세요. 🛍 이렇게 파격적인 혜택은 오직 Temu에서만 제공됩니다. 지금 쇼핑하고 큰 할인을 받으세요! ⭐️ 당신을 위한 또 다른 놀라움! 저와 함께 수익을 얻으시려면 https://temu.to/k/g7a19moq5z4 을 클릭하세요! 감사합니다.",78,"['포스팅', '쿠팡', '파트너스', '활동', '일환', '따르', '일정액', '수수료', '제공', '국민', '건강', '프로젝트', '대웅제약', '마그네슘', '에너지', '케어', '가격', '링크', '국민', '건강', '프로젝트', '대웅제약', '추출물', '가격', '링크', '국민', '건강', '프로젝트', '대웅제약', '프로바이오틱스', '유산균', '가격', '링크', '코리아', '다용도', '접이식', '식품', '건조', '생선', '건조', '야채', '건조', '나물', '건조', '고추', '건조', '화이트', '가격', '링크', '국민', '건강', '프로젝트', '대웅제약', '추출물', '가격', '링크', '휴대', '빨래', '건조기', '살균', '접이식', '미니', '건조기', '스타일', '소형', '빨래', '건조기', '접이식', '휴대', '원룸', '건조기', '화이트', '가격', '링크', '판클', '중성', '지방', '다이어트', '오메가', '지방산', '가격', '링크', '유니스', '고급', '다용도', '접이식', '생선', '건조', '화이트', '가격', '링크', '종근당', '건강', '프로', '메가', '오메가', '트리플', '장용', '가격', '링크', '식품', '건조기', '고추', '야채', '소형', '과일', '가정', '업소', '가격', '링크', '특별', '혜택', '링크', '최고', '품질', '상품', '저가', '만나', '이렇', '파격', '혜택', '제공', '쇼핑', '할인', '당신', '위하', '놀랍', '수익', '클릭', '감사']",긍정,긍정
"이 포스팅은 쿠팡파트너스 활동의 일환으로, 이에 따른 일정액의 수수료를 제공받습니다. https://link.coupang.com/a/cZA7WP 1위 : 영주마실 못난이 사과 소과 15~21개입, 3kg, 1개 가격 : 15,980원 링크 : https://link.coupang.com/a/cZA7WP 2위 : 옵티프리 익스프레스 렌즈 세정액, 470ml, 2개 가격 : 10,620원 링크 : https://link.coupang.com/a/cZA7WQ 3위 : 코멧 사선컷팅 테이프 클리너 3단 핸들 | 거치대 | 리필 4개, 1개 가격 : 9,590원 링크 : https://link.coupang.com/a/cZA7WR 4위 : 웅진빅토리아 더 빅토리아 플레인 탄산수, 500ml, 20개 가격 : 7,950원 링크 : https://link.coupang.com/a/cZA7WS 5위 : 스카치브라이트 실속형 멀티팩 테이프 클리너 리필 7p, 1개 가격 : 6,210원 링크 : https://link.coupang.com/a/cZA7WU 6위 : 아베나 프레쉬그립 비닐장갑 FLEX, 500개입, 1개 가격 : 4,990원 링크 : https://link.coupang.com/a/cZA7WV 7위 : 베베데코 올핏 스탠드 에어컨 커버 사각, 화이트(사각) 가격 : 39,900원 링크 : https://link.coupang.com/a/cZA7WX 8위 : 쁘리엘르 유어메이트 항균 워싱 세미마이크로 차렵이불 세트 가격 : 39,960원 링크 : https://link.coupang.com/a/cZA7WZ 9위 : 뉴발란스 남성용 유니 에센셜 반집업 세미 오버 핏 맨투맨 NBNCF11213 가격 : 49,990원 링크 : https://link.coupang.com/a/cZA7W1 10위 : 필립스 SkinIQ 5000 시리즈 전기면도기, S5881/12, 버건디레드 가격 : 88,610원 링크 : https://link.coupang.com/a/cZA7W3 ⭐️ 특별 혜택 링크 https://temu.to/k/glb5f443d8e 을(를) 탭하고 최고 품질의 상품을 초저가로 만나보세요. 🛍 이렇게 파격적인 혜택은 오직 Temu에서만 제공됩니다. 지금 쇼핑하고 큰 할인을 받으세요! ⭐️ 당신을 위한 또 다른 놀라움! 저와 함께 수익을 얻으시려면 https://temu.to/k/g7a19moq5z4 을 클릭하세요! 감사합니다.",79,"['포스팅', '쿠팡', '파트너스', '활동', '일환', '따르', '일정액', '수수료', '제공', '영주', '마시', '못난이', '사과', '개입', '가격', '링크', '옵티프리', '익스프레스', '렌즈', '세정', '가격', '링크', '코멧', '사선', '컷팅', '테이프', '클리너', '핸들', '거치대', '리필', '가격', '링크', '웅진', '빅토리아', '빅토리아', '플레인', '탄산수', '가격', '링크', '스카치브', '라이트', '실속', '멀티', '테이프', '클리너', '리필', '가격', '링크', '아베', '프레쉬', '그립', '비닐', '장갑', '개입', '가격', '링크', '베베데코', '올핏', '스탠드', '에어컨', '커버', '사각', '화이트', '사각', '가격', '링크', '리엘', '유어', '메이트', '워싱', '세미', '마이크로', '차렵이불', '세트', '가격', '링크', '뉴발란스', '남성', '유니', '에센셜', '반집', '세미', '오버', '맨투맨', '가격', '링크', '필립스', '시리즈', '전기', '면도기', '버건디', '레드', '가격', '링크', '특별', '혜택', '링크', '최고', '품질', '상품', '저가', '만나', '이렇', '파격', '혜택', '제공', '쇼핑', '할인', '당신', '위하', '놀랍', '수익', '클릭', '감사']",긍정,긍정
좋은 정보 감사합니다.`,80,"['정보', '감사']",긍정,긍정
다이어트 중이라 영양제 이것저것 찾아봤는데 다이어트에 도움되는건 그닥 없는것 같아서 단백질바만 사주고 좋은습관 초산균 챙겨요 그래도 마그네슘은 괜찮던데요?,80,"['다이어트', '영양제', '이것저것', '찾아보', '다이어트', '도움', '단백질', '습관', '초산', '챙기', '마그네슘', '괜찮']",긍정,긍정
"이 포스팅은 쿠팡파트너스 활동의 일환으로, 이에 따른 일정액의 수수료를 제공받습니다. https://link.coupang.com/a/cXs6o2 1위 : [국민건강 프로젝트] 대웅제약 마그네슘 에너지케어 가격 : 19,900원 링크 : https://link.coupang.com/a/cXs6o2 2위 : [국민건강 프로젝트] 대웅제약 바나바잎추출물 가격 : 20,000원 링크 : https://link.coupang.com/a/cXs6o3 3위 : 유니스 고급형 다용도 접이식 생선 건조망, 1개, 3단, 화이트 가격 : 12,100원 링크 : https://link.coupang.com/a/cXs6o5 4위 : [국민건강 프로젝트] 대웅제약 프로바이오틱스 유산균 가격 : 19,900원 링크 : https://link.coupang.com/a/cXs6o6 5위 : 종근당건강 프로메가 오메가3 트리플 장용성 가격 : 10,470원 링크 : https://link.coupang.com/a/cXs6o7 6위 : [국민건강 프로젝트] 대웅제약 프로바이오틱스 유산균 가격 : 10,000원 링크 : https://link.coupang.com/a/cXs6o8 7위 : 다용도 고추건조기 대용량건조트레이 진공 과일 야채 식건조기 열풍건조, 3)12층 가격 : 444,660원 링크 : https://link.coupang.com/a/cXs6pa 8위 : [국민건강 프로젝트] 대웅제약 바나바잎추출물 가격 : 10,000원 링크 : https://link.coupang.com/a/cXs6pb 9위 : 종근당 칼슘 앤 마그네슘 비타민D 아연 가격 : 25,080원 링크 : https://link.coupang.com/a/cXs6pc 10위 : 다용도 고추건조기 대용량건조트레이 진공 과일 야채 식건조기 열풍건조, 4)16층 가격 : 585,670원 링크 : https://link.coupang.com/a/cXs6pd ⭐️ 특별 혜택 링크 https://temu.to/k/glb5f443d8e 을(를) 탭하고 최고 품질의 상품을 초저가로 만나보세요. 🛍 이렇게 파격적인 혜택은 오직 Temu에서만 제공됩니다. 지금 쇼핑하고 큰 할인을 받으세요! ⭐️ 당신을 위한 또 다른 놀라움! 저와 함께 수익을 얻으시려면 https://temu.to/k/g7a19moq5z4 을 클릭하세요! 감사합니다.",82,"['포스팅', '쿠팡', '파트너스', '활동', '일환', '따르', '일정액', '수수료', '제공', '국민', '건강', '프로젝트', '대웅제약', '마그네슘', '에너지', '케어', '가격', '링크', '국민', '건강', '프로젝트', '대웅제약', '추출물', '가격', '링크', '유니스', '고급', '다용도', '접이식', '생선', '건조', '화이트', '가격', '링크', '국민', '건강', '프로젝트', '대웅제약', '프로바이오틱스', '유산균', '가격', '링크', '종근당', '건강', '프로', '메가', '오메가', '트리플', '장용', '가격', '링크', '국민', '건강', '프로젝트', '대웅제약', '프로바이오틱스', '유산균', '가격', '링크', '다용도', '고추', '건조기', '용량', '건조', '트레이', '진공', '과일', '야채', '건조기', '열풍', '건조', '가격', '링크', '국민', '건강', '프로젝트', '대웅제약', '추출물', '가격', '링크', '종근당', '칼슘', '마그네슘', '비타민', '아연', '가격', '링크', '다용도', '고추', '건조기', '용량', '건조', '트레이', '진공', '과일', '야채', '건조기', '열풍', '건조', '가격', '링크', '특별', '혜택', '링크', '최고', '품질', '상품', '저가', '만나', '이렇', '파격', '혜택', '제공', '쇼핑', '할인', '당신', '위하', '놀랍', '수익', '클릭', '감사']",긍정,긍정
"영상 속 다이소 건기식 구매링크: https://link.coupang.com/a/cZNmL8 이 포스팅은 쿠팡파트너스 활동의 일환으로, 이에 따른 일정액의 수수료를 제공받습니다. 1위 : 다용도 위생 건조망 ( 캠핌 ,생선 , 야채 식기 고추 건조망), 1개, 위생 건조망(중형) 가격 : 4,500원 링크 : https://link.coupang.com/a/cZNmL8 2위 : 종근당건강 프로메가 오메가3 트리플 장용성 가격 : 10,590원 링크 : https://link.coupang.com/a/cZNmMa 3위 : 락토핏 코어 유산균 60p 가격 : 32,200원 링크 : https://link.coupang.com/a/cZNmMd 4위 : BH코리아 다용도 접이식 식품 건조망 (생선건조,야채건조,나물건조,고추건조) BH KOREA, 1개, 3단, 화이트 가격 : 11,500원 링크 : https://link.coupang.com/a/cZNmMf 5위 : GNM 건강한 간 밀크씨슬 가격 : 21,490원 링크 : https://link.coupang.com/a/cZNmMh 6위 : 쏘블랑 신발 변형방지 건조기 건조망, 화이트, 2개 가격 : 8,350원 링크 : https://link.coupang.com/a/cZNmMj 7위 : 뉴트리디데이 프리미엄 밀크씨슬 골드 가격 : 12,900원 링크 : https://link.coupang.com/a/cZNmMl 8위 : 유니스 고급형 다용도 접이식 생선 건조망, 1개, 3단, 화이트 가격 : 12,100원 링크 : https://link.coupang.com/a/cZNmMn 9위 : 판클 EPA DPA 중성지방 다이어트 오메가3 지방산 30일분 가격 : 16,300원 링크 : https://link.coupang.com/a/cZNmMp 10위 : 리빙그리고홈 양면 접이식 세탁기 건조기 빨래바구니, 그레이 가격 : 13,400원 링크 : https://link.coupang.com/a/cZNmMs 감사합니다.",85,"['영상', '다이소', '구매', '링크', '포스팅', '쿠팡', '파트너스', '활동', '일환', '따르', '일정액', '수수료', '제공', '다용도', '위생', '건조', '캠핌', '생선', '야채', '식기', '고추', '건조', '위생', '건조', '중형', '가격', '링크', '종근당', '건강', '프로', '메가', '오메가', '트리플', '장용', '가격', '링크', '락토핏', '코어', '유산균', '가격', '링크', '코리아', '다용도', '접이식', '식품', '건조', '생선', '건조', '야채', '건조', '나물', '건조', '고추', '건조', '화이트', '가격', '링크', '건강', '밀크', '가격', '링크', '쏘블랑', '신발', '변형', '방지', '건조기', '건조', '화이트', '가격', '링크', '트리', '데이', '프리미엄', '밀크', '골드', '가격', '링크', '유니스', '고급', '다용도', '접이식', '생선', '건조', '화이트', '가격', '링크', '판클', '중성', '지방', '다이어트', '오메가', '지방산', '가격', '링크', '리빙', '양면', '접이식', '세탁기', '건조기', '빨래', '바구니', '그레이', '가격', '링크', '감사']",긍정,긍정
"영상 속 다이소 건기식 구매링크: https://link.coupang.com/a/cCj9Qn 이 포스팅은 쿠팡파트너스 활동의 일환으로, 이에 따른 일정액의 수수료를 제공받습니다. 1위 : 아이클리어 루테인지아잔틴 가격 : 8,730원 링크 : https://link.coupang.com/a/cCj9Qn 2위 : 뉴트리디데이 프리미엄 루테인 골드 가격 : 11,900원 링크 : https://link.coupang.com/a/cCj9Qo 3위 : 뉴트리디데이 프리미엄 멀티비타민 골드 가격 : 11,900원 링크 : https://link.coupang.com/a/cCj9Qp 4위 : 탐사 반려동물 동결건조 간식 닭가슴살 240g 가격 : 12,590원 링크 : https://link.coupang.com/a/cCj9Qs 5위 : 종근당건강 헬씨칸 로얄 밀크시슬 가격 : 17,670원 링크 : https://link.coupang.com/a/cCj9Qv 6위 : 뉴트리하루 실리마린 밀크 시슬 추출물 밀크씨슬 아르기닌 플러스 야관문 글루타치온 가격 : 28,460원 링크 : https://link.coupang.com/a/cCj9Qy 7위 : 일양약품 프리미엄 비타C 가격 : 19,900원 링크 : https://link.coupang.com/a/cCj9QA 8위 : 풀무원 1분즉석국 황태미역국 가격 : 7,760원 링크 : https://link.coupang.com/a/cCj9QB 9위 : 뉴케어 당플랜 한입영양 안심바 가격 : 25,620원 링크 : https://link.coupang.com/a/cCj9QD 10위 : 코멧 4단 책장선반 가격 : 27,590원 링크 : https://link.coupang.com/a/cCj9QG 감사합니다.",86,"['영상', '다이소', '구매', '링크', '포스팅', '쿠팡', '파트너스', '활동', '일환', '따르', '일정액', '수수료', '제공', '아이', '클리어', '루테', '가격', '링크', '트리', '데이', '프리미엄', '루테', '골드', '가격', '링크', '트리', '데이', '프리미엄', '멀티', '비타민', '골드', '가격', '링크', '탐사', '반려동물', '동결', '건조', '간식', '가슴살', '가격', '링크', '종근당', '건강', '헬씨칸', '로얄', '밀크', '가격', '링크', '트리', '하루', '밀크', '추출물', '밀크', '아르기닌', '플러스', '관문', '가격', '링크', '일양약품', '프리미엄', '비타', '가격', '링크', '풀무원', '즉석', '황태', '미역국', '가격', '링크', '케어', '플랜', '영양', '안심', '가격', '링크', '코멧', '책장', '선반', '가격', '링크', '감사']",긍정,긍정
"영상 속 다이소 건기식 판매 매장 구매링크: https://link.coupang.com/a/cWgoLC 이 포스팅은 쿠팡파트너스 활동의 일환으로, 이에 따른 일정액의 수수료를 제공받습니다. 1위 : 뉴트리디데이 메가렉스 마그네슘 400 가격 : 19,900원 링크 : https://link.coupang.com/a/cWgoLC 2위 : 뉴트리디데이 프리미엄 밀크씨슬 골드 가격 : 12,900원 링크 : https://link.coupang.com/a/cWgoLE 3위 : 뉴트리디데이 프리미엄 밀크씨슬 골드 가격 : 24,900원 링크 : https://link.coupang.com/a/cWgoLG 4위 : 락토핏 코어 유산균 60p 가격 : 32,200원 링크 : https://link.coupang.com/a/cWgoLI 5위 : 락토핏 슬림 유산균 가격 : 15,260원 링크 : https://link.coupang.com/a/cWgoLK 6위 : BH코리아 다용도 접이식 식품 건조망 (생선건조,야채건조,나물건조,고추건조) BH KOREA, 1개, 2단, 화이트 가격 : 10,500원 링크 : https://link.coupang.com/a/cWgoLN 7위 : BH코리아 다용도 접이식 식품 건조망 (생선건조,야채건조,나물건조,고추건조) BH KOREA, 1개, 1단, 화이트 가격 : 9,500원 링크 : https://link.coupang.com/a/cWgoLR 8위 : JW중외제약 리얼메디 간에좋은 밀크씨슬9 실리마린 마스터 가격 : 22,610원 링크 : https://link.coupang.com/a/cWgoLT 9위 : JW중외제약 리얼메디 간에좋은 밀크씨슬9 실리마린 마스터 가격 : 19,330원 링크 : https://link.coupang.com/a/cWgoLW 10위 : ON US 식품 건조기 고추 야채 소형 과일 가정용 업소용 가격 : 219,000원 링크 : https://link.coupang.com/a/cWgoLY 감사합니다.",87,"['영상', '다이소', '판매', '매장', '구매', '링크', '포스팅', '쿠팡', '파트너스', '활동', '일환', '따르', '일정액', '수수료', '제공', '트리', '데이', '메가', '렉스', '마그네슘', '가격', '링크', '트리', '데이', '프리미엄', '밀크', '골드', '가격', '링크', '트리', '데이', '프리미엄', '밀크', '골드', '가격', '링크', '락토핏', '코어', '유산균', '가격', '링크', '락토핏', '슬림', '유산균', '가격', '링크', '코리아', '다용도', '접이식', '식품', '건조', '생선', '건조', '야채', '건조', '나물', '건조', '고추', '건조', '화이트', '가격', '링크', '코리아', '다용도', '접이식', '식품', '건조', '생선', '건조', '야채', '건조', '나물', '건조', '고추', '건조', '화이트', '가격', '링크', '중외', '제약', '리얼', '메디', '밀크', '실리', '마스터', '가격', '링크', '중외', '제약', '리얼', '메디', '밀크', '실리', '마스터', '가격', '링크', '식품', '건조기', '고추', '야채', '소형', '과일', '가정', '업소', '가격', '링크', '감사']",긍정,긍정
"이 포스팅은 쿠팡파트너스 활동의 일환으로, 이에 따른 일정액의 수수료를 제공받습니다. https://link.coupang.com/a/cYNPre 1위 : 뉴트리디데이 프리미엄 밀크씨슬 골드 가격 : 12,900원 링크 : https://link.coupang.com/a/cYNPre 2위 : 유니스 고급형 다용도 접이식 생선 건조망, 1개, 3단, 화이트 가격 : 12,100원 링크 : https://link.coupang.com/a/cYNPri 3위 : BH코리아 다용도 접이식 식품 건조망 (생선건조,야채건조,나물건조,고추건조) BH KOREA, 1개, 3단, 화이트 가격 : 11,500원 링크 : https://link.coupang.com/a/cYNPrl 4위 : 일양약품 프라임 칼슘 마그네슘 비타민D 아연 가격 : 10,840원 링크 : https://link.coupang.com/a/cYNPrp 5위 : 종근당건강 프로메가 오메가3 트리플 장용성 가격 : 10,590원 링크 : https://link.coupang.com/a/cYNPrq 6위 : BH코리아 다용도 접이식 식품 건조망 (생선건조,야채건조,나물건조,고추건조) BH KOREA, 1개, 2단, 화이트 가격 : 10,500원 링크 : https://link.coupang.com/a/cYNPrs 7위 : 홀리데이즈 프리미엄 콜라겐 타블렛 가격 : 9,900원 링크 : https://link.coupang.com/a/cYNPru 8위 : 판클 EPA DPA 중성지방 다이어트 오메가3 지방산 30일분 가격 : 16,300원 링크 : https://link.coupang.com/a/cYNPrw 9위 : GNM 건강한 간 밀크씨슬 가격 : 20,420원 링크 : https://link.coupang.com/a/cYNPry 10위 : 뉴트리디데이 프리미엄 비타민D 5000IU 27g 가격 : 22,900원 링크 : https://link.coupang.com/a/cYNPrA ⭐️ 특별 혜택 링크 https://temu.to/k/glb5f443d8e 을(를) 탭하고 최고 품질의 상품을 초저가로 만나보세요. 🛍 이렇게 파격적인 혜택은 오직 Temu에서만 제공됩니다. 지금 쇼핑하고 큰 할인을 받으세요! ⭐️ 당신을 위한 또 다른 놀라움! 저와 함께 수익을 얻으시려면 https://temu.to/k/g7a19moq5z4 을 클릭하세요! 감사합니다.",88,"['포스팅', '쿠팡', '파트너스', '활동', '일환', '따르', '일정액', '수수료', '제공', '트리', '데이', '프리미엄', '밀크', '골드', '가격', '링크', '유니스', '고급', '다용도', '접이식', '생선', '건조', '화이트', '가격', '링크', '코리아', '다용도', '접이식', '식품', '건조', '생선', '건조', '야채', '건조', '나물', '건조', '고추', '건조', '화이트', '가격', '링크', '일양약품', '프라임', '칼슘', '마그네슘', '비타민', '아연', '가격', '링크', '종근당', '건강', '프로', '메가', '오메가', '트리플', '장용', '가격', '링크', '코리아', '다용도', '접이식', '식품', '건조', '생선', '건조', '야채', '건조', '나물', '건조', '고추', '건조', '화이트', '가격', '링크', '홀리데이', '프리미엄', '콜라겐', '가격', '링크', '판클', '중성', '지방', '다이어트', '오메가', '지방산', '가격', '링크', '건강', '밀크', '가격', '링크', '트리', '데이', '프리미엄', '비타민', '가격', '링크', '특별', '혜택', '링크', '최고', '품질', '상품', '저가', '만나', '이렇', '파격', '혜택', '제공', '쇼핑', '할인', '당신', '위하', '놀랍', '수익', '클릭', '감사']",긍정,긍정
"영상 속 다이소 건기식 추천 구매링크: https://link.coupang.com/a/cVCHYx 이 포스팅은 쿠팡파트너스 활동의 일환으로, 이에 따른 일정액의 수수료를 제공받습니다. 1위 : [국민건강 프로젝트] 대웅제약 마그네슘 에너지케어 가격 : 19,900원 링크 : https://link.coupang.com/a/cVCHYx 2위 : BH코리아 다용도 접이식 식품 건조망 (생선건조,야채건조,나물건조,고추건조) BH KOREA, 1개, 1단, 화이트 가격 : 9,500원 링크 : https://link.coupang.com/a/cVCHYy 3위 : [국민건강 프로젝트] 대웅제약 프로바이오틱스 유산균 가격 : 19,900원 링크 : https://link.coupang.com/a/cVCHYz 4위 : 건조망, 1개, 건조망(400x400) 가격 : 8,900원 링크 : https://link.coupang.com/a/cVCHYA 5위 : [국민건강 프로젝트] 대웅제약 프로바이오틱스 유산균 가격 : 10,000원 링크 : https://link.coupang.com/a/cVCHYB 6위 : 신일 식품건조기 가정용 고추 야채 과일 음식 고구마말랭이 건조기, 신일 식품건조기 SFD-AR500KP 가격 : 198,000원 링크 : https://link.coupang.com/a/cVCHYD 7위 : 종근당건강 프로메가 오메가3 트리플 장용성 가격 : 10,560원 링크 : https://link.coupang.com/a/cVCHYF 8위 : [세계필터] 미니 건조기필터 19매, 1개 가격 : 14,900원 링크 : https://link.coupang.com/a/cVCHYH 9위 : 그린몬스터 맥스 밀크씨슬 10 3개월분 가격 : 6,900원 링크 : https://link.coupang.com/a/cVCHYJ 10위 : 락토핏 코어 유산균 60p 가격 : 32,200원 링크 : https://link.coupang.com/a/cVCHYK 감사합니다.",89,"['영상', '다이소', '추천', '구매', '링크', '포스팅', '쿠팡', '파트너스', '활동', '일환', '따르', '일정액', '수수료', '제공', '국민', '건강', '프로젝트', '대웅제약', '마그네슘', '에너지', '케어', '가격', '링크', '코리아', '다용도', '접이식', '식품', '건조', '생선', '건조', '야채', '건조', '나물', '건조', '고추', '건조', '화이트', '가격', '링크', '국민', '건강', '프로젝트', '대웅제약', '프로바이오틱스', '유산균', '가격', '링크', '조망', '건조', '가격', '링크', '국민', '건강', '프로젝트', '대웅제약', '프로바이오틱스', '유산균', '가격', '링크', '식품', '건조기', '가정', '고추', '야채', '과일', '음식', '고구마', '건조기', '식품', '건조기', '가격', '링크', '종근당', '건강', '프로', '메가', '오메가', '트리플', '장용', '가격', '링크', '세계', '필터', '미니', '건조기', '필터', '가격', '링크', '그린', '몬스터', '맥스', '밀크', '개월', '가격', '링크', '락토핏', '코어', '유산균', '가격', '링크', '감사']",긍정,긍정
"이 포스팅은 쿠팡파트너스 활동의 일환으로, 이에 따른 일정액의 수수료를 제공받습니다. https://link.coupang.com/a/c3qzd8 1위 : 종근당건강 프로메가 오메가3 트리플 가격 : 10,590원 링크 : https://link.coupang.com/a/c3qzd8 2위 : 자연의품격 GNM 건강한 간 밀크씨슬 75g 가격 : 21,490원 링크 : https://link.coupang.com/a/c3qzea 3위 : 뉴트리디데이 프리미엄 밀크씨슬 골드 가격 : 12,900원 링크 : https://link.coupang.com/a/c3qzeb 4위 : 뉴트리디데이 프리미엄 비타민D 5000IU 27g 가격 : 22,900원 링크 : https://link.coupang.com/a/c3qzed 5위 : 락토핏 코어 유산균 60p 가격 : 32,200원 링크 : https://link.coupang.com/a/c3qzee 6위 : 판클 EPA DPA 중성지방 다이어트 오메가3 지방산 30일분 가격 : 16,300원 링크 : https://link.coupang.com/a/c3qzef 7위 : 뉴트리하루 실리마린 밀크 시슬 추출물 밀크씨슬 아르기닌 플러스 야관문 글루타치온 가격 : 28,200원 링크 : https://link.coupang.com/a/c3qzeg 8위 : 뉴트리디데이 프리미엄 밀크씨슬 골드 가격 : 24,900원 링크 : https://link.coupang.com/a/c3qzei 9위 : 일양약품 프라임 칼슘 마그네슘 비타민D 아연 가격 : 10,970원 링크 : https://link.coupang.com/a/c3qzej 10위 : 홀리데이즈 프리미엄 콜라겐 타블렛 가격 : 9,900원 링크 : https://link.coupang.com/a/c3qzen ⭐️ 특별 혜택 링크 https://temu.to/k/glb5f443d8e 을(를) 탭하고 최고 품질의 상품을 초저가로 만나보세요. 🛍 이렇게 파격적인 혜택은 오직 Temu에서만 제공됩니다. 지금 쇼핑하고 큰 할인을 받으세요! ⭐️ 당신을 위한 또 다른 놀라움! 저와 함께 수익을 얻으시려면 https://temu.to/k/g7a19moq5z4 을 클릭하세요! 감사합니다.",91,"['포스팅', '쿠팡', '파트너스', '활동', '일환', '따르', '일정액', '수수료', '제공', '종근당', '건강', '프로', '메가', '오메가', '트리플', '가격', '링크', '자연', '품격', '건강', '밀크', '가격', '링크', '트리', '데이', '프리미엄', '밀크', '골드', '가격', '링크', '트리', '데이', '프리미엄', '비타민', '가격', '링크', '락토핏', '코어', '유산균', '가격', '링크', '중성', '지방', '다이어트', '오메가', '지방산', '가격', '링크', '트리', '하루', '밀크', '추출물', '밀크', '아르기닌', '플러스', '관문', '가격', '링크', '트리', '데이', '프리미엄', '밀크', '골드', '가격', '링크', '일양약품', '프라임', '칼슘', '마그네슘', '비타민', '아연', '가격', '링크', '홀리데이', '프리미엄', '콜라겐', '가격', '링크', '특별', '혜택', '링크', '최고', '품질', '상품', '저가', '만나', '이렇', '파격', '혜택', '제공', '쇼핑', '할인', '당신', '위하', '놀랍', '수익', '클릭', '감사']",긍정,긍정
"이 포스팅은 쿠팡파트너스 활동의 일환으로, 이에 따른 일정액의 수수료를 제공받습니다. https://link.coupang.com/a/c16qSk 1위 : 종근당건강 프로메가 오메가3 트리플 가격 : 10,590원 링크 : https://link.coupang.com/a/c16qSk 2위 : 뉴트리디데이 프리미엄 밀크씨슬 골드 가격 : 12,900원 링크 : https://link.coupang.com/a/c16qSl 3위 : 뉴트리디데이 프리미엄 비타민D 5000IU 27g 가격 : 22,900원 링크 : https://link.coupang.com/a/c16qSm 4위 : GNM 건강한 간 밀크씨슬 가격 : 19,980원 링크 : https://link.coupang.com/a/c16qSn 5위 : 락토핏 코어 유산균 60p 가격 : 32,200원 링크 : https://link.coupang.com/a/c16qSo 6위 : 판클 EPA DPA 중성지방 다이어트 오메가3 지방산 30일분 가격 : 16,300원 링크 : https://link.coupang.com/a/c16qSp 7위 : 뉴트리디데이 프리미엄 밀크씨슬 골드 가격 : 24,900원 링크 : https://link.coupang.com/a/c16qSq 8위 : 뉴트리하루 실리마린 밀크 시슬 추출물 밀크씨슬 아르기닌 플러스 야관문 글루타치온 가격 : 28,200원 링크 : https://link.coupang.com/a/c16qSr 9위 : 일양약품 프라임 칼슘 마그네슘 비타민D 아연 가격 : 10,970원 링크 : https://link.coupang.com/a/c16qSt 10위 : 홀리데이즈 프리미엄 콜라겐 타블렛 가격 : 9,900원 링크 : https://link.coupang.com/a/c16qSu ⭐️ 특별 혜택 링크 https://temu.to/k/glb5f443d8e 을(를) 탭하고 최고 품질의 상품을 초저가로 만나보세요. 🛍 이렇게 파격적인 혜택은 오직 Temu에서만 제공됩니다. 지금 쇼핑하고 큰 할인을 받으세요! ⭐️ 당신을 위한 또 다른 놀라움! 저와 함께 수익을 얻으시려면 https://temu.to/k/g7a19moq5z4 을 클릭하세요! 감사합니다.",92,"['포스팅', '쿠팡', '파트너스', '활동', '일환', '따르', '일정액', '수수료', '제공', '종근당', '건강', '프로', '메가', '오메가', '트리플', '가격', '링크', '트리', '데이', '프리미엄', '밀크', '골드', '가격', '링크', '트리', '데이', '프리미엄', '비타민', '가격', '링크', '건강', '밀크', '가격', '링크', '락토핏', '코어', '유산균', '가격', '링크', '중성', '지방', '다이어트', '오메가', '지방산', '가격', '링크', '트리', '데이', '프리미엄', '밀크', '골드', '가격', '링크', '트리', '하루', '밀크', '추출물', '밀크', '아르기닌', '플러스', '관문', '가격', '링크', '일양약품', '프라임', '칼슘', '마그네슘', '비타민', '아연', '가격', '링크', '홀리데이', '프리미엄', '콜라겐', '가격', '링크', '특별', '혜택', '링크', '최고', '품질', '상품', '저가', '만나', '이렇', '파격', '혜택', '제공', '쇼핑', '할인', '당신', '위하', '놀랍', '수익', '클릭', '감사']",긍정,긍정
"이 포스팅은 쿠팡파트너스 활동의 일환으로, 이에 따른 일정액의 수수료를 제공받습니다. https://link.coupang.com/a/cXJSv7 1위 : [국민건강 프로젝트] 대웅제약 마그네슘 에너지케어 가격 : 19,900원 링크 : https://link.coupang.com/a/cXJSv7 2위 : [국민건강 프로젝트] 대웅제약 바나바잎추출물 가격 : 20,000원 링크 : https://link.coupang.com/a/cXJSv9 3위 : [국민건강 프로젝트] 대웅제약 프로바이오틱스 유산균 가격 : 19,900원 링크 : https://link.coupang.com/a/cXJSwa 4위 : 유니스 고급형 다용도 접이식 생선 건조망, 1개, 3단, 화이트 가격 : 12,100원 링크 : https://link.coupang.com/a/cXJSwb 5위 : [세계필터] 미니 건조기필터 19매, 1개 가격 : 14,900원 링크 : https://link.coupang.com/a/cXJSwc 6위 : [국민건강 프로젝트] 대웅제약 바나바잎추출물 가격 : 10,000원 링크 : https://link.coupang.com/a/cXJSwd 7위 : [국민건강 프로젝트] 대웅제약 프로바이오틱스 유산균 가격 : 10,000원 링크 : https://link.coupang.com/a/cXJSwe 8위 : GNM 건강한 간 밀크씨슬 가격 : 20,520원 링크 : https://link.coupang.com/a/cXJSwf 9위 : 다용도 고추건조기 대용량건조트레이 진공 과일 야채 식건조기 열풍건조, 4)16층 가격 : 585,670원 링크 : https://link.coupang.com/a/cXJSwg 10위 : 그린몬스터 맥스 밀크씨슬 10 3개월분 가격 : 6,900원 링크 : https://link.coupang.com/a/cXJSwi ⭐️ 특별 혜택 링크 https://temu.to/k/glb5f443d8e 을(를) 탭하고 최고 품질의 상품을 초저가로 만나보세요. 🛍 이렇게 파격적인 혜택은 오직 Temu에서만 제공됩니다. 지금 쇼핑하고 큰 할인을 받으세요! ⭐️ 당신을 위한 또 다른 놀라움! 저와 함께 수익을 얻으시려면 https://temu.to/k/g7a19moq5z4 을 클릭하세요! 감사합니다.",93,"['포스팅', '쿠팡', '파트너스', '활동', '일환', '따르', '일정액', '수수료', '제공', '국민', '건강', '프로젝트', '대웅제약', '마그네슘', '에너지', '케어', '가격', '링크', '국민', '건강', '프로젝트', '대웅제약', '추출물', '가격', '링크', '국민', '건강', '프로젝트', '대웅제약', '프로바이오틱스', '유산균', '가격', '링크', '유니스', '고급', '다용도', '접이식', '생선', '건조', '화이트', '가격', '링크', '세계', '필터', '미니', '건조기', '필터', '가격', '링크', '국민', '건강', '프로젝트', '대웅제약', '추출물', '가격', '링크', '국민', '건강', '프로젝트', '대웅제약', '프로바이오틱스', '유산균', '가격', '링크', '건강', '밀크', '가격', '링크', '다용도', '고추', '건조기', '용량', '건조', '트레이', '진공', '과일', '야채', '건조기', '열풍', '건조', '가격', '링크', '그린', '몬스터', '맥스', '밀크', '개월', '가격', '링크', '특별', '혜택', '링크', '최고', '품질', '상품', '저가', '만나', '이렇', '파격', '혜택', '제공', '쇼핑', '할인', '당신', '위하', '놀랍', '수익', '클릭', '감사']",긍정,긍정
"이 포스팅은 쿠팡파트너스 활동의 일환으로, 이에 따른 일정액의 수수료를 제공받습니다. https://link.coupang.com/a/dduhm6 1위 : 경남제약 결콜라겐 플러스 가격 : 16,470원 링크 : https://link.coupang.com/a/dduhm6 2위 : 유니스 고급형 다용도 접이식 생선 건조망, 1개, 3단, 화이트 가격 : 12,100원 링크 : https://link.coupang.com/a/dduhm9 3위 : 종근당건강 프로메가 오메가3 트리플 가격 : 10,450원 링크 : https://link.coupang.com/a/dduhnb 4위 : 쏘블랑 신발 변형방지 건조기 건조망, 화이트, 2개 가격 : 8,350원 링크 : https://link.coupang.com/a/dduhnc 5위 : 뉴트리디데이 프리미엄 비타민D 5000IU 27g 가격 : 22,900원 링크 : https://link.coupang.com/a/dduhnd 6위 : 뉴트리디데이 프리미엄 밀크씨슬 골드 가격 : 12,900원 링크 : https://link.coupang.com/a/dduhne 7위 : 자연의품격 건강한 간 밀크씨슬 75g 가격 : 20,410원 링크 : https://link.coupang.com/a/dduhng 8위 : 뉴트립 간건강 밀크씨슬 600 mg 가격 : 11,500원 링크 : https://link.coupang.com/a/dduhni 9위 : [녹차카테킨 다이어트] 대웅제약 녹차 추출물 카테킨 체지방컷 비타민C 판토텐산 가격 : 10,000원 링크 : https://link.coupang.com/a/dduhnk 10위 : 지속형 마그네슘 250mg | 칼륨 99mg 함유, 심혈관 건강, 근육 기능 지원, 혈압 조절, 에너지 대사 촉진, 6시간 서방형, 비건 캡슐, 무글루텐, NON-GMO 가격 : 17,010원 링크 : https://link.coupang.com/a/dduhnm ⭐️ 특별 혜택 링크 https://temu.to/k/glb5f443d8e 을(를) 탭하고 최고 품질의 상품을 초저가로 만나보세요. 🛍 이렇게 파격적인 혜택은 오직 Temu에서만 제공됩니다. 지금 쇼핑하고 큰 할인을 받으세요! ⭐️ 당신을 위한 또 다른 놀라움! 저와 함께 수익을 얻으시려면 https://temu.to/k/g7a19moq5z4 을 클릭하세요! 감사합니다.",94,"['포스팅', '쿠팡', '파트너스', '활동', '일환', '따르', '일정액', '수수료', '제공', '경남', '제약', '콜라겐', '플러스', '가격', '링크', '유니스', '고급', '다용도', '접이식', '생선', '건조', '화이트', '가격', '링크', '종근당', '건강', '프로', '메가', '오메가', '트리플', '가격', '링크', '쏘블', '신발', '변형', '방지', '건조기', '건조', '화이트', '가격', '링크', '트리', '데이', '프리미엄', '비타민', '가격', '링크', '트리', '데이', '프리미엄', '밀크', '골드', '가격', '링크', '자연', '품격', '건강', '밀크', '가격', '링크', '건강', '밀크', '가격', '링크', '녹차', '카테킨', '다이어트', '대웅제약', '녹차', '추출물', '카테킨', '체지방', '비타민', '판토텐산', '가격', '링크', '지속', '마그네슘', '칼륨', '함유', '심혈관', '건강', '근육', '기능', '지원', '혈압', '조절', '에너지', '대사', '촉진', '시간', '서방', '캡슐', '글루텐', '가격', '링크', '특별', '혜택', '링크', '최고', '품질', '상품', '저가', '만나', '이렇', '파격', '혜택', '제공', '쇼핑', '할인', '당신', '위하', '놀랍', '수익', '클릭', '감사']",긍정,긍정
"이 포스팅은 쿠팡파트너스 활동의 일환으로, 이에 따른 일정액의 수수료를 제공받습니다. https://link.coupang.com/a/cUF6hw 1위 : 나우푸드 글루타티온 500mg 베지 캡슐 가격 : 44,260원 링크 : https://link.coupang.com/a/cUF6hw 2위 : 스탠리 퀜처 H2.0 플루티드 텀블러 가격 : 76,000원 링크 : https://link.coupang.com/a/cUF6hx 3위 : 하이피러브 입시 공부 독서 수납 선번형 컴퓨터 책상 가격 : 68,900원 링크 : https://link.coupang.com/a/cUF6hy 4위 : 헬시오리진스 내추럴 프로바이오틱 유산균 300억 CFU 브이캡 가격 : 76,160원 링크 : https://link.coupang.com/a/cUF6hA 5위 : 락앤락 하드앤라이트 프라이팬 가격 : 22,300원 링크 : https://link.coupang.com/a/cUF6hB 6위 : 오트리 고메넛츠 가격 : 43,900원 링크 : https://link.coupang.com/a/cUF6hE 7위 : 비에스엔 신타-6 프로틴 파우더 드링크 믹스 단백질 보충제 가격 : 69,820원 링크 : https://link.coupang.com/a/cUF6hF 8위 : 닥터조이 강아지 명태슬라이스 간식 가격 : 9,800원 링크 : https://link.coupang.com/a/cUF6hI 9위 : 유니레버 썬 식기세척기용 타블렛 세제 베이킹소다 앤 소금 50개입 가격 : 12,540원 링크 : https://link.coupang.com/a/cUF6hL 10위 : 스카트 잘 닦이는 살균 소독 티슈 가격 : 10,100원 링크 : https://link.coupang.com/a/cUF6hN ⭐️ 특별 혜택 링크 https://temu.to/k/glb5f443d8e 을(를) 탭하고 최고 품질의 상품을 초저가로 만나보세요. 🛍 이렇게 파격적인 혜택은 오직 Temu에서만 제공됩니다. 지금 쇼핑하고 큰 할인을 받으세요! ⭐️ 당신을 위한 또 다른 놀라움! 저와 함께 수익을 얻으시려면 https://temu.to/k/g7a19moq5z4 을 클릭하세요! 감사합니다.",95,"['포스팅', '쿠팡', '파트너스', '활동', '일환', '따르', '일정액', '수수료', '제공', '나우', '푸드', '베지', '캡슐', '가격', '링크', '스탠리', '퀜처', '플루', '텀블러', '가격', '링크', '하이', '러브', '입시', '공부', '독서', '수납', '컴퓨터', '책상', '가격', '링크', '헬시오리진스', '내추럴', '프로바이오틱', '유산균', '브이', '가격', '링크', '락앤락', '하드', '라이트', '프라이팬', '가격', '링크', '오트리', '고메넛츠', '가격', '링크', '에스', '프로', '파우더', '드링크', '믹스', '단백질', '보충', '가격', '링크', '닥터', '강아지', '명태', '슬라이스', '간식', '가격', '링크', '유니레버', '식기', '세척기', '세제', '베이킹', '소다', '소금', '개입', '가격', '링크', '스카트', '닦이', '살균', '소독', '티슈', '가격', '링크', '특별', '혜택', '링크', '최고', '품질', '상품', '저가', '만나', '이렇', '파격', '혜택', '제공', '쇼핑', '할인', '당신', '위하', '놀랍', '수익', '클릭', '감사']",긍정,긍정
"이 포스팅은 쿠팡파트너스 활동의 일환으로, 이에 따른 일정액의 수수료를 제공받습니다. https://link.coupang.com/a/c0z4fd 1위 : 종근당건강 프로메가 오메가3 트리플 가격 : 9,800원 링크 : https://link.coupang.com/a/c0z4fd 2위 : GNM 건강한 간 밀크씨슬 가격 : 20,410원 링크 : https://link.coupang.com/a/c0z4fg 3위 : 뉴트리디데이 프리미엄 밀크씨슬 골드 가격 : 12,900원 링크 : https://link.coupang.com/a/c0z4fj 4위 : 락토핏 코어 유산균 60p 가격 : 32,200원 링크 : https://link.coupang.com/a/c0z4fl 5위 : 뉴트리디데이 프리미엄 비타민D 5000IU 27g 가격 : 22,900원 링크 : https://link.coupang.com/a/c0z4fm 6위 : 판클 EPA DPA 중성지방 다이어트 오메가3 지방산 30일분 가격 : 16,300원 링크 : https://link.coupang.com/a/c0z4fo 7위 : 뉴트리디데이 프리미엄 밀크씨슬 골드 가격 : 24,900원 링크 : https://link.coupang.com/a/c0z4fq 8위 : 뉴트리하루 실리마린 밀크 시슬 추출물 밀크씨슬 아르기닌 플러스 야관문 글루타치온 가격 : 28,200원 링크 : https://link.coupang.com/a/c0z4fr 9위 : 일양약품 프라임 칼슘 마그네슘 비타민D 아연 가격 : 10,970원 링크 : https://link.coupang.com/a/c0z4fu 10위 : 홀리데이즈 프리미엄 콜라겐 타블렛 가격 : 9,900원 링크 : https://link.coupang.com/a/c0z4fy ⭐️ 특별 혜택 링크 https://temu.to/k/glb5f443d8e 을(를) 탭하고 최고 품질의 상품을 초저가로 만나보세요. 🛍 이렇게 파격적인 혜택은 오직 Temu에서만 제공됩니다. 지금 쇼핑하고 큰 할인을 받으세요! ⭐️ 당신을 위한 또 다른 놀라움! 저와 함께 수익을 얻으시려면 https://temu.to/k/g7a19moq5z4 을 클릭하세요! 감사합니다.",96,"['포스팅', '쿠팡', '파트너스', '활동', '일환', '따르', '일정액', '수수료', '제공', '종근당', '건강', '프로', '메가', '오메가', '트리플', '가격', '링크', '건강', '밀크', '가격', '링크', '트리', '데이', '프리미엄', '밀크', '골드', '가격', '링크', '락토핏', '코어', '유산균', '가격', '링크', '트리', '데이', '프리미엄', '비타민', '가격', '링크', '중성', '지방', '다이어트', '오메가', '지방산', '가격', '링크', '트리', '데이', '프리미엄', '밀크', '골드', '가격', '링크', '트리', '하루', '밀크', '추출물', '밀크', '아르기닌', '플러스', '관문', '가격', '링크', '일양약품', '프라임', '칼슘', '마그네슘', '비타민', '아연', '가격', '링크', '홀리데이', '프리미엄', '콜라겐', '가격', '링크', '특별', '혜택', '링크', '최고', '품질', '상품', '저가', '만나', '이렇', '파격', '혜택', '제공', '쇼핑', '할인', '당신', '위하', '놀랍', '수익', '클릭', '감사']",긍정,긍정
"영상 속 다이소 건기식 추천 약사 구매링크: https://link.coupang.com/a/cYiEi9 이 포스팅은 쿠팡파트너스 활동의 일환으로, 이에 따른 일정액의 수수료를 제공받습니다. 1위 : 테팔 인덕션 티타늄 1X 데일리 컴포트 프라이팬, 28cm, 1개 가격 : 25,980원 링크 : https://link.coupang.com/a/cYiEi9 2위 : 더미식 귀리쌀밥, 180g, 24개 가격 : 21,990원 링크 : https://link.coupang.com/a/cYiEjb 3위 : 리큐 진한겔 하이브리드 드럼용 액상세제 리필, 2.1L, 4개 가격 : 12,850원 링크 : https://link.coupang.com/a/cYiEjd 4위 : 듀라셀 알카라인 AA 건전지, 20개입, 1개 가격 : 11,130원 링크 : https://link.coupang.com/a/cYiEjf 5위 : 스탠리 아이스플로우 에어로라이트 패스트플로우 텀블러, 애쉬, 473ml, 1개 가격 : 29,920원 링크 : https://link.coupang.com/a/cYiEjg 6위 : 루아베 부드러운 워싱 차렵이불 세트 가격 : 34,910원 링크 : https://link.coupang.com/a/cYiEjh 7위 : 그래이불 국내산 순수 오가닉 코튼 호텔 침구세트 가격 : 85,530원 링크 : https://link.coupang.com/a/cYiEji 8위 : 광동제약 진 쌍화, 100ml, 20개 가격 : 9,480원 링크 : https://link.coupang.com/a/cYiEjk 9위 : 세브란스에이투 전용목장 단백우유, 180ml, 24개 가격 : 15,330원 링크 : https://link.coupang.com/a/cYiEjl 10위 : 브랜든 2세대 부피순삭 의류 이불 다용도 대형 압축 파우치 2매세트 가격 : 60,000원 링크 : https://link.coupang.com/a/cYiEjn 감사합니다.",97,"['영상', '다이소', '추천', '약사', '구매', '링크', '포스팅', '쿠팡', '파트너스', '활동', '일환', '따르', '일정액', '수수료', '제공', '테팔', '인덕션', '티타늄', '데일리', '포트', '프라이팬', '가격', '링크', '더미', '귀리', '쌀밥', '가격', '링크', '리큐', '진하', '하이브리드', '드럼', '액상', '세제', '리필', '가격', '링크', '듀라셀', '라인', '건전지', '개입', '가격', '링크', '스탠리', '아이스', '플로우', '에어로', '라이트', '패스트', '플로우', '텀블러', '애쉬', '가격', '링크', '루아베', '부드럽', '워싱', '차렵이불', '세트', '가격', '링크', '이불', '국내', '순수', '오가', '코튼', '호텔', '침구', '세트', '가격', '링크', '광동제약', '가격', '링크', '세브란스', '에이', '전용', '목장', '단백', '우유', '가격', '링크', '브랜든', '세대', '부피', '의류', '이불', '다용도', '압축', '파우치', '세트', '가격', '링크', '감사']",긍정,긍정
"이 포스팅은 쿠팡파트너스 활동의 일환으로, 이에 따른 일정액의 수수료를 제공받습니다. https://link.coupang.com/a/cXsRiT 1위 : [국민건강 프로젝트] 대웅제약 마그네슘 에너지케어 가격 : 19,900원 링크 : https://link.coupang.com/a/cXsRiT 2위 : [국민건강 프로젝트] 대웅제약 바나바잎추출물 가격 : 20,000원 링크 : https://link.coupang.com/a/cXsRiU 3위 : BH코리아 다용도 접이식 식품 건조망 (생선건조,야채건조,나물건조,고추건조) BH KOREA, 1개, 3단, 화이트 가격 : 11,500원 링크 : https://link.coupang.com/a/cXsRiV 4위 : [국민건강 프로젝트] 대웅제약 프로바이오틱스 유산균 가격 : 19,900원 링크 : https://link.coupang.com/a/cXsRiW 5위 : BH코리아 다용도 접이식 식품 건조망 (생선건조,야채건조,나물건조,고추건조) BH KOREA, 1개, 2단, 화이트 가격 : 10,500원 링크 : https://link.coupang.com/a/cXsRiX 6위 : 종근당건강 프로메가 오메가3 트리플 장용성 가격 : 10,470원 링크 : https://link.coupang.com/a/cXsRiY 7위 : [국민건강 프로젝트] 대웅제약 프로바이오틱스 유산균 가격 : 10,000원 링크 : https://link.coupang.com/a/cXsRiZ 8위 : 종근당 칼슘 앤 마그네슘 비타민D 아연 가격 : 25,080원 링크 : https://link.coupang.com/a/cXsRi0 9위 : 다용도 고추건조기 대용량건조트레이 야채건조기 과일건조기 식건조기 열풍건조, 1)6레이어 가격 : 199,990원 링크 : https://link.coupang.com/a/cXsRi1 10위 : [국민건강 프로젝트] 대웅제약 바나바잎추출물 가격 : 10,000원 링크 : https://link.coupang.com/a/cXsRi2 ⭐️ 특별 혜택 링크 https://temu.to/k/glb5f443d8e 을(를) 탭하고 최고 품질의 상품을 초저가로 만나보세요. 🛍 이렇게 파격적인 혜택은 오직 Temu에서만 제공됩니다. 지금 쇼핑하고 큰 할인을 받으세요! ⭐️ 당신을 위한 또 다른 놀라움! 저와 함께 수익을 얻으시려면 https://temu.to/k/g7a19moq5z4 을 클릭하세요! 감사합니다.",98,"['포스팅', '쿠팡', '파트너스', '활동', '일환', '따르', '일정액', '수수료', '제공', '국민', '건강', '프로젝트', '대웅제약', '마그네슘', '에너지', '케어', '가격', '링크', '국민', '건강', '프로젝트', '대웅제약', '추출물', '가격', '링크', '코리아', '다용도', '접이식', '식품', '건조', '생선', '건조', '야채', '건조', '나물', '건조', '고추', '건조', '화이트', '가격', '링크', '국민', '건강', '프로젝트', '대웅제약', '프로바이오틱스', '유산균', '가격', '링크', '코리아', '다용도', '접이식', '식품', '건조', '생선', '건조', '야채', '건조', '나물', '건조', '고추', '건조', '화이트', '가격', '링크', '종근당', '건강', '프로', '메가', '오메가', '트리플', '장용', '가격', '링크', '국민', '건강', '프로젝트', '대웅제약', '프로바이오틱스', '유산균', '가격', '링크', '종근당', '칼슘', '마그네슘', '비타민', '아연', '가격', '링크', '다용도', '고추', '건조기', '용량', '건조', '트레이', '야채', '건조기', '과일', '건조기', '건조기', '열풍', '건조', '레이어', '가격', '링크', '국민', '건강', '프로젝트', '대웅제약', '추출물', '가격', '링크', '특별', '혜택', '링크', '최고', '품질', '상품', '저가', '만나', '이렇', '파격', '혜택', '제공', '쇼핑', '할인', '당신', '위하', '놀랍', '수익', '클릭', '감사']",긍정,긍정
"이 포스팅은 쿠팡파트너스 활동의 일환으로, 이에 따른 일정액의 수수료를 제공받습니다. https://link.coupang.com/a/de4fnt 1위 : 경남제약 결콜라겐 플러스 가격 : 16,470원 링크 : https://link.coupang.com/a/de4fnt 2위 : 종근당건강 프로메가 오메가3 트리플 가격 : 10,520원 링크 : https://link.coupang.com/a/de4fnu 3위 : 뉴트리디데이 프리미엄 비타민D 5000IU 27g 가격 : 22,900원 링크 : https://link.coupang.com/a/de4fnw 4위 : 뉴트리디데이 프리미엄 밀크씨슬 골드 가격 : 12,900원 링크 : https://link.coupang.com/a/de4fnx 5위 : [코큐텐 혈압건강] 대웅제약 코엔자임 Q10 가격 : 16,240원 링크 : https://link.coupang.com/a/de4fny 6위 : 자연의품격 건강한 간 밀크씨슬 75g 가격 : 21,490원 링크 : https://link.coupang.com/a/de4fnz 7위 : 일양약품 프라임 칼슘 마그네슘 비타민D 아연 가격 : 11,230원 링크 : https://link.coupang.com/a/de4fnA 8위 : 뉴트립 간건강 밀크씨슬 600 mg 가격 : 11,500원 링크 : https://link.coupang.com/a/de4fnB 9위 : 락토핏 코어 유산균 60p 가격 : 32,200원 링크 : https://link.coupang.com/a/de4fnC 10위 : 지속형 마그네슘 250mg | 칼륨 99mg 함유, 심혈관 건강, 근육 기능 지원, 혈압 조절, 에너지 대사 촉진, 6시간 서방형, 비건 캡슐, 무글루텐, NON-GMO 가격 : 17,010원 링크 : https://link.coupang.com/a/de4fnE ⭐️ 특별 혜택 링크 https://temu.to/k/glb5f443d8e 을(를) 탭하고 최고 품질의 상품을 초저가로 만나보세요. 🛍 이렇게 파격적인 혜택은 오직 Temu에서만 제공됩니다. 지금 쇼핑하고 큰 할인을 받으세요! ⭐️ 당신을 위한 또 다른 놀라움! 저와 함께 수익을 얻으시려면 https://temu.to/k/g7a19moq5z4 을 클릭하세요! 감사합니다.",99,"['포스팅', '쿠팡', '파트너스', '활동', '일환', '따르', '일정액', '수수료', '제공', '경남', '제약', '콜라겐', '플러스', '가격', '링크', '종근당', '건강', '프로', '메가', '오메가', '트리플', '가격', '링크', '트리', '데이', '프리미엄', '비타민', '가격', '링크', '트리', '데이', '프리미엄', '밀크', '골드', '가격', '링크', '코큐텐', '혈압', '건강', '대웅제약', '코엔자임', '가격', '링크', '자연', '품격', '건강', '밀크', '가격', '링크', '일양약품', '프라임', '칼슘', '마그네슘', '비타민', '아연', '가격', '링크', '건강', '밀크', '가격', '링크', '락토핏', '코어', '유산균', '가격', '링크', '지속', '마그네슘', '칼륨', '함유', '심혈관', '건강', '근육', '기능', '지원', '혈압', '조절', '에너지', '대사', '촉진', '시간', '서방', '캡슐', '글루텐', '가격', '링크', '특별', '혜택', '링크', '최고', '품질', '상품', '저가', '만나', '이렇', '파격', '혜택', '제공', '쇼핑', '할인', '당신', '위하', '놀랍', '수익', '클릭', '감사']",긍정,긍정
"이 포스팅은 쿠팡파트너스 활동의 일환으로, 이에 따른 일정액의 수수료를 제공받습니다. https://link.coupang.com/a/cZqa2J 1위 : BH코리아 다용도 접이식 식품 건조망 (생선건조,야채건조,나물건조,고추건조) BH KOREA, 1개, 3단, 화이트 가격 : 11,500원 링크 : https://link.coupang.com/a/cZqa2J 2위 : 판클 EPA DPA 중성지방 다이어트 오메가3 지방산 30일분 가격 : 16,300원 링크 : https://link.coupang.com/a/cZqa2K 3위 : 뉴트리디데이 프리미엄 밀크씨슬 골드 가격 : 12,900원 링크 : https://link.coupang.com/a/cZqa2L 4위 : GNM 건강한 간 밀크씨슬 가격 : 21,490원 링크 : https://link.coupang.com/a/cZqa2M 5위 : 종근당건강 프로메가 오메가3 트리플 장용성 가격 : 10,590원 링크 : https://link.coupang.com/a/cZqa2N 6위 : BH코리아 다용도 접이식 식품 건조망 (생선건조,야채건조,나물건조,고추건조) BH KOREA, 1개, 2단, 화이트 가격 : 10,500원 링크 : https://link.coupang.com/a/cZqa2P 7위 : 일양약품 프라임 칼슘 마그네슘 비타민D 아연 가격 : 10,840원 링크 : https://link.coupang.com/a/cZqa2R 8위 : 뉴트리디데이 프리미엄 비타민D 5000IU 27g 가격 : 22,900원 링크 : https://link.coupang.com/a/cZqa2S 9위 : 홈프로 매쉬 다용도 야채 보관망 양파 마늘 건조망 장바구니 1 | 1, 2개, 그린 가격 : 7,960원 링크 : https://link.coupang.com/a/cZqa2T 10위 : 홀리데이즈 프리미엄 콜라겐 타블렛 가격 : 9,900원 링크 : https://link.coupang.com/a/cZqa2U ⭐️ 특별 혜택 링크 https://temu.to/k/glb5f443d8e 을(를) 탭하고 최고 품질의 상품을 초저가로 만나보세요. 🛍 이렇게 파격적인 혜택은 오직 Temu에서만 제공됩니다. 지금 쇼핑하고 큰 할인을 받으세요! ⭐️ 당신을 위한 또 다른 놀라움! 저와 함께 수익을 얻으시려면 https://temu.to/k/g7a19moq5z4 을 클릭하세요! 감사합니다.",100,"['포스팅', '쿠팡', '파트너스', '활동', '일환', '따르', '일정액', '수수료', '제공', '코리아', '다용도', '접이식', '식품', '건조', '생선', '건조', '야채', '건조', '나물', '건조', '고추', '건조', '화이트', '가격', '링크', '중성', '지방', '다이어트', '오메가', '지방산', '가격', '링크', '트리', '데이', '프리미엄', '밀크', '골드', '가격', '링크', '건강', '밀크', '가격', '링크', '종근당', '건강', '프로', '메가', '오메가', '트리플', '장용', '가격', '링크', '코리아', '다용도', '접이식', '식품', '건조', '생선', '건조', '야채', '건조', '나물', '건조', '고추', '건조', '화이트', '가격', '링크', '일양약품', '프라임', '칼슘', '마그네슘', '비타민', '아연', '가격', '링크', '트리', '데이', '프리미엄', '비타민', '가격', '링크', '프로', '매쉬', '다용도', '야채', '보관', '마늘', '건조', '바구니', '그린', '가격', '링크', '홀리데이', '프리미엄', '콜라겐', '가격', '링크', '특별', '혜택', '링크', '최고', '품질', '상품', '저가', '만나', '이렇', '파격', '혜택', '제공', '쇼핑', '할인', '당신', '위하', '놀랍', '수익', '클릭', '감사']",긍정,긍정
"이 포스팅은 쿠팡파트너스 활동의 일환으로, 이에 따른 일정액의 수수료를 제공받습니다. https://link.coupang.com/a/cZqceb 1위 : 허브앤리빙 홈 디퓨저 가격 : 19,800원 링크 : https://link.coupang.com/a/cZqceb 2위 : 포트메리온 보타닉가든 라자냐 접시 가격 : 20,200원 링크 : https://link.coupang.com/a/cZqcec 3위 : 셀렉스 프로틴 오리지널 가격 : 24,900원 링크 : https://link.coupang.com/a/cZqced 4위 : 맛있는우유GT 소화 잘되는 배안아픈 우유 진짜 고소한 락토프리 가격 : 18,110원 링크 : https://link.coupang.com/a/cZqcee 5위 : 코멧 다용도 실속 키친타월 가격 : 11,990원 링크 : https://link.coupang.com/a/cZqcef 6위 : 피죤 건조기용 시그니처 시트 섬유유연제 미스틱레인 본품 가격 : 12,240원 링크 : https://link.coupang.com/a/cZqceg 7위 : 뉴발란스 플래시 런닝화 가격 : 68,730원 링크 : https://link.coupang.com/a/cZqceh 8위 : 스너글 실내건조 섬유유연제 멜로우 선샤인 본품 가격 : 11,390원 링크 : https://link.coupang.com/a/cZqcei 9위 : 파르페by알레르망 국내 제조 알러지케어 페이드 다운필 차렵이불 세트 가격 : 116,900원 링크 : https://link.coupang.com/a/cZqcek 10위 : 보노하우스 국내 제조 라탄플러스 우드상판 서랍장 가격 : 76,900원 링크 : https://link.coupang.com/a/cZqcel ⭐️ 특별 혜택 링크 https://temu.to/k/glb5f443d8e 을(를) 탭하고 최고 품질의 상품을 초저가로 만나보세요. 🛍 이렇게 파격적인 혜택은 오직 Temu에서만 제공됩니다. 지금 쇼핑하고 큰 할인을 받으세요! ⭐️ 당신을 위한 또 다른 놀라움! 저와 함께 수익을 얻으시려면 https://temu.to/k/g7a19moq5z4 을 클릭하세요! 감사합니다.",102,"['포스팅', '쿠팡', '파트너스', '활동', '일환', '따르', '일정액', '수수료', '제공', '허브', '리빙', '디퓨저', '가격', '링크', '포트', '메리', '보타닉', '라자냐', '접시', '가격', '링크', '렉스', '프로', '오리지널', '가격', '링크', '맛있', '우유', '소화', '아프', '우유', '고소하', '프리', '가격', '링크', '코멧', '다용도', '키친타월', '가격', '링크', '피죤', '건조기', '시그니처', '시트', '섬유', '유연제', '미스틱', '가격', '링크', '뉴발란스', '플래시', '런닝', '가격', '링크', '스너글', '실내', '건조', '섬유', '유연제', '로우', '샤인', '가격', '링크', '파르페', '국내', '제조', '알러지', '케어', '페이드', '다운', '차렵이불', '세트', '가격', '링크', '보노', '하우스', '국내', '제조', '플러스', '우드', '상판', '서랍', '가격', '링크', '특별', '혜택', '링크', '최고', '품질', '상품', '저가', '만나', '이렇', '파격', '혜택', '제공', '쇼핑', '할인', '당신', '위하', '놀랍', '수익', '클릭', '감사']",긍정,긍정
"이 포스팅은 쿠팡파트너스 활동의 일환으로, 이에 따른 일정액의 수수료를 제공받습니다. https://link.coupang.com/a/cUoGXg 1위 : 네추럴라이즈 콜라겐에 쏙빠지다 가격 : 12,600원 링크 : https://link.coupang.com/a/cUoGXg 2위 : 경남제약 결콜라겐 플러스 가격 : 13,950원 링크 : https://link.coupang.com/a/cUoGXh 3위 : 결콜라겐 경남제약 가격 : 14,740원 링크 : https://link.coupang.com/a/cUoGXi 4위 : 미즈온 이너스빗 프리미엄 식물성 비건 먹는 콜라겐 젤리스틱 3300mg 14포, 2박스, 280g 가격 : 49,400원 링크 : https://link.coupang.com/a/cUoGXk 5위 : 경남제약 결콜라겐 플러스 가격 : 25,680원 링크 : https://link.coupang.com/a/cUoGXl 6위 : 인생한방 콜라겐 4000 프랑스산 저분자 어린 피쉬콜라겐 비오틴 플러스, 140g, 1개 가격 : 29,900원 링크 : https://link.coupang.com/a/cUoGXn 7위 : 경남제약 결콜라겐 플러스 가격 : 14,250원 링크 : https://link.coupang.com/a/cUoGXq 8위 : 결콜라겐 경남제약 가격 : 15,890원 링크 : https://link.coupang.com/a/cUoGXr 9위 : 결콜라겐 경남제약 가격 : 28,800원 링크 : https://link.coupang.com/a/cUoGXt 10위 : 하나마이 본사직영 저분자 피쉬 콜라겐 100% 대용량 3세트(인도네시아산 원료사용), 100g, 3개 가격 : 56,600원 링크 : https://link.coupang.com/a/cUoGXv ⭐️ 특별 혜택 링크 https://temu.to/k/glb5f443d8e 을(를) 탭하고 최고 품질의 상품을 초저가로 만나보세요. 🛍 이렇게 파격적인 혜택은 오직 Temu에서만 제공됩니다. 지금 쇼핑하고 큰 할인을 받으세요! ⭐️ 당신을 위한 또 다른 놀라움! 저와 함께 수익을 얻으시려면 https://temu.to/k/g7a19moq5z4 을 클릭하세요! 감사합니다.",103,"['포스팅', '쿠팡', '파트너스', '활동', '일환', '따르', '일정액', '수수료', '제공', '네추럴라이즈', '콜라겐', '빠지', '가격', '링크', '경남', '제약', '콜라겐', '플러스', '가격', '링크', '콜라겐', '경남', '제약', '가격', '링크', '미즈온', '이너스빗', '프리미엄', '식물', '콜라겐', '젤리', '스틱', '박스', '가격', '링크', '경남', '제약', '콜라겐', '플러스', '가격', '링크', '인생', '콜라겐', '프랑스', '저분자', '어리', '피쉬', '콜라겐', '비오티', '플러스', '가격', '링크', '경남', '제약', '콜라겐', '플러스', '가격', '링크', '콜라겐', '경남', '제약', '가격', '링크', '콜라겐', '경남', '제약', '가격', '링크', '본사', '직영', '저분자', '피쉬', '콜라겐', '용량', '세트', '인도네시아', '원료', '사용', '가격', '링크', '특별', '혜택', '링크', '최고', '품질', '상품', '저가', '만나', '이렇', '파격', '혜택', '제공', '쇼핑', '할인', '당신', '위하', '놀랍', '수익', '클릭', '감사']",긍정,긍정
"변비는 단순히 변이 안나오는게 아니라 신체에 각족 문제를 일으키기 때문에 꼭 해결해야 하는 문제입니다. 다이소에서 저렴한 가격으로 변비 해결 해보시길 추천드립니다. ▶더 높은 용량 마그네슘, 통 추천 제품 https://iherb.co/fhTidLgL (1알 420mg 다이소 보다 고용량) ▶다이소 대웅제약 마그네슘 (다이소에서 3천원에 판매중. 동일제품이니 다이소 못가시는 경우만) https://link.coupang.com/a/dYWZ52 (다이소는 3천원인데 30정 2통 - 11690원) ▶영양제에 대한 질문 있으시면 아래 밴드에 남겨주세요. 제가 일일이 확인 후 답 드립니다. https://www.band.us/band/98645344 ▶영양제 할인 소식을 놓치고 싶지 않다면 아래 카카오톡 채널을 추가해두세요. 공구 시 알려드려요. http://pf.kakao.com/_NRixnxj",104,"['변비', '나오', '아니', '신체', '문제', '일으키', '때문', '해결', '문제', '다이소', '저렴하', '가격', '변비', '해결', '추천', '드리', '용량', '마그네슘', '추천', '제품', '다이소', '용량', '다이소', '대웅제약', '마그네슘', '다이소', '판매', '동일', '제품', '다이소', '경우', '다이소', '영양제', '대하', '질문', '아래', '밴드', '남기', '확인', '드리', '영양제', '할인', '소식', '놓치', '아래', '카카오톡', '채널', '추가', '알리', '드리']",긍정,긍정
역시 울 양과자님.. 행복하고 미소가 지어지는 명절 보내세요~~,104,"['양과자', '행복', '미소', '명절', '보내']",긍정,긍정
아~ 너무 감사합니다. 오늘 첨 알았어요 다이소에 이런 약품이 있는줄도 몰랐거든요. ㅎ 좋습니다.!!!,104,"['감사', '다이소', '약품', '모르']",긍정,긍정
섭취율 4% 12g으로 효과가 있다니 놀랍네요!,104,"['섭취', '효과', '놀랍']",긍정,긍정
다이소 변비템 추천해주신걸로 먹어봐야겠어요 유산균은 그닥이여서 지금 좋은습관 초산균 먹고있거든영 장 리듬 잡기가 은근 어려워ㅓ요 ㅜㅜ,104,"['다이소', '변비템', '추천', '유산균', '습관', '초산', '리듬', '은근', '어렵']",긍정,긍정
단식만 하면 극심한 변비가 생겼는데.. 좋은 정보 감사합니다,104,"['단식', '변비', '생기', '정보', '감사']",긍정,긍정
바로 본론에 들어가니 무조건 구독합니다,104,"['본론', '들어가', '구독']",중립,긍정
군소리없이설며해주셔잘들었읍니다구독꾹했읍니다,104,"['군소리', '구독']",중립,긍정
좋은정보네요❤❤❤❤❤,104,['정보'],중립,긍정
마그밀이네! 약국에서 마그밀사려면 양이 너무 많았는데 다이소가서 소량씩 사야겠다!,104,"['약국', '다이소', '소량']",중립,긍정
정보 감사 해요,104,"['정보', '감사']",긍정,긍정
"저요 👋 효과 본 1인입니다! 모태 변비자라고 할 정도여서, 오랫만에 만나는 친척들이 변비 고쳤냐라고 인사를 할 정도였어요. 그러던중 저는 다이소 마그네슘을 먹기 시작한 이유가 수면 때문이였는데, 아니 아침마다 꼬박꼬박 , 게다가 변의가 없어도 그냥 가면 5분안에 쾌변합니다. 지금 5달째 유지되고 있어요.ㅋㅋ 의도하진 않았지만 의외의 효과에 저는 대만족이예요👍",104,"['효과', '모태', '변비', '정도', '오랫만', '만나', '친척', '변비', '고치', '인사', '정도', '그러', '다이소', '마그네슘', '시작', '이유', '수면', '때문', '아침', '쾌변', '유지', '의도', '의외', '효과', '만족']",긍정,긍정
고압고 사랑합니다.,104,"['고압', '사랑']",중립,긍정
멋집니다 ❤❤❤,104,['멋지'],중립,긍정
신선한 방송 고맙습니다 이런시원 최고...,104,"['방송', '고맙', '시원', '최고']",긍정,긍정
이 영상 본후 다이소 가서 마그네슘 사다가 복용하였더니 돌덩이 처럼 굳어 용변 볼때마다 고통이었는데 거짓말 처럼 고통이 사라졌어요. 박사님 정말 고맙습니다,104,"['영상', '다이소', '마그네슘', '복용', '돌덩이', '용변', '고통', '거짓말', '고통', '사라지', '박사', '고맙']",중립,긍정
나도 마그네슘 이것저것 많이 먹어봤는데 다이소 마그네슘 복용하고 효과 많이봄,104,"['마그네슘', '이것저것', '다이소', '마그네슘', '복용', '효과']",긍정,긍정
물건은 본듯한데 검증안된 보조식품 으로 인지하여 거들떠 보지도 못하였는데 대웅제약 제품이 있다는 것에 놀랍군요 좋은정보 고맙습니다,104,"['물건', '검증', '보조', '식품', '인지', '거들뜨', '대웅제약', '제품', '놀랍', '정보', '고맙']",중립,긍정
너무 효과적이네요. 유용한 정보 감사합니다.😊,104,"['효과', '유용', '정보', '감사']",긍정,긍정
감사합니다_()_,104,['감사'],긍정,긍정
저도 이영상보고 변비가 해결되는 과정에 있습니다..(3일정도 좋아지는중) 박사님 감사합니다~~^^,104,"['영상', '변비', '해결', '과정', '정도', '박사', '감사']",긍정,긍정
영상 감사합니다 언제나 행복한날 되세요,104,"['영상', '감사', '행복']",긍정,긍정
"안녕하세요 양과자님 :) 항상 감사한 마음으로 유튜브시청하고 있습니다. 혹시 컨텐츠 계획에 임신시기별로 출산후까지, 임산부에 맞는 영양제도 알려주시면 많이 도움이 될것같아 댓글 남깁나다. 다음 컨텐츠도 기다리고있을게요. 감사합니다-!!",104,"['안녕', '감사', '마음', '유튜브', '시청', '컨텐츠', '계획', '임신', '시기', '출산', '임산부', '영양제', '알리', '도움', '댓글', '다음', '컨텐츠', '기다리', '감사']",긍정,긍정
감사합니다 축복합니다 양과자님 ~~😊❤🎉,104,"['감사', '축복', '양과자']",긍정,긍정
"이 포스팅은 쿠팡파트너스 활동의 일환으로, 이에 따른 일정액의 수수료를 제공받습니다. https://link.coupang.com/a/cVCZy8 1위 : 2080 진지발리스 허벌민트 잇몸치약, 150g, 10개 가격 : 10,670원 링크 : https://link.coupang.com/a/cVCZy8 2위 : 더자리 에코항균 마이크로 이불 겸 패드 스프레드, 믹스핑크라떼 가격 : 13,650원 링크 : https://link.coupang.com/a/cVCZza 3위 : 사운드 차트: 과일 채소, 블루래빗 가격 : 15,500원 링크 : https://link.coupang.com/a/cVCZzb 4위 : 하이피러브 사무용 메쉬 컴퓨터 의자, 베이지 가격 : 43,100원 링크 : https://link.coupang.com/a/cVCZzd 5위 : 락토필듀오 덴마크 유산균 2개월분 60캡슐 국내 최초 여성 질유산균, 60정, 1개 가격 : 36,500원 링크 : https://link.coupang.com/a/cVCZze 6위 : 홈플래닛 E-Marker IC 칩셋 C to C PD 100W 초고속충전 케이블, 2m, 블랙, 2개 가격 : 7,790원 링크 : https://link.coupang.com/a/cVCZzf 7위 : 젠와이즈 어드밴스드 스트렝스 조인트 서포트 타블렛, 90정, 1개 가격 : 18,860원 링크 : https://link.coupang.com/a/cVCZzg 8위 : 게스 여성용 뉴 와이드 스판 팬츠 사계절용 YO3D0175 가격 : 79,060원 링크 : https://link.coupang.com/a/cVCZzi 9위 : 삼익가구 노블레스 프리미엄 유로탑 9존 독립스프링 매트리스 방문설치, 270mm, 미디엄소프트 가격 : 189,000원 링크 : https://link.coupang.com/a/cVCZzk 10위 : [2025년형]프리티케어 무선 청소기 핸디 청소기 W400 하얀색, White 가격 : 94,130원 링크 : https://link.coupang.com/a/cVCZzl ⭐️ 특별 혜택 링크 https://temu.to/k/glb5f443d8e 을(를) 탭하고 최고 품질의 상품을 초저가로 만나보세요. 🛍 이렇게 파격적인 혜택은 오직 Temu에서만 제공됩니다. 지금 쇼핑하고 큰 할인을 받으세요! ⭐️ 당신을 위한 또 다른 놀라움! 저와 함께 수익을 얻으시려면 https://temu.to/k/g7a19moq5z4 을 클릭하세요! 감사합니다.",105,"['포스팅', '쿠팡', '파트너스', '활동', '일환', '따르', '일정액', '수수료', '제공', '진지', '발리스', '민트', '잇몸', '치약', '가격', '링크', '자리', '에코', '항균', '마이크로', '이불', '패드', '스프레드', '믹스', '핑크', '라떼', '가격', '링크', '사운드', '차트', '과일', '채소', '블루', '래빗', '가격', '링크', '하이', '러브', '사무', '메쉬', '컴퓨터', '의자', '베이지', '가격', '링크', '락토필듀오', '덴마크', '유산균', '개월', '캡슐', '국내', '최초', '여성', '유산균', '가격', '링크', '홈플래닛', '칩셋', '고속', '충전', '케이블', '블랙', '가격', '링크', '이즈', '어드밴스드', '스트렝스', '조인트', '서포트', '가격', '링크', '게스', '여성', '와이드', '스파', '팬츠', '사계절', '가격', '링크', '삼익가구', '노블레스', '프리미엄', '유로', '독립', '스프링', '매트리스', '방문', '설치', '미디엄', '소프트', '가격', '링크', '프리', '케어', '무선', '청소기', '핸디', '청소기', '하얀색', '가격', '링크', '특별', '혜택', '링크', '최고', '품질', '상품', '저가', '만나', '이렇', '파격', '혜택', '제공', '쇼핑', '할인', '당신', '위하', '놀랍', '수익', '클릭', '감사']",긍정,긍정
요즘 관절 걱정으로 인해 고민이 많았는데 현재는 스트레칭과 함께 찜질을 자주 해주며 콘드글리칸도 챙기고 있어요,106,"['요즘', '관절', '걱정', '인하', '고민', '현재', '스트레칭', '찜질', '글리', '챙기']",긍정,긍정
"이 포스팅은 쿠팡파트너스 활동의 일환으로, 이에 따른 일정액의 수수료를 제공받습니다. https://link.coupang.com/a/cZAzLw 1위 : [세계필터] 미니 건조기필터 19매, 1개 가격 : 14,900원 링크 : https://link.coupang.com/a/cZAzLw 2위 : 판클 EPA DPA 중성지방 다이어트 오메가3 지방산 30일분 가격 : 16,300원 링크 : https://link.coupang.com/a/cZAzLz 3위 : 뉴트리디데이 프리미엄 밀크씨슬 골드 가격 : 12,900원 링크 : https://link.coupang.com/a/cZAzLC 4위 : BH코리아 다용도 접이식 식품 건조망 (생선건조,야채건조,나물건조,고추건조) BH KOREA, 1개, 3단, 화이트 가격 : 11,500원 링크 : https://link.coupang.com/a/cZAzLF 5위 : 일양약품 프라임 칼슘 마그네슘 비타민D 아연 가격 : 10,920원 링크 : https://link.coupang.com/a/cZAzLK 6위 : 종근당건강 프로메가 오메가3 트리플 장용성 가격 : 10,590원 링크 : https://link.coupang.com/a/cZAzLM 7위 : BH코리아 다용도 접이식 식품 건조망 (생선건조,야채건조,나물건조,고추건조) BH KOREA, 1개, 2단, 화이트 가격 : 10,500원 링크 : https://link.coupang.com/a/cZAzLQ 8위 : 홀리데이즈 프리미엄 콜라겐 타블렛 가격 : 9,900원 링크 : https://link.coupang.com/a/cZAzLV 9위 : GNM 건강한 간 밀크씨슬 가격 : 21,490원 링크 : https://link.coupang.com/a/cZAzLW 10위 : 뉴트리디데이 프리미엄 비타민D 5000IU 27g 가격 : 22,900원 링크 : https://link.coupang.com/a/cZAzLX ⭐️ 특별 혜택 링크 https://temu.to/k/glb5f443d8e 을(를) 탭하고 최고 품질의 상품을 초저가로 만나보세요. 🛍 이렇게 파격적인 혜택은 오직 Temu에서만 제공됩니다. 지금 쇼핑하고 큰 할인을 받으세요! ⭐️ 당신을 위한 또 다른 놀라움! 저와 함께 수익을 얻으시려면 https://temu.to/k/g7a19moq5z4 을 클릭하세요! 감사합니다.",108,"['포스팅', '쿠팡', '파트너스', '활동', '일환', '따르', '일정액', '수수료', '제공', '세계', '필터', '미니', '건조기', '필터', '가격', '링크', '판클', '중성', '지방', '다이어트', '오메가', '지방산', '가격', '링크', '트리', '데이', '프리미엄', '밀크', '골드', '가격', '링크', '코리아', '다용도', '접이식', '식품', '건조', '생선', '건조', '야채', '건조', '나물', '건조', '고추', '건조', '화이트', '가격', '링크', '일양약품', '프라임', '칼슘', '마그네슘', '비타민', '아연', '가격', '링크', '종근당', '건강', '프로', '메가', '오메가', '트리플', '장용', '가격', '링크', '코리아', '다용도', '접이식', '식품', '건조', '생선', '건조', '야채', '건조', '나물', '건조', '고추', '건조', '화이트', '가격', '링크', '홀리데이', '프리미엄', '콜라겐', '가격', '링크', '건강', '밀크', '가격', '링크', '트리', '데이', '프리미엄', '비타민', '가격', '링크', '특별', '혜택', '링크', '최고', '품질', '상품', '저가', '만나', '이렇', '파격', '혜택', '제공', '쇼핑', '할인', '당신', '위하', '놀랍', '수익', '클릭', '감사']",긍정,긍정
"이 포스팅은 쿠팡파트너스 활동의 일환으로, 이에 따른 일정액의 수수료를 제공받습니다. https://link.coupang.com/a/cWOAZT 1위 : [국민건강 프로젝트] 대웅제약 마그네슘 에너지케어 가격 : 19,900원 링크 : https://link.coupang.com/a/cWOAZT 2위 : [세계필터] 미니 건조기필터 19매, 1개 가격 : 14,900원 링크 : https://link.coupang.com/a/cWOAZU 3위 : [국민건강 프로젝트] 대웅제약 프로바이오틱스 유산균 가격 : 19,900원 링크 : https://link.coupang.com/a/cWOAZV 4위 : [국민건강 프로젝트] 대웅제약 바나바잎추출물 가격 : 20,000원 링크 : https://link.coupang.com/a/cWOAZW 5위 : 종근당건강 프로메가 오메가3 트리플 장용성 가격 : 10,470원 링크 : https://link.coupang.com/a/cWOAZX 6위 : 그린몬스터 맥스 밀크씨슬 10 3개월분 가격 : 6,900원 링크 : https://link.coupang.com/a/cWOAZY 7위 : [국민건강 프로젝트] 대웅제약 프로바이오틱스 유산균 가격 : 10,000원 링크 : https://link.coupang.com/a/cWOAZ0 8위 : 락토핏 코어 유산균 60p 가격 : 32,200원 링크 : https://link.coupang.com/a/cWOAZ1 9위 : [국민건강 프로젝트] 대웅제약 바나바잎추출물 가격 : 10,000원 링크 : https://link.coupang.com/a/cWOAZ2 10위 : [국민건강 프로젝트] 대웅제약 마그네슘 에너지케어 가격 : 10,000원 링크 : https://link.coupang.com/a/cWOAZ3 ⭐️ 특별 혜택 링크 https://temu.to/k/glb5f443d8e 을(를) 탭하고 최고 품질의 상품을 초저가로 만나보세요. 🛍 이렇게 파격적인 혜택은 오직 Temu에서만 제공됩니다. 지금 쇼핑하고 큰 할인을 받으세요! ⭐️ 당신을 위한 또 다른 놀라움! 저와 함께 수익을 얻으시려면 https://temu.to/k/g7a19moq5z4 을 클릭하세요! 감사합니다.",109,"['포스팅', '쿠팡', '파트너스', '활동', '일환', '따르', '일정액', '수수료', '제공', '국민', '건강', '프로젝트', '대웅제약', '마그네슘', '에너지', '케어', '가격', '링크', '세계', '필터', '미니', '건조기', '필터', '가격', '링크', '국민', '건강', '프로젝트', '대웅제약', '프로바이오틱스', '유산균', '가격', '링크', '국민', '건강', '프로젝트', '대웅제약', '추출물', '가격', '링크', '종근당', '건강', '프로', '메가', '오메가', '트리플', '장용', '가격', '링크', '그린', '몬스터', '맥스', '밀크', '개월', '가격', '링크', '국민', '건강', '프로젝트', '대웅제약', '프로바이오틱스', '유산균', '가격', '링크', '락토핏', '코어', '유산균', '가격', '링크', '국민', '건강', '프로젝트', '대웅제약', '추출물', '가격', '링크', '국민', '건강', '프로젝트', '대웅제약', '마그네슘', '에너지', '케어', '가격', '링크', '특별', '혜택', '링크', '최고', '품질', '상품', '저가', '만나', '이렇', '파격', '혜택', '제공', '쇼핑', '할인', '당신', '위하', '놀랍', '수익', '클릭', '감사']",긍정,긍정
"영상 속 다이소 건기식 콜라겐 구매링크: https://link.coupang.com/a/cUaHdN 이 포스팅은 쿠팡파트너스 활동의 일환으로, 이에 따른 일정액의 수수료를 제공받습니다. 1위 : 경남제약 결콜라겐 플러스 가격 : 25,680원 링크 : https://link.coupang.com/a/cUaHdN 2위 : 결콜라겐 경남제약 가격 : 14,740원 링크 : https://link.coupang.com/a/cUaHdP 3위 : 네추럴라이즈 콜라겐에 쏙빠지다 가격 : 12,600원 링크 : https://link.coupang.com/a/cUaHdS 4위 : 경남제약 결콜라겐 플러스 가격 : 13,950원 링크 : https://link.coupang.com/a/cUaHdT 5위 : 결콜라겐 경남제약 가격 : 15,890원 링크 : https://link.coupang.com/a/cUaHdU 6위 : 결콜라겐 경남제약 가격 : 28,800원 링크 : https://link.coupang.com/a/cUaHdW 7위 : 니아르 퓨어콜라겐 마이크로 베리솔 콜라겐 1,700 X, 2박스, 28정 가격 : 49,800원 링크 : https://link.coupang.com/a/cUaHdY 8위 : 경남제약 결콜라겐 플러스 가격 : 14,250원 링크 : https://link.coupang.com/a/cUaHdZ 9위 : 니아르 퓨어콜라겐 마이크로 베리솔 콜라겐 1,700 X, 3박스, 28정 가격 : 69,900원 링크 : https://link.coupang.com/a/cUaHd1 10위 : 경남제약 결콜라겐 플러스 가격 : 37,170원 링크 : https://link.coupang.com/a/cUaHd3 감사합니다.",110,"['영상', '다이소', '콜라겐', '구매', '링크', '포스팅', '쿠팡', '파트너스', '활동', '일환', '따르', '일정액', '수수료', '제공', '경남', '제약', '콜라겐', '플러스', '가격', '링크', '콜라겐', '경남', '제약', '가격', '링크', '네추럴라이즈', '콜라겐', '빠지', '가격', '링크', '경남', '제약', '콜라겐', '플러스', '가격', '링크', '콜라겐', '경남', '제약', '가격', '링크', '콜라겐', '경남', '제약', '가격', '링크', '니아르', '퓨어', '콜라겐', '마이크로', '베리', '콜라겐', '박스', '가격', '링크', '경남', '제약', '콜라겐', '플러스', '가격', '링크', '니아르', '퓨어', '콜라겐', '마이크로', '베리', '콜라겐', '박스', '가격', '링크', '경남', '제약', '콜라겐', '플러스', '가격', '링크', '감사']",긍정,긍정
"영상 속 다이소 건기식 콜라겐 구매링크: https://link.coupang.com/a/cU7cJr 이 포스팅은 쿠팡파트너스 활동의 일환으로, 이에 따른 일정액의 수수료를 제공받습니다. 1위 : 니아르 퓨어콜라겐 마이크로 베리솔 콜라겐 1,700 X, 1박스, 28정 가격 : 25,900원 링크 : https://link.coupang.com/a/cU7cJr 2위 : 경남제약 결콜라겐 플러스 가격 : 25,680원 링크 : https://link.coupang.com/a/cU7cJs 3위 : 결콜라겐 경남제약 가격 : 14,740원 링크 : https://link.coupang.com/a/cU7cJt 4위 : 경남제약 결콜라겐 플러스 가격 : 13,950원 링크 : https://link.coupang.com/a/cU7cJu 5위 : 결콜라겐 경남제약 가격 : 15,890원 링크 : https://link.coupang.com/a/cU7cJv 6위 : 경남제약 결콜라겐 플러스 가격 : 14,250원 링크 : https://link.coupang.com/a/cU7cJy 7위 : 결콜라겐 경남제약 가격 : 28,800원 링크 : https://link.coupang.com/a/cU7cJz 8위 : 일양약품 데일리 히알루콜라겐 1500, 6개, 14회분 가격 : 43,740원 링크 : https://link.coupang.com/a/cU7cJE 9위 : 니아르 퓨어콜라겐 마이크로 베리솔 콜라겐 1,700 X, 5박스, 28정 가격 : 109,000원 링크 : https://link.coupang.com/a/cU7cJG 10위 : 경남제약 결콜라겐 플러스 가격 : 37,160원 링크 : https://link.coupang.com/a/cU7cJJ 감사합니다.",112,"['영상', '다이소', '콜라겐', '구매', '링크', '포스팅', '쿠팡', '파트너스', '활동', '일환', '따르', '일정액', '수수료', '제공', '니아르', '퓨어', '콜라겐', '마이크로', '베리', '콜라겐', '박스', '가격', '링크', '경남', '제약', '콜라겐', '플러스', '가격', '링크', '콜라겐', '경남', '제약', '가격', '링크', '경남', '제약', '콜라겐', '플러스', '가격', '링크', '콜라겐', '경남', '제약', '가격', '링크', '경남', '제약', '콜라겐', '플러스', '가격', '링크', '콜라겐', '경남', '제약', '가격', '링크', '일양약품', '데일리', '히알루', '콜라겐', '가격', '링크', '니아르', '퓨어', '콜라겐', '마이크로', '베리', '콜라겐', '박스', '가격', '링크', '경남', '제약', '콜라겐', '플러스', '가격', '링크', '감사']",긍정,긍정
"이 포스팅은 쿠팡파트너스 활동의 일환으로, 이에 따른 일정액의 수수료를 제공받습니다. https://link.coupang.com/a/cZ8TsW 1위 : GNM 건강한 간 밀크씨슬 가격 : 21,490원 링크 : https://link.coupang.com/a/cZ8TsW 2위 : 종근당건강 프로메가 오메가3 트리플 가격 : 10,590원 링크 : https://link.coupang.com/a/cZ8TsY 3위 : 락토핏 코어 유산균 60p 가격 : 32,200원 링크 : https://link.coupang.com/a/cZ8TsZ 4위 : 뉴트리디데이 프리미엄 밀크씨슬 골드 가격 : 12,900원 링크 : https://link.coupang.com/a/cZ8Ts0 5위 : 판클 EPA DPA 중성지방 다이어트 오메가3 지방산 30일분 가격 : 16,300원 링크 : https://link.coupang.com/a/cZ8Ts2 6위 : 뉴트리디데이 프리미엄 비타민D 5000IU 27g 가격 : 22,900원 링크 : https://link.coupang.com/a/cZ8Ts5 7위 : 뉴트리디데이 프리미엄 밀크씨슬 골드 가격 : 24,900원 링크 : https://link.coupang.com/a/cZ8Ts7 8위 : 뉴트리하루 실리마린 밀크 시슬 추출물 밀크씨슬 아르기닌 플러스 야관문 글루타치온 가격 : 28,200원 링크 : https://link.coupang.com/a/cZ8Ts8 9위 : 일양약품 프라임 칼슘 마그네슘 비타민D 아연 가격 : 11,100원 링크 : https://link.coupang.com/a/cZ8Ttb 10위 : 홀리데이즈 프리미엄 콜라겐 타블렛 가격 : 9,900원 링크 : https://link.coupang.com/a/cZ8Ttd ⭐️ 특별 혜택 링크 https://temu.to/k/glb5f443d8e 을(를) 탭하고 최고 품질의 상품을 초저가로 만나보세요. 🛍 이렇게 파격적인 혜택은 오직 Temu에서만 제공됩니다. 지금 쇼핑하고 큰 할인을 받으세요! ⭐️ 당신을 위한 또 다른 놀라움! 저와 함께 수익을 얻으시려면 https://temu.to/k/g7a19moq5z4 을 클릭하세요! 감사합니다.",113,"['포스팅', '쿠팡', '파트너스', '활동', '일환', '따르', '일정액', '수수료', '제공', '건강', '밀크', '가격', '링크', '종근당', '건강', '프로', '메가', '오메가', '트리플', '가격', '링크', '락토핏', '코어', '유산균', '가격', '링크', '트리', '데이', '프리미엄', '밀크', '골드', '가격', '링크', '판클', '중성', '지방', '다이어트', '오메가', '지방산', '가격', '링크', '트리', '데이', '프리미엄', '비타민', '가격', '링크', '트리', '데이', '프리미엄', '밀크', '골드', '가격', '링크', '트리', '하루', '밀크', '추출물', '밀크', '아르기닌', '플러스', '관문', '가격', '링크', '일양약품', '프라임', '칼슘', '마그네슘', '비타민', '아연', '가격', '링크', '홀리데이', '프리미엄', '콜라겐', '가격', '링크', '특별', '혜택', '링크', '최고', '품질', '상품', '저가', '만나', '이렇', '파격', '혜택', '제공', '쇼핑', '할인', '당신', '위하', '놀랍', '수익', '클릭', '감사']",긍정,긍정
"이 포스팅은 쿠팡파트너스 활동의 일환으로, 이에 따른 일정액의 수수료를 제공받습니다. https://link.coupang.com/a/cWgJZu 1위 : 홀리데이즈 프리미엄 콜라겐 타블렛 가격 : 9,900원 링크 : https://link.coupang.com/a/cWgJZu 2위 : 캐나다 연어콜라겐 800mg X 60정 김소형원방, 6박스, 360정 가격 : 48,600원 링크 : https://link.coupang.com/a/cWgJZx 3위 : 경남제약 결콜라겐 플러스 가격 : 13,950원 링크 : https://link.coupang.com/a/cWgJZy 4위 : 콜라겐 복합체 - 2500 mg, 노화 방지, 주름 방지, 피부, 모발 및 손톱 건강을 지원하고 면역 건강을 향상시킵니다., 3개, 120정 가격 : 62,700원 링크 : https://link.coupang.com/a/cWgJZz 5위 : 결콜라겐 경남제약 가격 : 14,740원 링크 : https://link.coupang.com/a/cWgJZB 6위 : [웰리너스] 망고찬콜라겐 젤리 피쉬콜라겐 스틱 500Da 저분자, 625g, 2개 가격 : 79,400원 링크 : https://link.coupang.com/a/cWgJZD 7위 : 경남제약 결콜라겐 플러스 가격 : 25,700원 링크 : https://link.coupang.com/a/cWgJZE 8위 : 저분자 콜라겐 석류 젤리 스틱 500달톤, 300g, 4개 가격 : 34,270원 링크 : https://link.coupang.com/a/cWgJZF 9위 : 경남제약 결콜라겐 플러스 가격 : 14,250원 링크 : https://link.coupang.com/a/cWgJZG 10위 : 미즈온 이너스빗 프리미엄 식물성 비건 먹는 콜라겐 젤리스틱 3300mg 14포, 2박스, 280g 가격 : 49,400원 링크 : https://link.coupang.com/a/cWgJZH ⭐️ 특별 혜택 링크 https://temu.to/k/glb5f443d8e 을(를) 탭하고 최고 품질의 상품을 초저가로 만나보세요. 🛍 이렇게 파격적인 혜택은 오직 Temu에서만 제공됩니다. 지금 쇼핑하고 큰 할인을 받으세요! ⭐️ 당신을 위한 또 다른 놀라움! 저와 함께 수익을 얻으시려면 https://temu.to/k/g7a19moq5z4 을 클릭하세요! 감사합니다.",114,"['포스팅', '쿠팡', '파트너스', '활동', '일환', '따르', '일정액', '수수료', '제공', '홀리데이', '프리미엄', '콜라겐', '가격', '링크', '캐나다', '연어', '콜라겐', '김소형', '박스', '가격', '링크', '경남', '제약', '콜라겐', '플러스', '가격', '링크', '콜라겐', '복합체', '노화', '방지', '주름', '방지', '피부', '모발', '손톱', '건강', '지원', '면역', '건강', '향상', '가격', '링크', '콜라겐', '경남', '제약', '가격', '링크', '웰리너스', '망고', '콜라겐', '젤리', '피쉬', '콜라겐', '스틱', '저분자', '가격', '링크', '경남', '제약', '콜라겐', '플러스', '가격', '링크', '저분자', '콜라겐', '석류', '젤리', '스틱', '가격', '링크', '경남', '제약', '콜라겐', '플러스', '가격', '링크', '미즈온', '이너스빗', '프리미엄', '식물', '콜라겐', '젤리', '스틱', '박스', '가격', '링크', '특별', '혜택', '링크', '최고', '품질', '상품', '저가', '만나', '이렇', '파격', '혜택', '제공', '쇼핑', '할인', '당신', '위하', '놀랍', '수익', '클릭', '감사']",긍정,긍정
"이 포스팅은 쿠팡파트너스 활동의 일환으로, 이에 따른 일정액의 수수료를 제공받습니다. https://link.coupang.com/a/cVC4PA 1위 : 홀리데이즈 프리미엄 콜라겐 타블렛 가격 : 9,900원 링크 : https://link.coupang.com/a/cVC4PA 2위 : 순수 해양 콜라겐 100% 해양 콜라겐 1형 1470mg - 가수분해 콜라겐 Pe, 1개, 60정 가격 : 17,560원 링크 : https://link.coupang.com/a/cVC4PB 3위 : 경남제약 결콜라겐 플러스 가격 : 13,950원 링크 : https://link.coupang.com/a/cVC4PC 4위 : 콜라겐 복합체 - 2500 mg, 노화 방지, 주름 방지, 피부, 모발 및 손톱 건강을 지원하고 면역 건강을 향상시킵니다., 3개, 120정 가격 : 62,700원 링크 : https://link.coupang.com/a/cVC4PD 5위 : 결콜라겐 경남제약 가격 : 14,740원 링크 : https://link.coupang.com/a/cVC4PF 6위 : 인생한방 콜라겐 4000 프랑스산 저분자 어린 피쉬콜라겐 비오틴 플러스, 140g, 1개 가격 : 29,900원 링크 : https://link.coupang.com/a/cVC4PH 7위 : 경남제약 결콜라겐 플러스 가격 : 25,680원 링크 : https://link.coupang.com/a/cVC4PJ 8위 : 건강세상 일본 하나마이 피쉬콜라겐(대용량) 100g 피부미용 식품 미용 피부 보, 100g, 1개 가격 : 20,800원 링크 : https://link.coupang.com/a/cVC4PL 9위 : 경남제약 결콜라겐 플러스 가격 : 14,250원 링크 : https://link.coupang.com/a/cVC4PN 10위 : 하나마이 본사직영 저분자 피쉬 콜라겐 100% 대용량 3세트(인도네시아산 원료사용), 100g, 3개 가격 : 56,600원 링크 : https://link.coupang.com/a/cVC4PO ⭐️ 특별 혜택 링크 https://temu.to/k/glb5f443d8e 을(를) 탭하고 최고 품질의 상품을 초저가로 만나보세요. 🛍 이렇게 파격적인 혜택은 오직 Temu에서만 제공됩니다. 지금 쇼핑하고 큰 할인을 받으세요! ⭐️ 당신을 위한 또 다른 놀라움! 저와 함께 수익을 얻으시려면 https://temu.to/k/g7a19moq5z4 을 클릭하세요! 감사합니다.",115,"['포스팅', '쿠팡', '파트너스', '활동', '일환', '따르', '일정액', '수수료', '제공', '홀리데이', '프리미엄', '콜라겐', '가격', '링크', '순수', '해양', '콜라겐', '해양', '콜라겐', '가수', '분해', '콜라겐', '가격', '링크', '경남', '제약', '콜라겐', '플러스', '가격', '링크', '콜라겐', '복합체', '노화', '방지', '주름', '방지', '피부', '모발', '손톱', '건강', '지원', '면역', '건강', '향상', '가격', '링크', '콜라겐', '경남', '제약', '가격', '링크', '인생', '콜라겐', '프랑스', '저분자', '어리', '피쉬', '콜라겐', '비오티', '플러스', '가격', '링크', '경남', '제약', '콜라겐', '플러스', '가격', '링크', '건강', '세상', '일본', '피쉬', '콜라겐', '용량', '피부', '미용', '식품', '미용', '피부', '가격', '링크', '경남', '제약', '콜라겐', '플러스', '가격', '링크', '본사', '직영', '저분자', '피쉬', '콜라겐', '용량', '세트', '인도네시아', '원료', '사용', '가격', '링크', '특별', '혜택', '링크', '최고', '품질', '상품', '저가', '만나', '이렇', '파격', '혜택', '제공', '쇼핑', '할인', '당신', '위하', '놀랍', '수익', '클릭', '감사']",긍정,긍정
"이 포스팅은 쿠팡파트너스 활동의 일환으로, 이에 따른 일정액의 수수료를 제공받습니다. https://link.coupang.com/a/cXJngS 1위 : [국민건강 프로젝트] 대웅제약 마그네슘 에너지케어 가격 : 19,900원 링크 : https://link.coupang.com/a/cXJngS 2위 : ON US 식품 건조기 고추 야채 소형 과일 가정용 업소용 가격 : 139,000원 링크 : https://link.coupang.com/a/cXJngT 3위 : [국민건강 프로젝트] 대웅제약 바나바잎추출물 가격 : 20,000원 링크 : https://link.coupang.com/a/cXJngV 4위 : BH코리아 다용도 접이식 식품 건조망 (생선건조,야채건조,나물건조,고추건조) BH KOREA, 1개, 1단, 화이트 가격 : 9,500원 링크 : https://link.coupang.com/a/cXJngW 5위 : [국민건강 프로젝트] 대웅제약 프로바이오틱스 유산균 가격 : 19,900원 링크 : https://link.coupang.com/a/cXJngX 6위 : BH코리아 다용도 접이식 식품 건조망 (생선건조,야채건조,나물건조,고추건조) BH KOREA, 1개, 3단, 화이트 가격 : 11,500원 링크 : https://link.coupang.com/a/cXJngZ 7위 : [국민건강 프로젝트] 대웅제약 바나바잎추출물 가격 : 10,000원 링크 : https://link.coupang.com/a/cXJng1 8위 : 유니스 고급형 다용도 접이식 생선 건조망, 1개, 3단, 화이트 가격 : 12,100원 링크 : https://link.coupang.com/a/cXJng4 9위 : [국민건강 프로젝트] 대웅제약 프로바이오틱스 유산균 가격 : 10,000원 링크 : https://link.coupang.com/a/cXJng6 10위 : 그린몬스터 맥스 밀크씨슬 10 3개월분 가격 : 6,900원 링크 : https://link.coupang.com/a/cXJng7 ⭐️ 특별 혜택 링크 https://temu.to/k/glb5f443d8e 을(를) 탭하고 최고 품질의 상품을 초저가로 만나보세요. 🛍 이렇게 파격적인 혜택은 오직 Temu에서만 제공됩니다. 지금 쇼핑하고 큰 할인을 받으세요! ⭐️ 당신을 위한 또 다른 놀라움! 저와 함께 수익을 얻으시려면 https://temu.to/k/g7a19moq5z4 을 클릭하세요! 감사합니다.",119,"['포스팅', '쿠팡', '파트너스', '활동', '일환', '따르', '일정액', '수수료', '제공', '국민', '건강', '프로젝트', '대웅제약', '마그네슘', '에너지', '케어', '가격', '링크', '식품', '건조기', '고추', '야채', '소형', '과일', '가정', '업소', '가격', '링크', '국민', '건강', '프로젝트', '대웅제약', '추출물', '가격', '링크', '코리아', '다용도', '접이식', '식품', '건조', '생선', '건조', '야채', '건조', '나물', '건조', '고추', '건조', '화이트', '가격', '링크', '국민', '건강', '프로젝트', '대웅제약', '프로바이오틱스', '유산균', '가격', '링크', '코리아', '다용도', '접이식', '식품', '건조', '생선', '건조', '야채', '건조', '나물', '건조', '고추', '건조', '화이트', '가격', '링크', '국민', '건강', '프로젝트', '대웅제약', '추출물', '가격', '링크', '유니스', '고급', '다용도', '접이식', '생선', '건조', '화이트', '가격', '링크', '국민', '건강', '프로젝트', '대웅제약', '프로바이오틱스', '유산균', '가격', '링크', '그린', '몬스터', '맥스', '밀크', '개월', '가격', '링크', '특별', '혜택', '링크', '최고', '품질', '상품', '저가', '만나', '이렇', '파격', '혜택', '제공', '쇼핑', '할인', '당신', '위하', '놀랍', '수익', '클릭', '감사']",긍정,긍정
좋은정보 감사합니다 😊,120,"['정보', '감사']",긍정,긍정
"영상 속 다이소 건기식 매장 위치 구매링크: https://link.coupang.com/a/cUGfwm 이 포스팅은 쿠팡파트너스 활동의 일환으로, 이에 따른 일정액의 수수료를 제공받습니다. 1위 : 스탠리 퀜처 H2.0 플루티드 텀블러, 건메탈 샤인, 1.18L, 1개 가격 : 49,400원 링크 : https://link.coupang.com/a/cUGfwm 2위 : 헬시오리진스 내추럴 프로바이오틱 유산균 300억 CFU 브이캡, 60정, 4개 가격 : 62,870원 링크 : https://link.coupang.com/a/cUGfwn 3위 : 닥터조이 강아지 명태슬라이스 간식, 유산균, 80g, 2개 가격 : 6,370원 링크 : https://link.coupang.com/a/cUGfwo 4위 : 나우푸드 글루타티온 500mg 베지 캡슐, 1개, 120정 가격 : 36,900원 링크 : https://link.coupang.com/a/cUGfwp 5위 : 하이피러브 입시 공부 독서 수납 선번형 컴퓨터 책상, 화이트1200 가격 : 65,400원 링크 : https://link.coupang.com/a/cUGfwq 6위 : 비에스엔 신타-6 프로틴 파우더 드링크 믹스 단백질 보충제, 2.27kg, 1개 가격 : 65,790원 링크 : https://link.coupang.com/a/cUGfwr 7위 : 락앤락 하드앤라이트 프라이팬, 28cm, 1개 가격 : 16,290원 링크 : https://link.coupang.com/a/cUGfws 8위 : 오트리 고메넛츠, 750g, 1개 가격 : 33,900원 링크 : https://link.coupang.com/a/cUGfwu 9위 : 유니레버 썬 식기세척기용 타블렛 세제 베이킹소다 앤 소금 50개입, 500g, 1개 가격 : 6,990원 링크 : https://link.coupang.com/a/cUGfwv 10위 : 스카트 잘 닦이는 살균 소독 티슈, 4개 가격 : 7,670원 링크 : https://link.coupang.com/a/cUGfww 감사합니다.",121,"['영상', '다이소', '매장', '위치', '구매', '링크', '포스팅', '쿠팡', '파트너스', '활동', '일환', '따르', '일정액', '수수료', '제공', '스탠리', '퀜처', '플루', '텀블러', '메탈', '샤인', '가격', '링크', '헬시오리진스', '내추럴', '프로바이오틱', '유산균', '브이', '가격', '링크', '닥터', '강아지', '명태', '슬라이스', '간식', '유산균', '가격', '링크', '나우', '푸드', '베지', '캡슐', '가격', '링크', '하이', '러브', '입시', '공부', '독서', '수납', '컴퓨터', '책상', '화이트', '가격', '링크', '에스', '프로', '파우더', '드링크', '믹스', '단백질', '보충', '가격', '링크', '락앤락', '하드', '라이트', '프라이', '가격', '링크', '오트리', '고메넛츠', '가격', '링크', '유니레버', '식기', '세척기', '세제', '베이킹', '소다', '소금', '개입', '가격', '링크', '스카트', '닦이', '살균', '소독', '티슈', '가격', '링크', '감사']",긍정,긍정
"이 포스팅은 쿠팡파트너스 활동의 일환으로, 이에 따른 일정액의 수수료를 제공받습니다. https://link.coupang.com/a/c8ZGlm 1위 : [녹차카테킨 다이어트] 대웅제약 녹차 추출물 카테킨 체지방컷 비타민C 판토텐산 가격 : 20,000원 링크 : https://link.coupang.com/a/c8ZGlm 2위 : 굿프렌즈 다용도 건조기(고추건조기,농수산품, 식품건조기) 가격 : 2,300,000원 링크 : https://link.coupang.com/a/c8ZGlp 3위 : [바나바잎 혈당관리] 대웅제약 바나바잎추출물 가격 : 10,000원 링크 : https://link.coupang.com/a/c8ZGlr 4위 : 건일 식품 야채 과일 소형 고추 건조기 가격 : 2,150,000원 링크 : https://link.coupang.com/a/c8ZGlv 5위 : [녹차카테킨 다이어트] 대웅제약 녹차 추출물 카테킨 체지방컷 비타민C 판토텐산 가격 : 10,000원 링크 : https://link.coupang.com/a/c8ZGlx 6위 : 자연그대로 식품 건조기 최대 200도까지 고온식품건조 회전형 다목적 농산물 건조 고효율 가격 : 1,507,000원 링크 : https://link.coupang.com/a/c8ZGly 7위 : [바나바잎 혈당관리] 대웅제약 바나바잎추출물 가격 : 20,000원 링크 : https://link.coupang.com/a/c8ZGlB 8위 : BINEL 식품건조기고추말리기 야채 음식 농산물 과일, 40층 약 60.0kg A 가격 : 1,187,800원 링크 : https://link.coupang.com/a/c8ZGlE 9위 : FANCL 판클 3종 등푸른생선 DHA×EPA×DPA 30일분 가격 : 21,100원 링크 : https://link.coupang.com/a/c8ZGlF 10위 : 농업,가정용 농산물 식품 고추건조기 KE-010 10채반, 건조량 약40Kg 소형 가격 : 745,000원 링크 : https://link.coupang.com/a/c8ZGlH ⭐️ 특별 혜택 링크 https://temu.to/k/glb5f443d8e 을(를) 탭하고 최고 품질의 상품을 초저가로 만나보세요. 🛍 이렇게 파격적인 혜택은 오직 Temu에서만 제공됩니다. 지금 쇼핑하고 큰 할인을 받으세요! ⭐️ 당신을 위한 또 다른 놀라움! 저와 함께 수익을 얻으시려면 https://temu.to/k/g7a19moq5z4 을 클릭하세요! 감사합니다.",122,"['포스팅', '쿠팡', '파트너스', '활동', '일환', '따르', '일정액', '수수료', '제공', '녹차', '카테킨', '다이어트', '대웅제약', '녹차', '추출물', '카테킨', '체지방', '비타민', '판토텐산', '가격', '링크', '프렌즈', '다용도', '건조기', '고추', '건조기', '농수산', '식품', '건조기', '가격', '링크', '혈당', '관리', '대웅제약', '추출물', '가격', '링크', '건일', '식품', '야채', '과일', '소형', '고추', '건조기', '가격', '링크', '녹차', '카테킨', '다이어트', '대웅제약', '녹차', '추출물', '카테킨', '체지방', '비타민', '판토텐산', '가격', '링크', '자연', '식품', '건조기', '최대', '고온', '식품', '건조', '회전', '다목적', '농산물', '건조', '효율', '가격', '링크', '혈당', '관리', '대웅제약', '추출물', '가격', '링크', '식품', '건조기', '고추', '말리', '야채', '음식', '농산물', '과일', '가격', '링크', '푸르', '생선', '가격', '링크', '농업', '가정', '농산물', '식품', '고추', '건조기', '건조', '소형', '가격', '링크', '특별', '혜택', '링크', '최고', '품질', '상품', '저가', '만나', '이렇', '파격', '혜택', '제공', '쇼핑', '할인', '당신', '위하', '놀랍', '수익', '클릭', '감사']",긍정,긍정
"이 포스팅은 쿠팡파트너스 활동의 일환으로, 이에 따른 일정액의 수수료를 제공받습니다. https://link.coupang.com/a/cYiWd5 1위 : [국민건강 프로젝트] 대웅제약 마그네슘 에너지케어 가격 : 19,900원 링크 : https://link.coupang.com/a/cYiWd5 2위 : [국민건강 프로젝트] 대웅제약 바나바잎추출물 가격 : 20,000원 링크 : https://link.coupang.com/a/cYiWd7 3위 : [국민건강 프로젝트] 대웅제약 프로바이오틱스 유산균 가격 : 19,900원 링크 : https://link.coupang.com/a/cYiWd9 4위 : [국민건강 프로젝트] 대웅제약 바나바잎추출물 가격 : 10,000원 링크 : https://link.coupang.com/a/cYiWea 5위 : 휴대용 빨래건조기 UV살균 접이식 미니 건조기 스타일러 소형 빨래건조기 접이식 휴대용 원룸건조기, 화이트 가격 : 31,990원 링크 : https://link.coupang.com/a/cYiWec 6위 : 미니건조기필터 구번 역대급 공장가격판매 한정수량 가격 : 10,990원 링크 : https://link.coupang.com/a/cYiWed 7위 : 종근당건강 프로메가 오메가3 트리플 장용성 가격 : 10,590원 링크 : https://link.coupang.com/a/cYiWef 8위 : 미니건조기필터 구번 역대급 공장가격판매 한정수량 가격 : 45,200원 링크 : https://link.coupang.com/a/cYiWeh 9위 : 홈프로 매쉬 다용도 야채 보관망 양파 마늘 건조망 장바구니 1 | 1, 2개, 그린 가격 : 7,960원 링크 : https://link.coupang.com/a/cYiWek 10위 : 판클 EPA DPA 중성지방 다이어트 오메가3 지방산 30일분 가격 : 16,300원 링크 : https://link.coupang.com/a/cYiWen ⭐️ 특별 혜택 링크 https://temu.to/k/glb5f443d8e 을(를) 탭하고 최고 품질의 상품을 초저가로 만나보세요. 🛍 이렇게 파격적인 혜택은 오직 Temu에서만 제공됩니다. 지금 쇼핑하고 큰 할인을 받으세요! ⭐️ 당신을 위한 또 다른 놀라움! 저와 함께 수익을 얻으시려면 https://temu.to/k/g7a19moq5z4 을 클릭하세요! 감사합니다.",123,"['포스팅', '쿠팡', '파트너스', '활동', '일환', '따르', '일정액', '수수료', '제공', '국민', '건강', '프로젝트', '대웅제약', '마그네슘', '에너지', '케어', '가격', '링크', '국민', '건강', '프로젝트', '대웅제약', '추출물', '가격', '링크', '국민', '건강', '프로젝트', '대웅제약', '프로바이오틱스', '유산균', '가격', '링크', '국민', '건강', '프로젝트', '대웅제약', '추출물', '가격', '링크', '휴대', '빨래', '건조기', '살균', '접이식', '미니', '건조기', '스타일', '소형', '빨래', '건조기', '접이식', '휴대', '원룸', '건조기', '화이트', '가격', '링크', '미니', '건조기', '필터', '역대', '공장', '가격', '판매', '한정', '수량', '가격', '링크', '종근당', '건강', '프로', '메가', '오메가', '트리플', '장용', '가격', '링크', '미니', '건조기', '필터', '역대', '공장', '가격', '판매', '한정', '수량', '가격', '링크', '프로', '매쉬', '다용도', '야채', '보관', '마늘', '건조', '바구니', '그린', '가격', '링크', '판클', '중성', '지방', '다이어트', '오메가', '지방산', '가격', '링크', '특별', '혜택', '링크', '최고', '품질', '상품', '저가', '만나', '이렇', '파격', '혜택', '제공', '쇼핑', '할인', '당신', '위하', '놀랍', '수익', '클릭', '감사']",긍정,긍정
"이 포스팅은 쿠팡파트너스 활동의 일환으로, 이에 따른 일정액의 수수료를 제공받습니다. https://link.coupang.com/a/c7nlEn 1위 : 코카콜라 오리지널 가격 : 16,950원 링크 : https://link.coupang.com/a/c7nlEn 2위 : 코멧 순백 3겹 라벤더 바닐라 롤화장지 가격 : 11,990원 링크 : https://link.coupang.com/a/c7nlEq 3위 : 키움정 가격 : 53,000원 링크 : https://link.coupang.com/a/c7nlEs 4위 : 다우니 미스티크 초고농축 섬유유연제 본품 가격 : 18,060원 링크 : https://link.coupang.com/a/c7nlEv 5위 : 뉴트리포유 듀얼 이뮨 멀티 비타민 미네랄 가격 : 53,880원 링크 : https://link.coupang.com/a/c7nlEz 6위 : 재로우 자로-도필러스 EPS 다이제스티브 프로바이오틱 유산균 100억 베지캡 가격 : 81,570원 링크 : https://link.coupang.com/a/c7nlEE 7위 : 아몬드브리즈 오리지널 가격 : 15,400원 링크 : https://link.coupang.com/a/c7nlEH 8위 : 밀바랩 제주 대나무 모공 타이트닝 앰플 에센스 가격 : 15,900원 링크 : https://link.coupang.com/a/c7nlEL 9위 : IQ베이비: 손감각 발달토이 가격 : 16,120원 링크 : https://link.coupang.com/a/c7nlEP 10위 : 듀라셀 알카라인 보관박스팩 AA 건전지 가격 : 10,000원 링크 : https://link.coupang.com/a/c7nlEV ⭐️ 특별 혜택 링크 https://temu.to/k/glb5f443d8e 을(를) 탭하고 최고 품질의 상품을 초저가로 만나보세요. 🛍 이렇게 파격적인 혜택은 오직 Temu에서만 제공됩니다. 지금 쇼핑하고 큰 할인을 받으세요! ⭐️ 당신을 위한 또 다른 놀라움! 저와 함께 수익을 얻으시려면 https://temu.to/k/g7a19moq5z4 을 클릭하세요! 감사합니다.",124,"['포스팅', '쿠팡', '파트너스', '활동', '일환', '따르', '일정액', '수수료', '제공', '코카콜라', '오리지널', '가격', '링크', '코멧', '순백', '라벤더', '바닐라', '화장지', '가격', '링크', '키우', '가격', '링크', '미스티', '농축', '섬유', '유연제', '가격', '링크', '뉴트리포유', '듀얼', '이뮨', '멀티', '비타민', '미네랄', '가격', '링크', '재로우', '자로도필러스', '스티브', '프로바이오틱', '유산균', '가격', '링크', '아몬드브리즈', '오리지널', '가격', '링크', '밀바', '제주', '대나무', '모공', '타이트', '앰플', '에센스', '가격', '링크', '베이비', '감각', '발달', '가격', '링크', '듀라셀', '라인', '보관', '박스', '건전지', '가격', '링크', '특별', '혜택', '링크', '최고', '품질', '상품', '저가', '만나', '이렇', '파격', '혜택', '제공', '쇼핑', '할인', '당신', '위하', '놀랍', '수익', '클릭', '감사']",긍정,긍정
"이 포스팅은 쿠팡파트너스 활동의 일환으로, 이에 따른 일정액의 수수료를 제공받습니다. https://link.coupang.com/a/c16vlA 1위 : 듀라셀 알카라인 AA 건전지, 20개입, 1개 가격 : 11,130원 링크 : https://link.coupang.com/a/c16vlA 2위 : 가그린 제로 구강청결제, 1.2L, 2개 가격 : 8,900원 링크 : https://link.coupang.com/a/c16vlB 3위 : 코멧 홈 프리미엄 소프트 고중량 호텔 수건 200g 40수, 토프그레이, 10개 가격 : 29,150원 링크 : https://link.coupang.com/a/c16vlC 4위 : 필립스 SkinIQ 5000 시리즈 전기면도기, S5887/29, 카본 그레이 가격 : 99,000원 링크 : https://link.coupang.com/a/c16vlD 5위 : 미다미 스포티 태그 챙이 긴 볼캡 2종 세트 1557 가격 : 7,920원 링크 : https://link.coupang.com/a/c16vlE 6위 : 피죤 건조기용 시트 섬유유연제 옐로미모사 본품, 120매입, 1개 가격 : 8,820원 링크 : https://link.coupang.com/a/c16vlF 7위 : 옵티멈뉴트리션 플래티넘 하이드로 웨이 프로틴 아이솔레이트 터보 초콜릿, 820g, 1개 가격 : 56,900원 링크 : https://link.coupang.com/a/c16vlG 8위 : 피크닉 제로 사과, 200ml, 24개 가격 : 8,900원 링크 : https://link.coupang.com/a/c16vlH 9위 : 소프트터치 라인보더 수건 150g 30수 면사, 그레이, 10개 가격 : 24,210원 링크 : https://link.coupang.com/a/c16vlI 10위 : 살림백서 피톤치드 편백수 실내탈취제 본품, 500ml, 1개 가격 : 8,110원 링크 : https://link.coupang.com/a/c16vlJ ⭐️ 특별 혜택 링크 https://temu.to/k/glb5f443d8e 을(를) 탭하고 최고 품질의 상품을 초저가로 만나보세요. 🛍 이렇게 파격적인 혜택은 오직 Temu에서만 제공됩니다. 지금 쇼핑하고 큰 할인을 받으세요! ⭐️ 당신을 위한 또 다른 놀라움! 저와 함께 수익을 얻으시려면 https://temu.to/k/g7a19moq5z4 을 클릭하세요! 감사합니다.",125,"['포스팅', '쿠팡', '파트너스', '활동', '일환', '따르', '일정액', '수수료', '제공', '듀라셀', '라인', '건전지', '개입', '가격', '링크', '그린', '제로', '구강', '청결', '가격', '링크', '코멧', '프리미엄', '소프트', '중량', '호텔', '수건', '토프그레', '가격', '링크', '필립스', '시리즈', '전기', '면도기', '카본', '그레이', '가격', '링크', '미다미', '스포티', '태그', '세트', '가격', '링크', '피죤', '건조기', '시트', '섬유', '유연제', '옐로', '미모', '매입', '가격', '링크', '옵티멈뉴트리션', '플래티넘', '하이드', '웨이', '프로', '아이', '레이', '터보', '초콜릿', '가격', '링크', '피크닉', '제로', '사과', '가격', '링크', '소프트', '터치', '라인', '보더', '수건', '면사', '그레이', '가격', '링크', '살림', '백서', '피톤치드', '백수', '실내', '탈취제', '가격', '링크', '특별', '혜택', '링크', '최고', '품질', '상품', '저가', '만나', '이렇', '파격', '혜택', '제공', '쇼핑', '할인', '당신', '위하', '놀랍', '수익', '클릭', '감사']",긍정,긍정
"이 포스팅은 쿠팡파트너스 활동의 일환으로, 이에 따른 일정액의 수수료를 제공받습니다. https://link.coupang.com/a/c16KcR 1위 : 듀라셀 알카라인 AA 건전지, 20개입, 1개 가격 : 11,130원 링크 : https://link.coupang.com/a/c16KcR 2위 : 가그린 제로 구강청결제, 1.2L, 2개 가격 : 8,900원 링크 : https://link.coupang.com/a/c16KcS 3위 : 코멧 홈 프리미엄 소프트 고중량 호텔 수건 200g 40수, 토프그레이, 10개 가격 : 35,150원 링크 : https://link.coupang.com/a/c16KcT 4위 : 필립스 SkinIQ 5000 시리즈 전기면도기, S5887/29, 카본 그레이 가격 : 99,000원 링크 : https://link.coupang.com/a/c16KcU 5위 : 미다미 스포티 태그 챙이 긴 볼캡 2종 세트 1557 가격 : 7,920원 링크 : https://link.coupang.com/a/c16KcW 6위 : 피죤 건조기용 시트 섬유유연제 옐로미모사 본품, 120매입, 1개 가격 : 8,820원 링크 : https://link.coupang.com/a/c16KcY 7위 : 옵티멈뉴트리션 플래티넘 하이드로 웨이 프로틴 아이솔레이트 터보 초콜릿, 820g, 1개 가격 : 56,900원 링크 : https://link.coupang.com/a/c16Kc1 8위 : 피크닉 제로 사과, 200ml, 24개 가격 : 8,900원 링크 : https://link.coupang.com/a/c16Kc2 9위 : 소프트터치 라인보더 수건 150g 30수 면사, 그레이, 10개 가격 : 24,210원 링크 : https://link.coupang.com/a/c16Kc3 10위 : 살림백서 피톤치드 편백수 실내탈취제 본품, 500ml, 1개 가격 : 8,110원 링크 : https://link.coupang.com/a/c16Kc4 ⭐️ 특별 혜택 링크 https://temu.to/k/glb5f443d8e 을(를) 탭하고 최고 품질의 상품을 초저가로 만나보세요. 🛍 이렇게 파격적인 혜택은 오직 Temu에서만 제공됩니다. 지금 쇼핑하고 큰 할인을 받으세요! ⭐️ 당신을 위한 또 다른 놀라움! 저와 함께 수익을 얻으시려면 https://temu.to/k/g7a19moq5z4 을 클릭하세요! 감사합니다.",126,"['포스팅', '쿠팡', '파트너스', '활동', '일환', '따르', '일정액', '수수료', '제공', '듀라셀', '라인', '건전지', '개입', '가격', '링크', '그린', '제로', '구강', '청결', '가격', '링크', '코멧', '프리미엄', '소프트', '중량', '호텔', '수건', '토프그레', '가격', '링크', '필립스', '시리즈', '전기', '면도기', '카본', '그레이', '가격', '링크', '미다미', '스포티', '태그', '세트', '가격', '링크', '피죤', '건조기', '시트', '섬유', '유연제', '옐로', '미모', '매입', '가격', '링크', '옵티멈뉴트리션', '플래티넘', '하이드', '웨이', '프로', '아이', '레이', '터보', '초콜릿', '가격', '링크', '피크닉', '제로', '사과', '가격', '링크', '소프트', '터치', '라인', '보더', '수건', '면사', '그레이', '가격', '링크', '살림', '백서', '피톤치드', '백수', '실내', '탈취제', '가격', '링크', '특별', '혜택', '링크', '최고', '품질', '상품', '저가', '만나', '이렇', '파격', '혜택', '제공', '쇼핑', '할인', '당신', '위하', '놀랍', '수익', '클릭', '감사']",긍정,긍정
"이 포스팅은 쿠팡파트너스 활동의 일환으로, 이에 따른 일정액의 수수료를 제공받습니다. https://link.coupang.com/a/cWOa7T 1위 : 체리닷컴 빨래 약초 만능 공간활용 벽접이식 건조대 망, 소형 화이트 가격 : 21,900원 링크 : https://link.coupang.com/a/cWOa7T 2위 : 락토핏 코어 유산균 60p 가격 : 32,200원 링크 : https://link.coupang.com/a/cWOa7V 3위 : 뉴트리디데이 메가렉스 마그네슘 400 가격 : 19,900원 링크 : https://link.coupang.com/a/cWOa7W 4위 : 뉴트리디데이 프리미엄 밀크씨슬 골드 가격 : 24,150원 링크 : https://link.coupang.com/a/cWOa7X 5위 : 뉴트리디데이 프리미엄 밀크씨슬 골드 가격 : 12,900원 링크 : https://link.coupang.com/a/cWOa7Z 6위 : JW중외제약 리얼메디 간에좋은 밀크씨슬9 실리마린 마스터 가격 : 22,610원 링크 : https://link.coupang.com/a/cWOa70 7위 : 휴대용 미니 건조기,접이식 미니 건조기 ,UV 미니 의류관리기 가격 : 42,000원 링크 : https://link.coupang.com/a/cWOa72 8위 : 락토핏 슬림 유산균 가격 : 14,980원 링크 : https://link.coupang.com/a/cWOa73 9위 : JW중외제약 리얼메디 간에좋은 밀크씨슬9 실리마린 마스터 가격 : 14,500원 링크 : https://link.coupang.com/a/cWOa74 10위 : ON US 식품 건조기 고추 야채 소형 과일 가정용 업소용 가격 : 129,000원 링크 : https://link.coupang.com/a/cWOa75 ⭐️ 특별 혜택 링크 https://temu.to/k/glb5f443d8e 을(를) 탭하고 최고 품질의 상품을 초저가로 만나보세요. 🛍 이렇게 파격적인 혜택은 오직 Temu에서만 제공됩니다. 지금 쇼핑하고 큰 할인을 받으세요! ⭐️ 당신을 위한 또 다른 놀라움! 저와 함께 수익을 얻으시려면 https://temu.to/k/g7a19moq5z4 을 클릭하세요! 감사합니다.",130,"['포스팅', '쿠팡', '파트너스', '활동', '일환', '따르', '일정액', '수수료', '제공', '체리', '닷컴', '빨래', '약초', '만능', '공간', '활용', '접이식', '건조대', '소형', '화이트', '가격', '링크', '락토핏', '코어', '유산균', '가격', '링크', '트리', '데이', '메가', '렉스', '마그네슘', '가격', '링크', '트리', '데이', '프리미엄', '밀크', '골드', '가격', '링크', '트리', '데이', '프리미엄', '밀크', '골드', '가격', '링크', '중외', '제약', '리얼', '메디', '밀크', '실리', '마스터', '가격', '링크', '휴대', '미니', '건조기', '접이식', '미니', '건조기', '미니', '의류', '관리', '가격', '링크', '락토핏', '슬림', '유산균', '가격', '링크', '중외', '제약', '리얼', '메디', '밀크', '실리', '마스터', '가격', '링크', '식품', '건조기', '고추', '야채', '소형', '과일', '가정', '업소', '가격', '링크', '특별', '혜택', '링크', '최고', '품질', '상품', '저가', '만나', '이렇', '파격', '혜택', '제공', '쇼핑', '할인', '당신', '위하', '놀랍', '수익', '클릭', '감사']",긍정,긍정
"다이소에서 직접 찾은 실속 있는 영양제 6가지를 소개합니다!” “첫 번째, 루테인 – 눈이 침침할 때, 비타민 A·E까지 함께 들어 있어 눈 피로 관리에 좋아요.” “두 번째, 밀크씨슬 – 간 건강에 대표 영양제죠. 비타민 B군도 함께 들어 있어 피로 회복에 도움 돼요.” “세 번째, 칼슘 마그네슘 비타민D – 뼈 건강 챙기고 싶은 분들, 햇빛 부족한 실내 생활자에게 딱이에요.” “네 번째, 비타민B – 에너지 부족할 때 빠르게 채워줘요.” “다섯 번째, 비타민C – 과일·채소 섭취 부족한 분들에게 하루 한 알로 간편하게 보충할 수 있어요.” “여섯 번째, 락토핏 골드 – 프로바이오틱스 유산균으로 장 건강까지 챙겨주는 아이템",131,"['다이소', '실속', '영양제', '가지', '소개', '루테', '비타민', '피로', '관리', '밀크', '건강', '대표', '영양제', '비타민', '피로', '회복', '도움', '칼슘', '마그네슘', '비타민', '건강', '챙기', '햇빛', '부족', '실내', '생활자', '비타민', '에너지', '부족', '빠르', '채우', '다섯', '비타민', '과일', '채소', '섭취', '부족', '하루', '간편하', '보충', '여섯', '락토핏', '골드', '프로바이오틱스', '유산균', '건강', '챙기', '아이템']",긍정,긍정
근데 약간 유산균이나 변비템은 약한것 같아서 좋은습관 초산균으로 먹고 마그네슘은 괜찮아서 마그네슘만 유일하게 사먹음.. 모든 제품을 잘 만든건 아닌듯,131,"['유산균', '변비', '약하', '습관', '초산', '마그네슘', '괜찮', '마그네슘', '유일', '제품', '만들', '아니']",긍정,긍정
솔직히 다이소에서 영양제 사보신 분? 🙋‍♂️ 가성비는 좋지만 주의사항은 꼭 알고 드셔야 합니다. 본인의 눈 상태에 맞는 추천 제품은 설명란을 확인해 주세요!,132,"['다이소', '영양제', '가성비', '주의', '사항', '드시', '본인', '상태', '추천', '제품', '설명', '확인']",긍정,긍정
복합체 아이프레시 추천해주셨던거 같은데,132,"['복합체', '아이프레시', '추천']",긍정,긍정
어떤 복합제를 추천하시는지요?,132,"['복합', '추천']",긍정,긍정
다이소에 달려가봐야겠네요,134,"['다이소', '달려가']",중립,긍정
"이 포스팅은 쿠팡파트너스 활동의 일환으로, 이에 따른 일정액의 수수료를 제공받습니다. https://link.coupang.com/a/c4xUhB 1위 : 다향오리 엄선된 원료육으로 만든 다향훈제오리, 540g, 1개 가격 : 9,440원 링크 : https://link.coupang.com/a/c4xUhB 2위 : 마이비데 클린케어 화장실용 물티슈 캡형, 80매, 8개 가격 : 17,010원 링크 : https://link.coupang.com/a/c4xUhC 3위 : 에버콜라겐 타임 비오틴, 150g, 2개 가격 : 66,310원 링크 : https://link.coupang.com/a/c4xUhF 4위 : 록신 명품 호텔수건 코마사 부드러운 고퀄리티 수건 540GSM 40수 10종세트, 10개, 파우더블루 가격 : 22,230원 링크 : https://link.coupang.com/a/c4xUhH 5위 : 샤워메이트 산양유 비누 버베나, 90g, 12개입 가격 : 6,900원 링크 : https://link.coupang.com/a/c4xUhK 6위 : 유니레버 썬 식기세척기용 타블렛 세제 베이킹소다 앤 소금 50개입, 500g, 1개 가격 : 6,990원 링크 : https://link.coupang.com/a/c4xUhM 7위 : Kipnos 높이조절 이동식 2단 사이드테이블 쇼파테이블 보조테이블 쇼파사이드테이블 소파테이블 미니테이블 티테이블 커피테이블 이동식침대테이블 간이테이블, 화이트 가격 : 18,990원 링크 : https://link.coupang.com/a/c4xUhN 8위 : 이지마인드 알로에베라 수딩젤, 300g, 3개 가격 : 6,900원 링크 : https://link.coupang.com/a/c4xUhO 9위 : 주리에떼 14K/18K 여성용 더블링 베니스 금 목걸이 | 사은품 반지 | 쇼핑백 가격 : 189,900원 링크 : https://link.coupang.com/a/c4xUhP 10위 : 아이리버 무선 블루투스 감열식 라벨프린터 ILP-100, 1개, 라벨프린터 | 라벨지, 화이트 가격 : 27,840원 링크 : https://link.coupang.com/a/c4xUhQ ⭐️ 특별 혜택 링크 https://temu.to/k/glb5f443d8e 을(를) 탭하고 최고 품질의 상품을 초저가로 만나보세요. 🛍 이렇게 파격적인 혜택은 오직 Temu에서만 제공됩니다. 지금 쇼핑하고 큰 할인을 받으세요! ⭐️ 당신을 위한 또 다른 놀라움! 저와 함께 수익을 얻으시려면 https://temu.to/k/g7a19moq5z4 을 클릭하세요! 감사합니다.",138,"['포스팅', '쿠팡', '파트너스', '활동', '일환', '따르', '일정액', '수수료', '제공', '오리', '엄선', '원료', '만들', '훈제', '오리', '가격', '링크', '마이', '비데', '클린', '케어', '화장실', '물티슈', '가격', '링크', '에버', '콜라겐', '타임', '비오티', '가격', '링크', '명품', '호텔', '수건', '코마사', '부드럽', '퀄리티', '수건', '세트', '파우더 블루', '가격', '링크', '샤워', '메이트', '산양유', '비누', '버베나', '개입', '가격', '링크', '유니레버', '식기', '세척기', '세제', '베이킹', '소다', '소금', '개입', '가격', '링크', '높이', '조절', '이동식', '사이드', '테이블', '쇼파', '테이블', '보조', '테이블', '쇼파', '사이드', '테이블', '소파', '테이블', '미니', '테이블', '테이블', '커피', '테이블', '이동식', '침대', '테이블', '간이', '테이블', '화이트', '가격', '링크', '이지', '마인드', '알로에 베라', '가격', '링크', '주리에떼', '여성', '더블', '베니스', '목걸이', '사은품', '반지', '쇼핑백', '가격', '링크', '아이리버', '무선', '블루투스', '라벨', '프린터', '라벨', '프린터', '라벨', '화이트', '가격', '링크', '특별', '혜택', '링크', '최고', '품질', '상품', '저가', '만나', '이렇', '파격', '혜택', '제공', '쇼핑', '할인', '당신', '위하', '놀랍', '수익', '클릭', '감사']",긍정,긍정
"이 포스팅은 쿠팡파트너스 활동의 일환으로, 이에 따른 일정액의 수수료를 제공받습니다. https://link.coupang.com/a/c4xi1h 1위 : 다향오리 엄선된 원료육으로 만든 다향훈제오리 가격 : 11,370원 링크 : https://link.coupang.com/a/c4xi1h 2위 : 마이비데 클린케어 화장실용 물티슈 캡형 가격 : 23,970원 링크 : https://link.coupang.com/a/c4xi1j 3위 : 에버콜라겐 타임 비오틴 가격 : 79,900원 링크 : https://link.coupang.com/a/c4xi1k 4위 : 록신 명품 호텔수건 코마사 부드러운 고퀄리티 수건 540GSM 40수 10종세트 가격 : 23,460원 링크 : https://link.coupang.com/a/c4xi1m 5위 : Kipnos 높이조절 이동식 2단 사이드테이블 쇼파테이블 보조테이블 쇼파사이드테이블 소파테이블 미니테이블 티테이블 커피테이블 이동식침대테이블 간이테이블 가격 : 20,950원 링크 : https://link.coupang.com/a/c4xi1o 6위 : 샤워메이트 산양유 비누 버베나 가격 : 9,730원 링크 : https://link.coupang.com/a/c4xi1q 7위 : 유니레버 썬 식기세척기용 타블렛 세제 베이킹소다 앤 소금 50개입 가격 : 12,540원 링크 : https://link.coupang.com/a/c4xi1s 8위 : 이지마인드 알로에베라 수딩젤 가격 : 9,000원 링크 : https://link.coupang.com/a/c4xi1t 9위 : 컴포럽 프리미엄 암막 수면안대 가격 : 19,900원 링크 : https://link.coupang.com/a/c4xi1v 10위 : 실바트 인덕션 까리노 IH 프라이팬 가격 : 29,800원 링크 : https://link.coupang.com/a/c4xi1x ⭐️ 특별 혜택 링크 https://temu.to/k/glb5f443d8e 을(를) 탭하고 최고 품질의 상품을 초저가로 만나보세요. 🛍 이렇게 파격적인 혜택은 오직 Temu에서만 제공됩니다. 지금 쇼핑하고 큰 할인을 받으세요! ⭐️ 당신을 위한 또 다른 놀라움! 저와 함께 수익을 얻으시려면 https://temu.to/k/g7a19moq5z4 을 클릭하세요! 감사합니다.",140,"['포스팅', '쿠팡', '파트너스', '활동', '일환', '따르', '일정액', '수수료', '제공', '오리', '엄선', '원료', '만들', '훈제', '오리', '가격', '링크', '마이', '비데', '클린', '케어', '화장실', '물티슈', '가격', '링크', '에버', '콜라겐', '타임', '비오티', '가격', '링크', '명품', '호텔', '수건', '코마사', '부드럽', '퀄리티', '수건', '세트', '가격', '링크', '높이', '조절', '이동식', '사이드', '테이블', '쇼파', '테이블', '보조', '테이블', '쇼파', '사이드', '테이블', '소파', '테이블', '미니', '테이블', '테이블', '커피', '테이블', '이동식', '침대', '테이블', '간이', '테이블', '가격', '링크', '샤워', '메이트', '산양유', '비누', '버베나', '가격', '링크', '유니레버', '식기', '세척기', '세제', '베이킹', '소다', '소금', '개입', '가격', '링크', '이지', '마인드', '알로에 베라', '가격', '링크', '컴포럽', '프리미엄', '수면', '안대', '가격', '링크', '실바', '인덕션', '까리노', '프라이팬', '가격', '링크', '특별', '혜택', '링크', '최고', '품질', '상품', '저가', '만나', '이렇', '파격', '혜택', '제공', '쇼핑', '할인', '당신', '위하', '놀랍', '수익', '클릭', '감사']",긍정,긍정
"이 포스팅은 쿠팡파트너스 활동의 일환으로, 이에 따른 일정액의 수수료를 제공받습니다. https://link.coupang.com/a/c16FjF 1위 : 듀라셀 알카라인 AA 건전지, 20개입, 1개 가격 : 11,130원 링크 : https://link.coupang.com/a/c16FjF 2위 : 가그린 제로 구강청결제, 1.2L, 2개 가격 : 8,900원 링크 : https://link.coupang.com/a/c16FjG 3위 : 코멧 홈 프리미엄 소프트 고중량 호텔 수건 200g 40수, 토프그레이, 10개 가격 : 29,150원 링크 : https://link.coupang.com/a/c16FjH 4위 : 필립스 SkinIQ 5000 시리즈 전기면도기, S5887/29, 카본 그레이 가격 : 99,000원 링크 : https://link.coupang.com/a/c16FjI 5위 : 미다미 스포티 태그 챙이 긴 볼캡 2종 세트 1557 가격 : 7,920원 링크 : https://link.coupang.com/a/c16FjJ 6위 : 피죤 건조기용 시트 섬유유연제 옐로미모사 본품, 120매입, 1개 가격 : 8,820원 링크 : https://link.coupang.com/a/c16FjK 7위 : 옵티멈뉴트리션 플래티넘 하이드로 웨이 프로틴 아이솔레이트 터보 초콜릿, 820g, 1개 가격 : 56,900원 링크 : https://link.coupang.com/a/c16FjM 8위 : 피크닉 제로 사과, 200ml, 24개 가격 : 8,900원 링크 : https://link.coupang.com/a/c16FjO 9위 : 소프트터치 라인보더 수건 150g 30수 면사, 그레이, 10개 가격 : 24,210원 링크 : https://link.coupang.com/a/c16FjP 10위 : 살림백서 피톤치드 편백수 실내탈취제 본품, 500ml, 1개 가격 : 8,110원 링크 : https://link.coupang.com/a/c16FjQ ⭐️ 특별 혜택 링크 https://temu.to/k/glb5f443d8e 을(를) 탭하고 최고 품질의 상품을 초저가로 만나보세요. 🛍 이렇게 파격적인 혜택은 오직 Temu에서만 제공됩니다. 지금 쇼핑하고 큰 할인을 받으세요! ⭐️ 당신을 위한 또 다른 놀라움! 저와 함께 수익을 얻으시려면 https://temu.to/k/g7a19moq5z4 을 클릭하세요! 감사합니다.",142,"['포스팅', '쿠팡', '파트너스', '활동', '일환', '따르', '일정액', '수수료', '제공', '듀라셀', '라인', '건전지', '개입', '가격', '링크', '그린', '제로', '구강', '청결', '가격', '링크', '코멧', '프리미엄', '소프트', '중량', '호텔', '수건', '토프그레', '가격', '링크', '필립스', '시리즈', '전기', '면도기', '카본', '그레이', '가격', '링크', '미다미', '스포티', '태그', '세트', '가격', '링크', '피죤', '건조기', '시트', '섬유', '유연제', '옐로', '미모', '매입', '가격', '링크', '옵티멈뉴트리션', '플래티넘', '하이드', '웨이', '프로', '아이', '레이', '터보', '초콜릿', '가격', '링크', '피크닉', '제로', '사과', '가격', '링크', '소프트', '터치', '라인', '보더', '수건', '면사', '그레이', '가격', '링크', '살림', '백서', '피톤치드', '백수', '실내', '탈취제', '가격', '링크', '특별', '혜택', '링크', '최고', '품질', '상품', '저가', '만나', '이렇', '파격', '혜택', '제공', '쇼핑', '할인', '당신', '위하', '놀랍', '수익', '클릭', '감사']",긍정,긍정
"[다이소영양제] 혈당건강 2편 이 구성은 당뇨 전단계, 혈당이 걱정되는 분에게 추천 1. 동국제약 혈당케어＆유산균 보장균수 20억으로 바나바잎이 함께 들어있어요. 아침 공복 복용 추천 2. 랏토핏 간케어 보장균수 20억과 실리마린, 비타민B가 포함돼있습니다. 아침공복에 1포 드세요. 3. 대웅제약 베르베린500 인도매자나무열매 추출물로 함량은 1정당 500mg 하루 1~3정 복용가능하며, 식후에 드세요.",146,"['다이소', '영양제', '혈당', '건강', '구성', '당뇨', '단계', '혈당', '걱정', '추천', '동국', '제약', '혈당', '케어', '유산균', '보장', '아침', '공복', '복용', '추천', '랏토핏', '케어', '보장', '실리', '비타민', '포함', '아침', '공복', '드세', '대웅제약', '베르베린', '나무', '열매', '추출물', '함량', '하루', '복용', '가능', '식후', '드세']",긍정,긍정
"이 포스팅은 쿠팡파트너스 활동의 일환으로, 이에 따른 일정액의 수수료를 제공받습니다. https://link.coupang.com/a/de4pJv 1위 : 그란츠 만능 스핀 야채 다지기 가격 : 4,200원 링크 : https://link.coupang.com/a/de4pJv 2위 : 유니스 고급형 다용도 접이식 생선 건조망, 1개, 3단, 화이트 가격 : 12,100원 링크 : https://link.coupang.com/a/de4pJw 3위 : GOMDORI 곰돌이 국산 마늘 야채 고추 다지기 가격 : 12,000원 링크 : https://link.coupang.com/a/de4pJx 4위 : 생선건조망 특대형2단 나물야채 과일고추말리기 녹차찻잎 다용도 무말랭이 캠핑 메쉬망 반건조오징어덕장, 1개, 2단, 특대형 (green) 가격 : 10,990원 링크 : https://link.coupang.com/a/de4pJz 5위 : [키친아트] 만능 야채다지기 가격 : 9,500원 링크 : https://link.coupang.com/a/de4pJA 6위 : 생선건조망대형2단 나물야채 과일고추말리기 녹차찻잎 다용도 무말랭이 캠핑 메쉬망 반건조오징어덕장, 대형 (green), 1개, 2단 가격 : 11,370원 링크 : https://link.coupang.com/a/de4pJB 7위 : 로이홈 김장 무채 채썰기 와이드 스텐 채칼 슬라이서 가격 : 4,500원 링크 : https://link.coupang.com/a/de4pJD 8위 : 들꽃 절구 공이 가격 : 4,900원 링크 : https://link.coupang.com/a/de4pJF 9위 : [왓위셀] 미니 깨갈이 마늘 절구 도자기 | 방망이세트 가격 : 5,500원 링크 : https://link.coupang.com/a/de4pJG 10위 : 계란 분할 절단기 가격 : 3,320원 링크 : https://link.coupang.com/a/de4pJH ⭐️ 특별 혜택 링크 https://temu.to/k/glb5f443d8e 을(를) 탭하고 최고 품질의 상품을 초저가로 만나보세요. 🛍 이렇게 파격적인 혜택은 오직 Temu에서만 제공됩니다. 지금 쇼핑하고 큰 할인을 받으세요! ⭐️ 당신을 위한 또 다른 놀라움! 저와 함께 수익을 얻으시려면 https://temu.to/k/g7a19moq5z4 을 클릭하세요! 감사합니다.",147,"['포스팅', '쿠팡', '파트너스', '활동', '일환', '따르', '일정액', '수수료', '제공', '그란츠', '만능', '스핀', '야채', '다지', '가격', '링크', '유니스', '고급', '다용도', '접이식', '생선', '건조', '화이트', '가격', '링크', '곰돌이', '국산', '마늘', '야채', '고추', '다지', '가격', '링크', '생선', '건조', '나물', '야채', '과일', '고추', '말리', '녹차', '찻잎', '다용도', '무말랭이', '캠핑', '메쉬', '반건조', '오징어', '가격', '링크', '키친', '아트', '만능', '야채', '다지', '가격', '링크', '생선', '건조', '나물', '야채', '과일', '고추', '말리', '녹차', '찻잎', '다용도', '무말랭이', '캠핑', '메쉬', '반건조', '오징어', '가격', '링크', '로이', '김장', '와이드', '스텐', '가격', '링크', '절구', '공이', '가격', '링크', '왓위', '미니', '갈이', '마늘', '절구', '도자기', '방망이', '세트', '가격', '링크', '계란', '분할', '절단', '가격', '링크', '특별', '혜택', '링크', '최고', '품질', '상품', '저가', '만나', '이렇', '파격', '혜택', '제공', '쇼핑', '할인', '당신', '위하', '놀랍', '수익', '클릭', '감사']",긍정,긍정
"이 포스팅은 쿠팡파트너스 활동의 일환으로, 이에 따른 일정액의 수수료를 제공받습니다. https://link.coupang.com/a/cYNC3q 1위 : 종근당건강 프로메가 오메가3 트리플 장용성 가격 : 10,590원 링크 : https://link.coupang.com/a/cYNC3q 2위 : BH코리아 다용도 접이식 식품 건조망 (생선건조,야채건조,나물건조,고추건조) BH KOREA, 1개, 2단, 화이트 가격 : 10,500원 링크 : https://link.coupang.com/a/cYNC3r 3위 : BH코리아 다용도 접이식 식품 건조망 (생선건조,야채건조,나물건조,고추건조) BH KOREA, 1개, 3단, 화이트 가격 : 11,500원 링크 : https://link.coupang.com/a/cYNC3s 4위 : 유니스 고급형 다용도 접이식 생선 건조망, 1개, 3단, 화이트 가격 : 12,100원 링크 : https://link.coupang.com/a/cYNC3t 5위 : 판클 EPA DPA 중성지방 다이어트 오메가3 지방산 30일분 가격 : 16,300원 링크 : https://link.coupang.com/a/cYNC3u 6위 : 락토핏 코어 유산균 60p 가격 : 32,200원 링크 : https://link.coupang.com/a/cYNC3x 7위 : 뉴트리디데이 프리미엄 밀크씨슬 골드 가격 : 12,900원 링크 : https://link.coupang.com/a/cYNC3y 8위 : GNM 건강한 간 밀크씨슬 가격 : 20,420원 링크 : https://link.coupang.com/a/cYNC3A 9위 : 에버하우스 다용도 신발 건조기 세탁 건조망 40 x 40 cm, 화이트, 2개 가격 : 5,370원 링크 : https://link.coupang.com/a/cYNC3E 10위 : 홈프로 매쉬 다용도 야채 보관망 양파 마늘 건조망 장바구니 1 | 1, 2개, 그린 가격 : 7,960원 링크 : https://link.coupang.com/a/cYNC3H ⭐️ 특별 혜택 링크 https://temu.to/k/glb5f443d8e 을(를) 탭하고 최고 품질의 상품을 초저가로 만나보세요. 🛍 이렇게 파격적인 혜택은 오직 Temu에서만 제공됩니다. 지금 쇼핑하고 큰 할인을 받으세요! ⭐️ 당신을 위한 또 다른 놀라움! 저와 함께 수익을 얻으시려면 https://temu.to/k/g7a19moq5z4 을 클릭하세요! 감사합니다.",148,"['포스팅', '쿠팡', '파트너스', '활동', '일환', '따르', '일정액', '수수료', '제공', '종근당', '건강', '프로', '메가', '오메가', '트리플', '장용', '가격', '링크', '코리아', '다용도', '접이식', '식품', '건조', '생선', '건조', '야채', '건조', '나물', '건조', '고추', '건조', '화이트', '가격', '링크', '코리아', '다용도', '접이식', '식품', '건조', '생선', '건조', '야채', '건조', '나물', '건조', '고추', '건조', '화이트', '가격', '링크', '유니스', '고급', '다용도', '접이식', '생선', '건조', '화이트', '가격', '링크', '중성', '지방', '다이어트', '오메가', '지방산', '가격', '링크', '락토핏', '코어', '유산균', '가격', '링크', '트리', '데이', '프리미엄', '밀크', '골드', '가격', '링크', '건강', '밀크', '가격', '링크', '에버', '하우스', '다용도', '신발', '건조기', '세탁', '건조', '화이트', '가격', '링크', '프로', '매쉬', '다용도', '야채', '보관', '마늘', '건조', '바구니', '그린', '가격', '링크', '특별', '혜택', '링크', '최고', '품질', '상품', '저가', '만나', '이렇', '파격', '혜택', '제공', '쇼핑', '할인', '당신', '위하', '놀랍', '수익', '클릭', '감사']",긍정,긍정
정말 좋은세상이야~!약국안가도 건기식이 다이소에 다 팔아😮,149,"['세상', '약국', '건기', '다이소']",중립,긍정
"직원들도 챙겨가는 다이소 영양제템, 살펴보세요!",150,"['직원', '챙기', '다이소', '영양제', '살펴보']",긍정,긍정
"이 포스팅은 쿠팡파트너스 활동의 일환으로, 이에 따른 일정액의 수수료를 제공받습니다. https://link.coupang.com/a/ddvAEf 1위 : THE압구정언니 버블메이커 세안 거품기 가격 : 4,150원 링크 : https://link.coupang.com/a/ddvAEf 2위 : 유니스 고급형 다용도 접이식 생선 건조망, 1개, 3단, 화이트 가격 : 12,100원 링크 : https://link.coupang.com/a/ddvAEg 3위 : THE압구정언니 버블메이커 세안 거품기 가격 : 4,150원 링크 : https://link.coupang.com/a/ddvAEi 4위 : 생선건조망 특대형2단 나물야채 과일고추말리기 녹차찻잎 다용도 무말랭이 캠핑 메쉬망 반건조오징어덕장, 1개, 2단, 특대형 (green) 가격 : 10,990원 링크 : https://link.coupang.com/a/ddvAEn 5위 : 세안용 버블메이커 세안 바디 폼클렌징 페이스 거품기 가격 : 2,890원 링크 : https://link.coupang.com/a/ddvAEq 6위 : zipkick 고추 생선 말리는망 식품 생선 건조망 3단 생선 말리는 그물망, 1개 가격 : 12,670원 링크 : https://link.coupang.com/a/ddvAEs 7위 : Ditwo 미니 무선 전동 휘핑기 우유 거품기 스프링 헤드 | 거품 헤드 | 거치대 가격 : 16,800원 링크 : https://link.coupang.com/a/ddvAEu 8위 : 수프링 접이식 대형 3단 다용도 건조망, 화이트, 1개 가격 : 17,900원 링크 : https://link.coupang.com/a/ddvAEy 9위 : 플루밍 무선 전동 휘핑기 가격 : 16,500원 링크 : https://link.coupang.com/a/ddvAEA 10위 : 마켓비 FROTHER 우유거품기 실버 가격 : 2,260원 링크 : https://link.coupang.com/a/ddvAEB ⭐️ 특별 혜택 링크 https://temu.to/k/glb5f443d8e 을(를) 탭하고 최고 품질의 상품을 초저가로 만나보세요. 🛍 이렇게 파격적인 혜택은 오직 Temu에서만 제공됩니다. 지금 쇼핑하고 큰 할인을 받으세요! ⭐️ 당신을 위한 또 다른 놀라움! 저와 함께 수익을 얻으시려면 https://temu.to/k/g7a19moq5z4 을 클릭하세요! 감사합니다.",154,"['포스팅', '쿠팡', '파트너스', '활동', '일환', '따르', '일정액', '수수료', '제공', '압구정', '언니', '버블', '메이커', '세안', '거품기', '가격', '링크', '유니스', '고급', '다용도', '접이식', '생선', '건조', '화이트', '가격', '링크', '압구정', '언니', '버블', '메이커', '세안', '거품기', '가격', '링크', '생선', '건조', '나물', '야채', '과일', '고추', '말리', '녹차', '찻잎', '다용도', '무말랭이', '캠핑', '메쉬', '반건조', '오징어', '가격', '링크', '세안', '버블', '메이커', '세안', '바디', '클렌징', '페이스', '거품기', '가격', '링크', '고추', '생선', '말리', '식품', '생선', '건조', '생선', '말리', '그물망', '가격', '링크', '미니', '무선', '전동', '우유', '거품기', '스프링', '헤드', '거품', '헤드', '거치대', '가격', '링크', '수프', '접이식', '다용도', '건조', '화이트', '가격', '링크', '플루밍', '무선', '전동', '가격', '링크', '마켓', '우유', '거품', '실버', '가격', '링크', '특별', '혜택', '링크', '최고', '품질', '상품', '저가', '만나', '이렇', '파격', '혜택', '제공', '쇼핑', '할인', '당신', '위하', '놀랍', '수익', '클릭', '감사']",긍정,긍정
"이 포스팅은 쿠팡파트너스 활동의 일환으로, 이에 따른 일정액의 수수료를 제공받습니다. https://link.coupang.com/a/cXIZMs 1위 : [국민건강 프로젝트] 대웅제약 마그네슘 에너지케어 가격 : 19,900원 링크 : https://link.coupang.com/a/cXIZMs 2위 : ON US 식품 건조기 고추 야채 소형 과일 가정용 업소용 가격 : 139,000원 링크 : https://link.coupang.com/a/cXIZMt 3위 : [국민건강 프로젝트] 대웅제약 바나바잎추출물 가격 : 20,000원 링크 : https://link.coupang.com/a/cXIZMu 4위 : 다용도 위생 건조망 ( 캠핌 ,생선 , 야채 식기 고추 건조망), 1개, 위생 건조망(중형) 가격 : 4,500원 링크 : https://link.coupang.com/a/cXIZMv 5위 : [국민건강 프로젝트] 대웅제약 프로바이오틱스 유산균 가격 : 19,900원 링크 : https://link.coupang.com/a/cXIZMw 6위 : BH코리아 다용도 접이식 식품 건조망 (생선건조,야채건조,나물건조,고추건조) BH KOREA, 1개, 3단, 화이트 가격 : 11,500원 링크 : https://link.coupang.com/a/cXIZMy 7위 : [국민건강 프로젝트] 대웅제약 바나바잎추출물 가격 : 10,000원 링크 : https://link.coupang.com/a/cXIZMz 8위 : BH코리아 다용도 접이식 식품 건조망 (생선건조,야채건조,나물건조,고추건조) BH KOREA, 1개, 2단, 화이트 가격 : 10,500원 링크 : https://link.coupang.com/a/cXIZMA 9위 : [국민건강 프로젝트] 대웅제약 프로바이오틱스 유산균 가격 : 10,000원 링크 : https://link.coupang.com/a/cXIZMB 10위 : [세계필터] 미니 건조기필터 19매, 1개 가격 : 14,900원 링크 : https://link.coupang.com/a/cXIZMC ⭐️ 특별 혜택 링크 https://temu.to/k/glb5f443d8e 을(를) 탭하고 최고 품질의 상품을 초저가로 만나보세요. 🛍 이렇게 파격적인 혜택은 오직 Temu에서만 제공됩니다. 지금 쇼핑하고 큰 할인을 받으세요! ⭐️ 당신을 위한 또 다른 놀라움! 저와 함께 수익을 얻으시려면 https://temu.to/k/g7a19moq5z4 을 클릭하세요! 감사합니다.",155,"['포스팅', '쿠팡', '파트너스', '활동', '일환', '따르', '일정액', '수수료', '제공', '국민', '건강', '프로젝트', '대웅제약', '마그네슘', '에너지', '케어', '가격', '링크', '식품', '건조기', '고추', '야채', '소형', '과일', '가정', '업소', '가격', '링크', '국민', '건강', '프로젝트', '대웅제약', '추출물', '가격', '링크', '다용도', '위생', '건조', '캠핌', '생선', '야채', '식기', '고추', '건조', '위생', '건조', '중형', '가격', '링크', '국민', '건강', '프로젝트', '대웅제약', '프로바이오틱스', '유산균', '가격', '링크', '코리아', '다용도', '접이식', '식품', '건조', '생선', '건조', '야채', '건조', '나물', '건조', '고추', '건조', '화이트', '가격', '링크', '국민', '건강', '프로젝트', '대웅제약', '추출물', '가격', '링크', '코리아', '다용도', '접이식', '식품', '건조', '생선', '건조', '야채', '건조', '나물', '건조', '고추', '건조', '화이트', '가격', '링크', '국민', '건강', '프로젝트', '대웅제약', '프로바이오틱스', '유산균', '가격', '링크', '세계', '필터', '미니', '건조기', '필터', '가격', '링크', '특별', '혜택', '링크', '최고', '품질', '상품', '저가', '만나', '이렇', '파격', '혜택', '제공', '쇼핑', '할인', '당신', '위하', '놀랍', '수익', '클릭', '감사']",긍정,긍정
"이 포스팅은 쿠팡파트너스 활동의 일환으로, 이에 따른 일정액의 수수료를 제공받습니다. https://link.coupang.com/a/cWVH4s 1위 : [국민건강 프로젝트] 대웅제약 마그네슘 에너지케어 가격 : 19,900원 링크 : https://link.coupang.com/a/cWVH4s 2위 : BH코리아 다용도 접이식 식품 건조망 (생선건조,야채건조,나물건조,고추건조) BH KOREA, 1개, 1단, 화이트 가격 : 9,500원 링크 : https://link.coupang.com/a/cWVH4w 3위 : [국민건강 프로젝트] 대웅제약 프로바이오틱스 유산균 가격 : 19,900원 링크 : https://link.coupang.com/a/cWVH4z 4위 : BH코리아 다용도 접이식 식품 건조망 (생선건조,야채건조,나물건조,고추건조) BH KOREA, 1개, 3단, 화이트 가격 : 11,500원 링크 : https://link.coupang.com/a/cWVH4C 5위 : [국민건강 프로젝트] 대웅제약 바나바잎추출물 가격 : 20,000원 링크 : https://link.coupang.com/a/cWVH4D 6위 : [세계필터] 미니 건조기필터 19매, 1개 가격 : 14,900원 링크 : https://link.coupang.com/a/cWVH4F 7위 : 종근당건강 프로메가 오메가3 트리플 장용성 가격 : 10,470원 링크 : https://link.coupang.com/a/cWVH4I 8위 : 유니스 고급형 다용도 접이식 생선 건조망, 1개, 3단, 화이트 가격 : 12,100원 링크 : https://link.coupang.com/a/cWVH4K ⭐️ 특별 혜택 링크 https://temu.to/k/glb5f443d8e 을(를) 탭하고 최고 품질의 상품을 초저가로 만나보세요. 🛍 이렇게 파격적인 혜택은 오직 Temu에서만 제공됩니다. 지금 쇼핑하고 큰 할인을 받으세요! ⭐️ 당신을 위한 또 다른 놀라움! 저와 함께 수익을 얻으시려면 https://temu.to/k/g7a19moq5z4 을 클릭하세요! 감사합니다.",159,"['포스팅', '쿠팡', '파트너스', '활동', '일환', '따르', '일정액', '수수료', '제공', '국민', '건강', '프로젝트', '대웅제약', '마그네슘', '에너지', '케어', '가격', '링크', '코리아', '다용도', '접이식', '식품', '건조', '생선', '건조', '야채', '건조', '나물', '건조', '고추', '건조', '화이트', '가격', '링크', '국민', '건강', '프로젝트', '대웅제약', '프로바이오틱스', '유산균', '가격', '링크', '코리아', '다용도', '접이식', '식품', '건조', '생선', '건조', '야채', '건조', '나물', '건조', '고추', '건조', '화이트', '가격', '링크', '국민', '건강', '프로젝트', '대웅제약', '추출물', '가격', '링크', '세계', '필터', '미니', '건조기', '필터', '가격', '링크', '종근당', '건강', '프로', '메가', '오메가', '트리플', '장용', '가격', '링크', '유니스', '고급', '다용도', '접이식', '생선', '건조', '화이트', '가격', '링크', '특별', '혜택', '링크', '최고', '품질', '상품', '저가', '만나', '이렇', '파격', '혜택', '제공', '쇼핑', '할인', '당신', '위하', '놀랍', '수익', '클릭', '감사']",긍정,긍정
"이게 다이소에도 있을줄이야!? 소포장으로 경험해보고 싶다면 강추에요ㅎㅎ 1️⃣ 락토핏 골드✨ 가성비 좋은 분말 유산균, 외출용으로 딱 2️⃣ 푸응 7 Days🌿 7일 소포장으로 가볍게 시작하기 좋아요 3️⃣ 카뮤트 효소🌾 고소한 맛으로 부담 적은 효소 입문템",164,"['이것', '다이소', '포장', '경험', '락토핏', '골드', '가성비', '분말', '유산균', '외출', '푸응', '포장', '가볍', '시작', '카뮤트', '효소', '고소하', '부담', '효소', '입문']",긍정,긍정
"이 포스팅은 쿠팡파트너스 활동의 일환으로, 이에 따른 일정액의 수수료를 제공받습니다. https://link.coupang.com/a/cYOuw8 1위 : 종근당건강 프로메가 오메가3 트리플 장용성 가격 : 10,590원 링크 : https://link.coupang.com/a/cYOuw8 2위 : 에버하우스 다용도 신발 건조기 세탁 건조망 40 x 40 cm, 화이트, 2개 가격 : 5,370원 링크 : https://link.coupang.com/a/cYOuw9 3위 : 락토핏 코어 유산균 60p 가격 : 32,200원 링크 : https://link.coupang.com/a/cYOuxb 4위 : 판클 EPA DPA 중성지방 다이어트 오메가3 지방산 30일분 가격 : 16,300원 링크 : https://link.coupang.com/a/cYOuxe 5위 : GNM 건강한 간 밀크씨슬 가격 : 20,420원 링크 : https://link.coupang.com/a/cYOuxf 6위 : 뉴트리디데이 프리미엄 밀크씨슬 골드 가격 : 12,900원 링크 : https://link.coupang.com/a/cYOuxh 7위 : 뉴트리디데이 프리미엄 비타민D 5000IU 27g 가격 : 22,900원 링크 : https://link.coupang.com/a/cYOuxj 8위 : 뉴트리디데이 프리미엄 밀크씨슬 골드 가격 : 24,900원 링크 : https://link.coupang.com/a/cYOuxk 9위 : 일양약품 프라임 칼슘 마그네슘 비타민D 아연 가격 : 10,840원 링크 : https://link.coupang.com/a/cYOuxl 10위 : 뉴트리하루 실리마린 밀크 시슬 추출물 밀크씨슬 아르기닌 플러스 야관문 글루타치온 가격 : 28,200원 링크 : https://link.coupang.com/a/cYOuxo ⭐️ 특별 혜택 링크 https://temu.to/k/glb5f443d8e 을(를) 탭하고 최고 품질의 상품을 초저가로 만나보세요. 🛍 이렇게 파격적인 혜택은 오직 Temu에서만 제공됩니다. 지금 쇼핑하고 큰 할인을 받으세요! ⭐️ 당신을 위한 또 다른 놀라움! 저와 함께 수익을 얻으시려면 https://temu.to/k/g7a19moq5z4 을 클릭하세요! 감사합니다.",167,"['포스팅', '쿠팡', '파트너스', '활동', '일환', '따르', '일정액', '수수료', '제공', '종근당', '건강', '프로', '메가', '오메가', '트리플', '장용', '가격', '링크', '에버', '하우스', '다용도', '신발', '건조기', '세탁', '건조', '화이트', '가격', '링크', '락토핏', '코어', '유산균', '가격', '링크', '판클', '중성', '지방', '다이어트', '오메가', '지방산', '가격', '링크', '건강', '밀크', '가격', '링크', '트리', '데이', '프리미엄', '밀크', '골드', '가격', '링크', '트리', '데이', '프리미엄', '비타민', '가격', '링크', '트리', '데이', '프리미엄', '밀크', '골드', '가격', '링크', '일양약품', '프라임', '칼슘', '마그네슘', '비타민', '아연', '가격', '링크', '트리', '하루', '밀크', '추출물', '밀크', '아르기닌', '플러스', '관문', '가격', '링크', '특별', '혜택', '링크', '최고', '품질', '상품', '저가', '만나', '이렇', '파격', '혜택', '제공', '쇼핑', '할인', '당신', '위하', '놀랍', '수익', '클릭', '감사']",긍정,긍정
"3박스 구매, 멀티비타민 3박스 구매, 밀키트세트도 가격 저렴하고 맛있어서 너무 좋습니다.",168,"['박스', '구매', '멀티', '비타민', '박스', '구매', '키트', '세트', '가격', '맛있']",중립,긍정
장산의신 대박나라 밀키트계의 다이소.ㅋ 몰에 들어가서 주변에 선물 합니다. 덕분에 건강 해 질것 같아요😂🎉,168,"['장산', '키트', '다이소', '들어가', '주변', '선물', '덕분', '건강']",중립,긍정
홍삼 잘 받았습니다. 맛도 좋고 함량도 높고 가격이 훌륭합니다. 감사드립니다. 가방도 고급스럽습니다.,168,"['홍삼', '함량', '가격', '훌륭하', '감사', '드리', '가방', '고급']",긍정,긍정
먹어보니 정말 좋아요^^,168,[],중립,긍정
저는 샀습니다.,168,[],중립,긍정
아직 도착하지 않아서 못 먹었지만. ..^^오늘오겠지요,168,"['도착', '오늘']",중립,긍정
감사합니다,170,['감사'],긍정,긍정
코큐텐도 괜찮음,170,"['코큐텐', '괜찮']",긍정,긍정
오호 도움되네요^^,170,['도움'],긍정,긍정
콜라겐 보단 레티놀이 더효과가 좋아요~ 잇레티놀 먹고 있는데 피부탄력이랑 미백에 특히 효과가 좋더라고요~ 꾸준함이 동반되어야 하지만요 ^^,170,"['콜라겐', '레티노', '효과', '잇레티놀', '피부', '탄력', '미백', '효과', '동반']",긍정,긍정
"이 포스팅은 쿠팡파트너스 활동의 일환으로, 이에 따른 일정액의 수수료를 제공받습니다. https://link.coupang.com/a/cXsT6d 1위 : 락토핏 코어 유산균 60p 가격 : 32,200원 링크 : https://link.coupang.com/a/cXsT6d 2위 : ON US 식품 건조기 고추 야채 소형 과일 가정용 업소용 가격 : 139,000원 링크 : https://link.coupang.com/a/cXsT6e 3위 : 뉴트리디데이 프리미엄 밀크씨슬 골드 가격 : 12,900원 링크 : https://link.coupang.com/a/cXsT6f 4위 : BH코리아 다용도 접이식 식품 건조망 (생선건조,야채건조,나물건조,고추건조) BH KOREA, 1개, 3단, 화이트 가격 : 11,500원 링크 : https://link.coupang.com/a/cXsT6g 5위 : 뉴트리디데이 메가렉스 마그네슘 400 가격 : 19,900원 링크 : https://link.coupang.com/a/cXsT6h 6위 : BH코리아 다용도 접이식 식품 건조망 (생선건조,야채건조,나물건조,고추건조) BH KOREA, 1개, 2단, 화이트 가격 : 10,500원 링크 : https://link.coupang.com/a/cXsT6i 7위 : 뉴트리디데이 프리미엄 밀크씨슬 골드 가격 : 24,900원 링크 : https://link.coupang.com/a/cXsT6j 8위 : 심플온 행거형 접이식 의류 관리기 건조기 UV 살균 빈대제거, UV스마트형 | 리모컨 가격 : 184,000원 링크 : https://link.coupang.com/a/cXsT6k 9위 : 홀리데이즈 프리미엄 콜라겐 타블렛 가격 : 9,900원 링크 : https://link.coupang.com/a/cXsT6l 10위 : 드라이핏 휴대용 의류 건조기 포터블 옷 빨래 스타일러 여행 출장 미니 접이식 소형 초경량, 1개, 포터블건조기 가격 : 154,000원 링크 : https://link.coupang.com/a/cXsT6m ⭐️ 특별 혜택 링크 https://temu.to/k/glb5f443d8e 을(를) 탭하고 최고 품질의 상품을 초저가로 만나보세요. 🛍 이렇게 파격적인 혜택은 오직 Temu에서만 제공됩니다. 지금 쇼핑하고 큰 할인을 받으세요! ⭐️ 당신을 위한 또 다른 놀라움! 저와 함께 수익을 얻으시려면 https://temu.to/k/g7a19moq5z4 을 클릭하세요! 감사합니다.",171,"['포스팅', '쿠팡', '파트너스', '활동', '일환', '따르', '일정액', '수수료', '제공', '락토핏', '코어', '유산균', '가격', '링크', '식품', '건조기', '고추', '야채', '소형', '과일', '가정', '업소', '가격', '링크', '트리', '데이', '프리미엄', '밀크', '골드', '가격', '링크', '코리아', '다용도', '접이식', '식품', '건조', '생선', '건조', '야채', '건조', '나물', '건조', '고추', '건조', '화이트', '가격', '링크', '트리', '데이', '메가', '렉스', '마그네슘', '가격', '링크', '코리아', '다용도', '접이식', '식품', '건조', '생선', '건조', '야채', '건조', '나물', '건조', '고추', '건조', '화이트', '가격', '링크', '트리', '데이', '프리미엄', '밀크', '골드', '가격', '링크', '심플', '행거', '접이식', '의류', '관리', '건조기', '살균', '빈대', '제거', '스마트', '리모컨', '가격', '링크', '홀리데이', '프리미엄', '콜라겐', '가격', '링크', '드라이핏', '휴대', '의류', '건조기', '포터블', '빨래', '스타일', '여행', '출장', '미니', '접이식', '소형', '경량', '포터블', '건조기', '가격', '링크', '특별', '혜택', '링크', '최고', '품질', '상품', '저가', '만나', '이렇', '파격', '혜택', '제공', '쇼핑', '할인', '당신', '위하', '놀랍', '수익', '클릭', '감사']",긍정,긍정
"다이소 추천템 하나만 꼽자면, 뭐가 먼저 떠오르세요?🌿 If you had to pick just one Daiso item, what comes to mind first?",172,"['다이소', '추천', '하나', '떠오르']",긍정,긍정
"이 포스팅은 쿠팡파트너스 활동의 일환으로, 이에 따른 일정액의 수수료를 제공받습니다. https://link.coupang.com/a/cWltx4 1위 : 종근당건강 프로메가 오메가3 트리플 장용성 가격 : 10,320원 링크 : https://link.coupang.com/a/cWltx4 2위 : BH코리아 다용도 접이식 식품 건조망 (생선건조,야채건조,나물건조,고추건조) BH KOREA, 1개, 2단, 화이트 가격 : 10,500원 링크 : https://link.coupang.com/a/cWltx5 3위 : 깔끔타 공간활용 이불 빨래건조대 가격 : 10,900원 링크 : https://link.coupang.com/a/cWltx6 4위 : BH코리아 다용도 접이식 식품 건조망 (생선건조,야채건조,나물건조,고추건조) BH KOREA, 1개, 1단, 화이트 가격 : 9,500원 링크 : https://link.coupang.com/a/cWltx7 5위 : [국민건강 프로젝트] 대웅제약 마그네슘 에너지케어 가격 : 19,900원 링크 : https://link.coupang.com/a/cWltx8 6위 : [국민건강 프로젝트] 대웅제약 프로바이오틱스 유산균 가격 : 10,000원 링크 : https://link.coupang.com/a/cWltx9 7위 : [국민건강 프로젝트] 대웅제약 프로바이오틱스 유산균 가격 : 19,900원 링크 : https://link.coupang.com/a/cWltya 8위 : 건조망, 1개, 건조망(400x400) 가격 : 8,900원 링크 : https://link.coupang.com/a/cWltyb ⭐️ 특별 혜택 링크 https://temu.to/k/glb5f443d8e 을(를) 탭하고 최고 품질의 상품을 초저가로 만나보세요. 🛍 이렇게 파격적인 혜택은 오직 Temu에서만 제공됩니다. 지금 쇼핑하고 큰 할인을 받으세요! ⭐️ 당신을 위한 또 다른 놀라움! 저와 함께 수익을 얻으시려면 https://temu.to/k/g7a19moq5z4 을 클릭하세요! 감사합니다.",173,"['포스팅', '쿠팡', '파트너스', '활동', '일환', '따르', '일정액', '수수료', '제공', '종근당', '건강', '프로', '메가', '오메가', '트리플', '장용', '가격', '링크', '코리아', '다용도', '접이식', '식품', '건조', '생선', '건조', '야채', '건조', '나물', '건조', '고추', '건조', '화이트', '가격', '링크', '깔끔', '공간', '활용', '이불', '빨래', '건조대', '가격', '링크', '코리아', '다용도', '접이식', '식품', '건조', '생선', '건조', '야채', '건조', '나물', '건조', '고추', '건조', '화이트', '가격', '링크', '국민', '건강', '프로젝트', '대웅제약', '마그네슘', '에너지', '케어', '가격', '링크', '국민', '건강', '프로젝트', '대웅제약', '프로바이오틱스', '유산균', '가격', '링크', '국민', '건강', '프로젝트', '대웅제약', '프로바이오틱스', '유산균', '가격', '링크', '조망', '건조', '가격', '링크', '특별', '혜택', '링크', '최고', '품질', '상품', '저가', '만나', '이렇', '파격', '혜택', '제공', '쇼핑', '할인', '당신', '위하', '놀랍', '수익', '클릭', '감사']",긍정,긍정
구독과 좋아요 콕콕 콕콕 ^^,175,['구독'],중립,긍정
"영상 속 다이소 건기식 종류 구매링크: https://link.coupang.com/a/cYivo5 이 포스팅은 쿠팡파트너스 활동의 일환으로, 이에 따른 일정액의 수수료를 제공받습니다. 1위 : [국민건강 프로젝트] 대웅제약 마그네슘 에너지케어 가격 : 19,900원 링크 : https://link.coupang.com/a/cYivo5 2위 : [국민건강 프로젝트] 대웅제약 바나바잎추출물 가격 : 20,000원 링크 : https://link.coupang.com/a/cYivo8 3위 : [국민건강 프로젝트] 대웅제약 프로바이오틱스 유산균 가격 : 19,900원 링크 : https://link.coupang.com/a/cYivo9 4위 : BH코리아 다용도 접이식 식품 건조망 (생선건조,야채건조,나물건조,고추건조) BH KOREA, 1개, 3단, 화이트 가격 : 11,500원 링크 : https://link.coupang.com/a/cYivpb 5위 : [국민건강 프로젝트] 대웅제약 바나바잎추출물 가격 : 10,000원 링크 : https://link.coupang.com/a/cYivpc 6위 : 휴대용 빨래건조기 UV살균 접이식 미니 건조기 스타일러 소형 빨래건조기 접이식 휴대용 원룸건조기, 화이트 가격 : 31,990원 링크 : https://link.coupang.com/a/cYivpd 7위 : 판클 EPA DPA 중성지방 다이어트 오메가3 지방산 30일분 가격 : 16,300원 링크 : https://link.coupang.com/a/cYivpe 8위 : 유니스 고급형 다용도 접이식 생선 건조망, 1개, 3단, 화이트 가격 : 12,100원 링크 : https://link.coupang.com/a/cYivpg 9위 : 종근당건강 프로메가 오메가3 트리플 장용성 가격 : 10,590원 링크 : https://link.coupang.com/a/cYivpi 10위 : ON US 식품 건조기 고추 야채 소형 과일 가정용 업소용 가격 : 139,000원 링크 : https://link.coupang.com/a/cYivpk 감사합니다.",177,"['영상', '다이소', '종류', '구매', '링크', '포스팅', '쿠팡', '파트너스', '활동', '일환', '따르', '일정액', '수수료', '제공', '국민', '건강', '프로젝트', '대웅제약', '마그네슘', '에너지', '케어', '가격', '링크', '국민', '건강', '프로젝트', '대웅제약', '추출물', '가격', '링크', '국민', '건강', '프로젝트', '대웅제약', '프로바이오틱스', '유산균', '가격', '링크', '코리아', '다용도', '접이식', '식품', '건조', '생선', '건조', '야채', '건조', '나물', '건조', '고추', '건조', '화이트', '가격', '링크', '국민', '건강', '프로젝트', '대웅제약', '추출물', '가격', '링크', '휴대', '빨래', '건조기', '살균', '접이식', '미니', '건조기', '스타일', '소형', '빨래', '건조기', '접이식', '휴대', '원룸', '건조기', '화이트', '가격', '링크', '판클', '중성', '지방', '다이어트', '오메가', '지방산', '가격', '링크', '유니스', '고급', '다용도', '접이식', '생선', '건조', '화이트', '가격', '링크', '종근당', '건강', '프로', '메가', '오메가', '트리플', '장용', '가격', '링크', '식품', '건조기', '고추', '야채', '소형', '과일', '가정', '업소', '가격', '링크', '감사']",긍정,긍정
"이 포스팅은 쿠팡파트너스 활동의 일환으로, 이에 따른 일정액의 수수료를 제공받습니다. https://link.coupang.com/a/cUDXLH 1위 : KEMEI 싱크대 180도회전 행주 타월 수납 선반, 미니 다기능 물빼기 건조대 주방필수, 투명 화이트, 1개 가격 : 13,500원 링크 : https://link.coupang.com/a/cUDXLH 2위 : [국민건강 프로젝트] 대웅제약 프리미엄 콘드로이친 가격 : 10,000원 링크 : https://link.coupang.com/a/cUDXLI 3위 : [국민건강 프로젝트] 대웅제약 프로바이오틱스 유산균 가격 : 19,900원 링크 : https://link.coupang.com/a/cUDXLJ 4위 : 미니건조기필터 구번 역대급 공장가격판매 한정수량 가격 : 10,700원 링크 : https://link.coupang.com/a/cUDXLK 5위 : BH코리아 다용도 접이식 식품 건조망 (생선건조,야채건조,나물건조,고추건조) BH KOREA, 1개, 1단, 화이트 가격 : 9,500원 링크 : https://link.coupang.com/a/cUDXLL 6위 : [국민건강 프로젝트] 대웅제약 프로바이오틱스 유산균 가격 : 9,600원 링크 : https://link.coupang.com/a/cUDXLM 7위 : 종근당건강 프로메가 오메가3 트리플 장용성 가격 : 10,560원 링크 : https://link.coupang.com/a/cUDXLN 8위 : UML마켓 즉석 된장 간편국 블럭국 골라담기 구성 가격 : 11,100원 링크 : https://link.coupang.com/a/cUDXLO 9위 : [국민건강 프로젝트] 대웅제약 프리미엄 콘드로이친 가격 : 20,000원 링크 : https://link.coupang.com/a/cUDXLP 10위 : 한미 오메가3맥스 30캡슐 EPA 눈영양제 눈건강 가격 : 32,400원 링크 : https://link.coupang.com/a/cUDXLQ ⭐️ 특별 혜택 링크 https://temu.to/k/glb5f443d8e 을(를) 탭하고 최고 품질의 상품을 초저가로 만나보세요. 🛍 이렇게 파격적인 혜택은 오직 Temu에서만 제공됩니다. 지금 쇼핑하고 큰 할인을 받으세요! ⭐️ 당신을 위한 또 다른 놀라움! 저와 함께 수익을 얻으시려면 https://temu.to/k/g7a19moq5z4 을 클릭하세요! 감사합니다.",178,"['포스팅', '쿠팡', '파트너스', '활동', '일환', '따르', '일정액', '수수료', '제공', '싱크대', '회전', '행주', '타월', '수납', '선반', '미니', '다기능', '건조대', '주방', '필수', '투명', '화이트', '가격', '링크', '국민', '건강', '프로젝트', '대웅제약', '프리미엄', '가격', '링크', '국민', '건강', '프로젝트', '대웅제약', '프로바이오틱스', '유산균', '가격', '링크', '미니', '건조기', '필터', '역대', '공장', '가격', '판매', '한정', '수량', '가격', '링크', '코리아', '다용도', '접이식', '식품', '건조', '생선', '건조', '야채', '건조', '나물', '건조', '고추', '건조', '화이트', '가격', '링크', '국민', '건강', '프로젝트', '대웅제약', '프로바이오틱스', '유산균', '가격', '링크', '종근당', '건강', '프로', '메가', '오메가', '트리플', '장용', '가격', '링크', '마켓', '즉석', '된장', '블럭', '고르', '구성', '가격', '링크', '국민', '건강', '프로젝트', '대웅제약', '프리미엄', '가격', '링크', '한미', '오메가', '맥스', '캡슐', '영양제', '건강', '가격', '링크', '특별', '혜택', '링크', '최고', '품질', '상품', '저가', '만나', '이렇', '파격', '혜택', '제공', '쇼핑', '할인', '당신', '위하', '놀랍', '수익', '클릭', '감사']",긍정,긍정
"영상 속 다이소 건기식 추천 구매링크: https://link.coupang.com/a/cWgiiV 이 포스팅은 쿠팡파트너스 활동의 일환으로, 이에 따른 일정액의 수수료를 제공받습니다. 1위 : 종근당건강 프로메가 오메가3 트리플 장용성 가격 : 10,320원 링크 : https://link.coupang.com/a/cWgiiV 2위 : BH코리아 다용도 접이식 식품 건조망 (생선건조,야채건조,나물건조,고추건조) BH KOREA, 1개, 1단, 화이트 가격 : 9,500원 링크 : https://link.coupang.com/a/cWgiiX 3위 : [국민건강 프로젝트] 대웅제약 마그네슘 에너지케어 가격 : 19,900원 링크 : https://link.coupang.com/a/cWgii0 4위 : 건조망, 1개, 건조망(400x400) 가격 : 8,900원 링크 : https://link.coupang.com/a/cWgii2 5위 : [국민건강 프로젝트] 대웅제약 프로바이오틱스 유산균 가격 : 10,000원 링크 : https://link.coupang.com/a/cWgii6 6위 : [국민건강 프로젝트] 대웅제약 프로바이오틱스 유산균 가격 : 19,900원 링크 : https://link.coupang.com/a/cWgii8 7위 : [국민건강 프로젝트] 대웅제약 마그네슘 에너지케어 가격 : 10,000원 링크 : https://link.coupang.com/a/cWgija 8위 : 그린몬스터 맥스 밀크씨슬 10 3개월분 가격 : 6,900원 링크 : https://link.coupang.com/a/cWgijc 9위 : ON US 식품 건조기 고추 야채 소형 과일 가정용 업소용 가격 : 219,000원 링크 : https://link.coupang.com/a/cWgije 10위 : [세계필터] 미니 건조기필터 19매, 1개 가격 : 14,900원 링크 : https://link.coupang.com/a/cWgijf 감사합니다.",179,"['영상', '다이소', '추천', '구매', '링크', '포스팅', '쿠팡', '파트너스', '활동', '일환', '따르', '일정액', '수수료', '제공', '종근당', '건강', '프로', '메가', '오메가', '트리플', '장용', '가격', '링크', '코리아', '다용도', '접이식', '식품', '건조', '생선', '건조', '야채', '건조', '나물', '건조', '고추', '건조', '화이트', '가격', '링크', '국민', '건강', '프로젝트', '대웅제약', '마그네슘', '에너지', '케어', '가격', '링크', '건조', '건조', '가격', '링크', '국민', '건강', '프로젝트', '대웅제약', '프로바이오틱스', '유산균', '가격', '링크', '국민', '건강', '프로젝트', '대웅제약', '프로바이오틱스', '유산균', '가격', '링크', '국민', '건강', '프로젝트', '대웅제약', '마그네슘', '에너지', '케어', '가격', '링크', '그린', '몬스터', '맥스', '밀크', '개월', '가격', '링크', '식품', '건조기', '고추', '야채', '소형', '과일', '가정', '업소', '가격', '링크', '세계', '필터', '미니', '건조기', '필터', '가격', '링크', '감사']",긍정,긍정
"이 포스팅은 쿠팡파트너스 활동의 일환으로, 이에 따른 일정액의 수수료를 제공받습니다. https://link.coupang.com/a/cUaSSg 1위 : [국민건강 프로젝트] 대웅제약 프로바이오틱스 유산균 가격 : 19,900원 링크 : https://link.coupang.com/a/cUaSSg 2위 : [국민건강 프로젝트] 대웅제약 프리미엄 콘드로이친 가격 : 19,300원 링크 : https://link.coupang.com/a/cUaSSh 3위 : L아르기닌 엘 비타민B D 미네랄 타우린 아연 마그네슘 칼슘 엽산 비오틴 1000mg 캡슐 가격 : 22,900원 링크 : https://link.coupang.com/a/cUaSSi 4위 : [국민건강 프로젝트] 대웅제약 프리미엄 콘드로이친 가격 : 10,000원 링크 : https://link.coupang.com/a/cUaSSj 5위 : 한미 오메가3맥스 30캡슐 EPA 눈영양제 눈건강 가격 : 32,400원 링크 : https://link.coupang.com/a/cUaSSk 6위 : 종근당건강 프로메가 오메가3 트리플 장용성 가격 : 10,560원 링크 : https://link.coupang.com/a/cUaSSl 7위 : 프로메가 알티지 오메가3 듀얼 가격 : 24,550원 링크 : https://link.coupang.com/a/cUaSSm 8위 : [국민건강 프로젝트] 대웅제약 프로바이오틱스 유산균 가격 : 10,000원 링크 : https://link.coupang.com/a/cUaSSn 9위 : UML마켓 즉석 된장 간편국 블럭국 골라담기 구성 가격 : 11,100원 링크 : https://link.coupang.com/a/cUaSSo 10위 : [본사직영] 여에스더 초임계 알티지 오메가3 1020mg 국민영양 프로젝트 가격 : 29,700원 링크 : https://link.coupang.com/a/cUaSSp ⭐️ 특별 혜택 링크 https://temu.to/k/glb5f443d8e 을(를) 탭하고 최고 품질의 상품을 초저가로 만나보세요. 🛍 이렇게 파격적인 혜택은 오직 Temu에서만 제공됩니다. 지금 쇼핑하고 큰 할인을 받으세요! ⭐️ 당신을 위한 또 다른 놀라움! 저와 함께 수익을 얻으시려면 https://temu.to/k/g7a19moq5z4 을 클릭하세요! 감사합니다.",180,"['포스팅', '쿠팡', '파트너스', '활동', '일환', '따르', '일정액', '수수료', '제공', '국민', '건강', '프로젝트', '대웅제약', '프로바이오틱스', '유산균', '가격', '링크', '국민', '건강', '프로젝트', '대웅제약', '프리미엄', '가격', '링크', '아르기닌', '비타민', '미네랄', '타우린', '아연', '마그네슘', '칼슘', '엽산', '비오티', '캡슐', '가격', '링크', '국민', '건강', '프로젝트', '대웅제약', '프리미엄', '가격', '링크', '한미', '오메가', '맥스', '캡슐', '영양제', '건강', '가격', '링크', '종근당', '건강', '프로', '메가', '오메가', '트리플', '장용', '가격', '링크', '프로', '메가', '알티', '오메가', '듀얼', '가격', '링크', '국민', '건강', '프로젝트', '대웅제약', '프로바이오틱스', '유산균', '가격', '링크', '마켓', '즉석', '된장', '블럭', '고르', '구성', '가격', '링크', '본사', '직영', '여에스더', '초임', '알티', '오메가', '국민', '영양', '프로젝트', '가격', '링크', '특별', '혜택', '링크', '최고', '품질', '상품', '저가', '만나', '이렇', '파격', '혜택', '제공', '쇼핑', '할인', '당신', '위하', '놀랍', '수익', '클릭', '감사']",긍정,긍정
"이 포스팅은 쿠팡파트너스 활동의 일환으로, 이에 따른 일정액의 수수료를 제공받습니다. https://link.coupang.com/a/cT6qVT 1위 : [국민건강 프로젝트] 대웅제약 프로바이오틱스 유산균 가격 : 19,900원 링크 : https://link.coupang.com/a/cT6qVT 2위 : [국민건강 프로젝트] 대웅제약 프리미엄 콘드로이친 가격 : 19,300원 링크 : https://link.coupang.com/a/cT6qVW 3위 : [국민건강 프로젝트] 대웅제약 프리미엄 콘드로이친 가격 : 10,000원 링크 : https://link.coupang.com/a/cT6qVY 4위 : BH코리아 다용도 접이식 식품 건조망 (생선건조,야채건조,나물건조,고추건조) BH KOREA, 1개, 2단, 화이트 가격 : 10,500원 링크 : https://link.coupang.com/a/cT6qVZ 5위 : L아르기닌 엘 비타민B D 미네랄 타우린 아연 마그네슘 칼슘 엽산 비오틴 1000mg 캡슐 가격 : 22,900원 링크 : https://link.coupang.com/a/cT6qV0 6위 : 에버하우스 다용도 신발 건조기 세탁 건조망 40 x 40 cm, 화이트, 2개 가격 : 5,910원 링크 : https://link.coupang.com/a/cT6qV1 7위 : 한미 오메가3맥스 30캡슐 EPA 눈영양제 눈건강 가격 : 32,400원 링크 : https://link.coupang.com/a/cT6qV2 8위 : 종근당건강 프로메가 오메가3 트리플 장용성 가격 : 10,560원 링크 : https://link.coupang.com/a/cT6qV4 9위 : [국민건강 프로젝트] 대웅제약 프로바이오틱스 유산균 가격 : 10,000원 링크 : https://link.coupang.com/a/cT6qV5 10위 : 프로메가 알티지 오메가3 듀얼 가격 : 24,550원 링크 : https://link.coupang.com/a/cT6qV6 ⭐️ 특별 혜택 링크 https://temu.to/k/glb5f443d8e 을(를) 탭하고 최고 품질의 상품을 초저가로 만나보세요. 🛍 이렇게 파격적인 혜택은 오직 Temu에서만 제공됩니다. 지금 쇼핑하고 큰 할인을 받으세요! ⭐️ 당신을 위한 또 다른 놀라움! 저와 함께 수익을 얻으시려면 https://temu.to/k/g7a19moq5z4 을 클릭하세요! 감사합니다.",182,"['포스팅', '쿠팡', '파트너스', '활동', '일환', '따르', '일정액', '수수료', '제공', '국민', '건강', '프로젝트', '대웅제약', '프로바이오틱스', '유산균', '가격', '링크', '국민', '건강', '프로젝트', '대웅제약', '프리미엄', '가격', '링크', '국민', '건강', '프로젝트', '대웅제약', '프리미엄', '가격', '링크', '코리아', '다용도', '접이식', '식품', '건조', '생선', '건조', '야채', '건조', '나물', '건조', '고추', '건조', '화이트', '가격', '링크', '아르기닌', '비타민', '미네랄', '타우린', '아연', '마그네슘', '칼슘', '엽산', '비오티', '캡슐', '가격', '링크', '에버', '하우스', '다용도', '신발', '건조기', '세탁', '건조', '화이트', '가격', '링크', '한미', '오메가', '맥스', '캡슐', '영양제', '건강', '가격', '링크', '종근당', '건강', '프로', '메가', '오메가', '트리플', '장용', '가격', '링크', '국민', '건강', '프로젝트', '대웅제약', '프로바이오틱스', '유산균', '가격', '링크', '프로', '메가', '알티', '오메가', '듀얼', '가격', '링크', '특별', '혜택', '링크', '최고', '품질', '상품', '저가', '만나', '이렇', '파격', '혜택', '제공', '쇼핑', '할인', '당신', '위하', '놀랍', '수익', '클릭', '감사']",긍정,긍정
완전 가성비 장난 아닌데요?!!,184,"['가성비', '장난', '아니']",긍정,긍정
"영상 속 다이소 건기식 다이어트 구매링크: https://link.coupang.com/a/cZqdf1 이 포스팅은 쿠팡파트너스 활동의 일환으로, 이에 따른 일정액의 수수료를 제공받습니다. 1위 : [국민건강 프로젝트] 대웅제약 바나바잎추출물 가격 : 18,000원 링크 : https://link.coupang.com/a/cZqdf1 2위 : 판클 EPA DPA 중성지방 다이어트 오메가3 지방산 30일분 가격 : 16,300원 링크 : https://link.coupang.com/a/cZqdf2 3위 : [국민건강 프로젝트] 대웅제약 녹차 추출물 카테킨 체지방컷 비타민C 판토텐산 가격 : 18,000원 링크 : https://link.coupang.com/a/cZqdf3 4위 : [국민건강 프로젝트] 대웅제약 바나바잎추출물 가격 : 10,000원 링크 : https://link.coupang.com/a/cZqdf5 5위 : [국민건강 프로젝트] 대웅제약 녹차 추출물 카테킨 체지방컷 비타민C 판토텐산 가격 : 10,000원 링크 : https://link.coupang.com/a/cZqdf7 6위 : 홈프로 매쉬 다용도 야채 보관망 양파 마늘 건조망 장바구니 1 | 1, 2개, 그린 가격 : 7,960원 링크 : https://link.coupang.com/a/cZqdf8 7위 : 리빙가감법 한 손으로 쉽게 누르는 탈수기 6L 대형 샐러드 스피너 믹서 채소 허브 베리 과일용 야채 건조기, 1개, 투명 가격 : 35,600원 링크 : https://link.coupang.com/a/cZqdga 8위 : 키친아트 5단 전기건조기 식품건조 KNT-202, KNT-202 가격 : 56,900원 링크 : https://link.coupang.com/a/cZqdgc 9위 : ON US 식품 건조기 고추 야채 소형 과일 가정용 업소용 가격 : 149,000원 링크 : https://link.coupang.com/a/cZqdgd 10위 : 신일테크 풀스텐 식품건조기 수동다이얼 SR-12FD 가격 : 269,000원 링크 : https://link.coupang.com/a/cZqdge 감사합니다.",185,"['영상', '다이소', '다이어트', '구매', '링크', '포스팅', '쿠팡', '파트너스', '활동', '일환', '따르', '일정액', '수수료', '제공', '국민', '건강', '프로젝트', '대웅제약', '추출물', '가격', '링크', '판클', '중성', '지방', '다이어트', '오메가', '지방산', '가격', '링크', '국민', '건강', '프로젝트', '대웅제약', '녹차', '추출물', '카테킨', '체지방', '비타민', '판토텐산', '가격', '링크', '국민', '건강', '프로젝트', '대웅제약', '추출물', '가격', '링크', '국민', '건강', '프로젝트', '대웅제약', '녹차', '추출물', '카테킨', '체지방', '비타민', '판토텐산', '가격', '링크', '프로', '매쉬', '다용도', '야채', '보관', '마늘', '건조', '바구니', '그린', '가격', '링크', '리빙', '가감', '누르', '수기', '대형', '샐러드', '스피너', '믹서', '채소', '허브', '베리', '과일', '야채', '건조기', '투명', '가격', '링크', '키친', '아트', '전기', '건조기', '식품', '건조', '가격', '링크', '식품', '건조기', '고추', '야채', '소형', '과일', '가정', '업소', '가격', '링크', '테크', '스텐', '식품', '건조기', '수동', '다이얼', '가격', '링크', '감사']",긍정,긍정
"이 포스팅은 쿠팡파트너스 활동의 일환으로, 이에 따른 일정액의 수수료를 제공받습니다. https://link.coupang.com/a/cUoYZ8 1위 : [국민건강 프로젝트] 대웅제약 프로바이오틱스 유산균 가격 : 19,900원 링크 : https://link.coupang.com/a/cUoYZ8 2위 : KEMEI 싱크대 180도회전 행주 타월 수납 선반, 미니 다기능 물빼기 건조대 주방필수, 투명 화이트, 1개 가격 : 13,500원 링크 : https://link.coupang.com/a/cUoYZ9 3위 : [국민건강 프로젝트] 대웅제약 프리미엄 콘드로이친 가격 : 10,000원 링크 : https://link.coupang.com/a/cUoY0a 4위 : 미니건조기필터 육번 초저가 대량 한정수량 가격 : 10,400원 링크 : https://link.coupang.com/a/cUoY0c 5위 : 한미 오메가3맥스 30캡슐 EPA 눈영양제 눈건강 가격 : 32,400원 링크 : https://link.coupang.com/a/cUoY0e 6위 : [세계필터] 미니 건조기필터 19매, 1개 가격 : 14,900원 링크 : https://link.coupang.com/a/cUoY0f 7위 : [국민건강 프로젝트] 대웅제약 프리미엄 콘드로이친 가격 : 19,300원 링크 : https://link.coupang.com/a/cUoY0h 8위 : 미니건조기필터 구번 역대급 공장가격판매 한정수량 가격 : 8,800원 링크 : https://link.coupang.com/a/cUoY0i 9위 : [국민건강 프로젝트] 대웅제약 프로바이오틱스 유산균 가격 : 10,000원 링크 : https://link.coupang.com/a/cUoY0k 10위 : 미니건조기필터 세트 행사 대량 가격 : 7,500원 링크 : https://link.coupang.com/a/cUoY0l ⭐️ 특별 혜택 링크 https://temu.to/k/glb5f443d8e 을(를) 탭하고 최고 품질의 상품을 초저가로 만나보세요. 🛍 이렇게 파격적인 혜택은 오직 Temu에서만 제공됩니다. 지금 쇼핑하고 큰 할인을 받으세요! ⭐️ 당신을 위한 또 다른 놀라움! 저와 함께 수익을 얻으시려면 https://temu.to/k/g7a19moq5z4 을 클릭하세요! 감사합니다.",187,"['포스팅', '쿠팡', '파트너스', '활동', '일환', '따르', '일정액', '수수료', '제공', '국민', '건강', '프로젝트', '대웅제약', '프로바이오틱스', '유산균', '가격', '링크', '싱크대', '회전', '행주', '타월', '수납', '선반', '미니', '다기능', '건조대', '주방', '필수', '투명', '화이트', '가격', '링크', '국민', '건강', '프로젝트', '대웅제약', '프리미엄', '가격', '링크', '미니', '건조기', '필터', '저가', '대량', '한정', '수량', '가격', '링크', '한미', '오메가', '맥스', '캡슐', '영양제', '건강', '가격', '링크', '세계', '필터', '미니', '건조기', '필터', '가격', '링크', '국민', '건강', '프로젝트', '대웅제약', '프리미엄', '가격', '링크', '미니', '건조기', '필터', '역대', '공장', '가격', '판매', '한정', '수량', '가격', '링크', '국민', '건강', '프로젝트', '대웅제약', '프로바이오틱스', '유산균', '가격', '링크', '미니', '건조기', '필터', '세트', '행사', '대량', '가격', '링크', '특별', '혜택', '링크', '최고', '품질', '상품', '저가', '만나', '이렇', '파격', '혜택', '제공', '쇼핑', '할인', '당신', '위하', '놀랍', '수익', '클릭', '감사']",긍정,긍정
"영상 속 다이소 건기식 판매 구매링크: https://link.coupang.com/a/cWgStO 이 포스팅은 쿠팡파트너스 활동의 일환으로, 이에 따른 일정액의 수수료를 제공받습니다. 1위 : [국민건강 프로젝트] 대웅제약 마그네슘 에너지케어 가격 : 19,900원 링크 : https://link.coupang.com/a/cWgStO 2위 : 깔끔타 공간활용 이불 빨래건조대 가격 : 10,900원 링크 : https://link.coupang.com/a/cWgStP 3위 : [국민건강 프로젝트] 대웅제약 프로바이오틱스 유산균 가격 : 19,900원 링크 : https://link.coupang.com/a/cWgStQ 4위 : [세계필터] 미니 건조기필터 19매, 1개 가격 : 14,900원 링크 : https://link.coupang.com/a/cWgStR 5위 : 종근당건강 프로메가 오메가3 트리플 장용성 가격 : 10,320원 링크 : https://link.coupang.com/a/cWgStS 6위 : [국민건강 프로젝트] 대웅제약 바나바잎추출물 가격 : 20,000원 링크 : https://link.coupang.com/a/cWgStT 7위 : 그린몬스터 맥스 밀크씨슬 10 3개월분 가격 : 6,900원 링크 : https://link.coupang.com/a/cWgStU 8위 : [국민건강 프로젝트] 대웅제약 프로바이오틱스 유산균 가격 : 10,000원 링크 : https://link.coupang.com/a/cWgStW 9위 : 락토핏 코어 유산균 60p 가격 : 32,200원 링크 : https://link.coupang.com/a/cWgStX 10위 : [국민건강 프로젝트] 대웅제약 마그네슘 에너지케어 가격 : 10,000원 링크 : https://link.coupang.com/a/cWgStZ 감사합니다.",191,"['영상', '다이소', '판매', '구매', '링크', '포스팅', '쿠팡', '파트너스', '활동', '일환', '따르', '일정액', '수수료', '제공', '국민', '건강', '프로젝트', '대웅제약', '마그네슘', '에너지', '케어', '가격', '링크', '깔끔', '공간', '활용', '이불', '빨래', '건조대', '가격', '링크', '국민', '건강', '프로젝트', '대웅제약', '프로바이오틱스', '유산균', '가격', '링크', '세계', '필터', '미니', '건조기', '필터', '가격', '링크', '종근당', '건강', '프로', '메가', '오메가', '트리플', '장용', '가격', '링크', '국민', '건강', '프로젝트', '대웅제약', '추출물', '가격', '링크', '그린', '몬스터', '맥스', '밀크', '개월', '가격', '링크', '국민', '건강', '프로젝트', '대웅제약', '프로바이오틱스', '유산균', '가격', '링크', '락토핏', '코어', '유산균', '가격', '링크', '국민', '건강', '프로젝트', '대웅제약', '마그네슘', '에너지', '케어', '가격', '링크', '감사']",긍정,긍정
저도 요즘 기력이 좀 쇠한데 다이소 영양제로 몸 챙겨야겠어요!,192,"['요즘', '기력', '쇠하', '다이소', '영양제', '챙기']",긍정,긍정
"영상 속 다이소 건기식 종류 구매링크: https://link.coupang.com/a/cXsWil 이 포스팅은 쿠팡파트너스 활동의 일환으로, 이에 따른 일정액의 수수료를 제공받습니다. 1위 : [국민건강 프로젝트] 대웅제약 마그네슘 에너지케어 가격 : 19,900원 링크 : https://link.coupang.com/a/cXsWil 2위 : ON US 식품 건조기 고추 야채 소형 과일 가정용 업소용 가격 : 129,000원 링크 : https://link.coupang.com/a/cXsWim 3위 : [국민건강 프로젝트] 대웅제약 바나바잎추출물 가격 : 20,000원 링크 : https://link.coupang.com/a/cXsWin 4위 : BH코리아 다용도 접이식 식품 건조망 (생선건조,야채건조,나물건조,고추건조) BH KOREA, 1개, 2단, 화이트 가격 : 10,500원 링크 : https://link.coupang.com/a/cXsWio 5위 : [국민건강 프로젝트] 대웅제약 프로바이오틱스 유산균 가격 : 19,900원 링크 : https://link.coupang.com/a/cXsWip 6위 : BH코리아 다용도 접이식 식품 건조망 (생선건조,야채건조,나물건조,고추건조) BH KOREA, 1개, 3단, 화이트 가격 : 11,500원 링크 : https://link.coupang.com/a/cXsWiq 7위 : 종근당건강 프로메가 오메가3 트리플 장용성 가격 : 10,470원 링크 : https://link.coupang.com/a/cXsWir 8위 : [국민건강 프로젝트] 대웅제약 프로바이오틱스 유산균 가격 : 10,000원 링크 : https://link.coupang.com/a/cXsWis 9위 : [국민건강 프로젝트] 대웅제약 바나바잎추출물 가격 : 10,000원 링크 : https://link.coupang.com/a/cXsWit 10위 : 자연그대로 식품 건조기 행잉 후크 회전식 육포 건조기 육포건조 과일건조 동시에 가능 업소용 가격 : 245,000원 링크 : https://link.coupang.com/a/cXsWiv 감사합니다.",193,"['영상', '다이소', '종류', '구매', '링크', '포스팅', '쿠팡', '파트너스', '활동', '일환', '따르', '일정액', '수수료', '제공', '국민', '건강', '프로젝트', '대웅제약', '마그네슘', '에너지', '케어', '가격', '링크', '식품', '건조기', '고추', '야채', '소형', '과일', '가정', '업소', '가격', '링크', '국민', '건강', '프로젝트', '대웅제약', '추출물', '가격', '링크', '코리아', '다용도', '접이식', '식품', '건조', '생선', '건조', '야채', '건조', '나물', '건조', '고추', '건조', '화이트', '가격', '링크', '국민', '건강', '프로젝트', '대웅제약', '프로바이오틱스', '유산균', '가격', '링크', '코리아', '다용도', '접이식', '식품', '건조', '생선', '건조', '야채', '건조', '나물', '건조', '고추', '건조', '화이트', '가격', '링크', '종근당', '건강', '프로', '메가', '오메가', '트리플', '장용', '가격', '링크', '국민', '건강', '프로젝트', '대웅제약', '프로바이오틱스', '유산균', '가격', '링크', '국민', '건강', '프로젝트', '대웅제약', '추출물', '가격', '링크', '자연', '식품', '건조기', '후크', '회전식', '육포', '건조기', '육포', '건조', '과일', '건조', '동시', '가능', '업소', '가격', '링크', '감사']",긍정,긍정
"영상 속 다이소 건기식 구매링크: https://link.coupang.com/a/cXsmSY 이 포스팅은 쿠팡파트너스 활동의 일환으로, 이에 따른 일정액의 수수료를 제공받습니다. 1위 : [국민건강 프로젝트] 대웅제약 마그네슘 에너지케어 가격 : 19,900원 링크 : https://link.coupang.com/a/cXsmSY 2위 : [국민건강 프로젝트] 대웅제약 바나바잎추출물 가격 : 20,000원 링크 : https://link.coupang.com/a/cXsmS0 3위 : [국민건강 프로젝트] 대웅제약 프로바이오틱스 유산균 가격 : 19,900원 링크 : https://link.coupang.com/a/cXsmS1 4위 : BH코리아 다용도 접이식 식품 건조망 (생선건조,야채건조,나물건조,고추건조) BH KOREA, 1개, 3단, 화이트 가격 : 11,500원 링크 : https://link.coupang.com/a/cXsmS2 5위 : 유니스 고급형 다용도 접이식 생선 건조망, 1개, 3단, 화이트 가격 : 12,100원 링크 : https://link.coupang.com/a/cXsmS3 6위 : 종근당건강 프로메가 오메가3 트리플 장용성 가격 : 10,470원 링크 : https://link.coupang.com/a/cXsmS4 7위 : 신일 5단 식품건조기 스퀘어 SFD-200WJD, SFD-200WJD딥화이트 가격 : 49,800원 링크 : https://link.coupang.com/a/cXsmS5 8위 : [국민건강 프로젝트] 대웅제약 프로바이오틱스 유산균 가격 : 10,000원 링크 : https://link.coupang.com/a/cXsmS6 9위 : 종근당 칼슘 앤 마그네슘 비타민D 아연 가격 : 25,080원 링크 : https://link.coupang.com/a/cXsmS8 10위 : [국민건강 프로젝트] 대웅제약 바나바잎추출물 가격 : 10,000원 링크 : https://link.coupang.com/a/cXsmS9 감사합니다.",194,"['영상', '다이소', '구매', '링크', '포스팅', '쿠팡', '파트너스', '활동', '일환', '따르', '일정액', '수수료', '제공', '국민', '건강', '프로젝트', '대웅제약', '마그네슘', '에너지', '케어', '가격', '링크', '국민', '건강', '프로젝트', '대웅제약', '추출물', '가격', '링크', '국민', '건강', '프로젝트', '대웅제약', '프로바이오틱스', '유산균', '가격', '링크', '코리아', '다용도', '접이식', '식품', '건조', '생선', '건조', '야채', '건조', '나물', '건조', '고추', '건조', '화이트', '가격', '링크', '유니스', '고급', '다용도', '접이식', '생선', '건조', '화이트', '가격', '링크', '종근당', '건강', '프로', '메가', '오메가', '트리플', '장용', '가격', '링크', '식품', '건조기', '스퀘어', '화이트', '가격', '링크', '국민', '건강', '프로젝트', '대웅제약', '프로바이오틱스', '유산균', '가격', '링크', '종근당', '칼슘', '마그네슘', '비타민', '아연', '가격', '링크', '국민', '건강', '프로젝트', '대웅제약', '추출물', '가격', '링크', '감사']",긍정,긍정
"이 포스팅은 쿠팡파트너스 활동의 일환으로, 이에 따른 일정액의 수수료를 제공받습니다. https://link.coupang.com/a/cU1O3T 1위 : [국민건강 프로젝트] 대웅제약 프로바이오틱스 유산균 가격 : 19,900원 링크 : https://link.coupang.com/a/cU1O3T 2위 : ON US 식품 건조기 고추 야채 소형 과일 가정용 업소용 가격 : 129,000원 링크 : https://link.coupang.com/a/cU1O3X 3위 : 한미 오메가3맥스 30캡슐 EPA 눈영양제 눈건강 가격 : 32,400원 링크 : https://link.coupang.com/a/cU1O30 4위 : 건조망, 1개, 건조망(400x400) 가격 : 8,900원 링크 : https://link.coupang.com/a/cU1O32 5위 : [국민건강 프로젝트] 대웅제약 프로바이오틱스 유산균 가격 : 9,600원 링크 : https://link.coupang.com/a/cU1O33 6위 : BH코리아 다용도 접이식 식품 건조망 (생선건조,야채건조,나물건조,고추건조) BH KOREA, 1개, 3단, 화이트 가격 : 11,500원 링크 : https://link.coupang.com/a/cU1O34 7위 : [국민건강 프로젝트] 대웅제약 마그네슘 에너지케어 가격 : 19,900원 링크 : https://link.coupang.com/a/cU1O35 8위 : 신일 식품건조기 가정용 고추 야채 과일 음식 고구마말랭이 건조기, 신일 식품건조기 SFD-AR500KP 가격 : 198,000원 링크 : https://link.coupang.com/a/cU1O36 9위 : 종근당건강 프로메가 오메가3 트리플 장용성 가격 : 10,560원 링크 : https://link.coupang.com/a/cU1O37 10위 : [본사직영] 여에스더 초임계 알티지 오메가3 1020mg 국민영양 프로젝트 가격 : 29,700원 링크 : https://link.coupang.com/a/cU1O39 ⭐️ 특별 혜택 링크 https://temu.to/k/glb5f443d8e 을(를) 탭하고 최고 품질의 상품을 초저가로 만나보세요. 🛍 이렇게 파격적인 혜택은 오직 Temu에서만 제공됩니다. 지금 쇼핑하고 큰 할인을 받으세요! ⭐️ 당신을 위한 또 다른 놀라움! 저와 함께 수익을 얻으시려면 https://temu.to/k/g7a19moq5z4 을 클릭하세요! 감사합니다.",196,"['포스팅', '쿠팡', '파트너스', '활동', '일환', '따르', '일정액', '수수료', '제공', '국민', '건강', '프로젝트', '대웅제약', '프로바이오틱스', '유산균', '가격', '링크', '식품', '건조기', '고추', '야채', '소형', '과일', '가정', '업소', '가격', '링크', '한미', '오메가', '맥스', '캡슐', '영양제', '건강', '가격', '링크', '건조', '건조', '가격', '링크', '국민', '건강', '프로젝트', '대웅제약', '프로바이오틱스', '유산균', '가격', '링크', '코리아', '다용도', '접이식', '식품', '건조', '생선', '건조', '야채', '건조', '나물', '건조', '고추', '건조', '화이트', '가격', '링크', '국민', '건강', '프로젝트', '대웅제약', '마그네슘', '에너지', '케어', '가격', '링크', '식품', '건조기', '가정', '고추', '야채', '과일', '음식', '고구마', '건조기', '식품', '건조기', '가격', '링크', '종근당', '건강', '프로', '메가', '오메가', '트리플', '장용', '가격', '링크', '본사', '직영', '여에스더', '초임', '알티', '오메가', '국민', '영양', '프로젝트', '가격', '링크', '특별', '혜택', '링크', '최고', '품질', '상품', '저가', '만나', '이렇', '파격', '혜택', '제공', '쇼핑', '할인', '당신', '위하', '놀랍', '수익', '클릭', '감사']",긍정,긍정
"이 포스팅은 쿠팡파트너스 활동의 일환으로, 이에 따른 일정액의 수수료를 제공받습니다. https://link.coupang.com/a/cU6Xhx 1위 : [국민건강 프로젝트] 대웅제약 프로바이오틱스 유산균 가격 : 19,900원 링크 : https://link.coupang.com/a/cU6Xhx 2위 : 체리닷컴 빨래 약초 만능 공간활용 벽접이식 건조대 망, 소형 화이트 가격 : 21,900원 링크 : https://link.coupang.com/a/cU6Xhy 3위 : 한미 오메가3맥스 30캡슐 EPA 눈영양제 눈건강 가격 : 32,400원 링크 : https://link.coupang.com/a/cU6XhA 4위 : [국민건강 프로젝트] 대웅제약 프로바이오틱스 유산균 가격 : 9,600원 링크 : https://link.coupang.com/a/cU6XhC 5위 : [국민건강 프로젝트] 대웅제약 마그네슘 에너지케어 가격 : 19,900원 링크 : https://link.coupang.com/a/cU6XhE 6위 : 건조망, 1개, 건조망(400x400) 가격 : 8,900원 링크 : https://link.coupang.com/a/cU6XhG 7위 : 종근당건강 프로메가 오메가3 트리플 장용성 가격 : 10,560원 링크 : https://link.coupang.com/a/cU6XhH 8위 : 신일 식품건조기 가정용 고추 야채 과일 음식 고구마말랭이 건조기, 신일 식품건조기 SFD-AR500KP 가격 : 198,000원 링크 : https://link.coupang.com/a/cU6XhI 9위 : [본사직영] 여에스더 초임계 알티지 오메가3 1020mg 국민영양 프로젝트 가격 : 29,700원 링크 : https://link.coupang.com/a/cU6XhK 10위 : 주방 그릇 접시 수납대 식기 건조대 그릇 접시 아스팔트 선반 치물대 칼과 포크 상자 자동 배수, 블랙, 1개 가격 : 23,900원 링크 : https://link.coupang.com/a/cU6XhM ⭐️ 특별 혜택 링크 https://temu.to/k/glb5f443d8e 을(를) 탭하고 최고 품질의 상품을 초저가로 만나보세요. 🛍 이렇게 파격적인 혜택은 오직 Temu에서만 제공됩니다. 지금 쇼핑하고 큰 할인을 받으세요! ⭐️ 당신을 위한 또 다른 놀라움! 저와 함께 수익을 얻으시려면 https://temu.to/k/g7a19moq5z4 을 클릭하세요! 감사합니다.",198,"['포스팅', '쿠팡', '파트너스', '활동', '일환', '따르', '일정액', '수수료', '제공', '국민', '건강', '프로젝트', '대웅제약', '프로바이오틱스', '유산균', '가격', '링크', '체리', '닷컴', '빨래', '약초', '만능', '공간', '활용', '접이식', '건조대', '소형', '화이트', '가격', '링크', '한미', '오메가', '맥스', '캡슐', '영양제', '건강', '가격', '링크', '국민', '건강', '프로젝트', '대웅제약', '프로바이오틱스', '유산균', '가격', '링크', '국민', '건강', '프로젝트', '대웅제약', '마그네슘', '에너지', '케어', '가격', '링크', '건조', '건조', '가격', '링크', '종근당', '건강', '프로', '메가', '오메가', '트리플', '장용', '가격', '링크', '식품', '건조기', '가정', '고추', '야채', '과일', '음식', '고구마', '건조기', '식품', '건조기', '가격', '링크', '본사', '직영', '여에스더', '초임', '알티', '오메가', '국민', '영양', '프로젝트', '가격', '링크', '주방', '그릇', '접시', '수납', '식기', '건조대', '그릇', '접시', '아스팔트', '선반', '포크', '상자', '자동', '배수', '블랙', '가격', '링크', '특별', '혜택', '링크', '최고', '품질', '상품', '저가', '만나', '이렇', '파격', '혜택', '제공', '쇼핑', '할인', '당신', '위하', '놀랍', '수익', '클릭', '감사']",긍정,긍정
굿정보❤,201,['정보'],중립,긍정
"이 포스팅은 쿠팡파트너스 활동의 일환으로, 이에 따른 일정액의 수수료를 제공받습니다. https://link.coupang.com/a/cVOseU 1위 : [국민건강 프로젝트] 대웅제약 마그네슘 에너지케어 가격 : 19,900원 링크 : https://link.coupang.com/a/cVOseU 2위 : BH코리아 다용도 접이식 식품 건조망 (생선건조,야채건조,나물건조,고추건조) BH KOREA, 1개, 1단, 화이트 가격 : 9,500원 링크 : https://link.coupang.com/a/cVOseW 3위 : [국민건강 프로젝트] 대웅제약 프로바이오틱스 유산균 가격 : 19,900원 링크 : https://link.coupang.com/a/cVOseX 4위 : 건조망, 1개, 건조망(400x400) 가격 : 8,900원 링크 : https://link.coupang.com/a/cVOseZ 5위 : [국민건강 프로젝트] 대웅제약 프로바이오틱스 유산균 가격 : 10,000원 링크 : https://link.coupang.com/a/cVOse3 6위 : [세계필터] 미니 건조기필터 19매, 1개 가격 : 14,900원 링크 : https://link.coupang.com/a/cVOse8 7위 : 종근당건강 프로메가 오메가3 트리플 장용성 가격 : 10,560원 링크 : https://link.coupang.com/a/cVOsfd 8위 : 그린몬스터 맥스 밀크씨슬 10 3개월분 가격 : 6,900원 링크 : https://link.coupang.com/a/cVOsfg 9위 : 락토핏 코어 유산균 60p 가격 : 32,200원 링크 : https://link.coupang.com/a/cVOsfi 10위 : [국민건강 프로젝트] 대웅제약 마그네슘 에너지케어 가격 : 10,000원 링크 : https://link.coupang.com/a/cVOsfj ⭐️ 특별 혜택 링크 https://temu.to/k/glb5f443d8e 을(를) 탭하고 최고 품질의 상품을 초저가로 만나보세요. 🛍 이렇게 파격적인 혜택은 오직 Temu에서만 제공됩니다. 지금 쇼핑하고 큰 할인을 받으세요! ⭐️ 당신을 위한 또 다른 놀라움! 저와 함께 수익을 얻으시려면 https://temu.to/k/g7a19moq5z4 을 클릭하세요! 감사합니다.",204,"['포스팅', '쿠팡', '파트너스', '활동', '일환', '따르', '일정액', '수수료', '제공', '국민', '건강', '프로젝트', '대웅제약', '마그네슘', '에너지', '케어', '가격', '링크', '코리아', '다용도', '접이식', '식품', '건조', '생선', '건조', '야채', '건조', '나물', '건조', '고추', '건조', '화이트', '가격', '링크', '국민', '건강', '프로젝트', '대웅제약', '프로바이오틱스', '유산균', '가격', '링크', '조망', '건조', '가격', '링크', '국민', '건강', '프로젝트', '대웅제약', '프로바이오틱스', '유산균', '가격', '링크', '세계', '필터', '미니', '건조기', '필터', '가격', '링크', '종근당', '건강', '프로', '메가', '오메가', '트리플', '장용', '가격', '링크', '그린', '몬스터', '맥스', '밀크', '개월', '가격', '링크', '락토핏', '코어', '유산균', '가격', '링크', '국민', '건강', '프로젝트', '대웅제약', '마그네슘', '에너지', '케어', '가격', '링크', '특별', '혜택', '링크', '최고', '품질', '상품', '저가', '만나', '이렇', '파격', '혜택', '제공', '쇼핑', '할인', '당신', '위하', '놀랍', '수익', '클릭', '감사']",긍정,긍정
"이 포스팅은 쿠팡파트너스 활동의 일환으로, 이에 따른 일정액의 수수료를 제공받습니다. https://link.coupang.com/a/cTBgyq 1위 : [국민건강 프로젝트] 대웅제약 프리미엄 콘드로이친 가격 : 10,000원 링크 : https://link.coupang.com/a/cTBgyq 2위 : 건조망, 1개, 건조망(400x400) 가격 : 8,900원 링크 : https://link.coupang.com/a/cTBgyt 3위 : [국민건강 프로젝트] 대웅제약 프로바이오틱스 유산균 가격 : 10,000원 링크 : https://link.coupang.com/a/cTBgyu 4위 : 종근당건강 프로메가 오메가3 트리플 장용성 가격 : 10,560원 링크 : https://link.coupang.com/a/cTBgyv 5위 : [국민건강 프로젝트] 대웅제약 프로바이오틱스 유산균 가격 : 19,900원 링크 : https://link.coupang.com/a/cTBgyw 6위 : [국민건강 프로젝트] 대웅제약 프리미엄 콘드로이친 가격 : 19,300원 링크 : https://link.coupang.com/a/cTBgyx 7위 : 그린몬스터 맥스 밀크씨슬 10 3개월분 가격 : 6,900원 링크 : https://link.coupang.com/a/cTBgyy 8위 : [국민건강 프로젝트] 대웅제약 바나바잎추출물 가격 : 10,000원 링크 : https://link.coupang.com/a/cTBgyz ⭐️ 특별 혜택 링크 https://temu.to/k/glb5f443d8e 을(를) 탭하고 최고 품질의 상품을 초저가로 만나보세요. 🛍 이렇게 파격적인 혜택은 오직 Temu에서만 제공됩니다. 지금 쇼핑하고 큰 할인을 받으세요! ⭐️ 당신을 위한 또 다른 놀라움! 저와 함께 수익을 얻으시려면 https://temu.to/k/g7a19moq5z4 을 클릭하세요! 감사합니다.",210,"['포스팅', '쿠팡', '파트너스', '활동', '일환', '따르', '일정액', '수수료', '제공', '국민', '건강', '프로젝트', '대웅제약', '프리미엄', '가격', '링크', '조망', '건조', '가격', '링크', '국민', '건강', '프로젝트', '대웅제약', '프로바이오틱스', '유산균', '가격', '링크', '종근당', '건강', '프로', '메가', '오메가', '트리플', '장용', '가격', '링크', '국민', '건강', '프로젝트', '대웅제약', '프로바이오틱스', '유산균', '가격', '링크', '국민', '건강', '프로젝트', '대웅제약', '프리미엄', '가격', '링크', '그린', '몬스터', '맥스', '밀크', '개월', '가격', '링크', '국민', '건강', '프로젝트', '대웅제약', '추출물', '가격', '링크', '특별', '혜택', '링크', '최고', '품질', '상품', '저가', '만나', '이렇', '파격', '혜택', '제공', '쇼핑', '할인', '당신', '위하', '놀랍', '수익', '클릭', '감사']",긍정,긍정
감사합니다,216,['감사'],긍정,긍정
"대웅제약 마그네슘에는 마그네슘 효능 써있는데, 정작 흡수가 안돼서 변비에 좋다닠ㅋㅋㅋㅋㅋㅋㅋ 돌려 까기 아님니까?ㅋㅋㅋㅋㅋㅋㅋㅋㅋㅋ",219,"['대웅제약', '마그네슘', '마그네슘', '효능', '정작', '흡수', '변비', '돌리', '아니']",중립,긍정
👍,221,[],중립,긍정
맞아요 저도 딱 그 생각했어요 그래서 보관+커팅+부수기 되는 이중대응형 약통 따로 쓰고 있어요 👍,222,"['생각', '보관', '커팅', '부수', '이중', '대응']",중립,긍정
낚시 소품통으로도 최고 👍,222,"['낚시', '소품', '최고']",긍정,긍정
천채약사최고!❤,222,"['약사', '최고']",긍정,긍정
여기에 커팅과 부스기 기능도 있으면 짱일듯해요...,222,"['여기', '커팅', '부스기', '기능']",중립,긍정
"이 포스팅은 쿠팡파트너스 활동의 일환으로, 이에 따른 일정액의 수수료를 제공받습니다. https://link.coupang.com/a/cU2lPt 1위 : 경남제약 결콜라겐 플러스 가격 : 13,950원 링크 : https://link.coupang.com/a/cU2lPt 2위 : 건강앤 저분자 피쉬콜라겐 분말 가루 100% 1KG 500g 2팩, 2개, 500g 가격 : 41,790원 링크 : https://link.coupang.com/a/cU2lPv 3위 : 결콜라겐 경남제약 가격 : 14,740원 링크 : https://link.coupang.com/a/cU2lPw 4위 : 절대콜라겐 피부건조 | 탄력저하 | 주름고민 프랑스산 피쉬콜라겐펩타이드 가루 150g, 1개, 150g, 1개 가격 : 38,900원 링크 : https://link.coupang.com/a/cU2lPx 5위 : 경남제약 결콜라겐 플러스 가격 : 25,680원 링크 : https://link.coupang.com/a/cU2lPy 6위 : 저분자 콜라겐 석류 젤리 스틱 500달톤, 300g, 4개 가격 : 35,890원 링크 : https://link.coupang.com/a/cU2lPA 7위 : 경남제약 결콜라겐 플러스 가격 : 14,250원 링크 : https://link.coupang.com/a/cU2lPB 8위 : 결콜라겐 경남제약 가격 : 15,890원 링크 : https://link.coupang.com/a/cU2lPC 9위 : 네추럴라이즈 콜라겐에 쏙빠지다 가격 : 12,220원 링크 : https://link.coupang.com/a/cU2lPD 10위 : 콜라겐 복합체 - 2500 mg, 노화 방지, 주름 방지, 피부, 모발 및 손톱 건강을 지원하고 면역 건강을 향상시킵니다., 3개, 120정 가격 : 62,700원 링크 : https://link.coupang.com/a/cU2lPE ⭐️ 특별 혜택 링크 https://temu.to/k/glb5f443d8e 을(를) 탭하고 최고 품질의 상품을 초저가로 만나보세요. 🛍 이렇게 파격적인 혜택은 오직 Temu에서만 제공됩니다. 지금 쇼핑하고 큰 할인을 받으세요! ⭐️ 당신을 위한 또 다른 놀라움! 저와 함께 수익을 얻으시려면 https://temu.to/k/g7a19moq5z4 을 클릭하세요! 감사합니다.",224,"['포스팅', '쿠팡', '파트너스', '활동', '일환', '따르', '일정액', '수수료', '제공', '경남', '제약', '콜라겐', '플러스', '가격', '링크', '건강', '저분자', '피쉬', '콜라겐', '분말', '가루', '가격', '링크', '콜라겐', '경남', '제약', '가격', '링크', '콜라겐', '피부', '건조', '탄력', '저하', '주름', '고민', '프랑스', '피쉬', '콜라겐', '펩타이드', '가루', '가격', '링크', '경남', '제약', '콜라겐', '플러스', '가격', '링크', '저분자', '콜라겐', '석류', '젤리', '스틱', '가격', '링크', '경남', '제약', '콜라겐', '플러스', '가격', '링크', '콜라겐', '경남', '제약', '가격', '링크', '네추럴라이즈', '콜라겐', '빠지', '가격', '링크', '콜라겐', '복합체', '노화', '방지', '주름', '방지', '피부', '모발', '손톱', '건강', '지원', '면역', '건강', '향상', '가격', '링크', '특별', '혜택', '링크', '최고', '품질', '상품', '저가', '만나', '이렇', '파격', '혜택', '제공', '쇼핑', '할인', '당신', '위하', '놀랍', '수익', '클릭', '감사']",긍정,긍정
유익하네요.,229,['유익'],중립,긍정
감사합니다! 지금 고3인데 참고해서 먹을게요 👍,229,"['감사', '참고']",긍정,긍정
대웅제약마그네슘 근육건강피로회복 대웅제약바나바잎혈당조절 코엔자임QC 피부탄력에너지충전❤❤,230,"['대웅제약', '마그네슘', '근육', '건강', '피로', '회복', '대웅제약', '혈당', '조절', '코엔자임', '피부', '탄력', '에너지', '충전']",중립,긍정
더 확대하라. 창고형은 대박나야한다,233,"['확대', '창고']",중립,긍정
판피린 5000원에 파는 약사님 출퇴근은 포르쉐❤,233,"['약사', '출퇴근', '포르쉐']",중립,긍정
1:05 여러군대 생기면 좋아요,233,"['군대', '생기']",중립,긍정
약사회 말이 왜케 신뢰가 안가고 웃기지😅,233,"['약사회', '신뢰', '웃기']",긍정,긍정
다이소 베르베린 삼주째 먹고있어요~~~ 유튜브에서 하도 추천을해주시길래 궁금했었는데 원체 비싸기도하고 속쓰릴수있다해서 고민했었는데 다이소에 마침 딱 ! !! 나와서 넘 좋아요^^ 먹어보니 쓴 맛은 있지만 속은 안쓰려서 잘 먹고있습니다 혈당관리에 도움이 되어서 너무 만족하고 영상에서 보니 반갑네용,235,"['다이소', '베르', '베리', '유튜브', '추천', '비싸', '쓰리', '고민', '다이소', '나오', '쓰리', '혈당', '관리', '도움', '만족', '영상', '반갑']",긍정,긍정
좋은 정보 감사합니다❤ 다이소 루테인영양제는 성분 괜찮은가요?,235,"['정보', '감사', '다이소', '루테인', '영양제', '성분', '괜찮']",긍정,긍정
선생님 60대 골다공증이 먹으면 좋은 영양제도 추천해 주세요,235,"['선생', '골다공증', '영양제', '추천']",긍정,긍정
다이소는 없는게 없다요..가성비 좋은게 너무 많아서 자주 이용하고 있죠..👍,240,"['다이소', '가성비', '이용']",긍정,긍정
명료한 정보 감사요. 유익합니다. ㅎㅎㅎ,241,"['정보', '감사', '유익']",긍정,긍정
밥만먹으면 미친듯졸려요. 혈당이높아서 그런것같아요.고혈압약 먹는중인데.. 다이소 바나바약 먹으면 도움될라나요,241,"['미치', '졸리', '혈당', '혈압', '다이소', '도움']",긍정,긍정
녹차 카테킨과 녹차를 함께 마셔도 괜찮나요?,247,"['녹차', '카테킨', '녹차', '마시', '괜찮']",긍정,긍정
더 이뻐지신거 같어요❤,248,['이쁘'],중립,긍정
잘보고 갑니다~~^^❤❤❤,249,[],중립,긍정
수경재배식 사용법도 알려주시면 좋겠네요~잘봤습니다~,249,"['수경', '재배', '사용법', '알리']",중립,긍정
쌀뜰물이 직빵이듸군요. 뱅갈고무나무 나무(대) 사이 사이 새잎이 여기저기 올라오더라구요. 7년을 키워도 빼꼼 내밀기만하고 사라지더니 쌀뜰물을 흠뻑 주고나니 6군데나 생겨 1곳만 살려두었어요. 앰플은 하루누 이쪽 담날 방향 바꿔가며 꽂아두는데 귀찮은데 희석해서 줘봐야겠네요. 감사합니다🎉🎉,249,"['직빵이듸군요', '고무', '나무', '나무', '사이', '사이', '여기저기', '올라오', '키우', '내밀', '사라지', '군데', '생기', '살리', '앰프', '하루', '이쪽', '방향', '바꾸', '귀찮', '희석', '감사']",긍정,긍정
텃밭에 심은 고추나 토마토 같은 경우도 도움이 될까요,249,"['텃밭', '고추', '토마토', '경우', '도움']",긍정,긍정
나도 가끔씩 물하고 영양제 살뜨물과 섞어서줍니다 우리꽃들은 좋아해요,249,"['영양제', '뜨물', '우리', '좋아하']",긍정,긍정
"안녕하세요! 알뜰하게 살림하고 싶은 알살집입니다~ 오늘은, 전부터 궁금했었던 대형약국 약국계의 코스트코ㅎ 메가팩토리에 직접 다녀와본 후기를 영상으로 찍어봤는데요. 솔직한 저의 감상으론 이랬습니다. ⭕[장점] 1) 첫번째, 저렴한 가격 (영상, 이미지: 3~) 일반 약국보다 2~30% 저렴한 가격에 구매 할 수 있어요. 감기약, 해열제, 소염제, 진통제는 500~1000원 정도 저렴하더라고요. 2,500 3,000종의 다양한 제품을 한곳에서 만나볼 수 있어요. 2) 두번째, 자유롭고 편한 쇼핑 쇼핑카트를 끌고 매장을 돌아다니며 제품을 직접 보고 고를 수 있어서, 약사가 주면 사야하는 방식에서 훨씬 소비자 중심이에요. 3) 세번째, 전문 약사 상담 약사가 어러명 계셔서 제품 설명과 복용 안내를 쉽게 제공받을 수 있었어요. 계산시에도 복용 방법을 설명해주십니다. ❌[단점] 1) 첫번째, 모든 품목이 저렴하지 않습니다. 일부 품목만이 해당되며 꼭, 가격 비교를 하고 구매해주세요. 2) 두번째, 할인 행사 제품에 속지 마세요. 겉으로는 큰 세일처럼 보이지만, 실제로는 가격에 맞춰 제작된 전용 제품들입니다. 대부분 녹십자 계열 제품이며, 쉽게 말해 다이소에서 판매하는 대웅제약 5천원짜리 영양제와 같은 구조라고 보시면 됩니다. 즉, 싸서 좋은 게 아니라, 애초에 싸게 만들기 위해 기획된 제품이라는 점 3) 세번째, 안살것도 사게됩니다. “여기까지 왔으니까”, “이 정도 가격이면 괜찮겠지” 하는 마음에 실제로 필요하지 않은 약품까지 충동구매하게 됩니다. 4) 네번째, 혼잡·대기와 주차 스트레스가 큽니다. 접근성이 안좋고 특히 주말에는 주차장 이용이 불편합니다. 멀리서 특정 제품 하나 사러 갔다가는 오히려 피로도만 높아지는 경우가 많습니다. [결론] 근처에 살고, 비상약·자주 쓰는 일반약·건기식 위주로 여러 개를 한 번에 살 때는 충분히 갈 만합니다. 그러나 세밀 상담과 특정 약 하나 사러가는 경우라면 동네 약국에서 구매하세요!",255,"['안녕', '알뜰', '살림', '살집', '오늘', '약국', '약국', '코스트코', '메가', '팩토리', '다녀오', '후기', '영상', '감상', '이렇', '장점', '저렴하', '가격', '영상', '이미지', '일반', '약국', '저렴하', '가격', '구매', '감기약', '해열제', '소염제', '진통제', '정도', '저렴하', '다양', '제품', '한곳', '만나', '자유', '편하', '쇼핑', '쇼핑', '카트', '매장', '돌아다니', '제품', '고르', '약사', '방식', '소비자', '중심', '전문', '약사', '상담', '약사', '어러', '계시', '제품', '설명', '복용', '안내', '제공', '계산', '복용', '방법', '설명', '단점', '품목', '일부', '품목', '해당', '가격', '비교', '구매', '할인', '행사', '제품', '세일', '보이', '가격', '맞추', '제작', '전용', '제품', '대부분', '녹십자', '계열', '제품', '다이소', '판매', '대웅제약', '영양제', '구조', '아니', '애초', '만들', '위하', '기획', '제품', '여기', '정도', '가격', '괜찮', '마음', '필요', '약품', '충동', '구매', '혼잡', '대기', '주차', '스트레스', '접근', '주말', '주차장', '이용', '불편', '특정', '제품', '하나', '피로도', '경우', '결론', '근처', '비상', '일반', '건기', '위주', '상담', '특정', '하나', '경우', '동네', '약국', '구매']",긍정,긍정
종로5가 약국거리가 더 싸다는 소리를 들었습니다.💊,255,"['종로', '약국', '거리', '소리']",중립,긍정
그립. . . 도시언니덕에 고질병도 고치고 넘 행복합니다 의사보다.믿음가는 약사님. . 👍👍👍 앞으로도 잘 부탁드려요,256,"['도시', '언니', '고질병', '고치', '행복', '의사', '믿음', '약사', '부탁', '드리']",긍정,긍정
그립!! 도시언니 응원합니당♥️,256,"['도시', '언니', '응원']",중립,긍정
정답:그립 그립에서 약사님을 만나 건강에 대한 정보를 많이 알게 되고 시원시원하고 자세한 설명을 해주셔서 많은 도움을 받고 있습니다~ 어느 병원보다 더 자세한 설명을 해주시는 약사님이세요~ 약사님도 건강 잘 챙기시고 계속해서 그립에서 만나요😄,256,"['정답', '그립', '그립', '약사', '만나', '건강', '대하', '정보', '설명', '도움', '병원', '설명', '약사', '약사', '건강', '챙기', '계속', '그립', '만나']",긍정,긍정
❤️,257,[],중립,긍정
이분은 가끔씩 진짜로 유용한 영상을 올려서 깜짝 놀람 평소엔 걍 우럭 아저씨인데,258,"['진짜', '유용', '영상', '올리', '놀라', '평소', '우럭', '아저씨']",긍정,긍정
뭐야 왜 유익해요,258,['유익'],중립,긍정
너무 유익해서 놀랐다. 전문가는 전문가인게 전문가같이 보여서 놀랐음. 잠깐 멋져보이기도 했던것같은데 착각이겠지,258,"['유익', '놀라', '전문가', '전문가', '전문가', '보이', '놀라', '멋지', '보이', '착각']",중립,긍정
9:02 족발 냄새맡고 냄새좋다…,258,"['족발', '냄새', '냄새']",중립,긍정
4:21 와... 보통 미화하기 마련인데... 정직함에 있어서 신뢰가 갑니다.,258,"['미화', '마련', '정직', '신뢰']",긍정,긍정
옆으로 달려오셨나 앞머리가 그래도 다라이 사랑해요,258,"['달려오', '앞머리', '다라', '사랑']",중립,긍정
드디어 본업모먼트 ㄷㄷ 웃긴 사람이지만 우스운사람이 아닌! 진짜 멋있어보여요 진심으로 ㅎ 직박이형님 사랑합니다,258,"['본업', '웃기', '사람', '우습', '사람', '아니', '진짜', '멋있', '보이', '진심', '사랑']",중립,긍정
굉장히 유용한 정보군요 치과의사인줄 처음 알았습니다,258,"['유용', '정보', '치과', '의사', '처음']",긍정,긍정
생각보다 유익해서 10초 뒤로 누르는 게 자존심 상하네요 형님,258,"['생각', '유익', '누르', '자존심', '상하']",중립,긍정
이런 영상 좋아요,258,['영상'],중립,긍정
맞아 이분 치과의사셨지 야구 영상 생각날때 찾아오다가 유용한 꿀팁 얻어갑니다,258,"['치과', '의사', '야구', '영상', '생각나', '찾아오', '유용']",긍정,긍정
오 간만에 유익한 영상이! ㅋㅋㅋ,258,"['유익', '영상']",중립,긍정
"2:35 여러분 진짜 최고에요... 사랑니 빼고나서 뻥 뚫린 그 깊은 곳까지 잘 닦여요 싼 거는 싼 이유가 있다고 생각하는데 이 제품은 진짜 레전드 갓성비에요 다들 꼭 써보세요 진짜 강추해요!!! 품절이나 단종 될까봐 가끔씩 다이소 가서 보이면 하나, 두개씩 사서 지금 열 개 정도 쟁여놨는데 더 쟁여놓고 싶어요...",258,"['여러분', '최고', '사랑니', '뚫리', '닦이', '이유', '생각', '제품', '레전드', '성비', '품절', '단종', '다이소', '보이', '하나', '정도', '쟁이', '쟁이']",긍정,긍정
너무 유익해 ㅋㅋㅋ,258,['유익'],중립,긍정
"이 포스팅은 쿠팡파트너스 활동의 일환으로, 이에 따른 일정액의 수수료를 제공받습니다. https://link.coupang.com/a/cZp9EQ 1위 : GNM 건강한 간 밀크씨슬 가격 : 21,490원 링크 : https://link.coupang.com/a/cZp9EQ 2위 : 뉴트리디데이 프리미엄 비타민D 5000IU 27g 가격 : 22,900원 링크 : https://link.coupang.com/a/cZp9ER 3위 : 뉴트리디데이 프리미엄 밀크씨슬 골드 가격 : 24,900원 링크 : https://link.coupang.com/a/cZp9ES 4위 : 판클 EPA DPA 중성지방 다이어트 오메가3 지방산 30일분 가격 : 16,300원 링크 : https://link.coupang.com/a/cZp9ET 5위 : 뉴트리하루 실리마린 밀크 시슬 추출물 밀크씨슬 아르기닌 플러스 야관문 글루타치온 가격 : 28,200원 링크 : https://link.coupang.com/a/cZp9EV 6위 : 뉴트리디데이 프리미엄 밀크씨슬 골드 가격 : 12,900원 링크 : https://link.coupang.com/a/cZp9EW 7위 : 일양약품 프라임 칼슘 마그네슘 비타민D 아연 가격 : 10,840원 링크 : https://link.coupang.com/a/cZp9EX 8위 : 락토핏 코어 유산균 60p 가격 : 32,200원 링크 : https://link.coupang.com/a/cZp9EY 9위 : 종근당건강 프로메가 오메가3 트리플 장용성 가격 : 10,590원 링크 : https://link.coupang.com/a/cZp9EZ 10위 : BH코리아 다용도 접이식 식품 건조망 (생선건조,야채건조,나물건조,고추건조) BH KOREA, 1개, 2단, 화이트 가격 : 10,500원 링크 : https://link.coupang.com/a/cZp9E0 ⭐️ 특별 혜택 링크 https://temu.to/k/glb5f443d8e 을(를) 탭하고 최고 품질의 상품을 초저가로 만나보세요. 🛍 이렇게 파격적인 혜택은 오직 Temu에서만 제공됩니다. 지금 쇼핑하고 큰 할인을 받으세요! ⭐️ 당신을 위한 또 다른 놀라움! 저와 함께 수익을 얻으시려면 https://temu.to/k/g7a19moq5z4 을 클릭하세요! 감사합니다.",260,"['포스팅', '쿠팡', '파트너스', '활동', '일환', '따르', '일정액', '수수료', '제공', '건강', '밀크', '가격', '링크', '트리', '데이', '프리미엄', '비타민', '가격', '링크', '트리', '데이', '프리미엄', '밀크', '골드', '가격', '링크', '중성', '지방', '다이어트', '오메가', '지방산', '가격', '링크', '트리', '하루', '밀크', '추출물', '밀크', '아르기닌', '플러스', '관문', '가격', '링크', '트리', '데이', '프리미엄', '밀크', '골드', '가격', '링크', '일양약품', '프라임', '칼슘', '마그네슘', '비타민', '아연', '가격', '링크', '락토핏', '코어', '유산균', '가격', '링크', '종근당', '건강', '프로', '메가', '오메가', '트리플', '장용', '가격', '링크', '코리아', '다용도', '접이식', '식품', '건조', '생선', '건조', '야채', '건조', '나물', '건조', '고추', '건조', '화이트', '가격', '링크', '특별', '혜택', '링크', '최고', '품질', '상품', '저가', '만나', '이렇', '파격', '혜택', '제공', '쇼핑', '할인', '당신', '위하', '놀랍', '수익', '클릭', '감사']",긍정,긍정
"이 포스팅은 쿠팡파트너스 활동의 일환으로, 이에 따른 일정액의 수수료를 제공받습니다. https://link.coupang.com/a/cUFWU7 1위 : [국민건강 프로젝트] 대웅제약 프로바이오틱스 유산균 가격 : 19,900원 링크 : https://link.coupang.com/a/cUFWU7 2위 : [국민건강 프로젝트] 대웅제약 프리미엄 콘드로이친 가격 : 20,000원 링크 : https://link.coupang.com/a/cUFWVa 3위 : [국민건강 프로젝트] 대웅제약 프리미엄 콘드로이친 가격 : 10,000원 링크 : https://link.coupang.com/a/cUFWVb 4위 : L아르기닌 엘 비타민B D 미네랄 타우린 아연 마그네슘 칼슘 엽산 비오틴 1000mg 캡슐 가격 : 22,900원 링크 : https://link.coupang.com/a/cUFWVd 5위 : 한미 오메가3맥스 30캡슐 EPA 눈영양제 눈건강 가격 : 32,400원 링크 : https://link.coupang.com/a/cUFWVe 6위 : 종근당건강 프로메가 오메가3 트리플 장용성 가격 : 10,560원 링크 : https://link.coupang.com/a/cUFWVf 7위 : 프로메가 알티지 오메가3 듀얼 가격 : 25,780원 링크 : https://link.coupang.com/a/cUFWVh 8위 : [본사직영] 여에스더 초임계 알티지 오메가3 1020mg 국민영양 프로젝트 가격 : 29,700원 링크 : https://link.coupang.com/a/cUFWVj 9위 : [국민건강 프로젝트] 대웅제약 프로바이오틱스 유산균 가격 : 9,600원 링크 : https://link.coupang.com/a/cUFWVk 10위 : UML마켓 즉석 된장 간편국 블럭국 골라담기 구성 가격 : 11,100원 링크 : https://link.coupang.com/a/cUFWVl ⭐️ 특별 혜택 링크 https://temu.to/k/glb5f443d8e 을(를) 탭하고 최고 품질의 상품을 초저가로 만나보세요. 🛍 이렇게 파격적인 혜택은 오직 Temu에서만 제공됩니다. 지금 쇼핑하고 큰 할인을 받으세요! ⭐️ 당신을 위한 또 다른 놀라움! 저와 함께 수익을 얻으시려면 https://temu.to/k/g7a19moq5z4 을 클릭하세요! 감사합니다.",261,"['포스팅', '쿠팡', '파트너스', '활동', '일환', '따르', '일정액', '수수료', '제공', '국민', '건강', '프로젝트', '대웅제약', '프로바이오틱스', '유산균', '가격', '링크', '국민', '건강', '프로젝트', '대웅제약', '프리미엄', '가격', '링크', '국민', '건강', '프로젝트', '대웅제약', '프리미엄', '가격', '링크', '아르기닌', '비타민', '미네랄', '타우린', '아연', '마그네슘', '칼슘', '엽산', '비오티', '캡슐', '가격', '링크', '한미', '오메가', '맥스', '캡슐', '영양제', '건강', '가격', '링크', '종근당', '건강', '프로', '메가', '오메가', '트리플', '장용', '가격', '링크', '프로', '메가', '알티', '오메가', '듀얼', '가격', '링크', '본사', '직영', '여에스더', '초임', '알티', '오메가', '국민', '영양', '프로젝트', '가격', '링크', '국민', '건강', '프로젝트', '대웅제약', '프로바이오틱스', '유산균', '가격', '링크', '마켓', '즉석', '된장', '블럭', '고르', '구성', '가격', '링크', '특별', '혜택', '링크', '최고', '품질', '상품', '저가', '만나', '이렇', '파격', '혜택', '제공', '쇼핑', '할인', '당신', '위하', '놀랍', '수익', '클릭', '감사']",긍정,긍정
"이 포스팅은 쿠팡파트너스 활동의 일환으로, 이에 따른 일정액의 수수료를 제공받습니다. https://link.coupang.com/a/cZqfoG 1위 : GNM 건강한 간 밀크씨슬 가격 : 21,490원 링크 : https://link.coupang.com/a/cZqfoG 2위 : 뉴트리디데이 프리미엄 비타민D 5000IU 27g 가격 : 22,900원 링크 : https://link.coupang.com/a/cZqfoH 3위 : [세계필터] 미니 건조기필터 19매, 1개 가격 : 14,900원 링크 : https://link.coupang.com/a/cZqfoI 4위 : 뉴트리디데이 프리미엄 밀크씨슬 골드 가격 : 24,900원 링크 : https://link.coupang.com/a/cZqfoJ 5위 : 판클 EPA DPA 중성지방 다이어트 오메가3 지방산 30일분 가격 : 16,300원 링크 : https://link.coupang.com/a/cZqfoK 6위 : 뉴트리디데이 프리미엄 밀크씨슬 골드 가격 : 12,900원 링크 : https://link.coupang.com/a/cZqfoL 7위 : 락토핏 코어 유산균 60p 가격 : 32,200원 링크 : https://link.coupang.com/a/cZqfoM 8위 : 종근당건강 프로메가 오메가3 트리플 장용성 가격 : 10,590원 링크 : https://link.coupang.com/a/cZqfoN 9위 : 뉴트리하루 실리마린 밀크 시슬 추출물 밀크씨슬 아르기닌 플러스 야관문 글루타치온 가격 : 28,200원 링크 : https://link.coupang.com/a/cZqfoQ 10위 : 일양약품 프라임 칼슘 마그네슘 비타민D 아연 가격 : 10,840원 링크 : https://link.coupang.com/a/cZqfoS ⭐️ 특별 혜택 링크 https://temu.to/k/glb5f443d8e 을(를) 탭하고 최고 품질의 상품을 초저가로 만나보세요. 🛍 이렇게 파격적인 혜택은 오직 Temu에서만 제공됩니다. 지금 쇼핑하고 큰 할인을 받으세요! ⭐️ 당신을 위한 또 다른 놀라움! 저와 함께 수익을 얻으시려면 https://temu.to/k/g7a19moq5z4 을 클릭하세요! 감사합니다.",262,"['포스팅', '쿠팡', '파트너스', '활동', '일환', '따르', '일정액', '수수료', '제공', '건강', '밀크', '가격', '링크', '트리', '데이', '프리미엄', '비타민', '가격', '링크', '세계', '필터', '미니', '건조기', '필터', '가격', '링크', '트리', '데이', '프리미엄', '밀크', '골드', '가격', '링크', '판클', '중성', '지방', '다이어트', '오메가', '지방산', '가격', '링크', '트리', '데이', '프리미엄', '밀크', '골드', '가격', '링크', '락토핏', '코어', '유산균', '가격', '링크', '종근당', '건강', '프로', '메가', '오메가', '트리플', '장용', '가격', '링크', '트리', '하루', '밀크', '추출물', '밀크', '아르기닌', '플러스', '관문', '가격', '링크', '일양약품', '프라임', '칼슘', '마그네슘', '비타민', '아연', '가격', '링크', '특별', '혜택', '링크', '최고', '품질', '상품', '저가', '만나', '이렇', '파격', '혜택', '제공', '쇼핑', '할인', '당신', '위하', '놀랍', '수익', '클릭', '감사']",긍정,긍정
"이 포스팅은 쿠팡파트너스 활동의 일환으로, 이에 따른 일정액의 수수료를 제공받습니다. https://link.coupang.com/a/cUGmjw 1위 : 스탠리 퀜처 H2.0 플루티드 텀블러, 건메탈 샤인, 1.18L, 1개 가격 : 49,400원 링크 : https://link.coupang.com/a/cUGmjw 2위 : 헬시오리진스 내추럴 프로바이오틱 유산균 300억 CFU 브이캡, 60정, 4개 가격 : 62,870원 링크 : https://link.coupang.com/a/cUGmjx 3위 : 닥터조이 강아지 명태슬라이스 간식, 유산균, 80g, 2개 가격 : 6,370원 링크 : https://link.coupang.com/a/cUGmjy 4위 : 나우푸드 글루타티온 500mg 베지 캡슐, 1개, 120정 가격 : 36,900원 링크 : https://link.coupang.com/a/cUGmjA 5위 : 비에스엔 신타-6 프로틴 파우더 드링크 믹스 단백질 보충제, 2.27kg, 1개 가격 : 65,790원 링크 : https://link.coupang.com/a/cUGmjC 6위 : 락앤락 하드앤라이트 프라이팬, 28cm, 1개 가격 : 16,290원 링크 : https://link.coupang.com/a/cUGmjD 7위 : 하이피러브 입시 공부 독서 수납 선번형 컴퓨터 책상, 화이트1200 가격 : 65,400원 링크 : https://link.coupang.com/a/cUGmjF 8위 : 오트리 고메넛츠, 750g, 1개 가격 : 33,900원 링크 : https://link.coupang.com/a/cUGmjG 9위 : 유니레버 썬 식기세척기용 타블렛 세제 베이킹소다 앤 소금 50개입, 500g, 1개 가격 : 6,990원 링크 : https://link.coupang.com/a/cUGmjH 10위 : 스카트 잘 닦이는 살균 소독 티슈, 4개 가격 : 7,670원 링크 : https://link.coupang.com/a/cUGmjI ⭐️ 특별 혜택 링크 https://temu.to/k/glb5f443d8e 을(를) 탭하고 최고 품질의 상품을 초저가로 만나보세요. 🛍 이렇게 파격적인 혜택은 오직 Temu에서만 제공됩니다. 지금 쇼핑하고 큰 할인을 받으세요! ⭐️ 당신을 위한 또 다른 놀라움! 저와 함께 수익을 얻으시려면 https://temu.to/k/g7a19moq5z4 을 클릭하세요! 감사합니다.",263,"['포스팅', '쿠팡', '파트너스', '활동', '일환', '따르', '일정액', '수수료', '제공', '스탠리', '퀜처', '플루', '텀블러', '메탈', '샤인', '가격', '링크', '헬시오리진스', '내추럴', '프로바이오틱', '유산균', '브이', '가격', '링크', '닥터', '강아지', '명태', '슬라이스', '간식', '유산균', '가격', '링크', '나우', '푸드', '베지', '캡슐', '가격', '링크', '에스', '프로', '파우더', '드링크', '믹스', '단백질', '보충', '가격', '링크', '락앤락', '하드', '라이트', '프라이', '가격', '링크', '하이', '러브', '입시', '공부', '독서', '수납', '컴퓨터', '책상', '화이트', '가격', '링크', '오트리', '고메넛츠', '가격', '링크', '유니레버', '식기', '세척기', '세제', '베이킹', '소다', '소금', '개입', '가격', '링크', '스카트', '닦이', '살균', '소독', '티슈', '가격', '링크', '특별', '혜택', '링크', '최고', '품질', '상품', '저가', '만나', '이렇', '파격', '혜택', '제공', '쇼핑', '할인', '당신', '위하', '놀랍', '수익', '클릭', '감사']",긍정,긍정
"이 포스팅은 쿠팡파트너스 활동의 일환으로, 이에 따른 일정액의 수수료를 제공받습니다. https://link.coupang.com/a/cZ9qcb 1위 : GNM 건강한 간 밀크씨슬 가격 : 21,490원 링크 : https://link.coupang.com/a/cZ9qcb 2위 : 종근당건강 프로메가 오메가3 트리플 가격 : 10,590원 링크 : https://link.coupang.com/a/cZ9qcd 3위 : 락토핏 코어 유산균 60p 가격 : 32,200원 링크 : https://link.coupang.com/a/cZ9qcg 4위 : 뉴트리디데이 프리미엄 밀크씨슬 골드 가격 : 12,900원 링크 : https://link.coupang.com/a/cZ9qcn 5위 : 판클 EPA DPA 중성지방 다이어트 오메가3 지방산 30일분 가격 : 16,300원 링크 : https://link.coupang.com/a/cZ9qcr 6위 : 뉴트리디데이 프리미엄 비타민D 5000IU 27g 가격 : 22,900원 링크 : https://link.coupang.com/a/cZ9qcs 7위 : 뉴트리디데이 프리미엄 밀크씨슬 골드 가격 : 24,900원 링크 : https://link.coupang.com/a/cZ9qcu 8위 : 뉴트리하루 실리마린 밀크 시슬 추출물 밀크씨슬 아르기닌 플러스 야관문 글루타치온 가격 : 28,200원 링크 : https://link.coupang.com/a/cZ9qcv 9위 : 일양약품 프라임 칼슘 마그네슘 비타민D 아연 가격 : 11,100원 링크 : https://link.coupang.com/a/cZ9qcx 10위 : 홀리데이즈 프리미엄 콜라겐 타블렛 가격 : 9,900원 링크 : https://link.coupang.com/a/cZ9qcA ⭐️ 특별 혜택 링크 https://temu.to/k/glb5f443d8e 을(를) 탭하고 최고 품질의 상품을 초저가로 만나보세요. 🛍 이렇게 파격적인 혜택은 오직 Temu에서만 제공됩니다. 지금 쇼핑하고 큰 할인을 받으세요! ⭐️ 당신을 위한 또 다른 놀라움! 저와 함께 수익을 얻으시려면 https://temu.to/k/g7a19moq5z4 을 클릭하세요! 감사합니다.",264,"['포스팅', '쿠팡', '파트너스', '활동', '일환', '따르', '일정액', '수수료', '제공', '건강', '밀크', '가격', '링크', '종근당', '건강', '프로', '메가', '오메가', '트리플', '가격', '링크', '락토핏', '코어', '유산균', '가격', '링크', '트리', '데이', '프리미엄', '밀크', '골드', '가격', '링크', '중성', '지방', '다이어트', '오메가', '지방산', '가격', '링크', '트리', '데이', '프리미엄', '비타민', '가격', '링크', '트리', '데이', '프리미엄', '밀크', '골드', '가격', '링크', '트리', '하루', '밀크', '추출물', '밀크', '아르기닌', '플러스', '관문', '가격', '링크', '일양약품', '프라임', '칼슘', '마그네슘', '비타민', '아연', '가격', '링크', '홀리데이', '프리미엄', '콜라겐', '가격', '링크', '특별', '혜택', '링크', '최고', '품질', '상품', '저가', '만나', '이렇', '파격', '혜택', '제공', '쇼핑', '할인', '당신', '위하', '놀랍', '수익', '클릭', '감사']",긍정,긍정
"이 포스팅은 쿠팡파트너스 활동의 일환으로, 이에 따른 일정액의 수수료를 제공받습니다. https://link.coupang.com/a/cZ8Ic0 1위 : 종근당건강 프로메가 오메가3 트리플 가격 : 10,590원 링크 : https://link.coupang.com/a/cZ8Ic0 2위 : GNM 건강한 간 밀크씨슬 가격 : 21,490원 링크 : https://link.coupang.com/a/cZ8Ic2 3위 : 락토핏 코어 유산균 60p 가격 : 32,200원 링크 : https://link.coupang.com/a/cZ8Ic5 4위 : 뉴트리디데이 프리미엄 밀크씨슬 골드 가격 : 12,900원 링크 : https://link.coupang.com/a/cZ8Ida 5위 : 판클 EPA DPA 중성지방 다이어트 오메가3 지방산 30일분 가격 : 16,300원 링크 : https://link.coupang.com/a/cZ8Idd 6위 : 뉴트리디데이 프리미엄 비타민D 5000IU 27g 가격 : 22,900원 링크 : https://link.coupang.com/a/cZ8Idf 7위 : 뉴트리디데이 프리미엄 밀크씨슬 골드 가격 : 24,900원 링크 : https://link.coupang.com/a/cZ8Idg 8위 : 뉴트리하루 실리마린 밀크 시슬 추출물 밀크씨슬 아르기닌 플러스 야관문 글루타치온 가격 : 28,200원 링크 : https://link.coupang.com/a/cZ8Idj 9위 : 일양약품 프라임 칼슘 마그네슘 비타민D 아연 가격 : 11,100원 링크 : https://link.coupang.com/a/cZ8Idl 10위 : 홀리데이즈 프리미엄 콜라겐 타블렛 가격 : 9,900원 링크 : https://link.coupang.com/a/cZ8Idp ⭐️ 특별 혜택 링크 https://temu.to/k/glb5f443d8e 을(를) 탭하고 최고 품질의 상품을 초저가로 만나보세요. 🛍 이렇게 파격적인 혜택은 오직 Temu에서만 제공됩니다. 지금 쇼핑하고 큰 할인을 받으세요! ⭐️ 당신을 위한 또 다른 놀라움! 저와 함께 수익을 얻으시려면 https://temu.to/k/g7a19moq5z4 을 클릭하세요! 감사합니다.",265,"['포스팅', '쿠팡', '파트너스', '활동', '일환', '따르', '일정액', '수수료', '제공', '종근당', '건강', '프로', '메가', '오메가', '트리플', '가격', '링크', '건강', '밀크', '가격', '링크', '락토핏', '코어', '유산균', '가격', '링크', '트리', '데이', '프리미엄', '밀크', '골드', '가격', '링크', '중성', '지방', '다이어트', '오메가', '지방산', '가격', '링크', '트리', '데이', '프리미엄', '비타민', '가격', '링크', '트리', '데이', '프리미엄', '밀크', '골드', '가격', '링크', '트리', '하루', '밀크', '추출물', '밀크', '아르기닌', '플러스', '관문', '가격', '링크', '일양약품', '프라임', '칼슘', '마그네슘', '비타민', '아연', '가격', '링크', '홀리데이', '프리미엄', '콜라겐', '가격', '링크', '특별', '혜택', '링크', '최고', '품질', '상품', '저가', '만나', '이렇', '파격', '혜택', '제공', '쇼핑', '할인', '당신', '위하', '놀랍', '수익', '클릭', '감사']",긍정,긍정
"이 포스팅은 쿠팡파트너스 활동의 일환으로, 이에 따른 일정액의 수수료를 제공받습니다. https://link.coupang.com/a/cXs3Ah 1위 : 홀리데이즈 프리미엄 콜라겐 타블렛 가격 : 9,900원 링크 : https://link.coupang.com/a/cXs3Ah 2위 : 저분자 콜라겐 석류 젤리 스틱 500달톤, 300g, 4개 가격 : 34,270원 링크 : https://link.coupang.com/a/cXs3Ai 3위 : 경남제약 결콜라겐 플러스 가격 : 13,950원 링크 : https://link.coupang.com/a/cXs3Aj 4위 : 인생한방 콜라겐 4000 프랑스산 저분자 어린 피쉬콜라겐 비오틴 플러스, 140g, 1개 가격 : 29,900원 링크 : https://link.coupang.com/a/cXs3Ak 5위 : 결콜라겐 경남제약 가격 : 14,740원 링크 : https://link.coupang.com/a/cXs3Al 6위 : 콜라겐 복합체 - 가수분해 콜라겐은 건강한 관절, 뼈, 피부, 모발, 치아 및 손톱을 지원하고 근육 성장과 소화기 건강을 촉진합니다., 2개, 120정 가격 : 43,600원 링크 : https://link.coupang.com/a/cXs3Am 7위 : 경남제약 결콜라겐 플러스 가격 : 25,700원 링크 : https://link.coupang.com/a/cXs3An 8위 : 저분자 석류콜라겐 젤리 스틱 스페인산 석류과즙 생선 피시 어류 콜라겐 식약처 해썹인증, 6개, 300g 가격 : 60,000원 링크 : https://link.coupang.com/a/cXs3Ao 9위 : 경남제약 결콜라겐 플러스 가격 : 14,250원 링크 : https://link.coupang.com/a/cXs3Ap 10위 : 순수 해양 콜라겐 100% 해양 콜라겐 1형 1470mg - 가수분해 콜라겐 Pe, 2개, 120정 가격 : 45,830원 링크 : https://link.coupang.com/a/cXs3Aq ⭐️ 특별 혜택 링크 https://temu.to/k/glb5f443d8e 을(를) 탭하고 최고 품질의 상품을 초저가로 만나보세요. 🛍 이렇게 파격적인 혜택은 오직 Temu에서만 제공됩니다. 지금 쇼핑하고 큰 할인을 받으세요! ⭐️ 당신을 위한 또 다른 놀라움! 저와 함께 수익을 얻으시려면 https://temu.to/k/g7a19moq5z4 을 클릭하세요! 감사합니다.",266,"['포스팅', '쿠팡', '파트너스', '활동', '일환', '따르', '일정액', '수수료', '제공', '홀리데이', '프리미엄', '콜라겐', '가격', '링크', '저분자', '콜라겐', '석류', '젤리', '스틱', '가격', '링크', '경남', '제약', '콜라겐', '플러스', '가격', '링크', '인생', '콜라겐', '프랑스', '저분자', '어리', '피쉬', '콜라겐', '비오티', '플러스', '가격', '링크', '콜라겐', '경남', '제약', '가격', '링크', '콜라겐', '복합체', '가수', '분해', '콜라겐', '건강', '관절', '피부', '모발', '치아', '손톱', '지원', '근육', '성장', '소화기', '건강', '촉진', '가격', '링크', '경남', '제약', '콜라겐', '플러스', '가격', '링크', '저분자', '석류', '콜라겐', '젤리', '스틱', '스페인', '석류', '과즙', '생선', '피시', '어류', '콜라겐', '식약처', '해썹', '인증', '가격', '링크', '경남', '제약', '콜라겐', '플러스', '가격', '링크', '순수', '해양', '콜라겐', '해양', '콜라겐', '가수', '분해', '콜라겐', '가격', '링크', '특별', '혜택', '링크', '최고', '품질', '상품', '저가', '만나', '이렇', '파격', '혜택', '제공', '쇼핑', '할인', '당신', '위하', '놀랍', '수익', '클릭', '감사']",긍정,긍정
"📢 동국제약에서 만든 건강기능식품 마데카 리포좀 레티놀C는 레티놀과 비타민C를 안정적으로 전달하기 위해 리포좀 기술을 적용했습니다. 이 기술 덕분에 성분이 쉽게 파괴되지 않고 체내 흡수율이 높아집니다. 비타민C는 항산화 작용으로 피부 노화를 늦추고 얼굴 톤을 개선하며, 레티놀은 콜라겐 합성을 촉진해 피부 탄력과 주름 개선에 도움을 줍니다. 또한 병풀추출물, 콜라겐, 엘라스틴, 세라마이드 같은 피부 구성 성분이 함께 포함돼 있어 피부 회복과 보습에도 유리합니다. 가격은 다이소 매장에서 20포 기준 약 5,000원 이하로 판매되며, 동국제약이 직접 공급하는 제품이기 때문에 성분 함량이 줄어들거나 효능이 떨어지는 제품은 아닙니다. 다만 건강기능식품이므로 효과는 개인차가 있을 수 있습니다. 다이소 제품이라서 걱정된다면 화살표 아래 제품을 눌러 쿠팡에서 구매하는 것도 좋은 방법입니다.",267,"['동국', '제약', '만들', '건강', '기능', '식품', '마데카', '리포좀', '레티노', '레티노', '비타민', '안정', '전달', '위하', '리포좀', '기술', '적용', '기술', '덕분', '성분', '파괴', '체내', '흡수', '높아지', '비타민', '항산화', '작용', '피부', '노화', '늦추', '얼굴', '개선', '레티노', '콜라겐', '합성', '촉진', '피부', '탄력', '주름', '개선', '도움', '병풀', '추출물', '콜라겐', '라스', '세라마이드', '피부', '구성', '성분', '포함', '피부', '회복', '보습', '유리', '가격', '다이소', '매장', '기준', '이하', '판매', '동국', '제약', '공급', '제품', '때문', '성분', '함량', '줄어들', '효능', '떨어지', '제품', '아니', '건강', '기능', '식품', '효과', '개인차', '다이소', '제품', '걱정', '화살표', '아래', '제품', '누르', '쿠팡', '구매', '방법']",긍정,긍정
다육이에게 좋은 전용비료도 알려주심 좋을거 같아요 제품명 추천이 어려우면 성분 어떤거 얼마이상 들어있는거 구입하라 알려주심 구입할때 도움될거같아요~^^,268,"['전용', '비료', '알리', '제품명', '추천', '어렵', '성분', '얼마', '이상', '구입', '알리', '구입', '도움']",긍정,긍정
내면의여유 믿고봅니다 감사합니다 ㅠㅠ,269,"['내면', '여유', '감사']",긍정,긍정
알려주셔서감사합니다,269,"['알리', '감사']",긍정,긍정
좋아요,269,[],중립,긍정
아고매좋은정보를다전해주시니 넘감사하셔요^^ 감사드려요,269,"['정보', '전하', '감사', '감사', '드리']",긍정,긍정
사야겠다,269,[],중립,긍정
"[다이소 영양제] 손톱 발톱 모발편 1. 대웅제약 멀티비타민미네랄 비타민12종과 더불어 철, 아연, 구리, 셀렌, 망간, 몰리브덴, 크롬이 포함된 센트롬과 비슷한 가성비 제품입니다. 아침식사 후 1알 드세요. 2. 대웅제약 철분 1정당 철 24mg 비타민D 400IU 셀렌 비타민C 아침식사 후 1알 드세요. 3. 대웅제약 맥주효모비오틴 맥주효모500mg 비오틴 500µg 아침식사 후 1알 드세요.",272,"['다이소', '영양제', '손톱', '발톱', '모발', '대웅제약', '멀티', '비타민', '미네랄', '비타민', '더불', '아연', '구리', '망간', '몰리브덴', '크롬', '포함', '센트', '비슷하', '가성비', '제품', '아침', '식사', '드세', '대웅제약', '철분', '정당', '비타민', '비타민', '아침', '식사', '드세', '대웅제약', '맥주', '효모', '맥주', '효모', '비오티', '아침', '식사', '드세']",긍정,긍정
선생님 그러면 하루에 두알씩 먹으면 효과를 좀 더 볼 수 있을까여? 그럼 가성비가 너무 떨어질려나요,274,"['선생', '하루', '효과', '가성비', '떨어지']",긍정,긍정
진짜 맛있음 진짜 한번 먹어보삼 다이소로 달려가!!!!!!,275,"['맛있', '다이소', '달려가']",중립,긍정
Çofrp❤,275,[],중립,긍정
"이 포스팅은 쿠팡파트너스 활동의 일환으로, 이에 따른 일정액의 수수료를 제공받습니다. https://link.coupang.com/a/cWkwQI 1위 : 다이소 대웅제약 건강식품 여성 데일리 루틴 4종세트 철분 / 코엔자임 Q10 / 비타민D / 락토핏 골드 가격 : 26,600원 링크 : https://link.coupang.com/a/cWkwQI 2위 : 다이소 대웅제약 건강식품 시니어종합 케어 5종 세트 멀티비타민 / 오메가3 / 칼슘 / 코엔자임 Q10 / 비타민D 가격 : 35,200원 링크 : https://link.coupang.com/a/cWkwQL 3위 : 다이소 대웅제약 건강식품 뼈 건강 올인원 3종 세트 칼슘 / 칼슘 마그네슘 비타민D / 비타민D 가격 : 22,900원 링크 : https://link.coupang.com/a/cWkwQQ 4위 : 대웅제약 DR BEAR 닥터베어 멀티비타민 미네랄 (30일분) 가격 : 24,800원 링크 : https://link.coupang.com/a/cWkwQU 5위 : 다이소 대웅제약 건강식품 눈 건강 & 혈행 개선 3종 세트 오메가3 / 코엔자임 Q10 / 멀티비타민 미네랄 가격 : 25,300원 링크 : https://link.coupang.com/a/cWkwQX 6위 : 안국약품 V-pack 브이팩 여성용 종합영양제 히알루론산 비타민 칼슘(4정 X 7포) 가격 : 9,310원 링크 : https://link.coupang.com/a/cWkwQY 7위 : [국민건강 프로젝트] 대웅제약 마그네슘 에너지케어 가격 : 19,900원 링크 : https://link.coupang.com/a/cWkwQ1 8위 : 일상속반짝 3칸 약통 블루 가격 : 6,800원 링크 : https://link.coupang.com/a/cWkwQ4 ⭐️ 특별 혜택 링크 https://temu.to/k/glb5f443d8e 을(를) 탭하고 최고 품질의 상품을 초저가로 만나보세요. 🛍 이렇게 파격적인 혜택은 오직 Temu에서만 제공됩니다. 지금 쇼핑하고 큰 할인을 받으세요! ⭐️ 당신을 위한 또 다른 놀라움! 저와 함께 수익을 얻으시려면 https://temu.to/k/g7a19moq5z4 을 클릭하세요! 감사합니다.",277,"['포스팅', '쿠팡', '파트너스', '활동', '일환', '따르', '일정액', '수수료', '제공', '대웅제약', '건강식품', '여성', '데일리', '루틴', '세트', '철분', '코엔자임', '비타민', '락토핏', '골드', '가격', '링크', '대웅제약', '건강식품', '시니어', '종합', '케어', '세트', '멀티', '비타민', '오메가', '칼슘', '코엔자임', '비타민', '가격', '링크', '대웅제약', '건강식품', '건강', '인원', '세트', '칼슘', '칼슘', '마그네슘', '비타민', '비타민', '가격', '링크', '대웅제약', '닥터', '베어', '멀티', '비타민', '미네랄', '가격', '링크', '대웅제약', '건강식품', '건강', '개선', '세트', '오메가', '코엔자임', '멀티', '비타민', '미네랄', '가격', '링크', '안국', '약품', '브이', '여성', '종합', '영양제', '히알루론산', '비타민', '칼슘', '가격', '링크', '국민', '건강', '프로젝트', '대웅제약', '마그네슘', '에너지', '케어', '가격', '링크', '일상', '블루', '가격', '링크', '특별', '혜택', '링크', '최고', '품질', '상품', '저가', '만나', '이렇', '파격', '혜택', '제공', '쇼핑', '할인', '당신', '위하', '놀랍', '수익', '클릭', '감사']",긍정,긍정
"영상 속 다이소 영양제 구매링크: https://link.coupang.com/a/cXqtFA 이 포스팅은 쿠팡파트너스 활동의 일환으로, 이에 따른 일정액의 수수료를 제공받습니다. 1위 : 다이소 대웅제약 건강식품 시니어종합 케어 5종 세트 멀티비타민 / 오메가3 / 칼슘 / 코엔자임 Q10 / 비타민D 가격 : 35,200원 링크 : https://link.coupang.com/a/cXqtFA 2위 : 다이소 대웅제약 건강식품 뼈 건강 올인원 3종 세트 칼슘 / 칼슘 마그네슘 비타민D / 비타민D 가격 : 22,900원 링크 : https://link.coupang.com/a/cXqtFE 3위 : [국민건강 프로젝트] 대웅제약 마그네슘 에너지케어 가격 : 19,900원 링크 : https://link.coupang.com/a/cXqtFK 4위 : 다이소 대웅제약 건강식품 어린이 성장 비타민 2종 멀티비타민 키즈 / 칼슘 마그네슘 키즈 가격 : 19,200원 링크 : https://link.coupang.com/a/cXqtFO 5위 : 다이소 대웅제약 건강식품 여성 데일리 루틴 4종세트 철분 / 코엔자임 Q10 / 비타민D / 락토핏 골드 가격 : 26,600원 링크 : https://link.coupang.com/a/cXqtFT 6위 : 다이소 대웅제약 건강식품 눈 건강 & 혈행 개선 3종 세트 오메가3 / 코엔자임 Q10 / 멀티비타민 미네랄 가격 : 25,300원 링크 : https://link.coupang.com/a/cXqtFW 7위 : 산화마그네슘 프리미엄 마그네슘 캐나다 90정 3개월분 가격 : 22,000원 링크 : https://link.coupang.com/a/cXqtFY 8위 : 락피도 티니핑 빌베리스틱 12포 블루베리 가격 : 9,800원 링크 : https://link.coupang.com/a/cXqtF2 9위 : 락피도 티니핑 칼슘스틱 12포 복숭아 가격 : 16,900원 링크 : https://link.coupang.com/a/cXqtF5 10위 : 자연관 정성담은 배도라지스틱 12포 가격 : 67,130원 링크 : https://link.coupang.com/a/cXqtF8 감사합니다.",282,"['영상', '다이소', '영양제', '구매', '링크', '포스팅', '쿠팡', '파트너스', '활동', '일환', '따르', '일정액', '수수료', '제공', '대웅제약', '건강식품', '시니어', '종합', '케어', '세트', '멀티', '비타민', '오메가', '칼슘', '코엔자임', '비타민', '가격', '링크', '대웅제약', '건강식품', '건강', '인원', '세트', '칼슘', '칼슘', '마그네슘', '비타민', '비타민', '가격', '링크', '국민', '건강', '프로젝트', '대웅제약', '마그네슘', '에너지', '케어', '가격', '링크', '대웅제약', '건강식품', '어린이', '성장', '비타민', '멀티', '비타민', '키즈', '칼슘', '마그네슘', '키즈', '가격', '링크', '대웅제약', '건강식품', '여성', '데일리', '루틴', '세트', '철분', '코엔자임', '비타민', '락토핏', '골드', '가격', '링크', '대웅제약', '건강식품', '건강', '개선', '세트', '오메가', '코엔자임', '멀티', '비타민', '미네랄', '가격', '링크', '산화 마그네슘', '프리미엄', '마그네슘', '캐나다', '개월', '가격', '링크', '락피도', '티니핑', '빌 베리', '스틱', '블루베리', '가격', '링크', '락피도', '티니핑', '칼슘', '스틱', '복숭아', '가격', '링크', '자연관', '정성', '도라지', '스틱', '가격', '링크', '감사']",긍정,긍정
2개 먹야 하네요 감사합니다,284,['감사'],긍정,긍정
오브맘 멀티비타민＆미네랄 하루구미 30일분 품번 613602128 쇼핑전 검색해 보세요❤,285,"['오브', '멀티', '비타민', '미네랄', '하루', '구미', '쇼핑', '검색']",중립,긍정
"다이어트 보조제, 이제 다이소에서 만나보세요! ✔ 체지방 감소 도움주는 녹차 카테킨 ✔ 식후 혈당 관리에 좋은 바나바잎 추출물 매일 식단 관리만으로는 부족하다고 느끼셨다면, 오늘 영상 꼭 확인하세요! 체지방 감소와 혈당 관리에 도움을 주는 의외의 꿀템을 소개합니다. 운동·식단이 힘든 분들, 다이어트 시작하고 싶으신 분들, 혈당 관리 필요한 분들에게 추천해요! 👉 다이소 다이어트 영양제 리뷰 확인하고, 현명하게 건강 관리하세요!",288,"['다이어트', '보조제', '다이소', '만나', '체지방', '감소', '도움', '녹차', '카테킨', '식후', '혈당', '관리', '바나바', '추출물', '매일', '식단', '관리', '부족', '느끼', '영상', '확인', '체지방', '감소', '혈당', '관리', '도움', '의외', '소개', '운동', '식단', '힘들', '다이어트', '시작', '혈당', '관리', '필요', '추천', '다이소', '다이어트', '영양제', '리뷰', '확인', '현명', '건강', '관리']",긍정,긍정
친구한테 피스타치오스프레드 말고 와사비 두쫀쿠 먹이기ㅋㅋ❤❤,289,"['친구', '피스타치오', '스프레드', '와사비', '두쫀쿠', '먹이']",중립,긍정
하츄핑 무시하지마 ㅠ (빨왔다 항상 좋은 영상 감사합니다!,289,"['하츄핑', '무시', '영상', '감사']",긍정,긍정
❤❤❤❤,289,[],중립,긍정
제가 좋아요 700만들었어요!,289,['만들'],중립,긍정
"📍콜라겐을 고를 때 최소 저의 기준은 이렇습니다. -저분자 콜라겐 펩타이드 함량은 2,000~5,000mg -비타민C와 함께 섭취해야 생체 이용률이 올라간다는 점 -흡수율을 위해서는 분자 크기가 500달톤 이하일 것 또한 다이소 제품이라고 해서 무조건 가성비가 좋은 것은 아닙니다. 소분 포장으로 가격을 저렴해 보이게 하거나, 실제 스펙이 낮아 가성비가 떨어지는 경우도 많습니다. 따라서 무작정 구매하기보다, 명확한 기준을 가지고 꼼꼼히 따져보는 것이 중요합니다. 📣본 채널로 오시면 풀 영상 보실 수 있어요!",293,"['콜라겐', '고르', '최소', '기준', '이렇', '저분자', '콜라겐', '펩타이드', '함량', '비타민', '섭취', '생체', '이용', '올라가', '흡수', '위하', '분자', '크기', '이하', '다이소', '제품', '가성비', '아니', '포장', '가격', '저렴하', '보이', '스펙', '가성비', '떨어지', '경우', '작정', '구매', '기준', '가지', '따지', '중요', '채널', '영상']",긍정,긍정
멀티비타민은 괜찮을까요??ㅠㅠ,293,"['멀티', '비타민', '괜찮']",긍정,긍정
⚖️ SERA 3호 판결 요약 📋 유죄 조건: 성분표 안 보고 브랜드만 보고 구매 올리브영 = 무조건 좋다고 생각 다이소 = 무조건 싸서 좋다고 생각 ✅ 무죄 조건: 성분표 직접 비교 후 구매 단일 성분 → 다이소 충분히 고려 복합 성분 → 함량 꼼꼼히 체크 ⚠️ 반드시 확인할 것: 핵심 성분 함량 (mg 단위) 부성분 함량 차이 원료 원산지 💬 지금 어디서 영양제 사고 계세요? 분석 원하는 영양제 댓글로 알려주세요. 링크 필요하신 분은 '링크' 댓글 남겨주세요. ※ 개인 건강 상태에 따라 전문가 상담 권장 🛒 SERA가 고른 가성비 영양제 → 설명란에서 확인,294,"['판결', '요약', '유죄', '조건', '성분', '브랜드', '구매', '올리브', '생각', '다이소', '생각', '무죄', '조건', '성분', '비교', '구매', '단일', '성분', '다이소', '고려', '복합', '성분', '함량', '체크', '확인', '핵심', '성분', '함량', '단위', '성분', '함량', '차이', '원료', '원산지', '어디', '영양제', '분석', '영양제', '댓글', '알리', '링크', '필요', '링크', '댓글', '남기', '개인', '건강', '상태', '따르', '전문가', '상담', '권장', '고르', '가성비', '영양제', '설명', '확인']",긍정,긍정
?????????? 내일 있을 시험 공부하다가 알고리즘으로 들어왓는데 다이소에 티니핑 건강식품도 팔앗어요..????????? 우와 ㅋㅋㅋㅋㅋ 첨 알앗어요!! ㅋㅋㅋㅋ 딱히 먹고 싶지는 않지만.. 나중에 다이소에서 보이면 한번 눈 여겨 볼 거 같아요 ㅋㅋㅋ 이번 다이소 제품 리뷰 해주셔서 감사합니다!! 💖💖,295,"['내일', '시험', '공부', '알고리즘', '들어오', '다이소', '건강식품', '나중', '다이소', '보이', '여기', '이번', '다이소', '제품', '리뷰', '감사']",긍정,긍정
"영상 속 다이소 영양제 구매링크: https://link.coupang.com/a/cZK6jI 이 포스팅은 쿠팡파트너스 활동의 일환으로, 이에 따른 일정액의 수수료를 제공받습니다. 1위 : 다이소 대웅제약 건강식품 눈 건강 & 혈행 개선 3종 세트 오메가3 / 코엔자임 Q10 / 멀티비타민 미네랄 가격 : 25,300원 링크 : https://link.coupang.com/a/cZK6jI 2위 : 다이소 대웅제약 건강식품 뼈 건강 올인원 3종 세트 칼슘 / 칼슘 마그네슘 비타민D / 비타민D 가격 : 22,900원 링크 : https://link.coupang.com/a/cZK6jL 3위 : 다이소 대웅제약 건강식품 여성 데일리 루틴 4종세트 철분 / 코엔자임 Q10 / 비타민D / 락토핏 골드 가격 : 26,600원 링크 : https://link.coupang.com/a/cZK6jM 4위 : 다이소 대웅제약 건강식품 남성 건강 활력 3종 세트 쏘팔메토 / 멀티비타민 미네랄 / 오메가3 가격 : 25,300원 링크 : https://link.coupang.com/a/cZK6jN 5위 : 다이소 대웅제약 건강식품 면역력 집중 3종 세트 프로폴리스 / 비타민D / 락토핏 골드 가격 : 22,900원 링크 : https://link.coupang.com/a/cZK6jP 6위 : 다이소 대웅제약 건강식품 어린이 성장 비타민 2종 멀티비타민 키즈 / 칼슘 마그네슘 키즈 가격 : 19,200원 링크 : https://link.coupang.com/a/cZK6jT 7위 : 다이소 대웅제약 건강식품 시니어종합 케어 5종 세트 멀티비타민 / 오메가3 / 칼슘 / 코엔자임 Q10 / 비타민D 가격 : 35,200원 링크 : https://link.coupang.com/a/cZK6jW 8위 : 다이소 비타민B 대웅제약 가격 : 18,900원 링크 : https://link.coupang.com/a/cZK6jY 9위 : 다이소 대웅제약 건강식품 가족 종합 건강 세트 (5종) 멀티비타민비네랄 / 비타민D / 오메가3 / 칼슘마그네슘D(키즈) / 랏토핏 골드 가격 : 35,200원 링크 : https://link.coupang.com/a/cZK6j0 10위 : 다이소 비타민B 대웅제약 가격 : 9,900원 링크 : https://link.coupang.com/a/cZK6j2 감사합니다.",297,"['영상', '다이소', '영양제', '구매', '링크', '포스팅', '쿠팡', '파트너스', '활동', '일환', '따르', '일정액', '수수료', '제공', '대웅제약', '건강식품', '건강', '개선', '세트', '오메가', '코엔자임', '멀티', '비타민', '미네랄', '가격', '링크', '다이소', '대웅제약', '건강식품', '건강', '인원', '세트', '칼슘', '칼슘', '마그네슘', '비타민', '비타민', '가격', '링크', '다이소', '대웅제약', '건강식품', '여성', '데일리', '루틴', '세트', '철분', '코엔자임', '비타민', '락토핏', '골드', '가격', '링크', '다이소', '대웅제약', '건강식품', '남성', '건강', '활력', '세트', '쏘팔메토', '멀티', '비타민', '미네랄', '오메가', '가격', '링크', '다이소', '대웅제약', '건강식품', '면역력', '세트', '프로폴리스', '비타민', '락토핏', '골드', '가격', '링크', '다이소', '대웅제약', '건강식품', '어린이', '성장', '비타민', '멀티', '비타민', '키즈', '칼슘', '마그네슘', '키즈', '가격', '링크', '다이소', '대웅제약', '건강식품', '시니어', '종합', '케어', '세트', '멀티', '비타민', '오메가', '칼슘', '코엔자임', '비타민', '가격', '링크', '다이소', '비타민', '대웅제약', '가격', '링크', '다이소', '대웅제약', '건강식품', '가족', '종합', '건강', '세트', '멀티', '비타민', '비타민', '오메가', '칼슘', '마그네슘', '키즈', '랏토핏', '골드', '가격', '링크', '다이소', '비타민', '대웅제약', '가격', '링크', '감사']",긍정,긍정
"영상 속 다이소 영양제 구매링크: https://link.coupang.com/a/cCaSBg 이 포스팅은 쿠팡파트너스 활동의 일환으로, 이에 따른 일정액의 수수료를 제공받습니다. 1위 : 다이소 대웅제약 건강식품 남성 건강 활력 3종 세트 쏘팔메토 / 멀티비타민 미네랄 / 오메가3, 1개 가격 : 25,300원 링크 : https://link.coupang.com/a/cCaSBg 2위 : 위타민 에너지 스트레스 피로개선 올인원영양제 30회분, 1박스 가격 : 64,900원 링크 : https://link.coupang.com/a/cCaSGr 3위 : 모리앤 종합 식물영양제 10p, 350ml, 1개 가격 : 2,250원 링크 : https://link.coupang.com/a/cCaSLG 4위 : 다이소 대웅제약 건강식품 면역력 집중 3종 세트 프로폴리스 / 비타민D / 락토핏 골드, 1개 가격 : 22,900원 링크 : https://link.coupang.com/a/cCaSP2 5위 : 하루영양365 17종비타민미네랄을 한번에 지친일상에 활력을주는 최적의 배합 영양제, 1개, 90정 가격 : 38,000원 링크 : https://link.coupang.com/a/cCaSU4 6위 : 휘트니스 식염포도당 1000정, 1개 가격 : 10,800원 링크 : https://link.coupang.com/a/cCaSZ0 7위 : 다이소 대웅제약 건강식품 시니어종합 케어 5종 세트 멀티비타민 / 오메가3 / 칼슘 / 코엔자임 Q10 / 비타민D, 1개 가격 : 35,200원 링크 : https://link.coupang.com/a/cCaS5y 8위 : 탐사 전식물용 앰플영양제 40p | 토양활력제 10p 가격 : 8,590원 링크 : https://link.coupang.com/a/cCaTcY 9위 : 다이소 대웅제약 건강식품 프리미엄 건강 통합 세트 (6종) 멀티비타민 / 오메가3 / 철분 / 가르시니아 / 유산균 / 비타민D, 1개 가격 : 38,900원 링크 : https://link.coupang.com/a/cCaThH 10위 : 천혜당 심염포도당 1000정 여름작업 운동 야외활동, 1개 가격 : 12,000원 링크 : https://link.coupang.com/a/cCaTmF 감사합니다.",298,"['영상', '다이소', '영양제', '구매', '링크', '포스팅', '쿠팡', '파트너스', '활동', '일환', '따르', '일정액', '수수료', '제공', '대웅제약', '건강식품', '남성', '건강', '활력', '세트', '쏘팔메토', '멀티', '비타민', '미네랄', '오메가', '가격', '링크', '위타민', '에너지', '스트레스', '피로', '개선', '인원', '영양제', '박스', '가격', '링크', '모리앤', '종합', '식물', '영양제', '가격', '링크', '대웅제약', '건강식품', '면역력', '세트', '프로폴리스', '비타민', '락토핏', '골드', '가격', '링크', '하루', '영양', '비타민', '미네랄', '지치', '일상', '활력', '최적', '배합', '영양제', '가격', '링크', '휘트니스', '식염', '포도당', '가격', '링크', '대웅제약', '건강식품', '시니어', '종합', '케어', '세트', '멀티', '비타민', '오메가', '칼슘', '코엔자임', '비타민', '가격', '링크', '탐사', '식물', '앰플', '영양제', '토양', '활력', '가격', '링크', '대웅제약', '건강식품', '프리미엄', '건강', '통합', '세트', '멀티', '비타민', '오메가', '철분', '가르', '유산균', '비타민', '가격', '링크', '천혜', '포도당', '여름', '작업', '운동', '야외', '활동', '가격', '링크', '감사']",긍정,긍정
"이 포스팅은 쿠팡파트너스 활동의 일환으로, 이에 따른 일정액의 수수료를 제공받습니다. https://link.coupang.com/a/cUDU8Y 1위 : 이너랩 상큼한 츄어블 비타민C 500, 60정, 2개 가격 : 22,500원 링크 : https://link.coupang.com/a/cUDU8Y 2위 : 이너랩 상큼한 츄어블 비타민C 500, 60정, 1개 가격 : 11,400원 링크 : https://link.coupang.com/a/cUDU8Z 3위 : 동국제약 마데카 리포좀 비타민C 가격 : 6,660원 링크 : https://link.coupang.com/a/cUDU82 4위 : 동국제약 마데카 리포좀 비타민C 가격 : 29,200원 링크 : https://link.coupang.com/a/cUDU84 5위 : 동국제약 마데카 리포좀 비타민C 가격 : 16,700원 링크 : https://link.coupang.com/a/cUDU85 6위 : 동국제약 마데카 리포좀 비타민C 가격 : 33,680원 링크 : https://link.coupang.com/a/cUDU86 7위 : 헬퍼장 츄어블 비타민 C 플러스 영양제, 180정, 1개 가격 : 13,900원 링크 : https://link.coupang.com/a/cUDU87 8위 : 동국제약 마데카 리포좀 비타민C 가격 : 22,250원 링크 : https://link.coupang.com/a/cUDU88 9위 : 동국제약 마데카 리포좀 비타민C 가격 : 67,300원 링크 : https://link.coupang.com/a/cUDU89 10위 : 다이소 비타민C 대웅제약 가격 : 17,900원 링크 : https://link.coupang.com/a/cUDU9a ⭐️ 특별 혜택 링크 https://temu.to/k/glb5f443d8e 을(를) 탭하고 최고 품질의 상품을 초저가로 만나보세요. 🛍 이렇게 파격적인 혜택은 오직 Temu에서만 제공됩니다. 지금 쇼핑하고 큰 할인을 받으세요! ⭐️ 당신을 위한 또 다른 놀라움! 저와 함께 수익을 얻으시려면 https://temu.to/k/g7a19moq5z4 을 클릭하세요! 감사합니다.",303,"['포스팅', '쿠팡', '파트너스', '활동', '일환', '따르', '일정액', '수수료', '제공', '이너', '츄어블', '비타민', '가격', '링크', '이너', '츄어블', '비타민', '가격', '링크', '동국', '제약', '마데카', '리포', '비타민', '가격', '링크', '동국', '제약', '마데카', '리포', '비타민', '가격', '링크', '동국', '제약', '마데카', '리포', '비타민', '가격', '링크', '동국', '제약', '마데카', '리포', '비타민', '가격', '링크', '헬퍼', '츄어블', '비타민', '플러스', '영양제', '가격', '링크', '동국', '제약', '마데카', '리포', '비타민', '가격', '링크', '동국', '제약', '마데카', '리포', '비타민', '가격', '링크', '다이소', '비타민', '대웅제약', '가격', '링크', '특별', '혜택', '링크', '최고', '품질', '상품', '저가', '만나', '이렇', '파격', '혜택', '제공', '쇼핑', '할인', '당신', '위하', '놀랍', '수익', '클릭', '감사']",긍정,긍정
아 다이소 또가고싶네요 아산 배방역 앞에있는 다이소 진짜 좋아요 엘리베이터도 있고 잘해놨드라구요😮 약 코너도있어요! 역시 다이소 ㅎㅎ,304,"['다이소', '아산', '배방역', '다이소', '엘리베이터', '코너', '다이소']",중립,긍정
"이 포스팅은 쿠팡파트너스 활동의 일환으로, 이에 따른 일정액의 수수료를 제공받습니다. https://link.coupang.com/a/cVe6fA 1위 : 동국제약 마데카 리포좀 비타민C 가격 : 6,660원 링크 : https://link.coupang.com/a/cVe6fA 2위 : 경남제약 퓨어 비타민C 3000 고함량 90포, 270g, 2개 가격 : 29,900원 링크 : https://link.coupang.com/a/cVe6fB 3위 : 퓨처메이트 레티놀 비타민C 식약처HACCP인증 가격 : 202,800원 링크 : https://link.coupang.com/a/cVe6fC 4위 : 프리미엄 고용량 비타민C 고함량 1000 아연 비타민 씨 수용성 청소년 수험생 중학생 고등학생 비타민 비타민C 골드 1000MG 100정 2통, 100정, 4개 가격 : 27,970원 링크 : https://link.coupang.com/a/cVe6fD 5위 : 퓨처메이트 레티놀 비타민C 식약처HACCP인증 가격 : 169,000원 링크 : https://link.coupang.com/a/cVe6fE 6위 : 비타민C1000, 2개, 200정 가격 : 22,990원 링크 : https://link.coupang.com/a/cVe6fF 7위 : 식물성 먹는 레티놀 영국산 비타민C 저분자 콜라겐 펩타이드 글루타치온 식약청인증 HACCP 가격 : 42,900원 링크 : https://link.coupang.com/a/cVe6fG 8위 : 헬퍼장 츄어블 비타민 C 플러스 영양제, 180정, 1개 가격 : 13,900원 링크 : https://link.coupang.com/a/cVe6fH 9위 : 퓨처메이트 레티놀 비타민C 식약처HACCP인증 가격 : 33,800원 링크 : https://link.coupang.com/a/cVe6fI 10위 : 이너랩 상큼한 츄어블 비타민C 500, 60정, 1개 가격 : 11,400원 링크 : https://link.coupang.com/a/cVe6fJ ⭐️ 특별 혜택 링크 https://temu.to/k/glb5f443d8e 을(를) 탭하고 최고 품질의 상품을 초저가로 만나보세요. 🛍 이렇게 파격적인 혜택은 오직 Temu에서만 제공됩니다. 지금 쇼핑하고 큰 할인을 받으세요! ⭐️ 당신을 위한 또 다른 놀라움! 저와 함께 수익을 얻으시려면 https://temu.to/k/g7a19moq5z4 을 클릭하세요! 감사합니다.",308,"['포스팅', '쿠팡', '파트너스', '활동', '일환', '따르', '일정액', '수수료', '제공', '동국', '제약', '마데카', '리포', '비타민', '가격', '링크', '경남', '제약', '퓨어', '비타민', '함량', '가격', '링크', '퓨처', '메이트', '레티노', '비타민', '식약처', '인증', '가격', '링크', '프리미엄', '용량', '비타민', '함량', '아연', '비타민', '수용성', '청소년', '수험', '중학생', '고등학생', '비타민', '비타민', '골드', '가격', '링크', '퓨처', '메이트', '레티노', '비타민', '식약처', '인증', '가격', '링크', '비타민', '가격', '링크', '식물', '레티노', '영국', '비타민', '분자', '콜라겐', '펩타이드', '식약청', '인증', '가격', '링크', '헬퍼', '츄어블', '비타민', '플러스', '영양제', '가격', '링크', '퓨처', '메이트', '레티노', '비타민', '식약처', '인증', '가격', '링크', '이너', '츄어블', '비타민', '가격', '링크', '특별', '혜택', '링크', '최고', '품질', '상품', '저가', '만나', '이렇', '파격', '혜택', '제공', '쇼핑', '할인', '당신', '위하', '놀랍', '수익', '클릭', '감사']",긍정,긍정
"영상 속 다이소 영양제 구매링크: https://link.coupang.com/a/cWGYXX 이 포스팅은 쿠팡파트너스 활동의 일환으로, 이에 따른 일정액의 수수료를 제공받습니다. 1위 : 다이소 대웅제약 건강식품 시니어종합 케어 5종 세트 멀티비타민 / 오메가3 / 칼슘 / 코엔자임 Q10 / 비타민D 가격 : 35,200원 링크 : https://link.coupang.com/a/cWGYXX 2위 : 다이소 대웅제약 건강식품 뼈 건강 올인원 3종 세트 칼슘 / 칼슘 마그네슘 비타민D / 비타민D 가격 : 22,900원 링크 : https://link.coupang.com/a/cWGYXZ 3위 : 안국약품 V-pack 브이팩 여성용 종합영양제 히알루론산 비타민 칼슘(4정 X 7포) 가격 : 9,400원 링크 : https://link.coupang.com/a/cWGYX0 4위 : [국민건강 프로젝트] 대웅제약 마그네슘 에너지케어 가격 : 19,900원 링크 : https://link.coupang.com/a/cWGYX2 5위 : 다이소 대웅제약 건강식품 여성 데일리 루틴 4종세트 철분 / 코엔자임 Q10 / 비타민D / 락토핏 골드 가격 : 26,600원 링크 : https://link.coupang.com/a/cWGYX6 6위 : 다이소 대웅제약 건강식품 눈 건강 & 혈행 개선 3종 세트 오메가3 / 코엔자임 Q10 / 멀티비타민 미네랄 가격 : 25,300원 링크 : https://link.coupang.com/a/cWGYX8 7위 : 일상속반짝 3칸 약통 블루 가격 : 6,800원 링크 : https://link.coupang.com/a/cWGYX9 8위 : 산화마그네슘 프리미엄 마그네슘 캐나다 90정 3개월분 가격 : 22,000원 링크 : https://link.coupang.com/a/cWGYYe 9위 : 락피도 티니핑 칼슘스틱 12포 복숭아 가격 : 16,900원 링크 : https://link.coupang.com/a/cWGYYh 10위 : 대웅제약 DR BEAR 닥터베어 멀티비타민 미네랄 (30일분) 가격 : 24,800원 링크 : https://link.coupang.com/a/cWGYYi 감사합니다.",313,"['영상', '다이소', '영양제', '구매', '링크', '포스팅', '쿠팡', '파트너스', '활동', '일환', '따르', '일정액', '수수료', '제공', '대웅제약', '건강식품', '시니어', '종합', '케어', '세트', '멀티', '비타민', '오메가', '칼슘', '코엔자임', '비타민', '가격', '링크', '대웅제약', '건강식품', '건강', '인원', '세트', '칼슘', '칼슘', '마그네슘', '비타민', '비타민', '가격', '링크', '안국', '약품', '브이', '여성', '종합', '영양제', '히알루론산', '비타민', '칼슘', '가격', '링크', '국민', '건강', '프로젝트', '대웅제약', '마그네슘', '에너지', '케어', '가격', '링크', '대웅제약', '건강식품', '여성', '데일리', '루틴', '세트', '철분', '코엔자임', '비타민', '락토핏', '골드', '가격', '링크', '대웅제약', '건강식품', '건강', '개선', '세트', '오메가', '코엔자임', '멀티', '비타민', '미네랄', '가격', '링크', '일상', '블루', '가격', '링크', '산화 마그네슘', '프리미엄', '마그네슘', '캐나다', '개월', '가격', '링크', '락피도', '티니핑', '칼슘', '스틱', '복숭아', '가격', '링크', '대웅제약', '닥터', '베어', '멀티', '비타민', '미네랄', '가격', '링크', '감사']",긍정,긍정
"영상 속 다이소 영양제 보관 구매링크: https://link.coupang.com/a/cD3tUN 이 포스팅은 쿠팡파트너스 활동의 일환으로, 이에 따른 일정액의 수수료를 제공받습니다. 1위 : 스텐레스 알약통 키링 다양한 컬러 비상약통, 실버(대), 1개 가격 : 14,900원 링크 : https://link.coupang.com/a/cD3tUN 2위 : 조빈니타 프리미엄 요일별 휴대용 약통, 블랙, 1개 가격 : 10,900원 링크 : https://link.coupang.com/a/cD3t0W 3위 : 투더 탕비실 정리함 아크릴 보관케이스 7칸, 1개, 투명 가격 : 23,210원 링크 : https://link.coupang.com/a/cD3t6T 4위 : 세븐스타 휴대용 7칸 약통, 2개 가격 : 3,290원 링크 : https://link.coupang.com/a/cD3udx 5위 : 하루잡화 식탁 위 약통 정리함, 1개, 화이트 가격 : 29,700원 링크 : https://link.coupang.com/a/cD3ujw 6위 : 라이프드레그샵 약상자 심플 정리함, 1개, 화이트 가격 : 16,800원 링크 : https://link.coupang.com/a/cD3up2 7위 : 조빈니타 완벽 밀폐 일주일 약통, 블랙 2칸, 1개 가격 : 12,500원 링크 : https://link.coupang.com/a/cD3uvj 8위 : 시스맥스 UP 시스템 멀티박스, 회색, 12단 가격 : 29,330원 링크 : https://link.coupang.com/a/cD3uAN 9위 : 스릴라이프 깊은수납 휴대용 요일별 알약케이스, 2개 가격 : 8,640원 링크 : https://link.coupang.com/a/cD3uGj 10위 : 키펙스 파스텔 컬러 브레드박스 무광화이트, 1개 가격 : 21,400원 링크 : https://link.coupang.com/a/cD3uOv 감사합니다.",318,"['영상', '다이소', '영양제', '보관', '구매', '링크', '포스팅', '쿠팡', '파트너스', '활동', '일환', '따르', '일정액', '수수료', '제공', '스텐', '레스', '알약', '다양', '컬러', '비상', '실버', '가격', '링크', '조빈니타', '프리미엄', '요일', '휴대', '블랙', '가격', '링크', '정리', '아크릴', '보관', '케이스', '투명', '가격', '링크', '세븐', '스타', '휴대', '가격', '링크', '하루', '잡화', '식탁', '정리', '화이트', '가격', '링크', '라이프', '상자', '심플', '정리', '화이트', '가격', '링크', '조빈니타', '완벽', '밀폐', '주일', '블랙', '가격', '링크', '시스', '맥스', '시스템', '멀티', '박스', '회색', '가격', '링크', '스릴', '라이프', '수납', '휴대', '요일', '알약', '케이스', '가격', '링크', '키펙스', '파스텔', '컬러', '브레드', '박스', '화이트', '가격', '링크', '감사']",긍정,긍정
다이소식물영양제 대신 안전한 고농축 친환경 식물영양제를 사용해보세요! 3대영양소+아미노산+폴리인산+천연미네랄+광합성촉진성분까지 함유되어 생육활성기에 최고의 식물영양제입니다.,319,"['다이소', '식물', '영양제', '대신', '안전', '농축', '환경', '식물', '영양제', '사용', '영양소', '아미노산', '폴리', '인산', '천연', '미네랄', '광합성', '촉진', '성분', '함유', '생육', '활성', '최고', '식물', '영양제']",긍정,긍정
"이 포스팅은 쿠팡 파트너스 활동의 일환으로, 이에 따른 일정액의 수수료를 제공받습니다. 5위 - 프로젝트21 강아지 퓨어 영양제, 호흡기/기관지, 1세트 가격 : 31900원 할인제품 : https://link.coupang.com/a/c62Aog 4위 - 펫펫펫 강아지 기관지 영양제 협착증 기침 호흡기 보조제 약 사료 굿랩, 30회분, 호흡기/기관지, 1개 가격 : 31700원 할인제품 : https://link.coupang.com/a/c62Ana 3위 - KAIKOORA 바이탈베르크 100g 강아지기침 기관지협착증 강아지기관지영양제 켁켁거림, 면역/항산화, 2개 가격 : 75800원 할인제품 : https://link.coupang.com/a/c62zjy 2위 - 썬데이펫 강아지 기관지 협착증 영양제 기침 약 켁켁거림 보조제 메디솔브 코큐텐 30g, 메디솔브 코큐텐 30g (영양제), 1개 가격 : 23900원 할인제품 : https://link.coupang.com/a/c62zig 1위 - 닥터바이 브레스 강아지 영양제, 호흡기/기관지, 2세트, 30회분 가격 : 61600원 할인제품 : https://link.coupang.com/a/c62zhb #TOP5 #베스트상품 #인기상품 #필수템 #가성비좋은제품 #추천상품 #베스트픽 #쇼핑가이드 #핫템",320,"['포스팅', '쿠팡', '파트너스', '활동', '일환', '따르', '일정액', '수수료', '제공', '프로젝트', '강아지', '퓨어', '영양제', '호흡기', '기관지', '세트', '가격', '할인', '제품', '강아지', '기관지', '영양제', '협착', '기침', '호흡기', '보조제', '사료', '호흡기', '기관지', '가격', '할인', '제품', '바이탈베르크', '강아지', '기침', '기관지', '협착', '강아지', '기관지', '영양제', '켁켁거림', '면역', '항산화', '가격', '할인', '제품', '데이', '강아지', '기관지', '협착', '영양제', '기침', '켁켁거림', '보조제', '메디솔브', '코큐텐', '메디솔브', '코큐텐', '영양제', '가격', '할인', '제품', '닥터', '바이', '브레스', '강아지', '영양제', '호흡기', '기관지', '세트', '가격', '할인', '제품', '베스트', '상품', '인기', '상품', '필수', '가성비', '제품', '추천', '상품', '베스트', '쇼핑', '가이드']",긍정,긍정
"(저장/공유) #다이소추천템 다이소에 영양제 나오는건 알고있었는데~ 아이들영양제도 나오는지는 몰랐어요 다이소에 티니핑이 쭉 깔려있길래.. 뭐야??하고 보니 티니핑 영양제였음.. 궁금해서 최애인 오로라핑으로 골랐더니 철분스틱ㅋㅋㅋ 새콤하니 맛있나봅니다 5천원에 락피도제품이니 괜춘한듯! 철분말고 비타민, 쾌변, 칼슘, 면역 빌베리, 아르기닌도 있음",325,"['저장', '공유', '다이소', '추천', '다이소', '영양제', '나오', '아이', '영양제', '나오', '모르', '다이소', '깔리', '티니', '영양제', '궁금하', '애인', '오로라', '고르', '철분', '스틱', '맛있', '제품', '철분', '비타민', '쾌변', '칼슘', '면역', '빌 베리', '아르기닌']",긍정,긍정
캐치 티니핑❤ 영양제 도 나왔군요😊 캐릭터 디자인 이라서 달콤이가 좋아할것 같아요❤ 오로라핑❤닮은 달콤이😊 넘 이쁘구 사랑스럽지요😚,325,"['캐치', '티니', '영양제', '나오', '캐릭터', '디자인', '좋아하', '오로라', '이쁘', '사랑']",긍정,긍정
장돌뱅이님 짱이에요 👍 항상 건강하세요 🙏 🎉 💕,326,"['장돌뱅이', '건강']",중립,긍정
오늘은 풋고추 꿀팁 알려주네요 영상 잘볼께요 좋은날 보내세요 🌶 ☕️,326,"['오늘', '고추', '알리', '영상', '보내']",중립,긍정
한국 최고의 영농 지도사.,326,"['한국', '최고', '영농', '지도사']",긍정,긍정
유난히 고추사랑이 크시군요. 풋고주는 툇마루에서 밥에 시원한 물을 부어 된장 찍어서 먹으면 최고의 맛 이였는데...고추 품종도 여러가지라서 여러 맛을 보시겠네요. 가지고추 맛은 어떤가요?,326,"['고추', '사랑', '풋고주', '툇마루', '된장', '최고', '고추', '품종', '가지', '가지', '고추', '어떻']",긍정,긍정
상추는 심고 바로 검정 덮게를 덮나요?? 초보라 ㅋㅋㅋ 고추 꿀팁도 감사해요^^,326,"['상추', '검정', '초보', '고추', '감사']",긍정,긍정
사장님 수박잎 뒤에 노랑 가루가 많이 생기는데 이게 뭘까요 ? 늘 잘 보고있습니다 감사합니다,326,"['사장', '수박', '노랑', '가루', '생기', '이것', '감사']",긍정,긍정
매일 챙겨 먹는 영양제인데 와~~~~싸네요,327,"['챙기', '영양제']",긍정,긍정
"🐶서울대학교동물검진센터🐱 📞 02-6930-5747 📍 서울 광진구 구의강변로 46 2층 ⏰ 타임라인 0:00 하이라이트 0:15 다이소 기능성 간식, 영양제 효과 있을까? 2:07 눈 건강 제품 2:35 히알루론산, 콜라겐 2:50 초유, 면역 제품 3:37 보스웰리아, 스피루리나, 코엔자임Q10 3:54 수의사로서 먹인다? 먹이지 않는다?",330,"['서울대학교', '동물', '검진', '센터', '서울', '광진구', '구의', '강변로', '타임라인', '하이라이트', '다이소', '기능', '간식', '영양제', '효과', '건강', '제품', '히알루론산', '콜라겐', '초유', '면역', '제품', '보스', '스피루리', '코엔자임', '수의사', '먹이', '먹이']",긍정,긍정
"초록스타 식물영양제 500ml/ ￦ 2000 품번: 39222 식물 영양 알비료 마가모 / ￦2,000 품번: 1053440😊❤ 많은 사랑 부탁드립니다.💕",331,"['초록', '스타', '식물', '영양제', '식물', '영양', '비료', '마가모', '사랑', '부탁', '드리']",중립,긍정
"다이소에 가면 영양제 한 달 치를 고작 삼천 원에 살 수 있다고??? 다이소 영양제 궁금했던 사람 주목! 가격이 너무 저렴한데 믿고 먹어도 될지, 어떤 영양제가 좋은 건지 궁금하다멍? #강아지강약사 #다이소 #다이소영양제 #다이소마그네슘 #다이소비타민 - 본 콘텐츠는 10년 차 현직 약사가 직접 작성·검토했습니다.",332,"['다이소', '영양제', '삼천', '다이소', '영양제', '사람', '주목', '가격', '저렴하', '영양제', '아지 강', '약사', '다이소', '다이소', '영양제', '다이소', '마그네슘', '다이소', '비타민', '콘텐츠', '현직', '약사', '작성', '검토']",긍정,긍정
유익한정보 감사합니다 예쁘게 키워 보겠습니다,335,"['유익', '정보', '감사', '예쁘', '키우']",긍정,긍정
유익한정보 감사합니다예쁘게 잘 키워보겠습니다,335,"['유익', '정보', '감사', '예쁘', '키우']",긍정,긍정
"😽""일단 기호성은 합격! 효과는 한통 먹여본 뒤에 다시 공유할게요""🥣",337,"['기호', '합격', '효과', '먹이', '공유']",긍정,긍정
챱챱챱 넘 사랑스러운냥이네용~~ 아가때에 비하면 완저니 공주~~~,337,"['챱챱챱', '사랑', '아가', '비하', '완저니', '공주']",중립,긍정
"영상 속 다이소 식물 영양제 구매링크: https://link.coupang.com/a/cD383O 이 포스팅은 쿠팡파트너스 활동의 일환으로, 이에 따른 일정액의 수수료를 제공받습니다. 1위 : 자재1번가 하이포넥스 앰플형식물영양제 하이그레이드원액 액비 관엽식물 다육이 장미 화초 화분 수목 리키다스 레이쇼, 1개, 리키다스앰플(노랑), 35ml 가격 : 9,490원 링크 : https://link.coupang.com/a/cD383O 2위 : 탐사 종합식물용 액체 영양제 1.8L 2P, 2개 가격 : 9,110원 링크 : https://link.coupang.com/a/cD3881 3위 : 앙플랜트 모든 식물용 식물영양제, 35ml, 21개 가격 : 3,690원 링크 : https://link.coupang.com/a/cD39d6 4위 : 모리앤 종합 식물영양제 10p, 350ml, 1개 가격 : 2,250원 링크 : https://link.coupang.com/a/cD39jQ 5위 : 앙플랜트 모든 식물용 식물영양제, 35ml, 21개 가격 : 3,690원 링크 : https://link.coupang.com/a/cD39pb 6위 : 꽃피우는시간 제라늄용 식물영양제 제라핌, 1개, 500ml 가격 : 25,800원 링크 : https://link.coupang.com/a/cD39uB 7위 : 고급 식물영양제 모든 식물용 영양공급제 앰플 36ml x 100개, 1세트, 3.6L 가격 : 9,980원 링크 : https://link.coupang.com/a/cD39AE 8위 : 그린캐치 모든 식물용 식물영양제, 1.8L, 1개 가격 : 5,600원 링크 : https://link.coupang.com/a/cD39Fp 9위 : 고급 식물영양제 모든 식물용 영양공급제 앰플 36ml x 100개, 1세트, 3.6L 가격 : 9,980원 링크 : https://link.coupang.com/a/cD39Ln 10위 : 그린캐치 전종 식물영양제, 1.8L, 2개 가격 : 10,200원 링크 : https://link.coupang.com/a/cD39QC 감사합니다.",338,"['영상', '다이소', '식물', '영양제', '구매', '링크', '포스팅', '쿠팡', '파트너스', '활동', '일환', '따르', '일정액', '수수료', '제공', '자재', '번가', '하이포넥스', '앰플', '식물', '영양제', '하이', '그레이', '원액', '식물', '장미', '화초', '화분', '리키다스', '레이', '리키다스', '앰플', '노랑', '가격', '링크', '탐사', '종합', '식물', '액체', '영양제', '가격', '링크', '플랜트', '식물', '식물', '영양제', '가격', '링크', '모리앤', '종합', '식물', '영양제', '가격', '링크', '플랜트', '식물', '식물', '영양제', '가격', '링크', '꽃피우', '시간', '제라늄', '식물', '영양제', '제라핌', '가격', '링크', '고급', '식물', '영양제', '식물', '영양', '공급', '앰플', '세트', '가격', '링크', '그린', '캐치', '식물', '식물', '영양제', '가격', '링크', '고급', '식물', '영양제', '식물', '영양', '공급', '앰플', '세트', '가격', '링크', '그린', '캐치', '식물', '영양제', '가격', '링크', '감사']",긍정,긍정
대본이나 자료화면 적절하고 완성도 높은 영상인데 식물유튜버들은 전반적으로 조회수가 잘 안나오더라구요 영상 잘 봤습니다 다이소 비료 한번 사봐야겠어요,345,"['대본', '자료', '화면', '완성도', '영상', '식물', '유튜버', '전반', '조회', '나오', '영상', '다이소', '비료']",중립,긍정
좋은 정보 고맙다잉?,345,"['정보', '고맙']",중립,긍정
살짝부족하게! 영상 잘 봤어요!,345,"['부족', '영상']",부정,긍정
이런영상 좋네요😊,345,['영상'],중립,긍정
저도 마감프K가 비싸서 고민하다가 마가모 사왔는데 마침 영상이 올라와서 좋네요 재밌게 봤습니다!,345,"['마감프', '비싸', '고민', '마가', '영상', '올라오', '재밌']",부정,긍정
6-40-6-15인 마감프 K와 8-14-9 인 비료하고 완효성 말 한 마디 들어있다고 비슷하다? 게다가 커피 알비료는 정체 조차 의심되는 제품인데 차라리 널리 쓰이는 병해뚝 같은 제품을 추천해주세요.,345,"['마감프', '비료', '마디', '커피', '비료', '정체', '의심', '제품', '쓰이', '제품', '추천']",긍정,긍정
다이소만큼 가성비 터지는 삶의 질 수직상승템! 🚀 정보는 **[프로필 하단 링크]**에서 확인하세요!,360,"['다이소', '가성비', '터지', '수직', '상승', '정보', '프로필', '하단', '링크', '확인']",긍정,긍정
감사합니다 ❤,365,['감사'],긍정,긍정
"-닥터블릿 푸응 7days 팻버닝 1일3캡슐 기준 공액리놀레산 1,400mg 과체중 성인 체지방감소에 효능이 있어요. 식사화 함께 드시는게 효과적이에요.",370,"['닥터블릿', '푸응', '버닝', '캡슐', '기준', '공액', '리놀레산', '과체중', '성인', '체지방', '감소', '효능', '식사', '드시', '효과']",긍정,긍정
조리도구 걸이 살까하는데 고리는 어떤건지 궁금합니다. 헤헤 감사해용~,374,"['조리', '도구', '걸이', '고리', '궁금하', '감사']",긍정,긍정
🎉🎉🎉 최고감사합니다,376,"['최고', '감사']",긍정,긍정
좋은 정보 감사합니다.,377,"['정보', '감사']",긍정,긍정
구독하시면 가장 빨리 인기 가성비템 정보를 받아 볼 수 있습니다.,379,"['구독', '인기', '가성비', '정보']",긍정,긍정
마쟈 나도 이번에 다이소 약 사왔는데 효과가 있어요 아로나민골드 58000원 짜리 보다 나는 다이소약이 효과을 보았어요 앞으로 쑥 다이소 가서 살거같아,380,"['마쟈', '이번', '다이소', '효과', '골드', '다이소', '효과', '다이소']",긍정,긍정
저도곧살거에요❤,382,[],중립,긍정
하츄핑도 해주세요❤❤❤,382,['하츄핑'],중립,긍정
태리야 사랑해 💙ㅅ💙 그리고 태리는 레인보우 버블젬 최애 누구야?,382,"['태리', '사랑', '레인보우', '버블', '누구']",중립,긍정
품절 끝나면 하츄핑도 리뷰해 주시면 좋겠네요~ 귀여운 태리 당첨되길~~^^*,382,"['품절', '끝나', '하츄핑도', '리뷰', '귀엽', '당첨']",긍정,긍정
2026년 여름때 사랑의 하츄핑 고래보석의 전설이 나온데요!,382,"['여름', '사랑', '하츄핑', '고래', '보석', '전설', '나오']",중립,긍정
수의사가 추천하는 다이소 강아지 필수 영양제 3가지 이건 꼭 사세요.,387,"['수의사', '추천', '다이소', '강아지', '필수', '영양제', '가지', '이거']",긍정,긍정
좋은 정보 감사합니다 😮 가성비 너무 좋네요 ㅎㅎ,391,"['정보', '감사', '가성비']",긍정,긍정
가성비 인정입니다!!👍,391,"['가성비', '인정']",긍정,긍정
다이소 최고에용,391,"['다이소', '최고']",긍정,긍정
"다이소에서 산 다이어트 영양제 솔직 후기💊 직접 사서 먹어봤고, 지금도 꾸준히 먹고 있는 제품 vs 앞으로 안 살 제품 구분까지 해봤어요. 어쩌다 보니 어느새 다이소에 다이어트 관련 영양제가 하나둘 늘어나더라구요. 너무 궁금해서 직접 먹어봤는데 🧴 1️⃣ 이너뷰 비클린 ✔️ 식이섬유 + 장 건강 + 포만감 ✔️ 아침 공복에 따뜻하게 먹으면 확실히 배가 덜 고파요 ✔️ 식이섬유 부족한 날, 식사 거른 날에 챙겨먹었어요 ✔️ 복부 팽창감은 확실히 있는데… → 정작 변비 해결에는 큰 효과는 못 느꼈어요 ✔️ 너무 자주 먹으면 오히려 장이 게을러질 수 있다는 점 주의! 🍽 추천 타이밍 • 아침 공복 • 점심 식사 후 • 식이섬유 부족했던 날 • 외식·고염식·술자리 다음날 (칼륨과 함께) 🍕 2️⃣ 다이어트 홀릭 ✔️ 탄수화물 → 지방 합성 억제 (가르시니아 성분) ✔️ 외식, 과식이 예상될 때 식전 30분에 먹는 제품인데… ✔️ 맛이 너무 별로였고, 효과도 딱히? ✔️ 하루 2포 이상 먹어야 효과가 있다는 말도 있어서 → 체감 효과는 거의 없는 편, 애매한 제품이에요 ✔️ 가르시니아는 간 피로 유의해야 해요! 🍽 추천 타이밍 • 외식 전 • 식전 30분 🧊 3️⃣ 칼륨 보충제 ✔️ 나트륨 배출 + 붓기 완화 ✔️ 포카리 스웨트 맛으로 시원하게 마시기 좋아요 ✔️ 외식하고 짠 음식 먹은 날, 물이 너무 땡길 때 먹으면 → 확실히 덜 땡기긴 했고, 먹고 나면 가볍다는 느낌이 들어요 ✔️ 유일하게 재구매 의사 있는 제품! ⚠️ 하지만 과다 섭취 시 신장에 부담될 수 있다는 점은 꼭 기억해요 🍽 추천 타이밍 • 점심 식사 후 • 오후 간식 시간 • 운동 전 • 짠 음식, 외식, 술자리 다음날 (이너뷰와 함께) 🧠 4️⃣ 그린라이트 (기억력 영양제) ✔️ 시험 기간 중 먹었어요 ✔️ 당연히 바로 기억력이 좋아진다 이런 건 없지만 → 심리적으로 안정감 들고, 성분도 건강해서 만족! ✔️ 다 먹고 나면 재구매할 것 같아요 → 이건 건강 보조 느낌으로 쭉 가져갈 예정 ✨ 정리하자면… • 이너뷰 비클린 → 공복 포만감용으로 종종 먹을 예정 • 다이어트 홀릭 → 맛, 효과 모두 애매… 재구매는 X • 칼륨 보충제 → 맛있고 가벼운 느낌확실히 좋아서 재구매 예정! • 그린라이트 → 심리적 안정+건강 성분으로 만족 시험 기간에 추천 이 제품들은 ChatGPT가 추천한 복용 타이밍에 맞춰서 참고해서 먹었고 앞으로 릴스에서도 먹는 모습이 종종 나올 예정이니 팔로우해주시면🤍🫶 직접 먹어보고 정리한 거라 사람마다 다를 순 있으루것 같아요 팔로워분들에게 도움 되는 정보였으면 좋겠네요! 혹시 더 궁금한 제품 있거나 나는 이런 점이 좋았는데? 하는 거 있으면 댓글 남겨주세요! 저는 더 먹어보고 바뀐거 있으면 또 정리해서 가져올게요",395,"['다이소', '다이어트', '영양제', '후기', '지금', '제품', '제품', '구분', '어쩌', '다이소', '다이어트', '관련', '영양제', '하나', '늘어나', '이너', '클린', '식이', '섬유', '건강', '포만감', '아침', '공복', '고프', '식이', '섬유', '부족', '식사', '거르', '챙기', '복부', '팽창감', '정작', '변비', '해결', '효과', '느끼', '게으르', '주의', '추천', '타이밍', '아침', '공복', '점심', '식사', '식이', '섬유', '부족', '외식', '술자리', '다음날', '칼륨', '다이어트', '홀릭', '탄수화물', '지방', '합성', '억제', '가르', '성분', '외식', '과식', '예상', '식전', '제품', '효과', '하루', '이상', '효과', '체감', '효과', '제품', '가르', '피로', '유의', '추천', '타이밍', '칼륨', '보충', '나트륨', '배출', '완화', '포카리', '스웨트', '마시', '외식', '음식', '땡기', '땡기', '가볍', '느낌', '유일', '구매', '의사', '제품', '과다', '섭취', '신장', '부담', '기억', '추천', '타이밍', '점심', '식사', '오후', '간식', '시간', '운동', '음식', '외식', '술자리', '다음날', '이너뷰', '그린', '라이트', '기억력', '영양제', '시험', '기간', '기억력', '심리', '안정감', '성분', '건강', '만족', '구매', '이거', '건강', '보조', '느낌', '가져가', '예정', '정리', '이너', '클린', '공복', '포만감', '예정', '다이어트', '홀릭', '효과', '구매', '칼륨', '보충', '맛있', '가볍', '느낌', '구매', '예정', '그린', '라이트', '심리', '안정', '건강', '성분', '만족', '시험', '기간', '추천', '제품', '추천', '복용', '타이밍', '맞추', '참고', '릴스', '모습', '나오', '예정', '팔로우', '정리', '사람', '다르', '팔로워', '도움', '정보', '제품', '댓글', '남기', '바뀌', '정리', '가져오']",긍정,긍정
나도 사먹어야딤 누둥아!!❤,397,['누둥아'],중립,긍정
다이소 영양제 효과 좋데요. 동물병원에서 약값은 너무 비싼데. 다이소가 좋은일했어요,397,"['다이소', '영양제', '효과', '동물', '병원', '약값', '비싸', '다이소']",중립,긍정
누둥이 얼굴보다가 영양제까지 보게되는 마법❤❤ 누둥이 천상 광고모델이답,397,"['누둥', '얼굴', '영양제', '마법', '누둥', '천상', '광고', '모델']",중립,긍정
대박👍 😊,398,[],중립,긍정
저렴해서 부담없어 좋네요,398,['부담'],중립,긍정
저렴하면 이유가 있죠,398,['이유'],중립,긍정
다이소건강식품좋아요,399,"['다이소', '건강식품']",중립,긍정
[다이소영양제] 가성비1편 대웅제약 코엔자임Q10 1캡슐 100mg 으로 아침 식후에 드세요. 혈압약과 같이드셔도 무방합니다.,400,"['다이소', '영양제', '가성비', '대웅제약', '코엔자임', '캡슐', '아침', '식후', '드세', '혈압', '드시']",긍정,긍정
🎙️ 영상의 목소리는 클로바더빙으로 제작되었습니다. 다이소만큼 가성비 터지는 삶의 질 수직상승템! 🚀 정보는 **[프로필 하단 링크]**에서 확인하세요!,402,"['영상', '목소리', '클로', '더빙', '제작', '가성비', '터지', '수직', '상승', '정보', '프로필', '하단', '링크', '확인']",긍정,긍정
"💊 다이소 영양제, 진짜 괜찮을까? 저렴한 가격에 혹해서 샀는데… 효과는? 👀 직접 분석해봤어요! ✅ 마그네슘, 오메가3, 유산균까지 ✔️ 가성비 좋지만, 성분은 체크하고 드세요! #다이소 #영양제추천 #건강정보 #다이소템 #쇼츠리뷰 #마그네슘 #오메가3 #멀티비타민 #다이소리뷰 #시니어건강 #건강꿀팁",405,"['다이소', '영양제', '괜찮', '저렴하', '가격', '혹하', '효과', '분석', '마그네슘', '오메가', '유산균', '가성비', '성분', '체크', '드세', '다이소', '영양제', '추천', '건강', '정보', '다이소', '쇼츠리뷰', '마그네슘', '오메가', '멀티', '비타민', '다이소', '리뷰', '시니어', '건강', '건강']",긍정,긍정
🎙️ 영상의 목소리는 클로바더빙으로 제작되었습니다. 다이소만큼 가성비 터지는 삶의 질 수직상승템! 🚀 정보는 **[프로필 하단 링크]**에서 확인하세요!,412,"['영상', '목소리', '클로', '더빙', '제작', '가성비', '터지', '수직', '상승', '정보', '프로필', '하단', '링크', '확인']",긍정,긍정
"""이 포스팅은 쿠팡 파트너스, 활동의 일환으로, 이에 따른 일정액의 수수료를 제공받습니다."" 🌈꼭 챙겨 먹어야 할 필수 영양제 TOP5 다이소 1️⃣ 대웅제약 멀티비타민 미네랄 2️⃣ 대웅제약 rtg 오메가3 3️⃣ 대웅제약 칼슘 마그네슘 비타민D 4️⃣ 대웅제약 루테인 5️⃣ 대웅제약 맥주효모 비오틴 💜프로필에 구매링크 누른뒤 검색창에 4️⃣번 간혹 영상속 동일 상품이 없는경우 비슷한 상품및 동일 기능의 유사 상품이 연동 될수 있는점 양해 부탁 드립니다 꾸벅🙃 ✅️쿠팡에서 비슷한 용도 + 평점 높은 대체템 정리해두었습니다 (기능 동일👌 높은 평점⭐️) #맥주효모비오틴​ #루테인​ #다이소생활템​ #다이소꿀템​ #다이소영양제​ #칼슘​ #마그네슘​ #쇼츠​ #shorts",424,"['포스팅', '쿠팡', '파트너스', '활동', '일환', '따르', '일정액', '수수료', '제공', '챙기', '필수', '영양제', '다이소', '대웅제약', '멀티', '비타민', '미네랄', '대웅제약', '오메가', '대웅제약', '칼슘', '마그네슘', '비타민', '대웅제약', '루테', '대웅제약', '맥주', '효모', '비오', '프로필', '구매', '링크', '누르', '검색창', '영상', '동일', '상품', '경우', '상품', '동일', '기능', '유사', '상품', '연동', '양해', '부탁', '드리', '쿠팡', '용도', '평점', '대체', '정리', '기능', '동일', '평점', '맥주', '효모', '비오티', '루테', '다이소', '생활', '다이소꿀템', '다이소', '영양제', '칼슘', '마그네슘', '쇼츠']",긍정,긍정
의지가 좋아요👍,432,['의지'],중립,긍정
지금도 너무 이쁜 얼굴이신데 다이어트 성공하시면 더 이뻐지실것같아요!! 응원할게요😮❤,432,"['지금', '이쁘', '얼굴', '다이어트', '성공', '이쁘', '응원']",중립,긍정
솔직히 궁금합니다. ✔️ 약국이 더 믿음 간다 ✔️ 다이소가 가성비다 여러분은 어디 선택하시나요?,445,"['궁금하', '약국', '믿음', '다이소', '가성비', '여러분', '어디', '선택']",긍정,긍정
오메가 3랑 유산균추천부탁드려요~~,461,"['오메가', '유산균', '추천', '부탁드리']",긍정,긍정
가성비 말고 제품 자체만 얘기해줬으면 좋겠다,462,"['가성비', '제품', '자체', '얘기']",긍정,긍정
좋은 유산균 추천도 해주세요,462,"['유산균', '추천']",긍정,긍정
너무너무 좋은 정보 감사합니다!!!,462,"['정보', '감사']",긍정,긍정
고려은단 메가도스 추천이여 ㅋㅋㅋㅋ,462,"['고려은단', '메가도스', '추천']",긍정,긍정
락토핏이면 믿고 걸렀는데 좋은 버전도 있네,462,"['락토핏', '거르', '버전']",중립,긍정
감사합니다!,462,['감사'],긍정,긍정
"여성 유산균중에 덴프스, 자로우, 도피러스알엑스, 엘레나 외 그중 어떤게 좋은거예요?? LA_5가 좋은거예요?",462,"['여성', '유산균', '덴프스', '자로우', '도피러스', '엑스', '엘레나']",중립,긍정
만성변비 락토핏 둔감한장인가 먹을때 좀 괜찮았던듯 가스가덜참,462,"['만성', '변비', '락토핏', '둔감', '괜찮', '가스']",긍정,긍정
유산균 좋은거 추천해 주세요 변비가 심해요,462,"['유산균', '추천', '변비', '심하']",긍정,긍정
반려동물 영양제 추천해주세요!,462,"['반려동물', '영양제', '추천']",긍정,긍정
유산균 10점짜리 추천해주세여ㅠ,462,"['유산균', '추천']",긍정,긍정
"📍약국인지 집인지 헷갈리는 여성의 타임라인 정리 00:00 intro 00:31 start 01:09 아침 공복 영양제 - 질 유산균, 장 유산균, 글루타민 01:46 몸 차가운데 땀많은 사람을 위한 차 02:20 평소 아침 식사 03:06 ✔다이어트 식단 추천 03:32 양념치킨,후라이드치킨 닭가슴살, 계란 05:17 삶을 필요 없는 0초 고구마 06:26 초코에몽맛 단백질 음료 06:50 수분섭취 끝장템💧 땀쟁이 필수시청 09:17 식후 영양제 소개 09:57 안광 생기고 PMS 사라지는 오메가3 11:30 팬트리 최고공개 (ft. 약쟁이🏥) 12:05 기립성 저혈압 주목📢 맛있는 철분 등장 13:11 살찐 이유 (bgm. 김건모-핑계) 14:00 본론‼ 다이어트 어케 했는데!!! 16:50 저녁 식사 18:25 저녁 식후 영양제💊 18:30 피지조절제 - 먹는 이유, 효과 18:55 칼륨 - 붓기 빼주는 메인 영양제 19:51 취침 전 영양제 루틴 20:02 1. 마그네슘 - 눈 경련/숙면 21:03 2. 콜라겐 - 피부 22:03 ⭐ 알약 쉽게 먹는 꿀팁 ⭐ 22:38 3. 테아닌 - 신경안정/숙면 23:55 세안 with ASMR🫧",463,"['약국', '헷갈리', '여성', '타임라인', '정리', '아침', '공복', '영양제', '유산균', '유산균', '글루타민', '차갑', '사람', '위하', '평소', '아침', '식사', '다이어트', '식단', '추천', '양념', '치킨', '후라이드', '치킨', '가슴살', '계란', '필요', '고구마', '초코에몽맛', '단백질', '음료', '수분', '섭취', '필수', '시청', '식후', '영양제', '소개', '안광', '생기', '사라지', '오메가', '트리', '최고', '공개', '기립', '혈압', '주목', '맛있', '철분', '살찌', '이유', '김건모', '핑계', '본론', '다이어트', '저녁', '식사', '저녁', '식후', '영양제', '피지', '조절', '이유', '효과', '칼륨', '메인', '영양제', '취침', '영양제', '루틴', '마그네슘', '경련', '숙면', '콜라겐', '피부', '알약', '아니', '신경', '안정', '숙면', '세안']",긍정,긍정
여러분.. 영양분을 먹는건 좋지만 과하게 먹는건 좋지 않습니다.. 특히 영상에서 나온 다른 건 다 이해가는데 칼륨은... 젊은 분들은 부족한 분들이 거의 없습니다.. 신장 기능이 저하되면서 칼륨이 높아지면 심장에 치명적이라 죽을 수 있습니다. 용량이 적더라도 굳이.. 왜? 라는 생각이 들어 적어봅니다 악플 아니에요 정말로 ㅠㅠ 추천은 좋지만 좀 줄이시긴 해야할 듯 ㅠㅠ 약 너무 많이 드시면 간에 부담 갑니다,463,"['여러분', '영양분', '과하', '영상', '나오', '이해', '칼륨', '부족', '신장', '기능', '저하', '칼륨', '심장', '치명', '용량', '생각', '악플', '아니', '추천', '줄이', '드시', '부담']",중립,긍정
화장 지우면 성유리리즈느낌나요🩷 오늘도 잘봤어여!!,463,"['화장', '지우', '성유리', '리즈', '느낌', '오늘']",중립,긍정
이제 가을이 오고있는데 가을옷 하울도 보여주세용... ❤ 여름옷 하울도 너무너무 잘봤어요!,463,"['가을', '가을', '하울', '보이', '여름', '하울']",중립,긍정
오늘도 잘 볼게요❤,463,['오늘'],중립,긍정
정보 최고에여ㅠㅠㅠㅠㅠㅠㅠ,463,"['정보', '최고']",긍정,긍정
I love min JAE and bohyeon both❤❤❤❤❤❤ I watch your show today I miss you,463,[],중립,긍정
보현님 저랑 아침영양제 먹는거 겹쳐서 완전 놀랬어요 ㅋㅋㅋ ㅠ 진짜 유산균이랑 질유산균 저거 완전 좋은.. 꿀템도 많이 알아가요🤍🥹오늘 화장 진짜 찰떡이에요!! 너무 이뿌심 ㅠㅠ,463,"['보현', '아침', '영양제', '겹치', '놀래', '유산균', '유산균', '저거', '화장', '찰떡', '뿌시']",중립,긍정
입고계신 흰색티 너무 이뻐요!! 정보 궁금합니다 보현님❤,463,"['계시', '흰색', '이쁘', '정보', '궁금하', '보현']",중립,긍정
私も切実に−3キロ痩せたい😂 今日もボヒョンちゃん可愛かったです😍❤,463,[],중립,긍정
이때 립 정보 알수있을까요? 넘이뻐요❤,463,"['이때', '정보', '이쁘']",중립,긍정
얼굴 작아보이는게 아니라 작아요 언니❤,464,"['얼굴', '보이', '아니', '언니']",중립,긍정
언니 안경 진짜 짱 잘 어울려요..🤎 💚,464,"['언니', '안경', '어울리']",중립,긍정
다 맘에들엉❤,464,[],중립,긍정
언니 전 진짜 언니의 영양제 꿀템이 너무조아요... ❤❤ 자주 올려줘요 ㅠ_ㅠ,464,"['언니', '언니', '영양제', '올리']",중립,긍정
🥰🥰🥰,464,[],중립,긍정
영양제건기식 효과있나요?,464,"['영양제', '건기', '효과']",긍정,긍정
아무리꾸며도 본인보다는 덜귀여운듯 0.0,465,"['꾸미', '본인', '귀엽']",긍정,긍정
언니 네일이 너무 귀여워요....🥺,465,"['언니', '네일', '귀엽']",긍정,긍정
비꾸 귀여웤ㅋㅋㅋㅋㅋㅋ 언니의 영양제 추천은 항상 최고💛💚,465,"['비꾸', '귀엽', '언니', '영양제', '추천', '최고']",긍정,긍정
헐 언니 이때 렌즈 제발 알려주시면 안될까욧???! ㅠㅠ❤,465,"['언니', '렌즈', '알리']",중립,긍정
어디서 언니같은 비타민을 또 찾아왔어요..😂❤ 노랑노랑한게 딱 비타민C 느낌도 들고 색이 밝아서 생기있어 보이네용 겨울 다가오는데도 칙칙해 보이지 않아서 조아요,465,"['어디', '언니', '비타민', '찾아오', '노랑', '노랑', '비타민', '느낌', '생기', '보이', '겨울', '다가오', '보이', '조아']",중립,긍정
비타민C는 바르는것도 좋은데 먹는게 더 좋더라구요! 콜라겐 생성에 필요한 재료인데 인간 몸에서 스스로 만들수가 없어서 챙겨먹어야 충족되는 비타민이라 꼭 챙겨먹어요! 수용성 비타민이라 많이 먹어도 남용이 없어서 많이 먹을수록 좋다고…💛,465,"['비타민', '바르', '콜라겐', '생성', '필요', '재료', '인간', '만들', '챙기', '충족', '비타민', '챙기', '수용성', '비타민', '남용']",긍정,긍정
잘보구갑니당❤,468,[],중립,긍정
헉 저도 거짓말 안치고 20대 중반인줄 알았네요 .. 관리 잘하셔서 보기 좋아요~!! 본받아야징😉😉,469,"['거짓말', '중반', '관리', '본받']",중립,긍정
우와 12월 세일 기다렸다 사야겠네요!,469,"['세일', '기다리']",중립,긍정
헐 저 지금 먹구있는건데!! 다음달에 바로 사야겠어융💚,469,['다음'],중립,긍정
"하루가 달라지는 세 가지 아침루틴 💜 *광고 일어나자마자 뭘 하는지에 따라서 내 하루가 달라지잖아요 ! 저는 요즘 이 세 가지 루틴 꼬옥 지켜줘요 - 1️⃣ 일어나자마자 양치하고 따뜻한 물 마시기 자는 동안 입 안에 세균이 생긴다는 말 들어보셨죠 ! 그래서 양치만 하고 공복에 마셔줘요 (찬물X) 2️⃣ 건강을 위한 식품, 음식 먹기 원래 건기식 정말 안 먹던 저인데, 30대가 되니까 알아서 챙겨먹게 되어요 💪🏻 3️⃣ 환기 + 편백 스프레이 뿌리기 환기 시켜주면서 공기 정화해주고 라운드 어라운드의 룸 스프레이 뿌려주는데, 편백수 66%가 햠유되어 있어서 그런지 향이 인위적이지 않아 은은하게 남고 하루종일 자연스러운 잔향이 느껴져요 •• ♡ 지금 160ml 이상 구매하면 귀여운 손수건 주고 15일까지 성수 테토 콜라보 팝업 가면 더 귀여운 곰돌이 인형 랜덤뽑기 가능 🧸 💭정보정보💭 라운드어라운드 편백 클린 스프레이 📱올리브영에서 온라인 구매 가능",471,"['하루', '달라지', '가지', '아침', '루틴', '광고', '일어나', '따르', '하루', '달라지', '요즘', '가지', '루틴', '지키', '일어나', '양치', '마시', '동안', '세균', '생기', '양치', '공복', '마시', '건강', '위하', '식품', '음식', '건기', '챙기', '환기', '스프레이', '뿌리', '환기', '공기', '정화', '라운드', '라운드', '스프레이', '뿌리', '햠유', '그렇', '인위', '하루', '종일', '자연', '느끼', '이상', '구매', '귀엽', '손수건', '성수', '콜라', '팝업', '귀엽', '곰돌이', '인형', '랜덤', '가능', '정보', '정보', '라운드', '라운드', '클린', '스프레이', '올리브', '온라인', '구매', '가능']",긍정,긍정
"부모님 선물, 집안일 많은 주부, 운동 후 관리가 필요한 스포츠인까지 모두 사용 가능한 꼭 필요한 데일리 마그네슘 스프레이입니다 [공동구매-28% 세일특가] 특허원료-뿌리는 마그네슘 케어플리 핫슘 핫 스프레이 https://naver.me/5YS5glqV ✔ 온열감으로 찜질 효과 ✔올리브영 입점 ✔작은 입자로 빠르게 흡수 → 필요한 부위에 즉시 전달 ✔92.95% 항산화 기능, 인체 적용 시험으로 확인된 효능 ✔끈적임 없이 산뜻함, 20분 이상 지속되는 쿨링감 ✔자극 평가 0% → 민감 피부도 안심 사용 ​언제 어디서든 간편하게 사용할 수 있는 필수 데일리템. ""이 포스팅은 네이버 쇼핑 커넥트 활동의 일환으로, 판매 발생 시 수수료를 제공받습니다.""",474,"['부모', '선물', '집안일', '주부', '운동', '관리', '필요', '스포츠', '사용', '가능', '필요', '데일리', '마그네슘', '스프레이', '공동구매', '세일', '특가', '특허', '원료', '뿌리', '마그네슘', '케어플리', '핫슘', '스프레이', '찜질', '효과', '올리브', '입점', '입자', '빠르', '흡수', '필요', '부위', '즉시', '전달', '항산화', '기능', '인체', '적용', '시험', '확인', '효능', '끈적이', '이상', '지속', '자극', '평가', '피부', '안심', '사용', '어디', '사용', '필수', '데일리', '포스팅', '네이버 쇼핑', '커넥트', '활동', '일환', '판매', '발생', '수수료', '제공']",긍정,긍정
"올리브영에 있는 구강 제품들 하나씩 다 써본 것 같은데, 하나는 너무 잘 새고 , , 하나는 너무 강하고 , , 정착 실패 💥 👉🏻 결국 손이 자주 가는 건 #리브러쉬 밖에 없더라그용 ? 1️⃣ 프레쉬브레스 구강 스프레이 써본 구강 스프레이 중에 분사력 젤 넓은 듯 ! !💦 ✔️ 한 번만 써도 입냄새 원인이 95% 제거 된다구요 ~~ 순하고 달달상쾌한 맛이라 부담이 없어 입문용으로도 추천 👍🏻 2️⃣ 클로브 농축 미니 가글 부어쓰는 거 아니고 ! ! 펌핑타입니라 양 조절 간편 , ,🩵 밖에 오래 있는 날 하루종일 텁텁한 입 안 어쩔거야 ~~😫 화장실 들릴 때 후다닥 쓰면 싹 없어지니까 완젼 필수템 ! ! 3️⃣ 구강 유산균 [프레쉬 레몬향] 나도 모르게 속에서 올라오는 냄새 ! ! 직빵인 건기식 ✨ 장 건강 + 입냄새 유발균까지 억제해주거든요 ~~ 하루에 세 번, 사탕처럼 씹어 먹기만 하면 끝 !🔥 💬 귀찮은 거 하나도~~ 없으니까 써보고 후기 알려주깅 👻 - #rebrush #프레쉬브레스구강스프레이 #구강스프레이 #구강스프레이추천 #클로브농축가글 #티트리농축가글 #가글 #가글추천 #미니가글 #휴대용가글 #구강유산균 #구강유래유산균 #유산균추천 #입냄새제거 #입냄새 #구강관리 #구강청결제 #리브러쉬가글 #리브러쉬구강스프레이 #리브러쉬스프레이 #리브러쉬입냄새 #입냄새가글 #입냄새스프레이 #마우스스프레이",476,"['올리브', '구강', '제품', '하나', '하나', '하나', '정착', '실패', '리브러쉬', '프레쉬', '브레스', '구강', '스프레이', '구강', '스프레이', '분사', '냄새', '원인', '제거', '순하', '부담', '입문', '추천', '클로브', '농축', '미니', '아니', '펌핑', '타입', '조절', '하루', '종일', '어쩌', '화장실', '들리', '없어지', '필수', '구강', '유산균', '프레쉬', '레몬', '모르', '올라오', '냄새', '건기', '건강', '냄새', '유발', '억제', '하루', '사탕', '귀찮', '하나', '후기', '알리', '프레쉬브레스', '구강', '스프레이', '구강', '스프레이', '구강', '스프레이', '추천', '클로브농축가글', '트리', '농축', '추천', '미니', '휴대', '구강', '유산균', '구강', '유래', '유산균', '유산균', '추천', '냄새', '제거', '냄새', '구강', '관리', '구강', '청결', '리브러쉬가글', '리브러쉬', '구강', '스프레이', '브러쉬', '스프레이', '리브러쉬', '냄새', '냄새', '냄새', '스프레이', '마우스', '스프레이']",긍정,긍정
"장모님이 면력병원 좋다고,,,하시네요",477,"['장모', '병원']",중립,긍정
"큰일 하셨어요. 역시 여 에스더에요. 여 에스더 님은 옳은 일, 바른 일만 하는 분이라 신뢰가 가서 믿을 수 있어요. 저도 사 먹을게요.",478,"['큰일', '에스더', '에스더', '바르', '신뢰']",긍정,긍정
여에스더님 진심으로 감사드려요ㅠㅠ ❤,478,"['여에스더', '진심', '감사', '드리']",긍정,긍정
여에스더 박사님 좋은 영양제 만들어주셔서 안심하고 먹고 있고 효과도 보고 있어요 진심으로 감사드립니다^^,478,"['여에스더', '박사', '영양제', '만들', '안심', '효과', '진심', '감사', '드리']",긍정,긍정
와우!!! 올리브영 맨날 가는데 영양제도 사러 가야겠네요~~~ 접근성 좋아진거 넘 좋아요! 심지어 가격까지 저렴하다니,478,"['올리브', '영양제', '접근', '가격', '저렴하']",긍정,긍정
그래도 장사인데 남는것이 있어야 지요 너무 싼것 같아요 에스터 님 생각 좀 하시었으면 좋겠어요 ❤,478,"['장사', '에스터', '생각']",중립,긍정
입모양까지 닮으신!!^^ 두분 넘 사랑스럽습니당 😊,481,"['모양', '사랑']",중립,긍정
귀여웡 보기좋은 부부,481,"['귀엽', '부부']",긍정,긍정
홍쌤 울나라 최고 한량 !ㅋㅋㅋ,481,"['나라', '최고', '한량']",긍정,긍정
"영상 속 올리브영 두피 영양제 구매링크: https://link.coupang.com/a/cDgxuL 이 포스팅은 쿠팡파트너스 활동의 일환으로, 이에 따른 일정액의 수수료를 제공받습니다. 1위 : 닥터린 하이퍼셀 알티지 오메가3 알파, 30정, 3개 가격 : 27,450원 링크 : https://link.coupang.com/a/cDgxuL 2위 : 맞춤법 박사가 되는 초등 필수 맞춤법 따라쓰기 전 2권 세트, 전학년, 달곰미디어 가격 : 13,720원 링크 : https://link.coupang.com/a/cDgxuM 3위 : 스파오 아동용 COOL 상의 | 데님 쇼츠 세트 가격 : 25,930원 링크 : https://link.coupang.com/a/cDgxuN 4위 : 루아베 알러지케어 순면 60수 호텔 침구세트 가격 : 93,100원 링크 : https://link.coupang.com/a/cDgxuO 5위 : 코멧 저자극 시그니처 아기물티슈 엠보싱 캡형, 55g, 100매, 20개 가격 : 19,890원 링크 : https://link.coupang.com/a/cDgxuP 6위 : 닥터블랭크 저자극 강아지 샴푸 베이비파우더향, 500ml, 1개 가격 : 11,170원 링크 : https://link.coupang.com/a/cDgxuR 7위 : 삼성전자 일반 306L 2도어 냉장고 방문설치, RB30D4051S9 가격 : 550,000원 링크 : https://link.coupang.com/a/cDgxuT 8위 : 외갓집 송탄 서정리 부대찌개 (냉동), 1kg, 2개 가격 : 13,580원 링크 : https://link.coupang.com/a/cDgxuW 9위 : 올리빙 도트 빨래 바구니 건조대 3단, 화이트 가격 : 23,920원 링크 : https://link.coupang.com/a/cDgxuX 10위 : 라무달리 전연령 강아지 금동 건식사료, 가수분해연어, 2kg, 3개 가격 : 33,780원 링크 : https://link.coupang.com/a/cDgxuY 감사합니다.",486,"['영상', '올리브', '두피', '영양제', '구매', '링크', '포스팅', '쿠팡', '파트너스', '활동', '일환', '따르', '일정액', '수수료', '제공', '닥터', '하이퍼', '오메가', '알파', '가격', '링크', '맞춤법', '박사', '초등', '필수', '맞춤법', '따르', '세트', '학년', '미디어', '가격', '링크', '스파오', '아동', '데님', '쇼츠', '세트', '가격', '링크', '루아베', '알러지', '케어', '호텔', '침구', '세트', '가격', '링크', '코멧', '자극', '시그니처', '아기', '티슈', '엠보싱', '가격', '링크', '닥터', '블랭크', '자극', '강아지', '샴푸', '베이비', '파우더', '가격', '링크', '삼성', '전자', '일반', '도어', '냉장고', '방문', '설치', '가격', '링크', '외갓집', '서정리', '부대찌개', '냉동', '가격', '링크', '리빙', '도트', '빨래', '바구니', '건조대', '화이트', '가격', '링크', '라무', '연령', '강아지', '금동', '사료', '가수', '분해', '연어', '가격', '링크', '감사']",긍정,긍정
와~❤,487,[],중립,긍정
"올리브영 명동, 홍대입구, 동대문은 아시아 외국인들이 굉장히 많잖아요. 한국인들이 일본가면 맥주효모, 양배추 영양제, 동전파스 이런거 구매하듯이 이제 아시아 외국인들이 올리브영가면 에스더포뮬러 국민영양제를 필수처럼 구매하게 될 것 같아요. ❤ PS 갑자기 어린시절 어머니께서 일본가서 밥솥을 사가지고 오셨던 기억이 납니다. ㅋ😂",488,"['올리브', '명동', '홍대', '입구', '동대문', '아시아', '외국인', '한국인', '일본', '맥주', '효모', '양배추', '영양제', '동전', '파스', '구매', '아시아', '외국인', '올리브', '에스더', '포뮬러', '국민', '영양제', '필수', '구매', '어리', '시절', '어머니', '일본', '밥솥', '가지', '기억']",중립,긍정
오늘구매했어요~~,488,['구매'],중립,긍정
혈관에 좋은제품 추천해주세요,488,"['혈관', '제품', '추천']",긍정,긍정
제품 구매 방법❤️ 프로필 더보기에 링크를 클릭하시면 해당 제품을 확인 하실수 있습니다!,489,"['제품', '구매', '방법', '프로필', '링크', '클릭', '해당', '제품', '확인']",중립,긍정
“하루 한 알 루틴 🌿 선물하기 좋은 올리브영 여성유산균 👉 세티밀 💚 #엘리의픽 ✨ 다음편도 기대해주세요!,492,"['하루', '루틴', '선물', '올리브', '여성', '유산균', '세티밀', '엘리', '다음', '기대']",긍정,긍정
40kg 감량한 의사가 무조건 지키는 ‘단 한가지 습관‘ 실제로 가장 많은 도움을 받았습니다.👇 https://www.youtube.com/watch?v=Sihzt3dAqc8&t=57s,496,"['감량', '의사', '지키', '가지', '습관', '도움']",긍정,긍정
정말 상세하게 설명 주시네요 감사합니다!,496,"['설명', '감사']",긍정,긍정
자세한 설명 감사합니다. 도움이 많이 됐어요,496,"['자세하', '설명', '감사', '도움']",긍정,긍정
좋은정보감사합니다 ㅎㅎ 새해복많이받으세요 !!❤,496,"['정보', '감사', '새해']",긍정,긍정
❤국내제품이라 구입하기도 좋고 감사합니다 또다음 기다릴께요,496,"['국내', '제품', '구입', '감사', '다음', '기다리']",긍정,긍정
제품 선택에 고민이 많았는데 추천 감사드립니다,496,"['제품', '선택', '고민', '추천', '감사', '드리']",긍정,긍정
안그래도 오메가 추천 영상 기다리고있었습니다. 역시 감다살,496,"['그렇', '오메가', '추천', '영상', '기다리']",긍정,긍정
감사합니다 추천해 주셔서 도움이 되었습니다,496,"['감사', '추천', '도움']",긍정,긍정
궁금한게 분자추출은 고온에서 추출하는거라 추천 안하면서 분자추출 방식인 알래스카 원료를 추천하는 이유는 뭔가요? 알래스카는 원료는 좋아도 추출방식이 고온에서 추출하는데,496,"['궁금하', '분자', '추출', '고온', '추출', '추천', '분자', '추출', '방식', '알래스카', '원료', '추천', '이유', '알래스카', '원료', '추출', '방식', '고온', '추출']",긍정,긍정
부모님 설선물로 오메가3 사드리려하는데 추천영상 올려주셔서 감사합니다 소개해주신 건강식품은 보통 약국에 파나요 ?,496,"['부모', '선물', '오메가', '드리', '추천', '영상', '올리', '감사', '소개', '건강식품', '약국']",긍정,긍정
오메가3 뭘 먹을까 고민이 많았는데..잘 봤습니다~ 칼마디도 고민중인데..고민좀 해결해주세요..^^,496,"['오메가', '고민', '마디', '고민', '고민', '해결']",중립,긍정
공부중인데 DHA함량이 높은게 기억력 증가에 좋다고해서요. 가격은 상관없는데 담백하루 초임계 식물유래로 사면되겠죠?,496,"['공부', '함량', '기억력', '증가', '가격', '상관없', '하루', '초임', '식물', '유래']",중립,긍정
담백하루 아침1알 저녁1알 두알먹는데 괜찮죠 근데 샘 넘이쁘신거 사고아닙니까,496,"['하루', '아침', '저녁', '괜찮', '이쁘', '사고', '아니']",긍정,긍정
키즈용도 추천해주세요,496,"['키즈', '추천']",긍정,긍정
샘.하잉.❤❤❤정보 감사합니다,496,"['정보', '감사']",긍정,긍정
정말 유익한 내용 입니다 그냥 모르고 주문했는데 선생님 덕분에 선택하게되었어요,496,"['유익', '내용', '모르', '주문', '선생', '덕분', '선택']",중립,긍정
반가워요 너무 보고싶었어요,496,['반갑'],긍정,긍정
좋아요❤ 샘 김새롬 닮았어요 목소리도 너무 아름다우십니다 .. 이거 보고 부모님꺼 바로 건기남 제품으로 구매 ㅋㅋㅋ,496,"['김새롬', '목소리', '아름답', '이거', '부모', '건기', '제품', '구매']",중립,긍정
69세 남자인데요 혈관에 좋고 비린내가 나도 괞아요 추천해주신다면 1.2 가지 추천 부탁드려도 될까요?,496,"['남자', '혈관', '비린내', '괞아요', '추천', '가지', '추천', '부탁', '드리']",긍정,긍정
안녕하세요 약사님 약국에 판매하는 슈 퍼 프로업 알티지오메가3 어떤가요?? 몇달전에 병원갔다가 근처 약사님 추천 으로 구입해서 먹고 있는데 꾸준히 먹어 도 괜찮을까요?,496,"['안녕', '약사', '약국', '판매', '프로', '오메가', '어떻', '병원', '근처', '약사', '추천', '구입', '괜찮']",긍정,긍정
선생님 저는 망막수술한 사람임니다 제가먹고있는게 스포츠리서치1040미리 먹고있어요 알래스카산명태껍질오일이라는데 이거어떤지 말씀좀 🎉해주심 감사하겟습니다 제가나이가많아서 잘몰라서요 꼭좀부탁합니다,496,"['선생', '망막', '수술', '사람', '스포츠', '리서치', '미리', '알래스카', '명태', '껍질', '오일', '이거', '어떻', '말씀', '감사', '나이', '모르', '부탁']",긍정,긍정
콜레스트롤효과가많나요 혈관청소에도움이되나요,496,"['레스', '효과', '혈관', '청소', '도움']",긍정,긍정
추천 감사합니다 ❤,496,"['추천', '감사']",긍정,긍정
저도 이것저것 다먹어보고 한참 찾다가 찾은건데... 닥터코드 리포좀글루타치온이 800mg 들어있어서 국내에선 함량 제일 높아요 미국산원료라 효과도 즉각적이고요 ~,497,"['이것저것', '한참', '닥터', '코드', '리포좀글루타치온이', '국내', '함량', '미국', '원료', '효과', '즉각']",긍정,긍정
신뢰가게 설명을 잘 하시네여,497,"['신뢰', '설명']",긍정,긍정
좋아요!!!!,497,[],중립,긍정
순함량과 콜라겐 비교! 좋은 정보 알아갑니다~,497,"['함량', '콜라겐', '비교', '정보']",중립,긍정
저도 프로매드 글루타치온 젤리 먹고 있어요 ㅋㅋ 콜라겐 따로 안 챙겨도 되니까 편하더라구요. 요즘은 아침엔 그거 먹고 밤엔 허요케 크림으로 마무리해요. 영양제+크림 조합이 확실히 피부결이 달라요,497,"['프로매드', '젤리', '콜라겐', '챙기', '편하', '요즘', '아침', '그거', '허요케', '크림', '마무리', '영양제', '크림', '조합', '피부', '다르']",긍정,긍정
ㅋㆍㅋ 바보야 (((((( 대박,500,['바보'],중립,긍정
속 챙기면 예뻐져요 미리미리 챙기자구용 😊,506,"['챙기', '예쁘', '챙기']",긍정,긍정
진짜 유산균 필수 😢😢😢 질유산균도 좋긴한데 Y존밸런서도 같이 쓰면 좋다 하던뎅 맞나용? 후기 궁금해요,506,"['유산균', '필수', '유산균', '후기', '궁금하']",중립,긍정
"여자라면 질 유산균 먹어야 하는 건 아는데.. 뭐로 먹을까?🤔 그린몬스터의 #이너블라썸 추천함 ✅ 알약 잘 못 삼키는 상여자들을 위한 15mm 작은 크기의 알약🫶🏻 영상에 나온 것 처럼 일반적인 알약이랑 크기비교 했을 때 더 작고, 얇아서 삼키기 훨씬 편했어‼️ ✅ 작고 저렴한 편이지만 보장균 수 50억 😲 약 크기가 작기도 하고 가격이 질 유래 유산균중 저렴한 편이라 보장균 수가 허술할 줄 알았는데, 보장균 수가 50억임..! ✅ 매일매일 까먹지 않게 휴대하기 편함 ✨ 완전 덜렁이 대표로서 영양제 매일 못 챙겨먹는 이유가 까먹어서🥲😅 근데 이너블라썸은 실온보관 가능한 유산균 전용 용기에 크기도 작고 가벼워서, 영양제 통 냅다 가방에 넣고 다녀도 하나도 안 무겁더라구‼️ 가방에서 보면 아! 맞다😲 하구 먹게됐음✨ 📢 그리고 결정적으로 ‼️ 꾸준히 먹고 화장실 갈때 느껴지는 그 찝찝한 느낌 훨씬 줄었어🥹✨ 난 계속 챙겨먹고 더 좋아지는지 지켜보려구",506,"['여자', '유산균', '그린', '몬스터', '이너', '추천', '알약', '삼키', '여자', '위하', '크기', '알약', '영상', '나오', '일반', '알약', '크기', '비교', '삼키', '편하', '보장', '크기', '가격', '유래', '유산균', '저렴하', '보장', '보장', '까먹', '휴대', '편하', '대표', '영양제', '챙기', '이유', '까먹', '이너', '실온', '보관', '가능', '유산균', '전용', '용기', '크기', '가볍', '영양제', '가방', '다니', '하나', '무겁', '가방', '결정', '화장실', '느끼', '느낌', '챙기', '지켜보']",긍정,긍정
액상 마그네슘 안그래도 요즘 필요했는데!! 쌤이 추천해주신걸로 먹어봐야게써용,514,"['액상', '마그네슘', '그렇', '요즘', '필요', '추천']",긍정,긍정
에너지가 필요해요. 꼭 챙겨야겠어요. 추천감사~^^❤❤❤,514,"['에너지', '필요', '챙기', '추천', '감사']",긍정,긍정
❤😂🎉😢😮😅,514,[],중립,긍정
체력 없어서 무기력증 걸려잌ㅅ었는데 ㅠㅠ 😂 추천감사해요 ❤❤❤,514,"['체력', '기력', '걸리', '추천', '감사']",긍정,긍정
40kg 감량한 의사가 무조건 지키는 ‘단 한가지 습관‘ 실제로 가장 많은 도움을 받았습니다.👇 https://www.youtube.com/watch?v=Sihzt3dAqc8&t=57s,520,"['감량', '의사', '지키', '가지', '습관', '도움']",긍정,긍정
이런 끝판왕 콘텐츠 너무 좋아요!!,520,"['끝판왕', '콘텐츠']",중립,긍정
51종류의 단백질 셰이크 영상 잘보고 갑니다 선생님,520,"['종류', '단백질', '셰이크', '영상', '선생']",중립,긍정
엄청 상세히 분석해주셔서 감사합니다💖 이번에 저는 쉐이크 사봤는데 식이섬유많다니 다행이네욤,520,"['분석', '감사', '이번', '쉐이크', '식이', '섬유', '다행']",긍정,긍정
순탄이랑단백질양 분석해서 그레프까지!! 감사합니다!,520,"['단백질', '분석', '그레프', '감사']",긍정,긍정
"라티브에서 새로나온 아사이베리, 너츠버터 단백질쉐이크 리뷰 해주실수잇나요 좋은성분 마니 들어가있는거같은대 가격대가 너무 비싸서...",520,"['라티브', '나오', '아사이베리', '너츠버터', '단백질', '쉐이크', '리뷰', '성분', '들어가', '가격대', '비싸']",부정,긍정
요기에 리뷰해주신 쉐이크들 다 추천하시는건가용?~~~,520,"['요기', '리뷰', '쉐이크', '추천']",긍정,긍정
bpi iso hd 초콜릿 브라우니 가성비 사세요,520,"['초콜릿', '브라우니', '가성비']",긍정,긍정
영라뉴 식물성크림 있던데..괜찮다고보시나요?,520,"['영라뉴', '식물', '크림', '괜찮']",긍정,긍정
겨울이라 그런지 요새 아침잠이 많아져서 단백질쉐이크로 아침을 떼우다보니... 붓기가 심해졌는데 마시는샐러드 먹으면 붓기가 좀 괜찮아질까요?? 식이섬유 뭐 이런 걸루요,520,"['겨울', '그렇', '요새', '아침잠', '단백질', '쉐이크', '아침', '떼우', '심하', '마시', '샐러드', '괜찮', '식이', '섬유']",긍정,긍정
선생님 시력이 좋아져서 왔습니다 감사합니다,520,"['선생', '시력', '감사']",긍정,긍정
반갑습니다 구포행님입니다 이종민님 아름답습니다 뀨,520,"['반갑습니다', '구포', '아름답']",긍정,긍정
그래프 캡처해가요 참고할게요❤❤,520,"['그래프', '캡처', '참고']",중립,긍정
식이섬유 파우더 추천부탁드려요...^^,520,"['식이', '섬유', '파우더', '추천', '부탁드리']",긍정,긍정
"'비뇨기과 의사도 인정하고, 과학적으로도 증명된 전립선 최고의 영양제는' 추천합니다. https://youtube.com/watch?v=lSLCreRQS2Q&si=jggp9zZKBbmKKb1T 대구코넬 홈페이지:http://daeguconel.co.kr/ 카카오톡 상담:http://pf.kakao.com/_cxisQxj 네이버톡 상담:https://talk.naver.com/ct/wcays5 전화번호:053-745-7582 클릭하시면 동영상에서 소개해 드린 ""이거"" 제품 바로 구입 가능합니다. https://www.youtube.com/shopcollection/SCUCP1wPYOHP_aYPJVFsoMMBfLlS7KIH0hbPg?scp=EAM%3D",521,"['비뇨기과', '의사', '인정', '과학', '증명', '전립선', '최고', '영양제', '추천', '대구', '코넬', '홈페이지', '카카오톡', '상담', '네이버', '상담', '전화번호', '클릭', '동영상', '소개', '드리', '이거', '제품', '구입', '가능']",긍정,긍정
"올리브영 영양제가 이렇게 가성비 좋군요. 항상 좋은 정보, 감사합니다",521,"['올리브', '영양제', '이렇', '가성비', '정보', '감사']",긍정,긍정
나도 연서님 챙겨 먹는 영양제 찿아 먹어야 겠네 좋아요 😂😂😂😂😂,522,"['연서', '챙기', '영양제', '찿아']",긍정,긍정
❤❤,522,[],중립,긍정
건강은 언제나 제일 중요하니까요! 저도 오블리 따라서 영양제를 챙겨먹어야겠어요! 😍😍😍😍,522,"['건강', '중요', '영양제', '챙기']",긍정,긍정
🌷❤️😁🖐,522,[],중립,긍정
"'비뇨기과 의사도 인정하고, 과학적으로도 증명된 전립선 최고의 영양제는' 추천합니다. https://youtube.com/watch?v=lSLCreRQS2Q&si=jggp9zZKBbmKKb1T 대구코넬 홈페이지:http://daeguconel.co.kr/ 카카오톡 상담:http://pf.kakao.com/_cxisQxj 네이버톡 상담:https://talk.naver.com/ct/wcays5 전화번호:053-745-7582 클릭하시면 동영상에서 소개해 드린 ""이거"" 제품 바로 구입 가능합니다. https://www.youtube.com/shopcollection/SCUCP1wPYOHP_aYPJVFsoMMBfLlS7KIH0hbPg?scp=EAM%3D",523,"['비뇨기과', '의사', '인정', '과학', '증명', '전립선', '최고', '영양제', '추천', '대구', '코넬', '홈페이지', '카카오톡', '상담', '네이버', '상담', '전화번호', '클릭', '동영상', '소개', '드리', '이거', '제품', '구입', '가능']",긍정,긍정
올리브영 영양제가 가성비가 좋군요. 바로 구입했습니다.,523,"['올리브', '영양제', '가성비', '구입']",긍정,긍정
염미솔X코자아 댓글 이벤트 당첨자를 발표합니다🥳 당첨을 축하 드립니다🎉 ￼ @Seul_Art_Home @Blue440-b5t @붕어빵-u8f @Reaflower @cherish-y1u 이벤트 폼에 작성해주신 배송지로 코자아에서 12만원 상당의 코자아 프리미엄 선물세트(18개입) + 3만원 상당의 코자아 프리미엄 수면안대 상품을 드립니다🎁 ￼ 🔥 2주간 올리브영 염미솔 원픽 코자아 최저가 할인! 📦 1박스만 사도 무료배송! -> https://rb.gy/jl8oda (올영 코자아 할인링크) 💜 코자아 1개 구매도 가능! 🎁 염미솔 원픽 코자아! 기대평과 함께 정성스러운 댓글을 남겨주신 5분을 선정해 12만 원 상당의 코자아 프리미엄 선물세트(18개입) + 3만 원 상당의 코자아 프리미엄 수면안대를 드립니다. 자세한 내용은 더보기란을 참고해주세요!,524,"['자아', '댓글', '이벤트', '당첨자', '발표', '당첨', '축하', '드리', '붕어빵', '이벤트', '작성', '배송지', '코자아', '상당', '코자아', '프리미엄', '선물', '세트', '개입', '상당', '코자아', '프리미엄', '수면', '안대', '상품', '드리', '올리브', '자아', '최저', '할인', '박스', '무료', '배송', '자아', '할인', '링크', '코자아', '매도', '가능', '자아', '기대', '정성', '댓글', '남기', '선정', '상당', '코자아', '프리미엄', '선물', '세트', '개입', '상당', '코자아', '프리미엄', '수면', '안대', '드리', '내용', '참고']",긍정,긍정
불면증이 심한데 코자아 완전 기대됩니다. 코자아 마시고 꿀잠자고 싶어요❤,524,"['불면증', '심하', '자아', '완전', '기대', '코자아', '마시', '잠자']",긍정,긍정
엄마가 여행가면 잠 잘 못 주무시는데 효도여행 필수템으로 구매해봐야겠어요❤❤❤,524,"['엄마', '여행', '주무시', '효도', '여행', '필수', '구매']",중립,긍정
진짜 3교대근무로😢 불규칙한 수면습관때문에 몸이 망가질거같아요ㅠㅜ 믿고한번 먹어볼게요❤,524,"['교대', '근무', '규칙', '수면', '습관', '때문', '망가지']",중립,긍정
"수면 때문에 고민이 많았는데요. 지인 찬스로 코자아를 마셔봤어요. 궁금하고 설레는 마음으로 한 모금 마셔봤더니 은은하게 퍼지는 체리 향에 기분부터 편안해지더라구요. 처음엔 부드러운 단맛 그 뒤엔 살짝 쌉싸름한 마무리가 느껴지는데 밤에 마셔도 되나? 싶은 느낌 ㅎㅎ 낮 음료로도 괜찮을 거 같았네요. 인공적인 느낌 없이 자연스럽고 편안한 맛이라 더 좋았구요. 잠자기 1시간 전 쯤에 마셨는데 확실히 몸이 천천히 릴렉스되는 느낌을 받았네요. 평소처럼 중간에 자꾸 깨지 않고 아침까지 푹 잘 수 있었구요. 그 덕에 오늘 지각요 ㅎㅎ 평소엔 뒤척이다가 겨우 잠들었는데 정말 오랜만에 숙면한 느낌을 받았네요. 몸이 무겁게 가라앉는 게 아니라 편안하게 이완되는 느낌이라 전혀 부담스럽지 않았구요. 들기 힘든 날, 푹 쉬고 싶은 날엔 마실 거 네요. 성분도 믿을 수 있고, 맛까지 괜찮아서 누가 불면 고민 있다고 하면 꼭 권해주고 싶은 제품이네요. 어디서 봤나 했더니 염미솔님 게시글에서도 본 기억이 있구요 ㅎㅎ 직접 돈주고 살 의향 있어요~",524,"['수면', '때문', '고민', '지인', '찬스', '코자아', '마시', '궁금하', '설레', '마음', '모금', '마시', '퍼지', '체리', '기분', '편안', '처음', '부드럽', '단맛', '쌉싸름', '마무리', '느끼', '마시', '느낌', '음료', '괜찮', '인공', '느낌', '자연', '편안', '잠자', '시간', '마시', '릴렉스', '느낌', '평소', '중간', '아침', '오늘', '지각', '평소', '뒤척이', '잠들', '오랜만', '숙면', '느낌', '무겁', '가라앉', '아니', '편안', '이완', '느낌', '부담', '힘들', '마시', '성분', '괜찮', '누구', '고민', '권하', '제품', '어디', '게시', '기억', '의향']",긍정,긍정
꿀템들만 소개해주셔서 정말 잘봤어요.🥰 저도 수면의질을 중요하게 생각하는데 여름이라 그런지 한 두번씩 꼭 깨고 늦게 까지 작업하는날이면 오히려 잠이 안오더라구요 ㅠ 코자아 기대되요!! 마셔봐야겠어요☺️좋은 제품 알려주셔서 감사합니다!!🫶,524,"['꿀템', '소개', '수면', '중요', '생각', '여름', '그렇', '작업', '자아', '기대', '마시', '제품', '알리', '감사']",긍정,긍정
안그래도 잠 제대로 못자고 일어나서 밍기적거리면서 릴스만 1만개보던 제가 염미솔님 코자아 영상을 보게됬어요..들쭉날쭉한 감정과 폭염까지 더해서 수면의 질이 한참 떨어졌는데 이런 좋은 제품 알게해주신 것 감사해요 바로 구매합니다 성분좋고 또 당류없는거 좋고 처음먹어보는 수면음료인데 남편과 함께 먹어보고 푹 잘잤으면 좋겟어요 거기다 무료배송에 페이백적립까지 알찬 것 같아요. 기대됩니다 좋은정보감사드립니다❤,524,"['일어나', '밍기적', '거리', '릴스', '자아', '영상', '감정', '폭염', '수면', '떨어지', '제품', '감사', '구매', '성분', '처음', '수면', '음료', '남편', '거기', '무료', '배송', '페이', '적립', '알차', '기대', '정보', '감사', '드리']",긍정,긍정
저도 예민해서 원래 잠을 얕게자고 잘 못자긴하는데 이번엔 2주째 불면증으로 잠을 자다깨다하면서 2-3시간 이하로 자고 있어요 비몽사몽 출근했다가 오늘 낮에도 울렁거릴정도로 몸이 안좋아져서 지난번에 염미솔님 영상에 잠에 도움되었다는 음료 추천을 봤던것 같아 찾아왔더니 딱 추천제품으로 나오네요 다행이다 :) 올영에도 입점 했다니 바로 사서 마셔보려구요 깊게 푹 아침까지 안깨고 잠들었으면 좋겠어요 😢,524,"['이번', '불면증', '시간', '이하', '비몽사몽', '출근', '오늘', '울렁거리', '정도', '지난번', '영상', '도움', '음료', '추천', '찾아오', '추천', '제품', '나오', '다행', '입점', '마시', '아침', '잠들']",긍정,긍정
코자아~ 꼭 먹어봐야겠어요~ 저도 잠이 중요한 사람이라 잘자려고 애쓰는 편인데요. 아이들공부할때나 저녁에 해야할일이 있을때 늦게자게되면 다음날이 너무 힘든데요. 그럴때 도움이 될듯해요. 미솔님 영상에 올리브영이 떠서 무엇인지 궁금했는데요. 꿀정보 얻고갑니다. 수면팩도 한번 체험해봐야겠어요 ^^,524,"['중요', '사람', '애쓰', '아이', '공부', '저녁', '다음', '힘들', '그렇', '도움', '영상', '올리브', '무엇', '정보', '수면', '체험']",중립,긍정
9:17 항상 유익한정보와알찬소식으로 많은분들이 공감하고 있습니다. 11:58 언제나 많은분들에게 아낌없는 사랑듬뿍 받으시길 기원합니다,524,"['유익', '정보', '알차', '소식', '공감', '아낌없', '사랑', '기원']",중립,긍정
"💜요즘 피로도 쌓이고, 피부도 푸석푸석해서 뭔가 속부터 채워주는 게 필요했는데… 이럴 때 딱! 눈에 띈 게 바로 코자아 오리지널 드링크였어요✨ 병 디자인도 너무 고급지고, 염미솔 PICK이라니까 더 믿음이 가더라고요! 하루 한 병으로 간편하게 활력과 피부 건강을 챙길 수 있다니, 이제 매일 루틴으로 꼭 챙기고 싶어요🧃💪 요즘 같은 여름철, 안에서부터 예뻐지는 건강 루틴! 코자아, 대박나세요! 응원합니다!! 💜🔥",524,"['요즘', '피로', '쌓이', '피부', '채우', '필요', '이렇', '자아', '오리지널', '드링크', '디자인', '고급', '믿음', '하루', '간편하', '활력', '피부', '건강', '챙기', '루틴', '챙기', '요즘', '여름철', '예쁘', '건강', '루틴', '코자아', '응원']",긍정,긍정
❤❤사랑하는 예빈님 장이 건강해야죠❤❤,530,"['사랑', '건강']",중립,긍정
꼬부기도 개 귀욥 ❤,530,['꼬부기'],중립,긍정
개 귀욥 예빈쓰 ❤,530,"['귀욥', '예빈쓰']",중립,긍정
오 유산균❤,530,['유산균'],중립,긍정
예빈님 귀여워욤,530,['귀엽'],긍정,긍정
"요즘 내 피부 컨디션이 살아나는 이유✨ 글로우뮤즈 스킨밸런스 올영추천템 피부영양제 ⭐⭐⭐ 솔직후기! 요즘 피부컨디션 무너져서 칙칙 + 건조 + 트러블피부 고민😢 그래서 선택한 올영추천템 👉 글로우뮤즈 스킨밸런스 피부영양제 ✔ 인체적용시험 6중 개선 ✔ 특허원료 피에스트로 1,000mg ✔ 아연·비타민C·셀렌 100% 충족 ✔ 잘 녹는 분말타입이라 그냥 섭취 OK ✔ 물에 타먹으면 건강한 피부음료🍋 상큼한 레몬맛이라 먹기 편하고 피부컨디션이 점점 살아나는 느낌✨ 트러블피부, 피부영양제 찾는다면 올영추천템으로 추천👍 #글로우뮤즈스킨밸런스 #올영추천템 #피부영양제 #피부컨디션 #트러블피부 #내돈내산",531,"['요즘', '피부', '컨디션', '살아나', '이유', '글로우뮤즈', '스킨', '밸런스', '추천', '피부', '영양제', '후기', '요즘', '피부', '컨디션', '무너지', '건조', '트러블', '피부', '고민', '선택', '추천', '글로우뮤즈', '스킨', '밸런스', '피부', '영양제', '인체', '적용', '시험', '개선', '특허', '원료', '피에스', '아연', '비타민', '충족', '분말', '타입', '섭취', '건강', '피부', '음료', '레몬', '편하', '피부', '컨디션', '살아나', '느낌', '트러블', '피부', '피부', '영양제', '추천', '추천', '글로우뮤즈', '스킨', '밸런스', '추천', '피부', '영양제', '피부', '컨디션', '트러블', '피부']",긍정,긍정
40kg 감량한 의사가 무조건 지키는 ‘단 한가지 습관‘ 실제로 가장 많은 도움을 받았습니다.👇 https://www.youtube.com/watch?v=Sihzt3dAqc8&t=57s,532,"['감량', '의사', '지키', '가지', '습관', '도움']",긍정,긍정
감사합니다 이쁜 원장님,532,"['감사', '이쁘', '원장']",긍정,긍정
선생님 사랑해여,532,"['선생', '사랑']",중립,긍정
아기야ㅠ❤,532,['아기'],중립,긍정
아르기닌 말고 시트룰린 다뤄주세요 제품추천해주세요,532,"['아르기닌', '시트', '다루', '제품', '추천']",긍정,긍정
헤르페스 있는 사람들은 아르기닌 주의해야 한다고 해서ㅠㅠ 라비노스 먹으면서 같이 병행하니까 증상이 덜하긴 한데ㅎㅎ 추천해주신 아르기닌으로 먹어봐야겠구먼요,532,"['헤르페스', '사람', '아르기닌', '주의', '라비노스', '병행', '증상', '추천', '아르기닌']",긍정,긍정
그래서 뭐 먹을까요? 아르기닌 입문 하려고 합니다. 운동 이빠이 하는데 살이 안빠져요. 교회사람한테 아리즈땡 추천 받긴했는데.. 그래도 좀 알아보고 뭘 알고 구매하려고요.,532,"['아르기닌', '입문', '운동', '빠이', '빠지', '교회', '사람', '아리즈땡', '추천', '알아보', '구매']",긍정,긍정
반갑습니다 구포행님입니다 이종민님 아름답습니다 뀨,532,"['반갑습니다', '구포', '아름답']",긍정,긍정
나 의사 좋아하네,532,"['의사', '좋아하']",긍정,긍정
남성영양제도 추천 부탁드려요. 새해 복 많이 받으세요🎉,532,"['남성', '영양제', '추천', '부탁드리', '새해']",긍정,긍정
성분표로 설명하는거 크게 의미가 없다...진짜 솔직하게 아르기닌 본인이 여러제품들 계속 먹어보고 트레이닝 퍼포먼스 확인하고 피검사 계속 해가면서 얻은 정보가 의미있는거지 성분표에서 적당히 좋은거만 걸러내서 정보 얻으면 되고 나머지는 자기가 먹어봐야함...특히 의사 약사보다 스포츠영양쪽 전문가들이 이런건 훨씬 자세하게 알수밖에 없음,532,"['성분', '설명', '의미', '아르기닌', '본인', '제품', '트레이닝', '퍼포먼스', '확인', '검사', '계속', '정보', '의미', '성분', '거르', '정보', '나머지', '자기', '의사', '약사', '스포츠', '영양', '전문가']",중립,긍정
"감사드립니다 , 건강하시길 바랍니다^^🎉",537,"['감사', '드리', '건강', '바라']",긍정,긍정
음식을 잘 챙겨 먹어야 되는데 쉽지 않네요 감사합니다,543,"['음식', '챙기', '감사']",긍정,긍정
정보 올려주셔서 감사합니다 ❤❤,543,"['정보', '올리', '감사']",긍정,긍정
고맙습니다,543,['고맙'],중립,긍정
감사합니다 제가 좋아하며 자주 먹는 것들이네요,543,"['감사', '좋아하']",긍정,긍정
@heathers__m 비타민B 피곤을 확 날려주더라구요 👍🏻👍🏻🥰,561,"['비타민', '피곤', '날리']",중립,긍정
@rnjsdnr010 #oliveyoung #allthebetter #オリヤン #むしろ良い #젤리 #눈건강루테인 #영양제 #루테인 #올리브영추천 #올리브영영양제 #루테인구미 #루테인젤리 #ルテイン #ルテインゼリー #ゼリー #オリーブヤング #올영 #데일리,569,"['젤리', '건강', '루테', '영양제', '루테', '올리브', '추천', '올리브', '영양제', '루테', '구미', '루테', '젤리', '데일리']",긍정,긍정
@quaaa_bh 맛이 너무 없더라구요.. 철분제 먹으면 변비도 생길 수 있습니다. 입문용으로 다이소도 좋지만 솔가 철분제 추천합니다. 먹기 편하고 변비도 없어서 임산부 철분제로 많이들 먹는 제품입니다,581,"['철분', '변비', '생기', '입문', '다이소', '철분', '추천', '편하', '변비', '임산부', '철분', '제품']",긍정,긍정
@thetrippick #다이소 #다이소영양제 #영양제 #건기식 #건강기능식품 #가성비 #정보 #정보공유 #꿀팁 #꿀팁공유,583,"['다이소', '다이소', '영양제', '영양제', '건기', '건강', '기능', '식품', '가성비', '정보', '정보', '공유', '공유']",긍정,긍정
